scheme_code,year,Q1,Q2,H1,Q3,Q4,H2,annual,YTD
120035,2024,-5.17,-11.1,-17.44,9.56,-18.68,-11.23,-26.93,
152415,2024,-0.78,14.35,15.6,7.87,-17.07,-10.84,3.53,
152657,2024,,0.14,0.14,6.91,-15.74,-9.67,-8.98,
150643,2024,14.98,17.78,35.2,7.2,-15.72,-9.48,22.98,
152557,2024,,12.17,12.17,7.18,-15.71,-9.43,2.06,
152770,2024,,,,8.04,-15.08,-8.25,-8.25,
119279,2024,-3.74,0.69,-1.23,10.37,-14.83,-6.43,-7.6,
120035,2021,-11.28,22.85,7.27,-20.11,-14.17,-30.25,-25.3,
120731,2024,12.56,14.92,30.75,5.82,-13.99,-8.78,20.06,
152158,2024,14.32,14.89,33.03,8.63,-13.97,-6.25,25.91,
120847,2024,8.41,11.6,23.45,3.22,-13.92,-11.38,9.91,
152417,2024,0.13,9.37,11.56,6.88,-13.52,-7.87,3.05,
150518,2024,13.35,10.84,29.68,5.59,-13.49,-8.75,19.09,
149230,2024,-8.03,-5.42,-13.09,21.59,-13.42,5.6,-8.02,
150521,2024,7.35,12.72,23.74,6.86,-13.34,-7.37,15.76,
119028,2024,7.7,10.47,22.33,6.49,-13.33,-7.5,13.76,
152430,2024,3.11,12.29,18.22,5.67,-13.16,-7.88,10.03,
150452,2024,12.25,13.32,28.95,5.62,-13.07,-7.83,20.08,
151781,2024,12.15,13.87,29.38,5.72,-13.01,-7.68,20.69,
150716,2024,9.39,18.05,30.9,4.2,-13.0,-9.09,20.8,
150591,2024,12.49,11.99,28.63,5.66,-12.99,-7.71,19.93,
149800,2024,12.44,12.47,29.12,5.65,-12.92,-7.64,20.49,
120587,2024,-4.59,6.68,1.93,13.15,-12.79,-1.62,1.17,
148925,2024,13.39,9.77,27.39,3.31,-12.78,-10.11,14.87,
147844,2024,14.17,8.89,27.97,2.46,-12.71,-10.77,14.57,
146643,2024,4.32,4.84,10.04,11.92,-12.63,-2.2,8.06,
152931,2024,,,,,-12.55,-12.55,-12.55,
150487,2024,12.67,5.82,20.3,10.86,-12.51,-3.04,16.98,
151916,2024,12.59,14.0,31.48,7.56,-12.48,-5.8,25.25,
152616,2024,,3.99,3.99,10.92,-12.42,-2.87,1.3,
151757,2024,7.06,11.88,23.14,10.89,-12.35,-2.89,20.66,
120684,2024,13.59,16.1,34.06,6.86,-12.13,-5.88,27.37,
149288,2024,13.57,14.71,33.78,6.84,-12.12,-5.87,27.1,
149838,2024,13.6,14.97,34.09,6.84,-12.11,-5.88,27.39,
146381,2024,13.52,14.95,33.99,6.91,-12.09,-5.78,27.42,
151160,2024,13.55,15.96,33.85,6.84,-12.03,-5.78,27.3,
152189,2024,18.17,12.95,36.3,3.8,-11.95,-8.91,25.55,
152370,2024,1.9,6.76,9.75,9.93,-11.94,-3.24,6.67,
150639,2024,5.07,7.04,13.17,9.93,-11.94,-3.24,9.98,
141877,2024,5.15,6.77,13.25,9.95,-11.91,-3.19,10.12,
149107,2024,5.11,6.79,13.24,9.95,-11.91,-3.18,10.12,
148962,2024,5.12,6.74,13.19,9.96,-11.9,-3.16,10.08,
148646,2024,-2.69,-5.11,-8.02,21.49,-11.85,6.09,-2.54,
150899,2024,13.7,14.92,34.15,6.84,-11.83,-5.57,27.86,
147796,2024,13.61,14.87,33.99,6.85,-11.82,-5.55,27.74,
149790,2024,10.99,16.76,32.25,6.26,-11.82,-6.21,24.94,
120834,2024,9.86,7.47,20.34,6.3,-11.81,-6.56,12.8,
149466,2024,13.58,14.7,33.74,6.88,-11.8,-5.51,27.56,
148745,2024,13.56,16.05,33.97,6.9,-11.74,-5.42,27.9,
119277,2024,1.63,5.67,10.02,19.11,-11.74,6.32,16.32,
148454,2024,1.52,4.22,7.1,6.98,-11.71,-4.94,3.21,
151901,2024,13.95,17.87,36.75,6.11,-11.68,-5.96,29.58,
147662,2024,4.5,11.75,20.39,0.43,-11.67,-11.0,8.87,
149447,2024,13.3,16.07,33.7,6.79,-11.67,-5.44,27.61,
152336,2024,4.8,4.33,10.66,7.85,-11.62,-4.85,6.56,
150515,2024,11.01,18.06,32.49,6.1,-11.6,-6.02,25.25,
146513,2024,13.28,14.81,33.87,6.97,-11.57,-5.39,27.79,
149847,2024,4.41,10.5,17.08,6.73,-11.55,-5.45,11.33,
119705,2024,1.49,6.98,12.66,10.42,-11.49,-2.41,10.51,
149254,2024,1.38,9.62,12.31,10.32,-11.49,-2.25,10.77,
149870,2024,8.56,9.41,20.95,8.1,-11.44,-4.26,16.47,
148564,2024,9.17,10.32,22.28,9.29,-11.43,-3.61,18.53,
152755,2024,,,,0.13,-11.31,-11.34,-11.34,
118724,2024,5.63,12.45,19.54,12.99,-11.29,-0.26,20.42,
151881,2024,9.18,12.4,24.35,6.84,-11.27,-4.91,18.67,
151458,2024,-0.82,14.48,15.54,4.64,-11.26,-6.58,9.0,
151791,2024,10.72,9.39,23.65,3.0,-10.98,-8.6,14.23,
119243,2024,13.2,15.52,35.25,0.96,-10.97,-9.72,23.27,
149919,2024,7.24,6.11,14.78,7.57,-10.96,-4.3,10.45,
150685,2024,10.46,17.24,30.08,8.47,-10.95,-3.07,26.82,
152881,2024,,,,,-10.94,-10.94,-10.94,
135813,2024,4.23,11.06,19.82,5.91,-10.91,-5.18,14.45,
152875,2024,,,,0.0,-10.87,-10.51,-10.51,
120780,2024,5.32,12.83,19.35,13.43,-10.84,0.98,21.49,
118837,2024,0.95,12.67,14.9,14.96,-10.8,2.6,18.99,
149091,2024,4.15,11.34,16.87,9.33,-10.72,-2.78,14.41,
143903,2024,9.94,7.8,21.36,8.09,-10.7,-3.47,17.19,
146951,2024,5.05,7.58,13.77,14.0,-10.49,2.05,16.83,
118879,2024,6.56,13.36,23.91,5.63,-10.48,-5.23,18.28,
150443,2024,4.44,5.85,12.72,9.74,-10.45,-1.5,12.82,
152663,2024,,1.4,1.4,11.73,-10.39,0.02,1.95,
120819,2024,9.81,7.83,20.19,3.66,-10.39,-7.33,11.48,
150636,2024,5.07,4.91,10.68,11.96,-10.38,0.23,11.51,
145075,2024,12.3,15.72,31.8,2.04,-10.37,-8.17,22.54,
152713,2024,,,,9.79,-10.37,-1.7,-1.7,
148822,2024,5.01,4.65,10.4,12.28,-10.36,0.53,11.67,
152637,2024,,4.56,4.56,15.65,-10.29,3.62,9.1,
120826,2024,12.33,11.91,28.32,2.69,-10.27,-7.93,19.06,
120395,2024,14.62,19.15,40.85,-0.42,-10.27,-10.61,26.38,
152684,2024,,,,6.79,-10.27,-4.0,-4.0,
152672,2024,,0.3,0.3,4.75,-10.21,-5.74,-5.18,
149158,2024,12.72,6.44,20.17,10.88,-10.19,-0.39,19.94,
149318,2024,9.1,11.31,24.05,8.96,-10.18,-2.14,22.78,
120823,2024,7.62,11.85,23.31,0.81,-10.12,-9.46,12.48,
139872,2024,1.54,6.28,10.03,7.93,-10.12,-2.2,9.91,
120728,2024,9.28,13.94,26.97,3.59,-10.1,-6.77,18.91,
151911,2024,2.86,5.72,10.45,12.06,-10.01,1.05,13.21,
119732,2024,13.68,12.25,32.55,3.31,-10.01,-6.99,23.78,
145356,2024,6.58,12.0,20.45,12.47,-9.97,1.24,23.13,
150539,2024,17.64,10.52,31.63,5.59,-9.78,-4.95,25.06,
152255,2024,13.2,12.31,31.23,14.38,-9.76,4.8,38.72,
147864,2024,-0.14,13.0,13.23,9.25,-9.59,-1.67,12.32,
149381,2024,-9.01,10.92,3.24,29.36,-9.57,32.14,37.28,
152045,2024,8.97,13.23,26.12,9.79,-9.47,-0.74,26.47,
150440,2024,9.93,6.82,19.55,6.15,-9.43,-3.91,15.17,
119591,2024,2.34,11.68,15.29,12.79,-9.39,2.12,18.63,
148699,2024,1.5,2.9,6.61,16.22,-9.33,7.82,13.81,
120596,2024,8.4,10.11,20.52,10.09,-9.23,-0.05,21.08,
129312,2024,11.09,8.79,21.86,10.5,-9.18,0.11,22.45,
120682,2024,3.72,13.75,19.82,6.29,-9.18,-2.78,17.38,
147306,2024,1.99,6.58,9.44,10.78,-9.18,0.58,10.8,
119172,2024,1.87,11.43,15.17,7.51,-9.18,-2.0,14.16,
119275,2024,-0.87,0.58,-1.79,7.91,-9.13,-2.77,-4.96,
126353,2024,2.66,-2.89,-0.31,6.03,-9.13,-4.59,-4.12,
119507,2024,3.19,11.44,16.84,10.2,-8.94,0.56,18.66,
152033,2024,5.47,16.33,24.19,6.11,-8.94,-3.3,21.35,
152718,2024,,,,-0.17,-8.93,-8.88,-8.88,
151611,2024,3.38,9.16,14.53,8.91,-8.92,-0.26,16.22,
118494,2024,5.03,12.02,20.12,4.77,-8.92,-4.57,15.75,
152600,2024,,6.34,6.34,5.82,-8.91,-3.45,3.39,
152697,2024,,0.0,0.0,3.47,-8.9,-5.41,-4.94,
152595,2024,,9.62,9.62,3.61,-8.9,-5.76,3.74,
119700,2024,9.22,14.45,27.83,3.35,-8.89,-5.7,21.15,
149868,2024,4.58,8.39,14.43,7.05,-8.84,-2.43,12.31,
152588,2024,,10.74,10.74,6.72,-8.84,-2.31,8.8,
120592,2024,6.06,7.46,14.83,11.21,-8.82,1.27,17.21,
147666,2024,4.6,8.45,14.49,7.11,-8.79,-2.33,12.49,
149832,2024,4.64,8.47,14.58,7.13,-8.78,-2.29,12.61,
148574,2024,4.45,7.85,13.04,7.73,-8.77,-1.71,11.62,
148606,2024,3.83,10.9,16.03,6.51,-8.75,-2.65,13.9,
152836,2024,,,,2.14,-8.68,-6.47,-6.47,
118876,2024,8.21,8.57,18.68,9.52,-8.67,0.37,20.21,
141924,2024,4.01,13.82,22.67,1.53,-8.63,-6.9,14.79,
119646,2024,0.06,18.48,20.29,5.68,-8.63,-2.87,17.58,
147346,2024,3.78,11.48,16.61,9.3,-8.59,0.0,17.35,
151478,2024,5.06,10.46,17.93,6.34,-8.57,-2.63,15.59,
118692,2024,-1.63,14.34,13.56,4.88,-8.55,-3.83,10.41,
118763,2024,12.84,17.6,35.35,2.41,-8.55,-6.31,27.47,
119018,2024,4.91,7.14,13.21,8.09,-8.53,-1.3,12.21,
119544,2024,4.07,12.17,18.23,7.34,-8.52,-1.75,16.92,
152936,2024,,,,,-8.51,-8.51,-8.51,
120833,2024,18.34,11.11,34.95,-0.3,-8.5,-8.82,24.16,
118527,2024,8.2,9.39,19.3,9.47,-8.48,0.27,20.42,
118273,2024,5.42,10.41,17.31,11.92,-8.46,2.58,21.71,
120621,2024,13.23,13.02,30.12,6.48,-8.44,-2.37,27.82,
140243,2024,0.69,4.74,7.27,14.63,-8.42,10.33,17.53,
150285,2024,6.94,-3.16,1.83,12.42,-8.41,2.1,3.04,
148993,2024,7.82,6.49,16.12,7.39,-8.41,-1.27,15.24,
150532,2024,-0.98,15.06,17.9,4.5,-8.33,-3.92,14.13,
118881,2024,2.66,7.03,10.52,6.89,-8.32,-2.07,8.81,
119288,2024,2.8,7.42,11.04,7.14,-8.29,-1.79,9.63,
118482,2024,2.85,7.42,11.1,7.11,-8.27,-1.81,9.69,
119063,2024,2.82,7.4,11.06,7.13,-8.25,-1.76,9.7,
151157,2024,2.81,7.38,11.06,7.14,-8.25,-1.75,9.71,
147794,2024,2.82,7.45,11.1,7.17,-8.24,-1.72,9.79,
148978,2024,2.78,7.33,10.96,7.16,-8.24,-1.73,9.63,
146376,2024,2.82,7.43,11.08,7.15,-8.24,-1.73,9.75,
120620,2024,2.8,7.37,11.04,7.14,-8.24,-1.75,9.69,
119648,2024,2.82,7.42,11.07,7.15,-8.24,-1.73,9.74,
151471,2024,2.77,7.37,11.01,7.15,-8.23,-1.72,9.69,
149039,2024,2.82,7.38,11.07,7.15,-8.23,-1.72,9.75,
149250,2024,2.79,7.28,10.9,7.16,-8.23,-1.72,9.58,
152329,2024,2.89,7.51,11.3,7.1,-8.23,-1.76,9.93,
118741,2024,2.8,7.4,11.04,7.15,-8.22,-1.71,9.74,
152202,2024,13.99,18.21,37.18,6.59,-8.22,-1.98,35.42,
150390,2024,2.57,7.48,11.11,7.25,-8.22,-1.65,9.88,
151165,2024,2.79,7.39,10.99,7.17,-8.2,-1.67,9.73,
149373,2024,2.84,7.34,11.01,7.18,-8.19,-1.65,9.77,
119133,2024,6.93,9.25,17.84,4.46,-8.15,-3.75,14.37,
120656,2024,2.93,9.56,13.05,7.55,-8.14,-1.39,12.26,
148500,2024,4.34,9.64,15.92,7.1,-8.14,-1.56,14.72,
120715,2024,0.34,13.62,15.15,7.86,-8.13,-0.86,15.02,
148609,2024,4.06,10.67,16.88,7.44,-8.11,-1.14,16.84,
120490,2024,7.86,10.53,20.41,4.52,-8.09,-4.05,16.36,
120749,2024,4.13,14.18,21.07,11.06,-8.06,2.37,25.0,
152783,2024,,,,3.78,-8.01,-4.48,-4.48,
152728,2024,,,,3.89,-7.98,-4.49,-4.49,
149331,2024,4.05,10.96,16.23,7.23,-7.98,-1.37,14.91,
148947,2024,1.93,12.69,17.68,3.63,-7.97,-4.42,13.21,
118803,2024,4.7,12.39,19.21,6.27,-7.97,-2.15,18.04,
151853,2024,7.27,9.84,20.43,15.51,-7.97,6.85,30.7,
151728,2024,4.12,9.7,15.89,6.67,-7.96,-1.73,14.71,
149071,2024,7.4,10.54,20.78,6.92,-7.92,-1.37,19.9,
129440,2024,0.01,3.96,2.65,7.57,-7.92,-2.15,1.42,
152358,2024,-0.8,10.84,12.39,11.48,-7.87,3.59,18.08,
119528,2024,4.64,9.73,15.83,8.24,-7.87,-0.15,16.35,
118617,2024,5.73,9.1,16.44,8.03,-7.86,-0.48,16.47,
120599,2024,6.25,10.48,18.75,9.64,-7.83,1.21,21.06,
151804,2024,1.65,10.36,13.53,17.49,-7.83,8.1,23.85,
118473,2024,5.81,8.02,15.59,6.63,-7.82,-1.78,14.39,
152710,2024,,,,2.27,-7.81,-5.78,-5.78,
120035,2022,36.23,-24.35,5.22,12.08,-7.79,14.07,17.64,
146549,2024,5.08,9.54,16.19,6.32,-7.79,-2.14,14.53,
118469,2024,15.62,21.99,45.76,2.52,-7.77,-5.18,39.9,
119247,2024,8.52,21.52,35.64,4.73,-7.74,-2.94,32.69,
147625,2024,4.12,9.76,16.05,6.86,-7.73,-1.29,15.4,
149381,2021,,,,,-7.73,-7.73,-7.73,
152731,2024,,,,4.63,-7.71,-3.33,-3.33,
147473,2024,4.48,12.15,18.46,6.97,-7.69,-1.2,17.86,
119160,2024,4.14,9.67,15.87,5.68,-7.67,-2.3,13.92,
127071,2024,3.25,7.19,11.91,9.49,-7.67,2.01,14.55,
119364,2024,9.02,16.01,29.58,5.76,-7.67,-2.47,27.2,
148600,2024,4.76,10.22,16.46,9.19,-7.66,0.96,18.6,
150266,2024,4.61,12.28,17.51,13.92,-7.65,5.03,24.43,
119202,2024,4.0,10.29,16.94,6.39,-7.63,-1.27,16.36,
148516,2024,4.28,9.42,15.11,14.49,-7.62,5.89,22.69,
152716,2024,,,,5.58,-7.62,-2.35,-2.35,
119597,2024,0.42,11.02,13.26,2.35,-7.6,-5.26,8.44,
152092,2024,3.84,10.55,16.21,6.92,-7.6,-1.08,15.88,
147541,2024,7.9,14.05,24.77,7.57,-7.58,-0.54,24.87,
152810,2024,,,,1.86,-7.57,-5.9,-5.9,
133516,2024,4.81,13.78,22.61,10.01,-7.54,1.85,25.78,
150264,2024,6.91,13.46,22.5,4.1,-7.5,-3.21,18.82,
118481,2024,7.11,10.1,19.45,6.94,-7.5,-1.04,19.09,
152169,2024,0.6,15.16,16.7,16.9,-7.46,8.38,28.19,
148980,2024,8.14,8.26,18.43,3.33,-7.45,-4.26,14.12,
119595,2024,-0.27,11.52,11.67,15.93,-7.45,7.55,21.02,
152022,2024,8.76,16.11,29.0,9.8,-7.42,2.15,32.79,
148651,2024,12.48,7.22,21.54,6.87,-7.41,-0.89,21.08,
120586,2024,8.35,7.19,16.81,8.05,-7.41,0.04,17.45,
119514,2024,9.92,14.36,29.22,3.79,-7.39,-3.88,24.62,
120751,2024,2.69,15.52,20.48,9.82,-7.39,1.94,24.11,
120722,2024,11.59,10.72,24.49,10.55,-7.37,2.3,27.94,
150187,2024,9.21,10.28,21.28,7.53,-7.36,-0.59,21.15,
147928,2024,5.21,7.23,13.37,10.49,-7.35,2.58,17.09,
120575,2024,1.66,12.22,15.85,14.75,-7.34,6.09,24.19,
135654,2024,0.87,12.99,15.24,5.1,-7.34,-2.55,13.67,
149700,2024,5.57,9.21,16.61,7.47,-7.32,-0.37,16.89,
119598,2024,2.82,9.01,12.95,7.6,-7.32,-0.24,13.4,
149455,2024,7.69,-3.13,6.75,4.82,-7.32,-1.12,5.15,
152450,2024,3.14,22.24,27.08,5.78,-7.3,-1.5,26.27,
151713,2024,14.11,7.23,24.9,4.45,-7.28,-3.51,21.4,
140296,2024,9.89,-0.28,8.12,5.44,-7.28,-2.95,6.43,
147372,2024,3.47,6.8,11.85,11.17,-7.27,3.28,16.49,
138312,2024,3.65,6.97,11.27,7.5,-7.26,-0.45,11.37,
118825,2024,1.93,9.61,12.46,8.1,-7.26,0.36,13.83,
119779,2024,4.64,3.1,8.45,6.6,-7.26,-0.73,7.29,
120688,2024,8.46,9.62,19.87,10.95,-7.26,2.83,23.71,
119436,2024,1.8,11.99,16.2,6.96,-7.25,-0.77,16.39,
120267,2024,3.44,10.48,15.21,7.11,-7.25,-0.48,15.53,
152842,2024,,,,1.54,-7.2,-5.46,-5.46,
119287,2024,1.97,7.47,9.95,6.28,-7.19,-1.4,9.01,
152482,2024,1.98,11.84,15.52,6.65,-7.18,-0.87,15.41,
119065,2024,2.0,7.49,10.01,6.3,-7.17,-1.36,9.12,
118791,2024,2.0,7.48,10.0,6.29,-7.16,-1.36,9.11,
152422,2024,1.57,7.49,9.56,6.31,-7.16,-1.34,8.68,
141841,2024,2.0,7.36,10.05,6.3,-7.16,-1.36,9.16,
149343,2024,4.04,11.23,17.97,6.69,-7.15,-0.8,17.93,
118834,2024,2.94,10.96,16.37,6.56,-7.09,-0.75,16.34,
152156,2024,4.04,11.98,18.03,6.74,-7.09,-0.69,18.12,
119709,2024,1.57,12.03,14.83,5.16,-7.08,-2.24,13.04,
118510,2024,2.26,13.13,16.56,9.27,-7.07,1.5,19.29,
152157,2024,4.02,12.02,18.04,6.78,-7.07,-0.62,18.21,
152062,2024,2.0,7.31,10.0,6.29,-7.07,-1.27,9.21,
118979,2024,8.41,13.56,26.39,3.14,-7.04,-3.83,22.97,
139781,2024,3.12,10.35,15.28,5.45,-7.04,-1.94,14.04,
120468,2024,6.69,5.57,13.49,9.61,-7.03,1.84,16.16,
120465,2024,7.04,6.53,14.45,7.3,-7.02,-0.28,14.9,
151232,2024,0.38,10.81,13.79,6.06,-6.99,-1.1,13.86,
138456,2021,-1.09,17.46,17.27,-8.04,-6.97,-14.78,-0.68,
152365,2024,0.82,6.87,8.4,10.18,-6.95,2.81,12.16,
148721,2024,5.03,7.26,12.95,10.16,-6.94,2.8,16.85,
119769,2024,6.79,13.45,22.64,6.6,-6.93,-0.41,23.16,
120152,2024,4.64,10.81,16.83,7.24,-6.92,0.01,17.55,
152177,2024,11.0,14.66,31.68,6.29,-6.92,-1.14,30.77,
125597,2024,-0.5,9.96,11.71,3.9,-6.88,-3.09,9.6,
118531,2024,4.86,9.05,14.82,8.92,-6.87,1.45,17.14,
152778,2024,,,,3.16,-6.86,-3.7,-3.7,
152751,2024,,,,4.05,-6.81,-2.81,-2.81,
119350,2024,5.97,11.93,20.99,3.48,-6.81,-3.56,17.67,
135341,2024,4.34,7.61,13.59,5.35,-6.81,-1.49,12.95,
149303,2024,4.82,11.71,19.32,7.57,-6.79,0.54,20.88,
120494,2024,6.56,18.47,27.88,7.86,-6.77,0.86,30.05,
118935,2024,4.55,12.82,19.84,8.27,-6.76,0.84,21.56,
145897,2024,7.72,8.47,17.99,10.93,-6.7,3.34,22.7,
118479,2024,5.98,10.08,17.62,8.3,-6.69,1.16,20.0,
120503,2024,6.94,7.16,15.84,8.86,-6.67,1.6,18.35,
148539,2024,4.49,11.25,18.32,9.86,-6.65,2.78,22.67,
130498,2024,4.23,11.85,18.95,7.15,-6.65,0.11,20.02,
118267,2024,9.12,25.86,39.48,4.06,-6.65,-2.69,36.48,
150310,2024,3.41,12.05,17.94,4.64,-6.64,-2.47,16.03,
119218,2024,2.8,16.02,21.73,8.21,-6.63,1.27,24.51,
119835,2024,5.72,11.5,19.25,6.65,-6.63,-0.35,19.49,
149841,2024,10.42,16.41,29.56,4.59,-6.61,-1.95,27.7,
142388,2022,-12.11,-15.41,-24.56,14.79,-6.6,6.28,-19.97,
147183,2021,10.23,9.23,22.22,5.28,-6.59,-1.6,20.26,
148507,2024,4.55,6.18,11.61,7.41,-6.58,0.3,12.46,
120043,2024,5.34,6.55,13.23,6.51,-6.57,-0.32,11.18,
147183,2024,7.71,11.98,22.9,5.17,-6.54,-1.54,21.8,
129212,2024,8.9,16.35,28.62,3.02,-6.54,-3.84,24.38,
151580,2024,11.41,13.56,27.43,8.56,-6.53,1.31,29.85,
119242,2024,3.04,15.03,20.48,9.22,-6.52,2.31,24.51,
118870,2024,7.59,7.63,16.87,7.12,-6.51,0.31,17.65,
151040,2024,6.47,24.61,35.24,1.71,-6.51,-4.86,29.29,
118285,2024,3.91,10.98,16.29,8.03,-6.5,1.06,18.79,
152194,2024,4.47,4.94,10.18,5.3,-6.5,-1.49,8.9,
149264,2024,4.92,5.11,11.11,6.01,-6.46,-0.78,11.43,
120385,2021,3.94,7.25,12.73,10.18,-6.45,3.05,15.82,
150428,2024,-1.24,17.86,19.22,5.11,-6.44,-0.98,19.42,
148737,2024,4.17,2.15,4.72,8.96,-6.43,1.15,4.76,
120251,2024,9.0,6.06,16.24,8.36,-6.41,1.18,17.92,
148614,2021,5.56,2.45,11.91,-8.68,-6.4,-15.49,-5.38,
127850,2024,4.7,5.26,11.19,3.02,-6.4,-3.57,7.39,
119723,2024,10.92,11.85,26.1,7.37,-6.39,0.59,28.03,
120242,2024,4.06,8.02,13.2,8.89,-6.39,1.96,15.94,
149295,2024,3.78,11.29,17.04,8.17,-6.34,1.44,19.66,
152586,2024,,-1.16,-1.16,0.29,-6.32,-6.69,-7.05,
152694,2024,,4.08,4.08,6.44,-6.31,0.84,6.41,
119060,2024,6.69,11.75,20.5,7.37,-6.28,0.84,22.09,
148353,2024,7.41,8.52,18.51,3.43,-6.26,-3.06,16.0,
133801,2024,10.88,22.18,38.11,2.28,-6.26,-3.58,33.95,
135781,2024,2.46,10.97,15.75,7.56,-6.24,1.15,17.96,
119250,2024,4.65,11.13,16.83,9.52,-6.21,2.88,21.27,
112039,2024,4.53,11.33,18.02,7.36,-6.2,0.77,19.74,
147541,2021,8.19,10.86,21.26,5.68,-6.17,-0.9,20.35,
118419,2024,7.62,13.12,23.99,9.99,-6.14,3.38,29.58,
147840,2024,7.18,8.26,18.01,5.19,-6.13,-1.09,17.82,
141248,2024,6.21,7.32,15.09,4.11,-6.11,-2.18,13.36,
118589,2024,0.29,9.0,10.43,5.64,-6.11,-0.62,10.95,
152459,2024,-4.83,13.01,12.04,2.73,-6.11,-3.28,10.75,
149298,2024,2.04,-1.9,0.1,16.86,-6.1,9.15,8.59,
148035,2024,8.72,9.35,20.24,9.07,-6.08,2.5,23.9,
149368,2024,3.5,13.59,20.15,6.53,-6.05,0.23,21.77,
118769,2024,7.05,7.52,16.84,8.11,-6.05,1.86,20.04,
134017,2024,-5.48,10.92,6.91,0.32,-6.01,-5.65,1.91,
152409,2024,1.4,10.95,13.73,4.71,-5.97,-1.13,13.63,
153081,2024,,,,,-5.97,-5.97,-5.97,
152639,2024,,3.21,3.21,6.12,-5.94,-0.16,3.68,
133859,2021,6.2,5.16,13.04,6.85,-5.94,0.45,13.18,
152310,2024,-0.47,17.31,18.78,8.06,-5.93,2.24,22.43,
120665,2024,5.69,13.92,22.29,9.75,-5.91,3.37,27.71,
152990,2024,,,,,-5.91,-5.91,-5.91,
152702,2024,,,,5.71,-5.9,0.01,0.01,
119556,2024,-0.42,16.39,19.52,6.07,-5.89,0.41,22.11,
152206,2024,-1.31,11.07,11.46,10.07,-5.86,4.14,17.43,
119333,2021,6.3,-0.44,7.5,8.14,-5.86,1.36,8.85,
152645,2024,,7.17,7.17,4.62,-5.86,-1.25,5.86,
118784,2024,4.4,11.94,19.23,7.94,-5.86,1.84,22.57,
152039,2024,2.14,19.49,24.96,0.97,-5.85,-4.63,20.26,
150865,2024,5.31,8.42,15.2,6.39,-5.84,0.07,15.79,
152949,2024,,,,,-5.84,-5.84,-5.84,
152767,2024,,,,2.52,-5.83,-3.07,-3.07,
120244,2024,0.32,9.99,11.47,6.4,-5.83,-0.01,12.57,
118557,2024,11.6,16.05,32.72,2.81,-5.82,-3.38,28.77,
152090,2024,5.07,-0.29,4.35,7.03,-5.79,0.18,4.78,
119773,2024,7.67,13.24,23.08,5.45,-5.77,-0.44,23.15,
119549,2024,2.22,8.4,11.61,6.51,-5.77,0.4,12.69,
152243,2024,-1.34,15.54,18.89,8.45,-5.76,3.12,25.37,
149936,2024,2.35,12.78,18.78,6.63,-5.76,0.89,20.83,
149570,2024,4.63,9.13,15.18,6.52,-5.73,0.46,16.36,
148637,2024,0.85,12.72,15.0,11.45,-5.7,5.78,22.96,
149669,2024,1.79,13.67,17.17,7.54,-5.69,1.65,20.53,
132756,2024,1.67,12.57,16.36,8.4,-5.68,2.61,20.6,
118632,2024,7.27,8.92,18.1,6.01,-5.66,-0.01,19.04,
148921,2024,4.51,12.9,20.1,7.95,-5.65,2.09,23.59,
118269,2024,5.86,9.23,16.35,7.84,-5.65,1.78,19.23,
151443,2024,5.83,12.63,22.01,6.21,-5.64,0.17,23.26,
118650,2024,6.38,14.49,24.54,6.07,-5.62,0.28,26.42,
150902,2022,,,,,-5.58,-5.58,-5.58,
148726,2024,3.45,13.96,21.31,6.18,-5.58,0.55,23.14,
145599,2024,6.09,7.81,15.12,3.87,-5.58,-1.72,13.74,
119721,2024,2.65,12.01,16.53,6.64,-5.57,1.05,18.91,
150673,2024,3.47,13.92,21.32,6.18,-5.57,0.57,23.18,
149389,2024,3.44,15.17,21.26,6.16,-5.57,0.55,23.09,
150805,2024,2.4,8.94,12.63,7.32,-5.56,1.42,15.13,
151724,2024,3.47,13.86,21.25,6.19,-5.56,0.59,23.12,
118620,2024,5.03,12.73,19.85,6.67,-5.55,1.03,22.04,
149892,2024,3.48,15.18,21.28,6.24,-5.54,0.66,23.24,
151368,2024,5.04,10.94,18.57,6.52,-5.53,0.91,21.05,
152855,2024,,,,0.2,-5.53,-5.06,-5.06,
147622,2024,3.5,14.02,21.47,6.26,-5.52,0.7,23.49,
120030,2024,6.14,7.92,15.79,8.67,-5.51,2.61,19.44,
134813,2024,3.07,8.17,12.65,7.21,-5.47,1.41,14.98,
119307,2024,4.43,9.12,15.13,6.93,-5.46,1.54,17.82,
120392,2024,5.35,11.09,18.6,7.36,-5.42,1.69,21.68,
149185,2024,8.93,11.11,22.75,8.37,-5.41,3.02,27.8,
120158,2024,6.62,15.41,24.6,5.38,-5.41,0.01,25.26,
149141,2024,7.04,10.41,19.19,6.7,-5.4,1.03,21.53,
120733,2021,5.89,5.29,13.08,8.98,-5.38,2.42,15.46,
149533,2024,4.96,9.21,15.8,7.27,-5.35,1.53,18.24,
152815,2024,,,,0.2,-5.33,-4.86,-4.86,
141226,2024,5.5,12.48,21.26,6.9,-5.32,1.24,24.22,
132186,2024,3.42,9.78,15.21,6.7,-5.32,1.26,17.49,
152188,2024,1.5,6.46,8.37,6.15,-5.29,0.45,10.77,
152805,2024,,,,1.39,-5.28,-3.97,-3.97,
144394,2024,2.05,8.9,12.0,8.35,-5.28,2.82,15.93,
120662,2024,-2.27,11.05,9.19,10.01,-5.28,4.49,15.28,
120733,2024,-0.2,10.04,11.23,4.42,-5.27,-0.58,11.98,
151810,2024,1.38,12.0,16.14,6.43,-5.25,1.05,18.37,
120405,2024,12.16,20.45,38.44,1.72,-5.24,-3.36,34.51,
150738,2022,,,,,-5.2,-5.2,-5.2,
140327,2024,3.61,5.0,9.56,3.81,-5.17,-1.75,7.52,
119053,2024,4.08,7.31,12.9,6.11,-5.17,0.83,14.42,
149230,2021,,,,,-5.14,-5.14,-5.14,
135793,2021,4.55,4.84,11.19,8.25,-5.14,2.26,13.57,
152814,2024,,,,2.23,-5.13,-2.99,-2.99,
120517,2024,3.58,9.64,14.62,5.97,-5.12,0.7,16.1,
145819,2024,5.23,11.57,19.23,3.22,-5.11,-1.83,18.25,
149321,2024,1.21,7.48,9.72,3.32,-5.05,-1.83,8.76,
147446,2024,5.1,10.9,17.89,7.3,-5.05,2.04,21.08,
135677,2024,-2.41,16.32,15.12,6.78,-4.98,1.57,18.24,
125711,2024,6.08,7.41,15.19,4.27,-4.96,-0.81,14.94,
111549,2024,5.49,12.18,19.39,6.55,-4.94,1.69,22.48,
152908,2024,,,,,-4.9,-4.9,-4.9,
120348,2024,5.6,13.63,22.25,12.1,-4.9,6.89,31.37,
147648,2024,3.32,6.31,9.77,13.21,-4.9,8.51,19.15,
152408,2024,1.58,13.66,17.05,7.35,-4.87,2.01,20.73,
120395,2021,9.65,13.87,27.08,9.3,-4.85,3.79,32.09,
148986,2024,-1.44,11.41,11.74,3.11,-4.82,-1.66,11.03,
147620,2021,6.26,2.63,10.88,7.99,-4.78,2.28,13.14,
152889,2024,,,,,-4.76,-4.76,-4.76,
150738,2024,8.37,14.77,27.47,6.29,-4.73,1.65,30.34,
150737,2024,-0.53,16.45,19.28,1.95,-4.71,-2.88,15.09,
152314,2024,4.12,6.32,11.81,6.06,-4.7,1.14,13.51,
152293,2024,3.18,14.3,21.54,2.53,-4.68,-2.38,18.38,
119351,2024,9.23,11.82,25.54,1.24,-4.67,-3.23,22.57,
135793,2024,-4.57,10.99,8.58,4.91,-4.67,0.11,10.17,
148623,2024,-0.57,12.44,13.64,2.85,-4.66,-1.51,13.18,
150797,2024,6.19,10.17,18.14,8.04,-4.65,3.09,22.87,
141808,2024,5.75,9.71,17.29,5.87,-4.64,1.42,20.19,
149775,2024,0.32,14.68,18.68,2.96,-4.62,-2.2,15.57,
144835,2024,1.15,9.34,11.9,10.48,-4.61,5.24,19.2,
150376,2024,5.28,13.6,21.38,6.35,-4.6,1.8,24.84,
149760,2024,-0.15,14.37,18.32,2.8,-4.58,-2.31,15.16,
120334,2024,6.71,6.47,14.46,6.72,-4.56,1.83,16.9,
143163,2024,1.59,9.01,11.45,6.86,-4.56,2.42,14.9,
150902,2024,8.32,15.44,28.19,6.24,-4.55,1.81,31.29,
118272,2024,3.6,8.16,12.8,7.28,-4.55,2.49,16.53,
152570,2024,,12.93,12.93,0.43,-4.51,-4.28,7.72,
118589,2021,10.12,12.48,26.12,8.03,-4.5,3.31,29.93,
151824,2024,1.62,14.97,18.2,7.83,-4.48,3.13,23.21,
118678,2024,6.47,12.8,21.71,7.31,-4.48,2.46,26.03,
152735,2024,,,,-1.34,-4.47,-6.55,-6.55,
152094,2024,5.87,14.4,23.59,8.42,-4.46,3.94,29.93,
118615,2024,4.67,6.64,12.54,5.68,-4.43,1.05,14.39,
151731,2024,0.72,15.25,20.49,0.93,-4.38,-3.56,16.1,
118540,2024,5.56,10.86,18.66,7.9,-4.38,3.17,23.22,
150615,2024,-0.01,15.21,18.54,2.82,-4.37,-2.06,15.83,
125597,2021,3.74,7.63,13.36,10.02,-4.37,4.3,17.8,
120244,2021,8.54,10.19,21.47,6.82,-4.36,1.85,23.51,
148986,2021,,,,7.97,-4.35,2.68,2.68,
150688,2024,4.16,10.66,16.96,4.86,-4.35,0.58,18.22,
151603,2024,-0.16,16.02,17.9,2.54,-4.33,-2.05,15.08,
148658,2024,2.36,7.23,10.37,5.41,-4.33,0.9,12.09,
120261,2024,4.06,9.9,15.66,5.62,-4.32,1.31,18.06,
150858,2024,3.66,12.51,18.51,7.69,-4.3,3.37,23.84,
145110,2024,9.21,10.74,21.94,8.43,-4.28,3.7,27.2,
148634,2024,8.43,12.49,23.17,8.06,-4.28,3.79,29.15,
134017,2021,2.81,4.74,9.18,7.64,-4.27,2.37,11.46,
151727,2024,1.39,14.69,20.92,6.01,-4.26,2.16,25.38,
118950,2024,6.92,11.95,20.91,7.6,-4.25,3.1,25.4,
152925,2024,,,,,-4.25,-4.25,-4.25,
152064,2024,4.26,9.29,15.16,5.48,-4.24,1.18,17.35,
150677,2024,1.38,14.75,21.03,5.99,-4.24,2.16,25.5,
148519,2024,1.35,14.65,20.87,6.1,-4.24,2.26,25.45,
152431,2024,-5.02,15.76,13.22,6.03,-4.24,2.2,17.43,
149283,2024,1.41,15.82,20.99,5.98,-4.24,2.16,25.44,
147623,2024,1.46,14.77,21.13,6.04,-4.23,2.22,25.68,
151384,2024,0.05,11.67,13.04,4.42,-4.22,0.13,14.13,
118559,2024,3.72,6.47,10.45,8.72,-4.21,4.34,15.29,
118794,2024,4.63,7.68,13.66,6.73,-4.21,2.4,16.95,
150892,2024,1.67,14.77,21.38,6.13,-4.19,2.35,26.09,
151816,2024,1.85,10.01,14.19,8.18,-4.19,4.04,20.29,
152264,2024,1.65,14.66,21.15,6.12,-4.17,2.33,25.83,
149780,2024,-0.22,15.02,18.29,2.58,-4.14,-2.0,15.63,
152087,2024,0.14,7.4,9.81,10.54,-4.13,7.23,19.79,
152521,2024,1.34,16.27,24.16,-0.09,-4.13,-4.4,18.29,
120674,2024,4.27,9.9,15.53,7.59,-4.1,3.31,20.2,
118868,2024,1.74,8.09,11.06,1.95,-4.07,-2.1,9.34,
149601,2024,5.38,7.95,14.45,7.28,-4.07,3.11,18.41,
120270,2024,2.49,15.03,19.1,7.25,-4.06,3.58,24.44,
152577,2024,,7.67,7.67,3.75,-4.05,-0.46,8.12,
148883,2024,6.83,9.5,17.72,10.26,-4.04,5.81,25.6,
118868,2021,3.78,2.17,7.61,10.01,-4.04,4.76,12.41,
120780,2022,-6.32,-7.14,-12.16,16.07,-4.02,9.77,-2.35,
152324,2024,3.06,8.58,12.97,6.44,-4.0,2.22,15.96,
153064,2024,,,,,-3.99,-3.99,-3.99,
152654,2024,,2.75,2.75,0.93,-3.98,-3.19,-0.09,
119566,2024,3.72,12.41,18.0,6.95,-3.97,2.83,22.25,
119609,2024,4.54,7.71,13.22,5.47,-3.97,1.22,15.08,
149858,2024,-2.34,10.64,9.09,0.95,-3.97,-3.16,6.11,
133710,2024,2.64,18.78,24.64,5.82,-3.96,2.11,29.05,
152793,2024,,,,3.65,-3.96,-0.57,-0.57,
152389,2024,1.12,10.63,12.86,0.96,-3.96,-3.14,9.8,
149804,2024,-2.38,10.63,9.04,1.0,-3.95,-3.09,6.14,
131670,2024,3.05,7.38,11.43,6.21,-3.94,2.07,14.19,
123654,2024,3.68,-2.27,-0.04,10.13,-3.93,5.43,6.04,
150624,2024,4.36,15.32,21.62,10.05,-3.92,5.45,29.13,
119019,2024,0.2,11.23,12.43,8.12,-3.92,4.19,18.35,
147620,2024,-2.39,10.63,8.95,0.99,-3.91,-3.06,6.09,
120484,2024,8.52,14.84,26.23,3.9,-3.89,0.43,28.49,
152821,2024,,,,0.92,-3.87,-2.7,-2.7,
150899,2022,,,,,-3.87,-3.87,-3.87,
152629,2024,,7.9,7.9,0.97,-3.87,-3.03,5.1,
152051,2024,5.86,6.38,13.8,0.16,-3.86,-3.45,10.69,
119727,2024,4.45,9.88,16.02,5.55,-3.85,1.23,18.32,
152916,2024,,,,,-3.85,-3.85,-3.85,
132185,2024,3.08,7.53,12.05,5.72,-3.84,1.87,14.78,
119597,2021,6.25,4.48,12.52,9.27,-3.84,4.11,16.63,
152688,2024,,,,4.7,-3.82,0.9,0.9,
153114,2024,,,,,-3.82,-3.82,-3.82,
149882,2024,4.09,11.45,18.23,10.21,-3.79,6.14,26.62,
148751,2024,1.92,11.25,14.67,9.05,-3.79,4.96,21.91,
148928,2022,-8.16,-22.1,-29.36,-0.25,-3.79,-3.69,-32.64,
131865,2024,3.84,8.38,14.63,5.77,-3.77,1.97,17.59,
140175,2024,4.62,12.76,20.21,7.62,-3.76,3.75,26.21,
147406,2024,6.61,4.05,11.56,2.83,-3.72,-0.89,11.11,
153003,2024,,,,,-3.72,-3.72,-3.72,
151649,2024,-2.32,18.54,19.07,5.7,-3.72,2.67,24.22,
118485,2024,4.24,7.44,12.74,6.43,-3.71,2.58,16.36,
147727,2024,8.23,14.15,24.59,7.82,-3.7,3.75,30.32,
148815,2024,-2.31,17.12,19.13,5.75,-3.69,2.75,24.39,
149894,2024,-1.98,16.99,19.4,5.58,-3.67,2.6,24.49,
118624,2024,6.31,8.5,16.38,8.08,-3.66,4.24,22.11,
148592,2024,4.3,7.42,12.72,5.63,-3.64,1.95,15.7,
135805,2024,1.75,10.63,13.15,15.79,-3.62,11.96,27.99,
148404,2024,9.79,13.08,28.41,4.26,-3.62,0.66,30.33,
120524,2024,2.13,8.02,11.79,6.97,-3.61,3.38,16.35,
148595,2024,7.05,6.16,14.61,9.98,-3.61,4.92,21.26,
152847,2024,,,,,-3.58,-3.58,-3.58,
147844,2021,13.35,14.22,31.85,8.31,-3.58,4.72,38.38,
147864,2021,7.26,6.12,16.14,3.49,-3.57,-0.91,14.85,
150797,2022,,,,,-3.55,-3.55,-3.55,
152102,2024,4.87,7.45,13.12,4.4,-3.55,0.75,14.52,
119333,2024,-0.92,9.08,9.52,6.75,-3.55,3.05,13.81,
148474,2024,9.33,10.75,21.88,8.62,-3.54,5.05,28.95,
150260,2024,7.98,8.17,17.61,5.95,-3.53,2.32,20.92,
119732,2021,12.09,14.15,30.21,5.17,-3.5,1.92,32.76,
149383,2024,6.78,14.52,24.03,10.71,-3.48,7.14,34.2,
147481,2024,4.14,8.19,13.59,9.66,-3.45,6.05,21.37,
119514,2021,17.8,11.54,33.14,12.96,-3.42,8.62,44.53,
141924,2021,10.49,9.22,22.65,11.62,-3.42,7.16,31.15,
143783,2022,-6.71,-9.86,-16.1,8.66,-3.42,5.65,-10.61,
151307,2024,3.3,8.68,13.91,6.71,-3.41,2.99,17.7,
152382,2024,2.96,10.72,15.09,7.05,-3.41,3.4,20.12,
120484,2021,6.23,6.92,15.13,11.37,-3.4,7.35,23.27,
152920,2024,,,,,-3.39,-3.39,-3.39,
152739,2024,,,,5.28,-3.36,1.87,1.87,
130860,2024,10.22,-3.03,5.28,10.49,-3.35,6.43,12.67,
151814,2024,0.09,15.45,21.52,9.0,-3.34,5.97,31.8,
118278,2024,5.53,14.6,22.15,7.02,-3.32,3.68,27.76,
120760,2024,8.78,5.99,16.79,7.51,-3.3,4.0,21.85,
140256,2024,1.1,0.22,0.93,18.68,-3.3,14.51,15.24,
153132,2024,,,,,-3.29,-3.29,-3.29,
146010,2024,4.62,5.38,10.92,4.19,-3.27,0.84,12.18,
119218,2021,9.73,12.0,24.39,9.69,-3.24,6.11,31.88,
129200,2024,4.43,8.49,14.81,6.48,-3.24,3.16,19.08,
145897,2021,15.15,12.64,32.77,16.6,-3.23,12.96,50.55,
149441,2024,3.67,3.43,7.74,6.5,-3.23,3.29,11.28,
148457,2024,6.75,7.34,15.7,6.21,-3.21,2.98,19.88,
120046,2024,7.36,13.35,22.97,7.05,-3.21,3.96,29.26,
150159,2024,4.55,11.97,18.39,7.7,-3.2,4.69,25.08,
148623,2021,7.09,4.66,13.39,9.75,-3.15,5.53,19.21,
151142,2024,8.39,18.5,31.11,6.9,-3.13,4.14,37.53,
120821,2024,12.69,7.4,23.68,5.78,-3.12,2.39,26.95,
119517,2024,3.83,-2.77,0.67,11.83,-3.12,7.57,7.99,
149717,2024,3.65,6.2,10.56,6.12,-3.09,3.01,14.16,
133035,2024,3.68,12.14,17.41,7.16,-3.08,4.09,23.05,
147750,2024,4.27,12.01,18.26,5.38,-3.03,2.33,22.26,
148053,2024,5.49,7.36,14.2,4.03,-3.03,1.2,16.02,
120700,2024,4.78,7.66,13.7,11.81,-3.03,8.52,24.37,
135601,2024,1.18,10.35,12.91,6.32,-3.01,2.99,17.56,
152443,2024,1.05,7.48,9.43,4.96,-3.0,1.84,11.96,
120377,2024,4.74,4.4,9.66,5.97,-3.0,2.77,12.93,
150659,2024,2.91,19.22,25.7,7.67,-2.99,4.98,33.81,
150685,2022,,,,,-2.98,-2.98,-2.98,
118736,2024,4.02,6.37,11.16,5.32,-2.97,2.1,14.16,
118968,2024,5.38,8.34,15.37,4.15,-2.95,1.07,16.99,
153097,2024,,,,,-2.95,-2.95,-2.95,
119131,2024,4.27,6.09,11.67,5.35,-2.88,2.38,14.67,
150892,2022,,,,,-2.86,-2.86,-2.86,
119062,2024,3.24,7.52,11.73,3.98,-2.86,1.13,13.59,
120621,2021,16.72,11.9,32.71,16.55,-2.82,12.9,49.86,
120416,2024,3.92,12.43,18.83,8.19,-2.82,5.43,26.58,
151885,2024,2.34,5.99,8.78,5.96,-2.81,3.05,12.54,
149254,2021,,,,,-2.77,-2.77,-2.77,
150595,2022,,,,-9.61,-2.77,-12.21,-12.21,
150428,2022,,,,-0.27,-2.75,-4.15,-4.15,
149250,2021,,,,,-2.75,-2.75,-2.75,
152067,2024,8.05,9.66,20.29,4.14,-2.75,1.8,24.74,
151290,2024,8.2,13.63,25.1,5.93,-2.74,3.26,30.34,
119843,2024,1.84,7.45,11.18,4.32,-2.73,1.54,13.41,
135805,2022,-4.18,-8.47,-11.57,17.9,-2.71,13.33,1.97,
152474,2024,0.1,5.77,6.3,4.87,-2.68,2.25,9.1,
118866,2024,4.57,6.33,13.01,8.14,-2.67,5.58,21.06,
119250,2021,4.24,7.64,13.22,9.31,-2.65,6.24,20.29,
119028,2021,12.32,17.02,36.05,4.43,-2.64,2.17,39.28,
149185,2021,,,,,-2.62,-2.62,-2.62,
152240,2024,-0.71,1.61,-0.33,7.15,-2.6,4.83,3.24,
148822,2021,,9.52,9.52,10.96,-2.6,8.19,18.47,
138312,2021,4.22,8.92,14.81,9.43,-2.59,6.44,22.23,
150470,2024,2.38,6.22,9.64,4.83,-2.57,2.21,12.56,
141642,2024,5.42,7.58,13.86,6.78,-2.56,4.13,19.12,
118539,2024,7.84,21.63,33.39,5.32,-2.54,2.88,38.61,
152344,2024,1.81,6.94,9.88,5.44,-2.5,2.82,13.39,
151078,2024,6.99,17.13,27.21,6.94,-2.47,4.71,34.33,
150838,2024,-2.57,10.95,10.05,1.72,-2.47,-0.99,10.12,
152226,2024,6.28,11.24,19.87,7.99,-2.46,5.35,27.53,
148747,2024,4.99,6.64,12.87,5.65,-2.46,2.93,16.67,
133516,2021,3.89,12.93,18.77,5.37,-2.46,2.59,22.14,
133859,2024,3.31,11.27,16.57,4.45,-2.46,2.25,20.44,
149321,2021,,,,,-2.46,-2.46,-2.46,
149406,2024,5.28,6.05,12.66,4.28,-2.43,1.96,15.69,
148666,2024,3.47,8.52,14.29,5.43,-2.42,3.08,18.62,
140382,2024,3.9,6.41,11.58,11.35,-2.41,8.82,22.48,
153007,2024,,,,,-2.39,-2.39,-2.39,
148662,2022,-5.71,-18.52,-24.35,1.41,-2.36,-1.78,-26.01,
129193,2024,4.02,7.3,12.78,5.8,-2.35,3.44,17.17,
153060,2024,,,,,-2.33,-2.33,-2.33,
152254,2024,1.03,7.87,10.14,3.11,-2.32,1.05,12.29,
120385,2024,3.01,10.27,15.58,6.02,-2.32,3.86,21.22,
152789,2024,,,,0.7,-2.28,-1.6,-1.6,
152396,2024,0.87,6.85,9.03,2.52,-2.28,0.36,9.58,
152321,2024,-1.77,9.92,9.6,6.24,-2.28,4.23,15.73,
120587,2021,2.04,5.5,8.01,13.04,-2.28,10.33,19.33,
119711,2024,-2.38,8.03,6.39,4.0,-2.27,1.53,8.88,
143903,2021,12.62,11.44,23.53,14.32,-2.27,11.87,38.13,
152056,2024,4.55,6.73,12.42,7.07,-2.26,4.13,17.87,
147789,2024,6.22,3.26,10.66,5.67,-2.26,3.63,15.38,
152878,2024,,,,,-2.24,-2.24,-2.24,
142038,2024,3.08,5.79,9.5,3.38,-2.24,1.06,11.15,
118870,2021,2.6,7.26,11.25,8.79,-2.2,5.88,17.7,
129440,2021,0.34,5.42,7.34,-0.59,-2.2,-2.8,5.17,
132183,2024,2.65,5.38,8.98,4.64,-2.16,2.56,12.17,
148063,2022,-14.19,-26.21,-37.35,1.23,-2.15,-1.69,-37.45,
152032,2024,6.64,11.9,20.91,12.26,-2.14,10.33,34.53,
152972,2024,,,,,-2.13,-2.13,-2.13,
152712,2024,,,,-18.81,-2.11,-20.97,-20.97,
148353,2021,6.91,4.5,12.73,12.65,-2.1,10.04,23.86,
149134,2024,5.7,5.26,11.84,4.08,-2.1,1.9,14.2,
144335,2024,3.16,6.96,10.84,5.75,-2.09,3.74,15.59,
117608,2024,3.3,4.53,8.88,4.76,-2.01,2.74,12.16,
148903,2024,3.96,6.0,11.3,5.18,-1.99,3.14,15.06,
118866,2021,3.42,8.77,13.67,8.73,-1.99,6.01,20.48,
130860,2021,3.83,1.9,5.83,6.61,-1.95,2.67,7.93,
145552,2022,-8.81,-19.06,-25.85,-2.25,-1.93,-0.49,-25.72,
149961,2022,,-9.2,-9.2,1.62,-1.92,-0.83,-11.76,
152470,2024,3.03,14.81,19.29,8.91,-1.91,7.79,30.19,
153070,2024,,,,,-1.9,-1.9,-1.9,
119711,2022,-7.02,-7.69,-14.3,13.6,-1.9,10.51,-5.19,
120413,2024,4.27,12.61,19.34,10.33,-1.89,8.81,31.52,
118489,2024,3.53,5.74,9.94,5.36,-1.87,3.5,14.31,
147492,2024,3.94,9.06,14.79,3.87,-1.86,2.16,17.72,
132989,2024,3.62,4.56,9.48,4.63,-1.86,2.72,12.7,
111549,2021,9.13,7.74,19.0,6.93,-1.86,4.71,24.42,
118546,2024,4.77,7.83,14.15,5.49,-1.86,3.44,18.75,
153015,2024,,,,,-1.84,-1.84,-1.84,
143874,2021,-2.44,17.08,15.24,3.65,-1.84,2.39,18.66,
120782,2022,-7.07,-10.76,-16.93,6.85,-1.82,6.0,-11.36,
150581,2024,2.91,9.87,15.77,4.07,-1.78,1.95,17.53,
118491,2024,2.06,4.36,6.49,3.65,-1.77,1.88,8.75,
152980,2024,,,,,-1.76,-1.76,-1.76,
152528,2024,1.05,1.61,1.76,6.22,-1.74,4.78,5.57,
138456,2022,-19.64,-11.78,-28.18,-8.79,-1.74,-9.73,-34.89,
120357,2024,8.89,14.7,27.22,10.34,-1.73,8.41,39.16,
129188,2024,4.22,2.85,7.02,9.64,-1.73,7.69,15.19,
120468,2021,0.53,8.98,10.78,14.88,-1.68,12.34,24.84,
150930,2022,,,,,-1.68,-1.68,-1.68,
120662,2022,-9.57,-13.55,-21.24,11.72,-1.68,8.73,-13.83,
145396,2024,4.04,6.97,11.91,5.18,-1.67,3.5,16.12,
120351,2024,8.26,27.98,42.86,3.25,-1.66,1.94,48.37,
148555,2024,9.34,3.61,13.88,13.29,-1.63,11.25,26.88,
149291,2022,-6.05,-18.83,-24.04,0.71,-1.62,-1.48,-25.89,
147648,2021,3.57,2.29,7.57,-3.92,-1.62,-5.66,1.4,
126393,2024,0.71,8.09,9.47,4.8,-1.62,3.1,13.31,
147662,2021,19.35,26.6,57.22,9.87,-1.61,8.66,70.98,
120186,2024,5.91,-3.02,2.1,12.86,-1.6,10.11,11.3,
140327,2021,1.26,1.57,4.93,-8.72,-1.59,-10.63,-6.33,
118692,2021,14.3,7.06,24.14,12.18,-1.58,10.16,36.46,
130543,2024,3.13,5.31,9.48,4.75,-1.56,3.27,13.63,
152968,2024,,,,,-1.56,-1.56,-1.56,
118559,2021,1.38,-0.2,3.8,-6.8,-1.54,-8.78,-5.32,
149910,2022,0.23,-19.65,-19.53,-2.52,-1.52,-1.11,-19.76,
118968,2021,8.3,8.0,18.55,8.51,-1.51,6.76,26.43,
145819,2021,1.41,5.98,8.44,13.17,-1.51,11.21,20.63,
146643,2021,4.32,8.81,14.55,9.83,-1.48,8.09,23.93,
119544,2021,3.96,3.23,7.55,7.4,-1.48,5.36,13.15,
140444,2024,2.5,4.17,7.49,3.44,-1.48,1.92,10.05,
152787,2024,,,,0.99,-1.47,-0.3,-0.3,
119128,2024,3.87,3.74,8.23,3.94,-1.44,2.49,11.17,
120679,2024,4.36,4.84,10.09,5.21,-1.42,3.74,14.52,
148962,2021,,-0.92,-0.92,12.06,-1.42,10.36,9.3,
141877,2021,9.41,8.87,21.05,12.1,-1.4,10.43,33.63,
149107,2021,,,,8.32,-1.36,6.74,6.74,
120503,2021,2.11,8.7,12.14,13.3,-1.35,11.1,25.02,
119271,2024,-0.1,-2.45,-3.71,8.71,-1.3,6.55,2.68,
133710,2022,-2.89,-10.17,-12.25,13.03,-1.28,10.6,-2.71,
149288,2021,,,,,-1.28,-1.28,-1.28,
131373,2024,3.72,4.42,8.69,4.46,-1.28,3.31,12.66,
138386,2024,3.41,7.99,12.33,4.24,-1.27,2.75,16.32,
120154,2024,3.25,4.55,8.13,4.99,-1.26,3.9,12.62,
152677,2024,,0.11,0.11,9.72,-1.23,8.65,8.83,
125711,2021,2.21,4.97,7.97,9.37,-1.21,7.85,16.44,
144490,2024,3.16,3.89,7.26,3.7,-1.21,2.49,10.13,
145693,2024,2.41,5.18,8.34,4.5,-1.2,3.32,12.37,
120468,2022,-7.52,-16.11,-21.52,10.3,-1.18,8.02,-14.68,
150264,2021,2.47,7.31,11.41,12.71,-1.18,10.99,23.65,
119018,2021,8.01,7.57,17.67,11.19,-1.18,9.54,28.64,
135120,2024,3.38,4.34,8.11,4.83,-1.18,3.72,12.47,
119242,2021,10.04,11.48,24.32,10.8,-1.17,9.44,35.93,
119595,2021,2.73,7.93,11.52,8.81,-1.16,7.58,19.89,
151750,2024,7.71,36.28,53.98,-8.51,-1.15,-9.26,41.18,
147409,2022,-6.6,-10.46,-16.32,5.74,-1.14,5.51,-11.09,
118543,2024,3.45,5.48,9.78,4.55,-1.13,3.38,13.82,
118881,2021,5.87,6.01,13.74,11.64,-1.13,9.93,24.77,
135810,2022,-4.16,-9.73,-13.77,7.64,-1.12,7.48,-6.52,
136567,2021,5.13,4.58,9.91,5.33,-1.1,4.14,14.38,
152776,2024,,,,1.7,-1.08,1.07,1.07,
149679,2024,3.53,5.25,9.63,5.1,-1.08,4.11,14.45,
150266,2021,7.04,7.41,15.76,12.04,-1.04,10.65,28.15,
119646,2021,4.28,4.42,8.62,4.6,-1.04,3.09,12.14,
153138,2024,,,,,-1.03,-1.03,-1.03,
153083,2024,,,,,-1.01,-1.01,-1.01,
152985,2024,,,,,-1.01,-1.01,-1.01,
150805,2022,,,,,-1.0,-1.0,-1.0,
152679,2024,,0.0,0.0,6.83,-1.0,6.05,6.57,
148750,2024,3.54,4.77,9.16,4.52,-0.98,3.51,13.3,
120043,2021,-0.81,3.31,4.04,-4.96,-0.97,-7.38,-4.74,
152150,2024,-0.57,0.53,-0.05,5.65,-0.96,4.89,4.21,
118482,2021,4.95,6.11,12.7,12.55,-0.96,10.92,24.67,
120665,2021,12.72,13.1,29.03,10.39,-0.95,8.72,40.39,
150659,2022,,,,,-0.94,-0.94,-0.94,
134594,2024,2.58,3.72,6.85,2.73,-0.94,1.78,8.99,
118551,2022,-11.56,-21.22,-29.82,-2.72,-0.93,-0.66,-29.32,
149059,2021,,,,-4.16,-0.92,-4.03,-4.03,
147794,2021,4.81,6.17,12.6,12.53,-0.91,10.95,24.61,
119646,2022,-5.19,-7.43,-11.78,9.88,-0.91,7.71,-4.82,
119705,2021,14.56,16.41,36.04,11.86,-0.89,11.12,51.87,
143537,2024,5.6,11.84,19.23,7.63,-0.89,6.84,28.26,
148978,2021,,-0.35,-0.35,12.45,-0.88,10.92,10.23,
146376,2021,4.92,6.13,12.68,12.61,-0.88,11.07,24.82,
143874,2022,-5.54,-8.68,-13.7,6.17,-0.88,6.54,-7.42,
120782,2021,-2.52,18.1,15.73,2.79,-0.88,2.43,19.46,
119839,2024,2.81,4.92,8.22,3.36,-0.87,2.72,11.52,
150266,2022,-2.03,-5.75,-6.93,14.76,-0.87,12.06,5.14,
119063,2021,4.98,6.16,12.79,12.57,-0.87,11.04,24.91,
152644,2024,,8.51,8.51,11.68,-0.86,10.9,22.36,
152071,2024,4.93,11.22,18.84,9.4,-0.86,8.63,30.59,
150642,2024,3.84,7.22,14.72,4.17,-0.86,3.07,17.76,
118741,2021,4.93,6.16,12.73,12.58,-0.86,11.07,24.88,
149039,2021,,,,10.92,-0.86,9.43,9.43,
119648,2021,4.85,6.06,12.57,12.54,-0.86,11.02,24.64,
119133,2021,1.81,5.0,7.8,11.39,-0.85,10.18,18.42,
135813,2021,16.2,12.25,34.05,10.68,-0.83,10.32,48.03,
151267,2024,3.8,7.01,11.79,6.37,-0.83,5.54,18.62,
120620,2021,4.92,6.18,12.72,12.59,-0.83,11.1,24.91,
119288,2021,4.88,6.12,12.63,12.54,-0.82,11.06,24.76,
119287,2021,3.42,5.0,9.72,12.93,-0.82,11.32,21.76,
141841,2021,3.43,5.27,10.02,13.17,-0.81,11.57,22.36,
151157,2021,4.93,6.16,12.73,12.58,-0.81,11.13,24.94,
118546,2021,7.32,7.95,16.94,7.74,-0.8,6.64,24.56,
118791,2021,3.51,5.24,10.08,13.25,-0.79,11.68,22.55,
150260,2021,5.32,9.69,16.7,7.08,-0.78,5.94,23.65,
119065,2021,3.55,5.29,10.17,13.17,-0.77,11.61,22.58,
151952,2024,1.46,4.48,6.72,2.83,-0.77,2.27,9.72,
119118,2024,3.57,3.69,7.61,3.62,-0.76,2.95,10.98,
153034,2024,,,,,-0.72,-0.72,-0.72,
118632,2021,7.87,7.69,17.92,14.11,-0.72,12.81,32.7,
152354,2024,3.27,14.7,20.29,10.74,-0.71,10.36,34.2,
149261,2024,1.77,6.47,8.88,4.5,-0.69,3.96,13.85,
152135,2024,7.62,10.84,21.97,6.46,-0.69,6.16,29.78,
147666,2021,4.72,6.72,13.17,12.21,-0.68,11.04,25.48,
118759,2022,-7.01,-10.02,-16.22,7.56,-0.67,7.97,-8.79,
149261,2021,,,,,-0.66,-0.66,-0.66,
149373,2021,,,,,-0.66,-0.66,-0.66,
147406,2021,1.71,3.12,5.16,6.51,-0.65,5.73,11.23,
131355,2024,3.41,6.27,10.47,5.11,-0.65,4.6,16.06,
150587,2024,4.22,12.01,18.45,9.19,-0.65,8.76,30.21,
120517,2021,5.88,7.13,14.62,9.62,-0.62,8.67,24.6,
120333,2024,3.96,6.06,11.06,5.71,-0.6,5.23,17.53,
118494,2021,16.11,11.04,30.79,11.59,-0.6,10.65,44.88,
148574,2021,3.62,6.12,10.97,11.88,-0.59,10.57,22.43,
152462,2024,-2.63,10.01,7.6,15.89,-0.58,15.91,26.92,
151122,2024,4.15,12.99,19.16,4.01,-0.58,3.72,24.29,
136567,2024,2.33,4.77,7.39,5.16,-0.58,4.57,12.85,
145110,2022,-4.3,-13.58,-17.14,11.76,-0.57,9.91,-8.59,
119595,2022,-3.22,-4.51,-6.78,18.15,-0.57,16.01,9.43,
140243,2021,0.8,5.8,9.75,-12.99,-0.55,-15.86,-9.08,
120503,2022,-8.4,-15.72,-21.92,12.42,-0.55,10.79,-12.51,
153075,2024,,,,,-0.54,-0.54,-0.54,
119354,2024,7.57,13.48,23.6,6.68,-0.53,6.37,32.66,
118486,2024,2.65,3.52,6.48,3.48,-0.53,3.0,9.91,
144312,2024,2.57,3.5,6.49,2.47,-0.53,1.99,8.87,
152607,2024,,8.98,8.98,16.65,-0.52,16.62,29.33,
120596,2021,9.44,9.67,21.88,17.01,-0.51,15.94,41.6,
153047,2024,,,,,-0.51,-0.51,-0.51,
147409,2024,11.92,1.84,14.9,19.84,-0.51,19.15,37.1,
149295,2021,,,,,-0.5,-0.5,-0.5,
118724,2021,4.37,11.06,16.26,13.95,-0.5,13.54,32.29,
153118,2024,,,,,-0.5,-0.5,-0.5,
139527,2024,5.32,12.15,21.56,3.68,-0.5,3.38,26.83,
147496,2024,2.75,4.52,7.75,4.15,-0.5,3.69,11.98,
151160,2021,4.36,11.01,17.58,9.71,-0.49,9.48,29.2,
118724,2022,0.82,-4.04,-2.73,19.36,-0.48,17.39,15.48,
120333,2021,1.93,6.02,8.71,5.96,-0.46,5.2,14.35,
153055,2024,,,,,-0.46,-0.46,-0.46,
120684,2021,4.24,10.91,17.36,9.75,-0.46,9.58,29.08,
146381,2021,4.25,11.0,17.45,9.75,-0.45,9.59,29.19,
147409,2021,-2.23,16.13,14.15,4.44,-0.44,4.64,20.43,
147796,2021,4.32,10.78,17.29,9.69,-0.43,9.55,28.97,
148745,2021,0.07,10.8,12.49,9.83,-0.43,9.69,23.82,
118678,2021,8.06,8.08,18.07,13.86,-0.42,13.21,33.48,
119598,2021,6.83,5.28,13.72,12.32,-0.42,11.4,26.5,
141808,2021,4.85,6.64,12.74,10.4,-0.42,9.63,23.31,
134594,2021,3.71,4.37,8.79,3.74,-0.41,3.23,12.17,
119053,2021,6.86,6.18,14.31,9.96,-0.41,9.15,24.61,
139872,2022,-3.41,-7.19,-9.44,10.96,-0.4,9.79,-0.58,
152240,2023,,,,,-0.4,-0.4,-0.4,
118803,2021,12.49,7.45,22.51,13.24,-0.38,12.54,37.81,
149268,2022,-6.67,-8.95,-14.98,8.51,-0.38,9.05,-6.57,
119202,2021,10.77,6.65,19.09,9.88,-0.36,9.09,29.67,
150187,2021,3.56,6.36,11.46,11.51,-0.35,10.68,23.28,
127850,2021,2.78,1.51,4.52,3.15,-0.35,2.84,7.42,
145356,2022,-0.55,-5.79,-5.43,15.53,-0.3,13.57,8.51,
119769,2021,9.85,7.47,19.58,10.68,-0.3,9.84,31.26,
139872,2021,1.92,2.25,4.53,4.44,-0.3,4.07,8.64,
120276,2024,1.46,3.78,5.25,3.8,-0.29,3.62,9.29,
119528,2021,5.59,7.24,14.72,13.0,-0.27,12.26,28.49,
120152,2021,6.91,7.91,16.51,11.74,-0.27,10.91,28.97,
120242,2021,7.63,8.11,17.35,11.45,-0.27,10.73,29.76,
119779,2021,2.91,3.82,8.85,-7.69,-0.26,-8.09,0.11,
118416,2024,4.8,3.05,7.29,3.63,-0.25,3.67,11.21,
119591,2021,5.14,8.71,15.18,13.79,-0.24,13.23,30.65,
146951,2022,-0.86,1.46,1.46,9.71,-0.24,8.66,10.46,
148500,2021,6.34,7.61,15.49,11.89,-0.23,11.11,28.2,
120465,2021,1.04,7.42,9.74,12.41,-0.21,11.43,21.94,
118464,2024,4.94,3.14,7.52,3.69,-0.21,3.77,11.56,
131670,2021,2.3,5.86,9.05,5.66,-0.21,5.34,14.8,
148980,2021,,,,12.01,-0.18,11.51,11.51,
120728,2021,18.33,5.81,26.63,10.64,-0.17,9.62,38.75,
153161,2024,,,,,-0.17,-0.17,-0.17,
120594,2024,1.05,6.4,8.01,14.22,-0.16,14.93,26.14,
151129,2021,0.96,3.24,4.43,5.02,-0.15,4.92,9.7,
150865,2022,,,,,-0.14,-0.14,-0.14,
149401,2021,,,,,-0.14,-0.14,-0.14,
148481,2024,12.83,13.43,30.66,10.02,-0.13,10.38,44.95,
120575,2022,3.59,-5.5,-1.29,15.56,-0.12,14.87,14.42,
152520,2024,0.35,3.08,2.84,3.77,-0.11,3.96,6.86,
138386,2021,3.51,9.97,15.45,7.45,-0.11,7.32,24.26,
118617,2021,4.09,7.13,12.71,11.6,-0.1,10.98,24.83,
149264,2021,,,,,-0.1,-0.1,-0.1,
145599,2021,5.0,2.92,8.98,9.59,-0.1,9.86,19.51,
153105,2024,,,,,-0.09,-0.09,-0.09,
132995,2024,2.02,3.03,5.45,3.16,-0.09,2.98,8.73,
150643,2022,,,,,-0.09,-0.09,-0.09,
131301,2021,-0.61,1.89,1.54,-0.49,-0.06,-0.67,0.95,
118537,2024,6.66,7.41,16.21,8.63,-0.06,9.41,29.68,
120539,2024,-1.52,5.15,3.83,12.43,-0.06,13.22,19.3,
118736,2021,4.48,5.7,10.79,5.74,-0.05,5.71,17.09,
120682,2022,-7.07,-2.81,-9.13,9.64,-0.05,8.15,-1.13,
151214,2022,,,,,-0.05,-0.05,-0.05,
118876,2022,-2.08,-9.87,-11.26,12.51,-0.05,11.21,-1.88,
118784,2021,9.78,11.71,23.77,12.53,-0.05,12.65,39.43,
151313,2024,5.3,2.87,7.68,3.83,-0.04,4.09,12.09,
151179,2024,4.82,2.99,7.48,3.77,-0.03,4.04,11.82,
148958,2024,4.33,3.15,8.08,4.01,-0.02,4.05,12.71,
120616,2024,3.34,3.56,7.26,4.23,-0.01,4.26,12.1,
152491,2024,0.34,3.08,2.82,3.65,-0.01,3.96,6.9,
147625,2021,6.33,8.15,16.53,12.0,0.0,11.7,29.99,
153124,2024,,,,,0.0,0.0,0.0,
118387,2021,-1.75,1.29,-0.08,2.01,0.0,1.89,1.83,
119759,2021,-1.29,1.3,0.24,2.88,0.0,2.92,3.16,
119757,2021,-1.29,1.3,0.24,2.88,0.0,2.92,3.16,
153139,2024,,,,,0.0,0.0,0.0,
153092,2024,,,,,0.0,0.0,0.0,
152509,2024,0.0,6.94,8.1,2.92,0.0,3.1,11.66,
151179,2022,,,,,0.0,0.0,0.0,
152756,2024,,,,5.56,0.0,6.06,6.06,
151214,2024,5.25,3.03,7.76,3.73,0.0,4.02,12.05,
150838,2022,,,,,0.0,0.0,0.0,
153154,2024,,,,,0.0,0.0,0.0,
153094,2024,,,,,0.0,0.0,0.0,
118565,2023,2.31,2.57,5.06,1.35,0.0,1.35,6.55,
118565,2024,0.0,0.0,0.0,0.0,0.0,0.0,0.0,
152237,2023,,,,,0.0,0.0,0.0,
118979,2021,11.08,12.83,28.04,12.41,0.01,12.52,44.03,
118825,2021,6.06,8.15,15.69,11.74,0.02,11.26,28.67,
120313,2024,2.65,4.17,7.17,4.84,0.03,4.89,12.75,
146513,2021,5.09,11.14,17.81,10.14,0.03,9.98,29.5,
151523,2024,5.1,2.58,7.31,3.57,0.06,3.91,11.54,
148507,2021,5.97,7.73,15.6,12.85,0.07,12.34,29.66,
120792,2021,-0.62,0.93,0.51,1.89,0.07,1.97,2.52,
153146,2024,,,,,0.07,0.07,0.07,
152255,2023,,,,,0.08,0.08,0.08,
120520,2024,4.28,2.78,6.61,3.71,0.08,4.08,10.98,
120682,2021,5.55,7.42,12.92,10.84,0.08,10.63,25.01,
151185,2022,,,,,0.08,0.08,0.08,
131061,2021,-1.21,1.45,0.51,2.33,0.08,2.35,2.94,
151211,2022,,,,,0.08,0.08,0.08,
151974,2024,5.26,4.37,13.64,6.05,0.09,5.67,18.97,
150920,2022,,,,,0.09,0.09,0.09,
153121,2024,,,,,0.11,0.11,0.11,
149361,2021,,,,,0.11,0.11,0.11,
119843,2021,-0.04,6.89,7.31,5.03,0.11,5.43,13.61,
148958,2021,,-0.05,-0.05,3.99,0.12,4.17,4.29,
152267,2023,,,,,0.12,0.12,0.12,
151228,2022,,,,,0.12,0.12,0.12,
151218,2022,,,,,0.12,0.12,0.12,
119160,2021,9.26,8.08,19.39,11.99,0.13,11.72,33.24,
153102,2024,,,,,0.13,0.13,0.13,
120270,2022,-2.28,-11.44,-12.82,13.27,0.14,12.19,-1.74,
119759,2024,2.8,2.59,5.01,3.81,0.14,4.28,9.51,
119757,2024,2.8,2.61,5.03,3.81,0.14,4.28,9.53,
152468,2024,0.44,4.15,4.89,3.71,0.14,3.88,9.12,
153150,2024,,,,,0.14,0.14,0.14,
134643,2024,2.06,5.32,8.31,3.06,0.14,3.49,12.41,
148815,2021,,18.11,18.11,8.64,0.14,8.51,29.03,
118531,2021,11.34,8.08,21.95,9.35,0.15,9.26,33.25,
119271,2021,7.04,3.99,13.09,-7.37,0.16,-8.19,4.53,
151183,2022,,,,,0.17,0.17,0.17,
148614,2022,-15.91,-17.66,-31.96,-6.86,0.17,-7.27,-38.63,
150344,2022,,-16.38,-16.38,3.92,0.17,4.57,-10.75,
133054,2024,1.98,2.54,4.72,3.55,0.17,3.73,8.82,
120447,2021,-0.48,1.1,0.79,2.08,0.18,2.22,3.01,
150906,2022,,,,,0.18,0.18,0.18,
150481,2024,4.2,6.74,12.24,3.65,0.18,3.78,17.02,
153157,2024,,,,,0.18,0.18,0.18,
119609,2021,4.84,6.62,12.6,10.26,0.18,10.28,24.07,
150206,2021,1.32,2.7,4.12,3.92,0.19,4.0,8.24,
119099,2024,4.26,2.69,6.51,3.81,0.19,4.27,11.02,
143704,2021,-1.2,-0.98,-2.29,3.52,0.19,3.55,1.16,
153179,2024,,,,,0.19,0.19,0.19,
146951,2021,2.32,6.09,9.7,13.23,0.2,13.61,24.63,
118269,2021,5.38,7.22,14.2,10.91,0.2,10.62,26.17,
120743,2021,-1.89,0.85,-0.73,1.57,0.2,1.59,0.92,
150938,2022,,,,,0.2,0.2,0.2,
140274,2024,7.94,0.36,7.33,7.04,0.23,7.39,15.45,
151181,2022,,,,,0.23,0.23,0.23,
118574,2024,2.66,3.93,7.1,3.54,0.24,3.78,11.4,
120590,2021,-0.35,1.33,1.19,2.92,0.24,3.11,4.33,
153172,2024,,,,,0.24,0.24,0.24,
138376,2024,2.04,2.86,5.03,2.56,0.24,2.76,8.15,
150751,2022,,,,,0.25,0.25,0.25,
150716,2022,,,,,0.25,0.25,0.25,
119556,2022,-8.11,-11.59,-17.66,13.03,0.25,12.98,-6.67,
151014,2024,3.17,2.46,5.35,3.57,0.27,4.1,9.64,
118879,2021,14.42,10.35,28.63,7.32,0.27,7.32,38.16,
119755,2024,3.47,2.25,5.46,3.89,0.27,4.39,10.16,
119239,2024,4.02,2.68,6.35,3.75,0.27,4.3,10.89,
119675,2021,-0.44,0.92,0.76,1.56,0.27,1.84,2.69,
118284,2024,3.18,2.14,5.03,3.2,0.28,3.72,8.98,
148035,2021,11.17,13.25,26.62,12.51,0.28,12.87,43.4,
120279,2021,-0.79,0.83,0.25,0.87,0.28,1.13,1.44,
120674,2021,7.85,9.16,18.93,10.02,0.29,9.92,30.72,
120679,2021,4.05,6.32,11.09,5.5,0.3,5.84,17.75,
143704,2024,4.82,2.75,7.16,3.75,0.3,4.35,11.85,
118282,2021,-0.38,1.1,0.97,1.75,0.3,2.0,3.02,
150407,2024,2.98,2.45,5.07,3.55,0.31,4.12,9.42,
150989,2022,,,,,0.31,0.31,0.31,
119311,2021,-1.32,0.99,-0.04,1.96,0.31,2.14,2.17,
118299,2024,3.33,2.29,5.31,3.52,0.32,4.09,9.66,
152976,2024,,,,,0.32,0.32,0.32,
118477,2024,2.23,3.12,5.56,2.41,0.32,2.74,8.62,
148606,2021,3.92,8.34,13.83,8.44,0.33,8.69,23.79,
149381,2023,-3.17,-9.05,-11.82,-0.7,0.33,-2.0,-11.15,
150930,2024,12.69,2.48,16.76,18.08,0.33,18.55,38.6,
119953,2021,-1.43,0.7,-0.54,1.93,0.34,2.17,1.66,
151014,2021,-1.7,0.89,-0.48,1.87,0.34,2.17,1.73,
119341,2021,-1.34,1.12,0.1,2.12,0.35,2.39,2.58,
119707,2024,3.11,2.44,5.14,3.64,0.35,4.25,9.6,
148699,2021,-9.29,4.63,-3.0,-11.35,0.36,-11.98,-15.58,
118876,2021,5.58,11.54,18.6,8.81,0.36,8.98,29.39,
120059,2021,-1.71,0.99,-0.36,2.18,0.36,2.46,2.14,
119605,2024,3.5,2.41,5.56,3.56,0.37,4.16,9.93,
151087,2021,-1.56,0.98,-0.32,1.63,0.37,1.96,1.73,
140298,2021,-0.42,1.97,1.92,2.51,0.38,2.82,4.84,
119128,2021,4.53,6.45,12.12,4.47,0.38,4.92,17.58,
120751,2021,7.71,9.15,18.72,10.25,0.38,10.18,30.74,
144490,2021,4.18,3.96,8.91,5.12,0.38,5.44,14.77,
120705,2024,2.01,4.07,6.4,4.11,0.39,4.56,11.46,
144403,2021,0.55,1.06,1.74,1.36,0.4,1.73,3.53,
133868,2021,3.92,2.96,7.23,1.18,0.41,1.58,9.65,
120282,2024,3.34,2.2,5.26,3.42,0.41,4.05,9.54,
151190,2022,,,,,0.41,0.41,0.41,
146457,2024,3.55,7.24,11.83,4.85,0.41,5.35,18.27,
118491,2021,0.69,2.17,2.89,3.59,0.42,3.84,6.94,
146549,2021,8.27,8.49,18.91,10.82,0.42,10.92,31.5,
120592,2021,7.82,7.51,17.32,14.39,0.42,14.48,34.24,
120702,2021,0.78,1.18,2.14,1.42,0.42,2.13,4.43,
118769,2021,8.91,9.01,20.23,9.58,0.42,9.76,31.63,
120084,2021,-0.4,1.29,1.2,1.86,0.43,2.29,3.56,
120398,2021,0.37,1.28,1.76,1.54,0.43,2.01,3.83,
148539,2021,4.73,11.43,18.48,13.68,0.44,13.89,34.94,
134494,2021,-0.07,0.75,1.01,1.83,0.44,2.26,3.29,
118726,2024,2.23,2.44,4.85,2.87,0.45,3.33,8.44,
118672,2021,-1.28,1.14,0.23,2.09,0.45,2.48,2.78,
140298,2024,4.19,2.42,6.23,3.54,0.45,4.23,10.74,
150888,2022,,,,,0.46,0.46,0.46,
133386,2021,8.44,9.32,19.62,11.12,0.46,11.17,33.05,
147306,2021,3.17,7.02,10.95,14.78,0.46,14.79,27.24,
119960,2024,3.05,5.02,8.55,2.36,0.46,2.81,11.88,
148651,2021,5.69,7.45,15.28,11.09,0.47,11.18,28.17,
120760,2021,1.67,4.12,6.31,5.42,0.47,5.78,12.5,
138472,2024,3.47,2.54,5.62,3.61,0.47,4.33,10.23,
120137,2021,-1.72,1.3,-0.06,2.29,0.47,2.61,2.6,
150871,2022,,,,,0.48,0.48,0.48,
129197,2024,2.7,2.5,5.26,3.5,0.48,4.11,9.68,
140347,2021,2.65,4.19,7.38,4.88,0.48,5.21,12.95,
119714,2021,0.03,1.56,1.77,1.92,0.48,2.36,4.23,
120619,2021,-0.3,1.24,1.14,1.84,0.48,2.25,3.48,
150624,2022,,,,,0.49,0.49,0.49,
120282,2021,-0.42,1.16,0.93,1.04,0.49,1.48,2.47,
118672,2024,3.25,2.36,5.31,3.65,0.49,4.38,9.95,
150822,2024,1.9,2.93,4.54,3.51,0.49,4.32,9.07,
120270,2021,2.49,9.38,13.03,12.87,0.5,12.95,27.62,
150206,2024,3.11,3.48,6.96,3.39,0.5,3.97,11.41,
152829,2024,,,,-0.17,0.5,0.43,0.43,
118498,2021,-1.29,1.09,0.17,1.9,0.5,2.34,2.57,
148634,2022,-6.18,-14.05,-19.05,8.45,0.5,7.82,-12.8,
147889,2024,2.69,2.24,4.71,3.52,0.5,4.27,9.17,
119311,2024,2.9,2.11,4.69,3.31,0.5,4.03,8.92,
119735,2021,-1.28,1.54,0.41,2.57,0.5,3.05,3.46,
120749,2021,7.64,12.5,22.36,13.3,0.51,13.35,39.0,
151129,2024,3.95,5.7,10.56,4.43,0.51,5.13,16.86,
130493,2024,6.25,2.45,7.81,4.66,0.51,5.14,12.92,
150159,2021,5.61,6.82,13.66,9.79,0.51,10.0,24.73,
119671,2024,3.18,2.33,5.15,3.55,0.51,4.31,9.67,
153011,2024,,,,,0.52,0.52,0.52,
119116,2021,-1.24,0.9,0.02,2.1,0.52,2.55,2.62,
149331,2021,,,,,0.52,0.52,0.52,
130498,2021,12.4,10.86,26.49,12.59,0.53,13.04,42.95,
120689,2021,-0.43,0.89,0.66,8.54,0.53,9.1,9.85,
119671,2021,-0.33,0.87,0.74,1.44,0.54,1.97,2.73,
135805,2021,3.19,8.06,11.82,13.12,0.55,14.12,28.33,
119019,2021,5.69,7.86,14.88,8.47,0.55,8.96,25.19,
143614,2021,0.68,1.04,1.67,0.52,0.55,1.16,2.86,
120722,2021,8.36,8.98,20.13,13.02,0.56,13.75,36.63,
118299,2021,-0.56,0.81,0.43,1.53,0.56,2.09,2.54,
120792,2024,3.11,2.01,4.85,3.5,0.56,4.27,9.34,
138472,2021,-0.54,1.54,1.44,1.95,0.56,2.51,4.04,
120520,2021,-1.11,0.37,-0.43,1.26,0.56,1.72,1.38,
118557,2021,13.11,12.06,28.7,12.88,0.56,13.56,47.08,
150484,2024,4.2,2.53,6.42,3.9,0.56,4.79,11.48,
118284,2021,-0.44,0.64,0.3,1.32,0.56,1.89,2.21,
118574,2021,2.11,2.69,5.14,2.95,0.57,3.46,8.75,
118650,2021,14.26,9.4,26.88,16.41,0.57,16.87,48.5,
145075,2021,18.05,9.32,30.93,10.58,0.57,11.27,45.78,
130050,2021,0.44,0.96,1.61,15.53,0.57,16.15,18.07,
145954,2021,0.01,1.04,1.19,1.43,0.57,2.0,3.25,
119781,2024,5.3,4.49,12.99,4.66,0.58,5.56,19.2,
120158,2021,9.23,8.35,19.76,9.07,0.58,9.4,31.1,
118394,2021,-1.76,1.08,-0.23,1.51,0.58,2.03,1.83,
118394,2024,3.01,2.07,4.83,3.0,0.58,3.77,8.8,
129197,2021,-0.05,1.67,1.84,2.49,0.58,3.01,4.92,
152206,2023,,,,,0.58,0.58,0.58,
150237,2021,-0.3,1.17,1.02,1.21,0.59,1.82,2.87,
118837,2021,7.35,9.64,18.27,12.16,0.59,12.69,33.94,
119707,2021,-0.14,1.04,1.15,1.7,0.59,2.27,3.47,
144312,2021,1.53,2.53,4.44,4.25,0.59,4.79,9.35,
149383,2021,,,,,0.6,0.6,0.6,
148755,2021,0.34,1.06,1.58,1.54,0.6,2.15,3.79,
120447,2024,3.34,2.54,5.55,3.78,0.6,4.68,10.51,
148792,2021,0.11,1.31,1.79,2.44,0.6,2.92,4.79,
120762,2021,-0.37,0.82,0.61,10.02,0.6,10.67,11.38,
135810,2021,-2.95,16.64,13.81,3.51,0.6,4.9,20.1,
119118,2021,2.97,4.95,8.32,4.48,0.61,5.03,13.68,
120531,2024,5.4,4.11,13.25,4.59,0.61,4.99,18.79,
119099,2021,-0.74,1.31,0.92,2.11,0.61,2.65,3.63,
119247,2021,16.7,13.98,34.35,12.17,0.61,12.95,51.81,
119755,2021,-0.63,1.52,0.99,2.3,0.61,2.91,3.92,
148479,2021,-0.71,1.18,0.69,2.07,0.61,2.67,3.38,
153115,2024,,,,,0.61,0.61,0.61,
119816,2021,-0.22,1.11,1.06,1.5,0.61,2.13,3.26,
115132,2024,5.42,3.63,13.0,5.0,0.62,5.75,19.46,
143241,2021,-0.42,1.06,0.84,1.59,0.62,2.2,3.09,
126393,2021,1.72,4.18,6.37,3.61,0.62,4.11,10.75,
153051,2024,,,,,0.62,0.62,0.62,
134494,2024,3.27,2.29,5.25,3.44,0.62,4.29,9.78,
144403,2024,3.02,2.5,5.34,3.28,0.63,4.13,9.71,
119239,2021,-1.18,1.04,0.14,2.22,0.63,2.79,2.98,
120430,2021,-1.4,0.94,-0.16,2.16,0.63,2.72,2.59,
119082,2021,1.13,1.18,2.39,0.65,0.64,1.29,3.72,
151875,2024,1.58,1.43,3.05,1.45,0.64,2.12,5.25,
150822,2022,,,,,0.64,0.64,0.64,
119075,2021,-0.62,6.44,5.88,1.49,0.64,2.07,8.13,
149029,2021,,,,1.61,0.64,2.19,2.19,
119226,2021,0.11,1.05,1.31,1.41,0.64,2.05,3.42,
132995,2021,3.73,3.53,7.7,5.31,0.64,5.75,13.83,
119382,2021,0.57,1.39,2.05,0.73,0.64,1.36,3.43,
144466,2024,2.21,3.04,5.67,2.91,0.64,3.63,9.77,
119069,2021,-0.55,1.16,0.79,1.75,0.64,2.31,3.2,
149283,2021,,,,,0.65,0.65,0.65,
126685,2021,0.08,1.11,1.36,1.38,0.66,2.03,3.43,
146215,2021,-0.18,1.12,1.11,1.49,0.66,2.16,3.31,
119605,2021,-0.71,1.7,1.23,2.29,0.66,2.96,4.23,
120451,2024,2.52,1.66,4.24,3.41,0.66,4.34,8.84,
140347,2024,3.55,4.73,8.8,4.21,0.66,4.96,14.35,
151067,2021,0.01,1.1,1.32,1.34,0.66,2.05,3.43,
119075,2024,2.77,2.19,4.74,3.48,0.67,4.33,9.31,
119739,2021,0.04,1.34,1.52,1.85,0.67,2.52,4.1,
149076,2021,,,,0.88,0.67,1.58,1.58,
118320,2021,0.35,0.94,1.45,1.25,0.67,1.92,3.41,
119727,2022,-7.47,-11.7,-17.79,11.54,0.68,11.46,-8.18,
133791,2021,0.18,1.28,1.57,1.74,0.68,2.43,4.07,
119533,2021,0.28,1.34,1.84,1.57,0.68,2.27,4.18,
138330,2021,0.44,1.52,2.16,1.73,0.68,2.42,4.67,
118837,2022,-3.52,-5.4,-7.94,16.51,0.68,15.56,7.89,
148789,2021,0.12,1.17,1.74,2.26,0.68,2.92,4.81,
144335,2021,3.4,4.25,8.13,5.26,0.68,5.81,14.32,
120603,2021,0.6,1.59,2.39,1.91,0.68,2.58,5.08,
133054,2021,3.53,2.21,6.19,2.97,0.68,3.73,10.15,
119949,2021,-0.03,1.07,1.23,1.46,0.68,2.16,3.46,
119621,2021,0.33,1.11,1.61,1.37,0.69,2.06,3.76,
150714,2024,5.15,4.1,12.93,4.67,0.69,5.56,19.7,
151087,2024,2.71,2.26,4.77,3.48,0.69,4.4,9.37,
148600,2021,13.96,10.37,29.41,10.45,0.69,11.53,44.67,
120560,2021,-0.03,1.01,1.2,1.42,0.69,2.12,3.39,
149071,2021,,,,4.8,0.7,5.2,5.2,
120497,2021,0.21,1.03,1.42,1.57,0.7,2.27,3.76,
140243,2023,-0.16,-8.48,-8.37,-8.44,0.7,-8.35,-14.74,
148446,2021,-0.25,1.33,1.39,2.31,0.7,3.03,4.39,
135916,2021,-0.03,1.15,1.41,1.72,0.71,2.43,3.93,
148903,2021,,5.77,5.77,5.92,0.71,6.85,13.23,
148516,2021,3.61,10.63,15.3,6.86,0.71,7.47,24.01,
120313,2021,2.52,3.8,6.69,3.42,0.71,4.15,11.27,
120692,2021,0.56,1.23,1.92,1.73,0.72,2.43,4.4,
150824,2022,,,,,0.72,0.72,0.72,
142038,2021,1.71,2.94,5.0,4.69,0.72,5.31,10.49,
118747,2021,-0.76,1.55,0.87,1.68,0.72,2.43,3.32,
149243,2021,,,,,0.72,0.72,0.72,
149199,2021,,,,0.05,0.72,0.82,0.82,
119657,2021,-0.37,1.57,1.36,2.29,0.72,2.98,4.42,
149368,2021,,,,,0.73,0.73,0.73,
149240,2021,,,,,0.73,0.73,0.73,
150854,2022,,,,,0.73,0.73,0.73,
149247,2021,,,,,0.73,0.73,0.73,
123704,2021,0.27,0.96,1.42,1.48,0.73,2.26,3.74,
149011,2021,,,,1.54,0.73,2.28,2.28,
153076,2024,,,,,0.74,0.74,0.74,
118987,2021,-0.03,1.23,1.49,1.88,0.74,2.61,4.16,
144339,2021,0.08,1.06,1.32,1.6,0.74,2.39,3.74,
142641,2021,0.32,1.1,1.6,1.53,0.74,2.28,3.94,
118663,2024,5.31,3.36,12.75,4.91,0.75,5.77,19.09,
117608,2021,0.37,2.94,3.92,2.58,0.75,3.35,7.62,
118410,2021,0.29,0.97,1.45,1.33,0.75,2.08,3.6,
147311,2021,1.47,0.69,2.22,1.45,0.75,2.22,4.5,
124234,2021,0.74,0.69,1.48,0.85,0.75,1.61,3.15,
150996,2021,-0.65,1.41,0.93,2.47,0.76,3.14,4.09,
119116,2024,2.47,2.33,4.57,3.52,0.76,4.48,9.27,
147889,2021,0.62,1.7,2.49,1.83,0.76,2.61,5.18,
152183,2024,5.06,3.96,12.33,4.43,0.77,5.55,18.66,
120685,2024,5.53,4.48,13.36,4.9,0.77,5.6,19.21,
132183,2021,1.79,4.17,6.12,3.63,0.77,4.48,10.99,
153035,2024,,,,,0.77,0.77,0.77,
145971,2021,0.74,0.71,1.49,0.7,0.77,1.48,3.0,
131898,2021,0.35,13.68,14.3,1.35,0.77,2.12,4.93,
119172,2022,-4.03,-11.08,-14.33,9.46,0.77,9.04,-6.1,
118317,2021,0.74,0.75,1.54,0.81,0.77,1.6,3.18,
120510,2021,0.31,1.25,1.71,1.57,0.77,2.35,4.14,
134503,2021,-0.31,1.13,1.01,4.98,0.77,5.76,6.85,
120473,2024,4.9,3.73,12.95,4.66,0.78,5.52,19.1,
118464,2021,-1.61,1.27,0.13,1.69,0.78,2.43,2.61,
118291,2021,0.7,0.81,1.57,0.95,0.78,1.75,3.36,
149343,2021,,,,,0.78,0.78,0.78,
118924,2021,0.13,1.25,1.45,1.6,0.78,2.32,3.83,
119132,2024,5.27,4.41,13.5,4.74,0.79,5.49,19.12,
146772,2024,7.53,18.16,28.97,5.97,0.79,7.6,40.25,
119135,2021,0.89,0.72,1.63,0.75,0.79,1.56,3.23,
152202,2023,,,,,0.79,0.79,0.79,
120754,2021,0.5,1.4,2.07,1.68,0.79,2.46,4.64,
119788,2024,5.53,3.92,13.02,4.84,0.8,5.57,19.32,
145356,2021,3.94,11.53,17.19,5.32,0.8,5.76,23.88,
120267,2021,1.82,7.7,10.85,13.32,0.8,13.52,25.5,
147450,2021,0.73,0.76,1.51,0.76,0.8,1.57,3.11,
147214,2021,0.73,0.74,1.51,0.76,0.8,1.58,3.13,
147157,2021,0.73,0.76,1.5,0.77,0.8,1.58,3.12,
145834,2021,0.72,0.71,1.47,0.76,0.8,1.58,3.08,
140769,2021,-0.05,1.04,1.2,1.37,0.8,2.14,3.4,
120451,2021,-0.37,1.72,1.51,2.02,0.8,2.73,4.34,
133810,2021,0.7,1.18,1.98,1.36,0.8,2.19,4.23,
149526,2021,0.84,0.92,1.84,1.0,0.8,1.82,3.71,
118416,2021,-1.59,1.28,0.17,1.63,0.8,2.38,2.6,
119016,2021,0.18,1.37,1.81,1.67,0.8,2.46,4.36,
119498,2021,0.35,1.35,1.9,1.71,0.8,2.53,4.51,
118569,2021,0.63,1.07,1.86,1.54,0.81,2.37,4.28,
141588,2021,0.39,1.27,1.83,1.57,0.81,2.39,4.3,
146980,2021,0.76,0.78,1.56,0.77,0.81,1.6,3.19,
146191,2021,0.74,0.78,1.53,0.77,0.81,1.6,3.17,
147713,2021,0.73,0.76,1.51,0.77,0.81,1.59,3.13,
147570,2021,0.75,0.77,1.53,0.76,0.81,1.59,3.15,
119833,2021,0.74,0.78,1.54,0.77,0.81,1.6,3.17,
146963,2021,0.74,0.77,1.53,0.77,0.81,1.59,3.15,
147531,2021,0.73,0.77,1.52,0.77,0.81,1.59,3.15,
147196,2021,0.76,0.78,1.56,0.78,0.81,1.61,3.2,
125345,2021,0.68,0.7,1.43,0.74,0.81,1.58,3.04,
145589,2021,0.12,0.96,1.35,1.79,0.81,2.64,4.06,
119062,2021,7.31,7.67,16.8,7.4,0.81,7.93,26.06,
119824,2021,-0.07,1.61,1.71,1.76,0.81,2.56,4.38,
118794,2021,9.24,8.7,20.3,6.25,0.81,6.86,28.24,
119400,2021,0.73,1.16,2.08,1.5,0.81,2.3,4.44,
118401,2021,-0.81,1.18,0.73,1.52,0.81,2.29,3.08,
150858,2022,,,,,0.82,0.82,0.82,
132185,2021,2.98,6.03,9.17,5.46,0.82,6.35,16.2,
132186,2021,4.38,7.96,12.49,7.48,0.82,8.32,21.95,
146141,2021,0.74,0.75,1.53,0.77,0.82,1.6,3.17,
120785,2021,0.75,0.78,1.54,0.77,0.82,1.61,3.18,
146062,2021,0.74,0.75,1.53,0.78,0.82,1.61,3.18,
145486,2021,0.75,0.79,1.56,0.78,0.82,1.62,3.21,
147883,2021,0.74,0.77,1.53,0.77,0.82,1.6,3.17,
145536,2021,0.73,0.76,1.52,0.77,0.82,1.6,3.16,
149134,2021,,,,1.32,0.82,2.1,2.1,
119110,2021,0.74,0.75,1.53,0.77,0.82,1.6,3.16,
103734,2021,0.73,0.77,1.52,0.79,0.82,1.63,3.18,
118840,2021,0.73,0.93,1.76,1.06,0.82,1.9,3.71,
133925,2021,0.78,0.92,1.77,1.05,0.82,1.89,3.72,
118272,2021,4.85,7.01,13.09,9.27,0.82,9.73,24.0,
119735,2024,2.85,2.2,4.83,3.26,0.82,4.28,9.35,
118282,2024,2.71,2.31,4.75,3.02,0.82,4.02,9.01,
120482,2021,0.52,1.18,1.66,0.77,0.82,1.53,3.18,
120059,2024,2.71,2.09,4.58,3.29,0.82,4.29,9.05,
147736,2021,0.76,0.77,1.58,0.79,0.83,1.63,3.24,
147606,2021,0.76,0.8,1.57,0.79,0.83,1.63,3.24,
147837,2021,0.76,0.8,1.57,0.78,0.83,1.62,3.22,
147287,2021,0.76,0.77,1.57,0.79,0.83,1.64,3.25,
147564,2021,0.75,0.79,1.56,0.79,0.83,1.64,3.23,
147515,2021,0.75,0.79,1.55,0.78,0.83,1.62,3.21,
146675,2021,0.75,0.79,1.55,0.78,0.83,1.62,3.21,
149664,2021,0.77,0.79,1.58,0.8,0.83,1.64,3.26,
147003,2021,0.74,0.78,1.54,0.78,0.83,1.62,3.19,
145810,2021,0.74,0.75,1.53,0.77,0.83,1.61,3.18,
143269,2021,0.74,0.75,1.53,0.79,0.83,1.64,3.2,
120494,2021,6.4,7.06,14.95,15.26,0.83,15.68,32.59,
120435,2021,-0.2,0.96,1.04,1.47,0.83,2.29,3.4,
118942,2021,0.67,1.24,2.02,1.29,0.83,2.15,4.24,
120570,2021,0.84,0.98,1.89,1.02,0.83,1.86,3.79,
120315,2021,1.34,0.92,2.33,1.04,0.83,1.9,4.28,
119812,2021,0.69,0.95,1.72,1.07,0.83,1.92,3.7,
147772,2021,0.74,0.82,1.61,0.85,0.83,1.7,3.36,
150868,2022,,,,,0.84,0.84,0.84,
130722,2021,0.24,1.13,1.54,1.44,0.84,2.29,3.95,
148841,2021,,0.58,0.58,0.81,0.84,1.66,2.27,
146010,2021,5.11,4.52,10.39,6.35,0.84,7.12,18.17,
118305,2021,0.76,0.78,1.55,0.8,0.84,1.65,3.24,
120435,2024,2.49,1.82,4.05,3.27,0.84,4.31,8.58,
150180,2021,-1.01,0.95,0.19,1.55,0.84,2.38,2.63,
120084,2024,3.3,2.66,5.68,3.46,0.84,4.55,10.53,
118371,2021,0.77,0.9,1.76,1.0,0.84,1.85,3.67,
148913,2021,,0.49,0.49,0.91,0.84,1.76,2.28,
149210,2021,,,,0.02,0.84,0.79,0.79,
152287,2024,6.23,3.58,13.41,5.05,0.85,5.81,19.84,
144646,2021,0.7,0.92,1.68,1.02,0.85,1.88,3.59,
140603,2021,0.46,1.46,2.12,1.95,0.85,2.73,4.95,
147951,2021,0.76,0.8,1.57,0.78,0.85,1.65,3.26,
118615,2021,4.27,5.68,10.92,7.63,0.85,8.32,20.11,
118364,2021,0.76,0.8,1.57,0.81,0.85,1.68,3.28,
119505,2024,2.66,2.26,4.67,3.56,0.85,4.69,9.56,
120513,2021,0.84,1.02,1.95,1.14,0.85,2.02,4.02,
143612,2021,0.64,0.83,1.55,0.96,0.85,1.82,3.42,
150169,2021,0.92,1.12,2.13,1.09,0.85,1.97,4.16,
119081,2021,0.48,1.78,2.62,2.22,0.85,3.08,5.8,
149539,2021,0.81,0.85,1.72,0.86,0.85,1.74,3.5,
119205,2021,0.87,0.84,1.76,0.91,0.85,1.78,3.59,
144466,2021,2.85,4.97,8.39,4.74,0.85,5.63,14.42,
151745,2024,4.38,5.64,11.23,5.45,0.86,6.47,18.84,
120038,2021,0.78,0.78,1.6,0.81,0.86,1.7,3.34,
118859,2021,0.81,0.8,1.65,0.82,0.86,1.7,3.39,
119091,2021,0.76,0.79,1.57,0.82,0.86,1.7,3.31,
138299,2021,0.79,0.83,1.64,0.81,0.86,1.69,3.37,
120197,2021,0.77,0.8,1.59,0.82,0.86,1.7,3.33,
119303,2021,0.79,0.82,1.63,0.83,0.86,1.7,3.37,
120537,2021,0.78,0.8,1.59,0.82,0.86,1.69,3.32,
118763,2021,14.06,10.26,27.97,14.34,0.86,15.48,48.05,
120249,2021,0.8,0.82,1.63,0.84,0.86,1.71,3.39,
147346,2022,-2.71,-6.22,-8.43,9.3,0.86,9.3,0.2,
144173,2021,0.78,0.81,1.66,0.87,0.86,1.74,3.44,
153030,2024,,,,,0.86,0.86,0.86,
134813,2021,5.52,7.68,14.53,8.56,0.86,9.2,25.14,
119828,2021,0.83,0.83,1.71,0.91,0.86,1.78,3.54,
119069,2024,3.05,2.06,4.9,3.26,0.86,4.31,9.45,
120304,2021,0.78,0.81,1.61,0.83,0.87,1.72,3.37,
119861,2021,0.77,0.81,1.59,0.81,0.87,1.7,3.34,
119766,2021,0.77,0.78,1.59,0.82,0.87,1.71,3.34,
120389,2021,0.78,0.8,1.6,0.82,0.87,1.71,3.35,
119125,2021,0.78,0.81,1.6,0.81,0.87,1.7,3.34,
118577,2021,0.77,0.8,1.59,0.82,0.87,1.71,3.34,
139538,2021,0.8,0.84,1.65,0.82,0.87,1.72,3.4,
140196,2021,0.82,0.86,1.69,0.85,0.87,1.74,3.48,
119415,2021,0.8,0.83,1.65,0.83,0.87,1.73,3.42,
118701,2021,0.79,0.81,1.61,0.82,0.87,1.71,3.36,
148450,2024,2.73,1.34,3.9,3.55,0.87,4.84,8.96,
119523,2021,0.81,1.19,2.1,1.24,0.87,2.14,4.29,
145034,2021,0.93,0.89,1.92,0.99,0.87,1.88,3.85,
119379,2021,0.77,0.78,1.6,0.85,0.87,1.73,3.35,
118407,2021,0.26,1.03,1.48,1.4,0.87,2.27,3.82,
118931,2021,0.98,1.41,2.37,0.94,0.87,1.83,4.22,
120430,2024,2.51,1.96,4.19,3.12,0.87,4.19,8.58,
129052,2021,0.98,1.41,2.36,0.94,0.87,1.84,4.22,
119568,2021,0.78,0.82,1.61,0.82,0.88,1.71,3.37,
120406,2021,0.8,0.81,1.62,0.83,0.88,1.73,3.39,
119800,2021,0.78,0.8,1.59,0.82,0.88,1.72,3.36,
145589,2024,2.06,1.63,3.61,3.06,0.88,4.17,7.97,
150180,2024,2.79,2.41,4.85,3.28,0.88,4.38,9.46,
140613,2021,0.8,1.02,1.91,1.09,0.88,1.99,3.95,
151117,2021,0.91,0.98,1.98,1.14,0.88,2.04,4.08,
119750,2021,0.83,0.85,1.74,0.94,0.88,1.84,3.63,
120541,2021,0.87,0.86,1.79,0.96,0.88,1.86,3.68,
138358,2021,0.87,0.9,1.83,0.95,0.88,1.85,3.72,
118796,2021,0.68,1.47,2.41,1.79,0.88,2.68,5.19,
148699,2023,-3.11,-9.21,-11.58,-4.34,0.89,-5.31,-15.69,
119591,2022,-3.35,-6.45,-8.77,14.84,0.89,14.36,5.31,
119369,2021,0.78,0.79,1.59,0.8,0.89,1.71,3.33,
119863,2021,0.72,0.99,1.79,1.1,0.89,2.01,3.86,
151146,2021,0.79,1.32,2.3,2.17,0.89,3.06,5.45,
120599,2021,9.06,10.87,22.42,10.67,0.9,11.85,36.94,
119501,2021,0.86,1.02,1.96,1.08,0.9,2.01,4.03,
128006,2021,0.06,1.93,2.19,2.49,0.9,3.41,5.67,
147908,2021,0.9,0.84,1.79,0.97,0.91,1.9,3.74,
147731,2021,0.82,0.89,1.77,0.96,0.91,1.89,3.71,
144754,2021,0.99,0.99,2.07,1.0,0.91,1.94,4.07,
148729,2021,0.6,1.33,2.1,1.51,0.91,2.44,4.61,
148529,2021,0.81,0.86,1.73,0.94,0.92,1.89,3.67,
148795,2021,0.8,1.53,2.71,2.46,0.92,3.43,6.15,
120073,2021,0.45,3.06,3.66,5.03,0.93,5.88,9.82,
119505,2021,0.84,1.64,2.61,1.86,0.93,2.78,5.48,
146075,2021,0.88,0.91,1.85,1.02,0.93,1.98,3.88,
120401,2021,0.98,1.36,2.31,0.94,0.93,1.86,4.19,
120616,2021,1.58,2.74,4.36,5.32,0.95,6.18,10.82,
118387,2024,3.08,2.24,5.05,3.63,0.95,4.79,10.08,
118814,2021,0.67,1.43,2.27,1.76,0.95,2.71,5.1,
119798,2021,0.64,1.75,2.54,1.97,0.95,2.92,5.59,
131898,2024,2.08,1.85,3.94,3.0,0.95,3.81,7.94,
118709,2021,1.07,1.22,2.43,1.29,0.95,2.26,4.78,
119657,2024,2.57,2.18,4.51,3.11,0.95,4.27,8.96,
149091,2021,,,,2.31,0.96,3.05,3.05,
120670,2021,1.07,1.87,3.17,1.96,0.96,2.93,6.24,
119539,2021,2.53,1.6,4.43,2.07,0.96,3.04,7.64,
118474,2021,1.0,1.35,2.31,0.93,0.96,1.92,4.29,
120705,2021,4.62,3.36,8.1,4.74,0.97,5.66,14.15,
120546,2024,5.1,3.6,12.92,5.78,0.97,6.59,19.46,
150847,2022,,,,,0.97,0.97,0.97,
119741,2021,0.88,2.14,3.16,2.06,0.97,3.06,6.33,
152243,2023,,,,,0.97,0.97,0.97,
151060,2022,1.14,-3.57,-2.33,4.41,0.97,5.19,2.6,
119164,2021,0.76,0.75,1.55,0.84,0.98,1.85,3.44,
118539,2021,5.89,7.97,15.63,10.71,0.99,11.92,30.02,
150807,2022,,,,,0.99,0.99,0.99,
149700,2021,8.08,9.33,19.64,10.24,0.99,10.72,32.27,
150681,2024,3.51,2.45,5.69,3.55,0.99,4.73,10.66,
126393,2022,-1.79,-4.83,-6.09,6.68,0.99,7.12,0.9,
130543,2021,5.13,8.16,14.46,5.27,0.99,6.37,22.01,
120718,2021,0.27,1.31,1.76,6.01,0.99,7.09,8.99,
149587,2021,-0.27,1.02,0.99,1.54,0.99,2.52,3.58,
149303,2021,,,,,1.0,1.0,1.0,
120746,2021,0.92,0.92,1.88,3.62,1.0,4.68,6.67,
120676,2021,1.12,1.13,2.33,1.13,1.0,2.16,4.56,
120137,2024,2.82,2.16,4.7,3.62,1.0,4.82,9.72,
143508,2021,0.88,0.91,1.87,0.94,1.0,1.96,3.89,
149141,2021,,,,-0.5,1.01,0.3,0.3,
151489,2024,3.56,2.45,5.74,3.57,1.01,4.77,10.8,
148450,2021,0.1,1.52,1.98,1.95,1.02,2.86,4.88,
120475,2021,0.78,1.65,2.67,2.1,1.02,3.13,5.93,
150344,2024,5.18,7.09,13.6,11.5,1.02,13.88,31.68,
120364,2021,0.98,1.46,2.4,0.96,1.02,2.0,4.44,
151183,2024,2.61,2.03,4.47,3.63,1.03,4.84,9.58,
120837,2021,1.08,1.05,2.2,0.92,1.03,2.0,4.26,
119714,2024,2.5,2.15,4.48,3.02,1.03,4.26,8.91,
118273,2022,-4.23,-7.08,-10.03,17.67,1.04,17.14,6.48,
152910,2024,,,,,1.04,1.04,1.04,
120782,2024,8.38,4.64,14.47,22.64,1.04,24.39,43.29,
140444,2021,3.99,4.95,9.65,6.78,1.04,7.68,18.09,
134643,2022,-0.01,-4.52,-4.18,5.58,1.04,6.5,1.95,
138875,2021,0.96,1.31,2.22,0.95,1.04,2.03,4.26,
151408,2024,2.53,2.08,4.42,3.61,1.05,4.81,9.46,
122715,2021,0.28,2.02,2.49,2.19,1.05,3.27,5.92,
119783,2021,-1.41,17.53,16.87,1.17,1.05,2.7,20.34,
143614,2022,0.62,0.87,1.52,0.84,1.05,2.0,3.4,
150845,2022,,,,,1.06,1.06,1.06,
151597,2024,2.58,2.02,4.4,3.62,1.06,4.86,9.54,
151185,2023,1.11,3.26,4.5,1.39,1.06,2.17,6.83,
150410,2024,2.77,2.11,4.58,3.58,1.06,4.86,9.68,
149091,2022,-6.09,-6.78,-11.67,12.85,1.07,12.65,0.23,
120154,2021,2.14,4.56,6.97,6.0,1.07,7.03,14.54,
120334,2021,8.38,7.67,18.45,12.84,1.07,13.77,35.03,
132009,2024,12.83,6.88,19.25,1.97,1.07,1.93,21.64,
150920,2024,3.59,2.39,5.7,3.59,1.07,4.84,10.83,
151420,2023,0.83,3.35,4.28,1.46,1.07,2.27,6.62,
147857,2021,0.22,1.49,1.94,2.23,1.07,3.2,5.18,
120735,2021,0.79,1.0,1.88,5.87,1.07,7.03,9.04,
138376,2021,2.58,4.86,8.21,3.61,1.07,4.73,13.55,
131301,2024,2.63,2.12,4.46,3.41,1.08,4.67,9.32,
149158,2021,,,,-2.19,1.08,-1.48,-1.48,
119556,2021,14.74,16.1,35.31,9.18,1.08,10.69,50.98,
152226,2023,,,,,1.09,1.09,1.09,
130314,2021,1.67,1.76,3.68,1.98,1.09,3.17,6.99,
128051,2021,1.29,2.47,4.12,2.12,1.09,3.25,7.53,
130206,2021,1.08,1.44,2.49,0.98,1.09,2.1,4.63,
120348,2021,5.85,9.67,17.94,9.76,1.1,10.72,30.62,
141248,2021,4.32,7.4,13.32,13.31,1.11,14.16,28.94,
152194,2023,,,,,1.11,1.11,1.11,
147727,2022,-4.48,-10.77,-14.62,9.16,1.11,9.28,-7.36,
135341,2021,4.61,9.15,15.16,10.46,1.11,11.13,27.94,
152098,2024,2.54,1.99,4.34,3.59,1.12,4.84,9.41,
152267,2024,2.61,2.07,4.48,3.63,1.12,4.88,9.56,
150671,2024,3.7,2.42,5.87,3.54,1.12,4.89,11.07,
143494,2021,1.28,2.23,3.63,3.65,1.12,4.83,8.66,
118834,2021,10.82,10.87,24.08,11.47,1.13,12.45,39.6,
151045,2021,0.76,1.17,2.08,3.16,1.13,4.29,6.49,
149570,2021,5.72,10.03,17.72,11.83,1.13,12.51,32.33,
150847,2024,2.36,2.21,4.37,3.5,1.14,4.67,9.27,
120586,2021,6.18,6.74,14.76,12.45,1.14,13.28,29.7,
118759,2024,9.0,3.27,13.62,17.32,1.14,18.53,34.88,
119953,2024,3.33,1.86,5.0,3.25,1.15,4.54,9.74,
149298,2021,,,,,1.15,1.15,1.15,
151548,2023,-0.14,0.53,0.6,2.65,1.15,4.11,4.56,
120762,2024,3.12,1.94,4.83,3.35,1.15,4.67,9.69,
149601,2021,5.02,6.66,13.12,11.15,1.15,12.02,26.7,
133488,2021,6.02,1.29,7.55,10.26,1.16,11.58,20.03,
135120,2021,1.81,3.85,6.12,7.24,1.16,8.24,14.73,
150792,2024,2.63,2.11,4.52,3.64,1.17,4.93,9.71,
149291,2021,,,,,1.17,1.17,1.17,
120377,2021,4.03,4.25,8.94,5.11,1.17,6.3,15.76,
135781,2021,9.78,9.74,21.7,11.03,1.17,12.01,36.41,
150587,2022,,,,,1.17,1.17,1.17,
119675,2024,1.86,1.64,3.38,2.43,1.17,3.7,7.23,
120251,2021,11.01,8.19,22.02,15.08,1.17,16.04,41.91,
119953,2022,-0.06,0.09,0.0,2.25,1.18,3.23,3.28,
120731,2022,-3.34,6.64,4.62,10.29,1.18,9.09,14.16,
131061,2024,2.67,2.04,4.41,3.52,1.19,4.9,9.54,
134387,2021,1.9,1.88,3.98,1.85,1.2,3.09,7.2,
150989,2024,3.19,1.63,4.83,3.02,1.2,4.59,9.67,
153109,2024,,,,,1.2,1.2,1.2,
146457,2021,2.01,3.87,6.26,4.42,1.2,5.57,12.22,
147496,2021,1.02,1.85,2.89,3.72,1.2,4.79,7.73,
147446,2021,8.81,8.84,19.38,9.85,1.21,10.9,32.51,
152992,2024,,,,,1.21,1.21,1.21,
118491,2022,-0.11,-3.44,-2.95,2.68,1.22,3.74,0.7,
119341,2024,3.06,2.1,4.93,3.55,1.22,4.93,10.07,
150989,2023,1.09,3.28,4.49,0.78,1.22,2.18,6.85,
147857,2024,2.6,2.11,4.5,2.13,1.22,3.67,8.83,
122715,2024,3.1,1.72,4.79,3.47,1.22,4.8,9.86,
120711,2021,1.13,2.39,3.67,1.75,1.23,3.08,6.87,
152152,2023,,,,,1.23,1.23,1.23,
148637,2022,-8.41,-16.24,-22.63,11.52,1.23,11.43,-13.24,
149865,2023,1.23,3.06,4.41,1.39,1.23,2.33,7.01,
152996,2024,,,,,1.23,1.23,1.23,
120079,2024,6.27,11.51,20.15,8.86,1.24,10.77,34.26,
149029,2024,3.55,1.77,4.87,3.36,1.24,4.78,9.91,
119549,2021,7.65,7.44,16.84,11.91,1.24,13.15,31.76,
148479,2024,2.02,1.6,3.65,2.62,1.24,3.95,7.8,
150631,2022,,,,,1.26,1.26,1.26,
133868,2024,2.53,1.06,3.69,1.3,1.27,2.72,6.31,
138456,2024,5.06,8.12,13.59,4.84,1.27,7.6,21.78,
133801,2021,22.03,10.35,35.87,16.36,1.27,17.19,58.59,
151329,2024,3.1,2.11,5.12,3.55,1.28,4.88,10.22,
120743,2024,3.67,2.19,5.61,3.49,1.29,4.95,10.86,
152851,2024,,,,0.24,1.29,1.66,1.66,
118498,2024,1.66,1.73,3.41,2.96,1.3,4.39,7.99,
133868,2023,1.09,1.53,2.7,1.45,1.3,2.83,5.65,
148666,2021,1.28,8.77,11.54,7.13,1.3,8.63,21.56,
145693,2021,4.06,4.86,9.65,5.22,1.3,6.42,16.73,
151087,2022,0.17,0.32,0.5,1.4,1.31,2.75,3.28,
149243,2022,1.18,-2.31,-1.15,1.38,1.31,2.9,1.72,
151427,2023,1.01,3.06,4.17,1.35,1.32,2.41,6.81,
133868,2022,137.1,0.18,137.59,1.16,1.33,2.54,143.77,
120079,2021,5.58,8.57,15.91,14.05,1.33,15.25,33.5,
138875,2022,0.82,1.1,1.98,1.04,1.33,2.53,4.43,
151577,2024,1.8,1.86,3.66,2.47,1.34,3.87,7.64,
119741,2024,2.91,1.73,4.72,1.7,1.34,3.07,8.01,
150871,2023,1.23,3.11,4.44,1.35,1.34,2.45,7.14,
118747,2024,2.73,1.92,4.59,3.05,1.34,4.59,9.47,
151273,2024,2.07,1.93,3.9,3.05,1.35,4.5,8.61,
151495,2024,2.05,1.93,3.88,2.98,1.35,4.42,8.55,
150706,2024,2.04,1.99,3.93,2.97,1.35,4.42,8.55,
119239,2022,0.44,-0.45,-0.05,0.82,1.35,2.22,2.21,
143163,2021,2.72,6.67,10.59,9.53,1.35,10.89,22.6,
124234,2022,0.81,0.65,1.51,1.11,1.35,2.52,4.08,
118924,2024,2.04,1.61,3.73,2.65,1.35,4.1,8.0,
120447,2022,0.49,-0.58,-0.26,1.94,1.36,3.19,2.99,
150778,2024,2.05,2.01,3.96,2.98,1.36,4.44,8.61,
149717,2021,2.01,4.27,6.79,4.06,1.36,5.44,12.59,
118401,2024,2.14,1.7,3.79,2.86,1.36,4.39,8.37,
120482,2022,0.94,1.0,2.0,1.16,1.36,2.63,4.56,
118486,2021,1.31,2.52,3.84,3.63,1.37,4.92,8.91,
112039,2021,6.49,8.05,16.13,10.3,1.37,11.46,30.15,
151574,2024,2.1,1.82,4.07,2.96,1.37,4.38,8.7,
151228,2024,2.38,1.88,4.23,2.78,1.38,4.22,8.63,
151390,2024,2.37,1.89,4.28,2.96,1.38,4.51,9.06,
120084,2022,0.36,0.34,0.72,1.43,1.38,2.77,3.6,
128006,2024,3.05,1.75,4.88,3.32,1.38,4.81,9.99,
119081,2024,2.32,1.84,4.16,2.85,1.38,4.36,8.76,
149011,2024,2.31,1.9,4.15,2.73,1.38,4.22,8.58,
151320,2024,1.98,1.66,3.62,2.7,1.39,4.17,7.97,
118747,2023,1.25,2.76,4.17,1.24,1.39,2.67,6.88,
150729,2024,2.14,1.85,4.14,2.96,1.39,4.4,8.79,
147450,2022,0.8,0.93,1.76,1.25,1.4,2.69,4.52,
148658,2021,0.59,5.35,6.49,5.54,1.4,6.93,13.86,
153039,2024,,,,,1.4,1.4,1.4,
150711,2024,2.06,2.16,4.32,2.41,1.4,3.89,8.45,
119621,2024,2.01,1.63,3.68,2.74,1.41,4.28,8.18,
150888,2024,2.02,2.15,4.26,2.42,1.41,3.91,8.4,
151407,2024,1.84,1.86,3.7,2.55,1.41,4.02,7.88,
151373,2024,1.94,2.06,4.05,2.43,1.41,3.92,8.17,
151440,2024,1.85,1.91,3.74,2.66,1.41,4.14,8.08,
118931,2022,0.88,1.12,2.04,1.09,1.41,2.65,4.62,
129052,2022,0.88,1.12,2.04,1.09,1.41,2.65,4.62,
150807,2024,1.97,1.88,3.92,2.77,1.42,4.25,8.41,
148792,2024,1.88,1.95,3.83,2.58,1.42,4.06,8.03,
149970,2024,1.94,1.94,3.92,2.64,1.42,4.12,8.2,
149401,2024,2.62,1.86,4.47,3.41,1.42,4.88,9.32,
149999,2024,2.06,2.13,4.29,2.4,1.42,3.91,8.49,
148755,2023,1.35,2.1,3.52,1.3,1.43,2.83,6.49,
151435,2024,1.89,2.0,3.94,2.39,1.43,3.89,8.08,
152659,2024,,0.59,0.59,2.39,1.43,3.89,4.53,
118780,2021,1.89,1.77,3.82,8.37,1.43,9.93,14.18,
149966,2024,1.94,1.91,3.91,2.66,1.43,4.15,8.25,
147713,2022,0.79,0.98,1.79,1.23,1.43,2.7,4.56,
150906,2024,1.79,1.89,3.68,2.41,1.43,3.92,7.81,
120451,2023,1.22,2.58,3.83,1.23,1.43,2.73,6.63,
119863,2022,0.98,0.44,1.48,1.24,1.43,2.77,4.35,
120762,2022,-0.11,7.71,7.63,1.43,1.43,2.88,10.79,
119960,2021,2.95,2.56,5.91,4.68,1.43,5.99,12.08,
120364,2022,0.92,0.97,1.94,1.19,1.43,2.75,4.75,
151181,2024,1.79,1.88,3.67,2.41,1.44,3.92,7.81,
151300,2024,2.01,1.85,3.94,2.69,1.44,4.18,8.34,
150702,2024,1.95,1.91,3.92,2.66,1.44,4.16,8.26,
151365,2024,1.87,1.96,3.89,2.52,1.44,4.07,8.2,
147570,2022,0.8,0.97,1.79,1.25,1.44,2.74,4.58,
150824,2024,2.02,1.92,4.04,2.68,1.44,4.18,8.44,
150369,2022,,,,0.82,1.44,2.31,2.31,
143612,2022,1.04,0.63,1.74,1.19,1.44,2.72,4.54,
147772,2022,0.83,0.75,1.63,1.21,1.44,2.71,4.41,
148789,2024,1.8,1.92,3.73,2.39,1.45,3.92,7.83,
120030,2021,4.08,5.57,11.16,10.44,1.45,11.51,23.66,
151479,2024,1.8,1.92,3.72,2.39,1.45,3.92,7.82,
146980,2022,0.82,0.99,1.82,1.27,1.45,2.77,4.66,
150562,2022,,,,0.36,1.45,1.85,1.85,
149797,2022,0.67,0.97,1.67,1.26,1.45,2.76,4.49,
147837,2022,0.82,0.98,1.82,1.26,1.45,2.77,4.65,
147883,2022,0.82,0.98,1.82,1.27,1.45,2.77,4.65,
145536,2022,0.82,0.95,1.8,1.27,1.45,2.77,4.65,
147214,2022,0.81,0.98,1.8,1.25,1.45,2.75,4.62,
147564,2022,0.83,0.99,1.84,1.27,1.45,2.78,4.68,
119833,2022,0.82,0.98,1.82,1.26,1.45,2.76,4.64,
141642,2021,2.28,4.22,7.08,8.11,1.45,9.39,17.05,
147531,2022,0.81,0.97,1.82,1.23,1.45,2.73,4.65,
119110,2022,0.81,0.96,1.8,1.26,1.45,2.76,4.62,
147003,2022,0.81,0.99,1.82,1.26,1.45,2.76,4.66,
120315,2022,0.98,0.54,1.57,1.18,1.45,2.71,4.36,
151562,2024,2.03,2.1,4.19,2.44,1.45,3.98,8.39,
134503,2024,2.14,1.72,3.81,2.77,1.45,4.35,8.34,
120279,2023,1.22,2.96,4.27,1.11,1.45,2.4,6.8,
150727,2024,1.9,1.96,3.91,2.36,1.46,3.92,8.07,
151593,2024,1.8,1.89,3.69,2.41,1.46,3.94,7.85,
146191,2022,0.82,0.99,1.83,1.27,1.46,2.78,4.67,
146141,2022,0.82,0.97,1.83,1.27,1.46,2.78,4.67,
120785,2022,0.82,0.99,1.83,1.27,1.46,2.77,4.67,
146062,2022,0.82,0.97,1.83,1.27,1.46,2.78,4.68,
145486,2022,0.82,0.99,1.83,1.27,1.46,2.78,4.67,
147287,2022,0.83,0.97,1.85,1.27,1.46,2.79,4.69,
147515,2022,0.82,0.99,1.84,1.28,1.46,2.79,4.69,
145810,2022,0.84,0.97,1.85,1.27,1.46,2.78,4.69,
131865,2021,3.71,7.59,11.8,5.08,1.46,6.59,19.44,
152515,2024,0.52,2.29,2.57,3.47,1.46,4.98,7.55,
120398,2022,0.83,-0.32,0.51,2.39,1.46,3.87,4.63,
143783,2021,-1.45,19.11,18.17,5.44,1.46,7.37,27.75,
150326,2024,2.08,1.96,4.12,2.43,1.46,3.97,8.3,
151691,2024,2.12,1.83,4.09,2.81,1.46,4.33,8.66,
151487,2024,2.13,1.74,4.03,2.7,1.46,4.21,8.47,
150754,2022,,,,,1.46,1.46,1.46,
143241,2024,2.13,1.58,3.78,2.72,1.47,4.29,8.28,
138330,2022,0.99,0.06,1.1,1.09,1.47,2.61,3.82,
120497,2024,2.16,1.74,3.93,2.71,1.47,4.3,8.45,
151301,2024,1.78,1.87,3.67,2.29,1.47,3.83,7.65,
151570,2024,1.89,1.95,3.88,2.37,1.47,3.94,8.05,
147736,2022,0.83,0.97,1.85,1.27,1.47,2.79,4.7,
146675,2022,0.83,1.0,1.84,1.25,1.47,2.77,4.7,
151420,2024,3.59,2.11,5.68,3.46,1.47,4.88,10.77,
149841,2022,3.76,-3.17,1.0,10.69,1.47,11.35,12.06,
151283,2024,2.02,2.06,4.12,2.31,1.47,3.89,8.24,
152958,2024,,,,,1.47,1.47,1.47,
134643,2021,2.58,4.23,7.36,4.24,1.47,5.69,13.37,
118474,2022,0.99,1.07,2.09,1.14,1.47,2.74,4.79,
120619,2024,2.46,1.92,4.15,3.08,1.47,4.68,9.05,
130206,2022,1.09,1.12,2.25,1.15,1.47,2.76,5.08,
147951,2022,0.86,1.01,1.89,1.29,1.48,2.82,4.78,
143269,2022,0.85,0.91,1.79,1.22,1.48,2.75,4.6,
151905,2024,6.25,14.66,23.67,11.2,1.48,13.46,42.9,
150169,2022,1.16,0.18,1.38,1.44,1.48,2.99,4.46,
118317,2022,0.89,0.69,1.64,1.18,1.48,2.76,4.47,
150725,2024,2.14,1.69,3.99,2.64,1.48,4.17,8.38,
118987,2023,1.39,2.28,3.68,1.82,1.49,3.38,7.22,
119621,2022,1.03,-0.07,1.01,1.2,1.49,2.79,3.88,
150733,2024,2.17,2.0,4.09,3.08,1.49,4.68,9.01,
147606,2022,0.84,0.98,1.84,1.28,1.49,2.81,4.71,
146963,2022,0.82,0.98,1.82,1.26,1.49,2.79,4.67,
147196,2022,0.82,0.99,1.83,1.27,1.49,2.8,4.69,
145834,2022,0.83,0.92,1.78,1.15,1.49,2.69,4.56,
152264,2023,,,,,1.49,1.49,1.49,
118759,2021,-1.63,21.16,20.37,0.53,1.49,2.76,24.21,
119379,2023,1.51,1.64,3.23,1.49,1.49,3.08,6.46,
143783,2024,9.66,3.91,15.03,19.81,1.49,21.69,40.78,
149794,2024,2.01,2.05,4.11,2.29,1.49,3.9,8.2,
149210,2024,2.09,1.9,4.07,2.41,1.49,3.95,8.28,
149873,2024,2.05,2.08,4.23,2.34,1.49,3.96,8.46,
118477,2021,2.46,3.17,6.06,3.54,1.49,4.88,11.28,
151239,2024,2.05,2.09,4.23,2.33,1.49,3.95,8.46,
120279,2024,3.2,1.99,5.12,3.44,1.49,4.95,10.3,
126685,2024,2.04,1.77,3.89,2.51,1.5,4.07,8.14,
150237,2022,0.64,-1.7,-1.06,1.33,1.5,2.89,1.91,
150996,2024,2.21,1.63,3.92,2.69,1.5,4.28,8.39,
150845,2024,1.79,1.83,3.64,2.24,1.5,3.8,7.63,
119741,2022,1.45,-2.68,-1.2,1.5,1.5,3.02,1.88,
147157,2022,0.84,1.02,1.88,1.26,1.5,2.82,4.76,
139781,2021,10.28,11.4,24.05,12.3,1.5,13.54,41.07,
120735,2022,1.03,0.58,1.69,1.21,1.5,2.8,4.58,
118840,2022,0.95,0.51,1.51,1.37,1.5,2.95,4.56,
144173,2022,0.97,0.64,1.67,1.21,1.5,2.8,4.56,
149855,2024,2.02,2.07,4.17,2.31,1.5,3.94,8.38,
151218,2024,1.98,1.93,3.96,2.21,1.5,3.8,7.96,
150358,2024,2.04,2.09,4.23,2.36,1.5,3.98,8.49,
151456,2024,2.0,1.96,4.01,2.23,1.5,3.84,8.06,
124234,2023,1.23,1.55,2.85,1.67,1.5,3.26,6.26,
149669,2022,-3.17,-11.23,-13.02,12.6,1.51,13.17,-1.57,
138330,2024,2.11,1.66,3.81,2.67,1.51,4.31,8.32,
150868,2024,1.98,2.02,4.05,2.23,1.51,3.85,8.09,
130722,2024,2.11,1.91,4.0,2.53,1.51,4.18,8.41,
120590,2022,-0.14,-0.98,-1.23,3.59,1.51,5.0,4.15,
120590,2024,2.36,1.97,4.09,2.8,1.51,4.42,8.71,
147372,2021,8.68,7.84,18.41,8.95,1.51,10.34,30.99,
103734,2022,0.85,0.94,1.81,1.23,1.51,2.78,4.66,
119379,2022,0.92,0.64,1.61,1.23,1.51,2.84,4.52,
150854,2024,2.0,2.0,4.04,2.21,1.51,3.82,8.08,
151211,2024,2.0,1.96,4.0,2.19,1.51,3.81,8.01,
118565,2021,3.59,2.79,6.67,6.24,1.51,7.86,15.08,
151060,2021,4.0,5.11,9.99,4.56,1.51,6.13,16.78,
149076,2024,1.75,1.66,3.4,2.47,1.51,4.05,7.63,
150545,2022,,,,0.07,1.51,1.61,1.61,
118320,2024,1.94,1.7,3.67,2.32,1.51,3.95,7.82,
120702,2022,-0.22,-0.29,-0.57,2.66,1.52,4.18,3.86,
120513,2022,1.1,0.47,1.61,1.39,1.52,3.0,4.7,
120570,2022,0.97,0.45,1.47,1.14,1.52,2.75,4.3,
120746,2022,1.0,0.7,1.78,1.26,1.52,2.89,4.75,
119828,2022,1.01,0.61,1.67,1.23,1.52,2.85,4.6,
133791,2024,2.18,1.81,4.01,2.71,1.53,4.37,8.61,
150237,2024,2.35,1.64,4.03,2.82,1.53,4.42,8.68,
135916,2022,1.04,-1.01,0.04,1.17,1.53,2.78,2.92,
128051,2024,2.44,1.62,4.13,2.76,1.53,4.37,8.76,
119135,2022,0.8,0.93,1.76,1.24,1.53,2.83,4.65,
131898,2022,0.41,-0.06,0.36,1.41,1.53,3.02,3.45,
118942,2022,1.06,0.27,1.38,1.69,1.53,3.28,4.74,
133925,2022,1.02,0.49,1.56,1.19,1.53,2.82,4.46,
120398,2023,1.61,2.0,3.66,1.99,1.53,3.62,7.48,
120541,2022,1.0,0.71,1.78,1.24,1.53,2.87,4.73,
148913,2022,0.91,0.73,1.69,1.25,1.53,2.86,4.63,
147311,2022,0.85,0.81,1.71,1.16,1.53,2.78,4.56,
150788,2022,,,,,1.53,1.53,1.53,
151146,2024,2.45,2.05,4.46,2.67,1.53,4.33,8.99,
124234,2024,1.6,1.5,3.2,1.63,1.53,3.21,6.57,
118407,2024,1.98,1.85,3.86,2.61,1.53,4.27,8.32,
144339,2024,2.11,1.69,3.82,2.53,1.54,4.18,8.2,
120692,2022,0.7,0.08,0.69,2.21,1.54,3.8,4.73,
150996,2023,1.53,2.31,3.87,1.21,1.54,2.84,6.83,
150698,2024,1.75,1.82,3.6,2.1,1.54,3.69,7.41,
150671,2023,1.06,3.18,4.36,1.08,1.54,2.54,7.06,
149240,2024,1.37,1.18,3.02,2.64,1.54,4.43,7.68,
151014,2022,-0.27,0.05,-0.24,1.73,1.54,3.31,3.14,
145971,2022,0.77,0.89,1.69,1.2,1.54,2.79,4.54,
120837,2022,1.0,1.0,2.04,1.28,1.54,2.86,4.98,
119164,2022,1.04,1.05,2.14,1.31,1.54,2.9,5.12,
119750,2022,1.04,0.79,1.88,1.26,1.54,2.9,4.86,
119501,2022,1.11,0.73,1.89,1.26,1.54,2.9,4.89,
150688,2022,,,,,1.54,1.54,1.54,
150545,2024,1.81,1.75,3.6,2.41,1.54,4.03,7.82,
151067,2024,1.88,1.75,3.67,2.5,1.54,4.15,7.99,
119533,2024,2.26,1.9,4.16,2.68,1.55,4.37,8.73,
150692,2024,1.76,1.83,3.61,2.12,1.55,3.72,7.47,
132989,2021,3.85,10.97,15.81,6.45,1.55,9.05,26.51,
150746,2024,1.73,1.81,3.57,2.1,1.55,3.69,7.4,
125345,2022,0.84,0.95,1.82,1.25,1.55,2.85,4.74,
119723,2021,6.39,10.34,18.56,9.48,1.55,10.89,31.05,
122715,2022,1.61,-1.18,0.51,1.5,1.55,3.1,3.79,
118291,2022,0.95,0.47,1.48,1.14,1.55,2.77,4.32,
146075,2022,1.05,0.78,1.88,1.27,1.55,2.93,4.89,
145034,2022,0.99,0.72,1.78,1.26,1.55,2.91,4.76,
148529,2022,0.98,0.84,1.88,1.22,1.55,2.86,4.82,
150663,2024,1.87,1.8,3.8,1.98,1.55,3.57,7.55,
149587,2024,2.05,1.79,3.85,2.76,1.55,4.42,8.48,
149539,2022,0.97,0.84,1.88,1.3,1.55,2.95,4.91,
143241,2022,0.99,-0.91,0.13,0.94,1.56,2.52,2.73,
152380,2024,1.58,10.77,14.35,5.09,1.56,6.94,22.92,
151045,2023,1.66,1.84,3.6,1.86,1.56,3.51,7.29,
147713,2024,1.6,1.53,3.19,1.56,1.56,3.16,6.47,
138299,2022,0.89,1.01,1.91,1.29,1.56,2.9,4.89,
120197,2022,0.87,0.96,1.85,1.26,1.56,2.87,4.82,
148841,2022,0.86,0.98,1.88,1.3,1.56,2.92,4.87,
120406,2022,0.88,1.01,1.91,1.29,1.56,2.9,4.89,
151427,2024,3.27,1.96,5.15,3.26,1.56,4.8,10.18,
151185,2024,3.59,2.12,5.69,3.46,1.56,4.95,10.88,
138358,2022,1.01,0.81,1.88,1.28,1.56,2.92,4.88,
149247,2024,2.06,1.81,3.95,2.28,1.56,3.95,8.14,
130050,2023,2.07,2.1,4.25,1.3,1.56,2.91,7.33,
147772,2023,1.31,1.52,2.9,1.43,1.56,3.08,6.13,
119205,2022,1.0,0.75,1.82,1.23,1.56,2.89,4.79,
151067,2022,0.93,-0.68,0.26,1.23,1.56,2.86,3.16,
120689,2023,1.29,2.49,3.83,0.9,1.56,2.37,6.3,
150237,2023,1.61,2.5,4.19,1.35,1.57,3.0,7.31,
150631,2024,1.61,1.56,3.23,1.55,1.57,3.16,6.51,
120304,2022,0.88,1.0,1.9,1.29,1.57,2.92,4.89,
119861,2022,0.89,0.99,1.89,1.26,1.57,2.88,4.85,
119091,2022,0.87,0.99,1.88,1.27,1.57,2.89,4.84,
119766,2022,0.87,0.97,1.88,1.26,1.57,2.88,4.83,
118364,2022,0.87,1.01,1.9,1.27,1.57,2.9,4.87,
119125,2022,0.88,1.0,1.9,1.29,1.57,2.91,4.88,
120537,2022,0.87,1.0,1.89,1.28,1.57,2.9,4.86,
120249,2022,0.87,0.99,1.88,1.27,1.57,2.89,4.84,
119800,2022,0.86,0.98,1.86,1.27,1.57,2.9,4.83,
140769,2024,2.01,1.78,3.87,2.26,1.57,3.93,8.05,
118410,2024,1.92,1.78,3.75,2.59,1.57,4.28,8.21,
148726,2021,3.06,11.35,16.53,12.09,1.57,13.93,32.51,
118942,2023,1.55,1.99,3.66,1.93,1.57,3.59,7.43,
133810,2023,1.63,1.93,3.64,1.76,1.57,3.45,7.27,
118371,2022,0.97,0.32,1.33,1.18,1.57,2.84,4.26,
120676,2022,1.04,0.82,1.92,1.31,1.57,2.98,5.01,
147731,2022,0.95,0.72,1.73,1.27,1.57,2.94,4.76,
150353,2024,1.95,1.88,3.91,2.19,1.57,3.86,7.97,
123704,2024,1.82,1.78,3.66,2.49,1.57,4.15,8.02,
120560,2024,2.0,1.75,3.76,2.51,1.57,4.18,8.16,
118987,2024,2.26,1.83,4.19,2.66,1.58,4.35,8.77,
149882,2022,1.12,-8.22,-6.85,12.57,1.58,13.3,5.86,
135916,2024,1.75,1.75,3.51,2.58,1.58,4.28,7.94,
146215,2024,2.08,1.76,3.87,2.59,1.58,4.31,8.35,
148454,2023,-1.0,5.83,5.04,7.19,1.58,8.76,14.12,
147750,2022,-8.06,-8.64,-15.29,13.66,1.58,14.39,-2.97,
150562,2024,1.63,1.59,3.29,1.59,1.58,3.21,6.62,
120038,2022,0.88,0.99,1.91,1.28,1.58,2.92,4.9,
118859,2022,0.87,1.0,1.91,1.28,1.58,2.91,4.89,
118577,2022,0.88,0.99,1.89,1.29,1.58,2.92,4.88,
118701,2022,0.89,0.96,1.89,1.28,1.58,2.92,4.88,
133810,2022,1.04,0.21,1.28,1.63,1.58,3.28,4.65,
118317,2023,1.46,1.72,3.27,1.57,1.58,3.25,6.69,
147908,2022,0.99,0.69,1.73,1.28,1.58,2.96,4.77,
119739,2024,2.14,1.82,3.99,2.6,1.58,4.31,8.52,
144754,2022,1.09,0.79,1.94,1.32,1.58,3.0,5.03,
119949,2024,2.09,1.81,3.94,2.44,1.58,4.13,8.24,
120560,2022,1.04,-0.52,0.56,1.12,1.58,2.76,3.39,
149361,2024,2.27,1.95,4.23,2.64,1.59,4.36,8.78,
126685,2023,1.28,1.87,3.24,1.38,1.59,3.01,6.39,
144339,2022,0.94,-0.31,0.69,1.26,1.59,2.91,3.69,
118814,2024,2.3,1.77,4.11,2.73,1.59,4.43,8.78,
147450,2024,1.63,1.62,3.29,1.61,1.59,3.25,6.66,
120389,2022,0.88,1.01,1.91,1.26,1.59,2.9,4.91,
119303,2022,0.88,1.01,1.91,1.26,1.59,2.91,4.91,
147531,2024,1.62,1.59,3.26,1.58,1.59,3.21,6.59,
119568,2022,0.89,1.0,1.91,1.29,1.59,2.93,4.91,
118305,2022,0.85,0.98,1.87,1.26,1.59,2.9,4.86,
139538,2022,0.88,1.03,1.93,1.3,1.59,2.94,4.95,
140196,2022,0.86,0.96,1.85,1.3,1.59,2.95,4.87,
147857,2023,1.44,2.69,4.19,1.18,1.59,2.65,6.92,
140613,2022,0.97,0.47,1.49,1.25,1.59,2.93,4.5,
148446,2023,1.22,2.02,3.47,1.52,1.59,3.09,6.76,
149753,2023,1.42,1.9,3.42,1.51,1.59,3.19,6.79,
119750,2023,1.59,1.81,3.48,1.68,1.59,3.38,7.05,
149243,2023,2.33,1.64,3.85,1.34,1.59,3.05,7.01,
119824,2024,2.22,1.91,4.11,2.66,1.59,4.39,8.68,
149474,2024,1.98,1.8,3.85,2.12,1.59,3.81,7.83,
151364,2024,1.94,1.82,3.82,2.1,1.59,3.78,7.8,
145954,2022,0.86,-0.54,0.34,1.07,1.59,2.69,3.08,
143508,2022,1.05,0.66,1.77,1.44,1.59,3.14,5.0,
118726,2021,2.21,2.8,5.24,3.51,1.6,5.15,10.68,
146215,2023,1.33,2.11,3.47,1.55,1.6,3.21,6.82,
150871,2024,3.25,1.97,5.15,3.32,1.6,4.89,10.27,
152152,2024,1.63,1.58,3.28,1.58,1.6,3.22,6.63,
147837,2024,1.63,1.61,3.28,1.58,1.6,3.23,6.64,
147570,2024,1.63,1.58,3.27,1.59,1.6,3.23,6.63,
119110,2024,1.63,1.59,3.29,1.59,1.6,3.23,6.64,
147003,2024,1.65,1.61,3.33,1.61,1.6,3.26,6.71,
150369,2024,1.63,1.58,3.27,1.58,1.6,3.22,6.62,
119369,2022,0.89,1.02,1.93,1.29,1.6,2.95,4.95,
119863,2023,1.56,1.83,3.49,1.62,1.6,3.32,6.99,
119523,2022,1.23,0.61,1.85,1.48,1.6,3.18,5.12,
120570,2023,1.42,1.87,3.39,1.65,1.6,3.35,6.92,
118709,2022,1.16,0.5,1.71,1.29,1.6,2.98,4.8,
149199,2024,1.94,1.84,3.86,2.11,1.6,3.8,7.84,
142641,2022,0.97,-0.22,0.79,1.36,1.6,3.01,3.89,
143614,2023,1.26,1.63,2.95,1.87,1.6,3.53,6.6,
151320,2023,1.17,2.02,3.28,1.44,1.61,3.12,6.57,
135916,2023,1.38,1.88,3.37,1.61,1.61,3.33,6.87,
138330,2023,1.36,2.22,3.62,1.41,1.61,3.12,6.88,
118273,2021,7.4,6.28,15.25,11.74,1.61,13.21,30.88,
147736,2024,1.65,1.61,3.33,1.61,1.61,3.27,6.72,
147606,2024,1.63,1.63,3.31,1.61,1.61,3.26,6.7,
146191,2024,1.64,1.61,3.31,1.61,1.61,3.26,6.71,
146141,2024,1.58,1.62,3.31,1.61,1.61,3.27,6.7,
120785,2024,1.64,1.61,3.31,1.61,1.61,3.26,6.7,
146062,2024,1.64,1.6,3.31,1.61,1.61,3.27,6.7,
145486,2024,1.64,1.6,3.31,1.61,1.61,3.27,6.71,
147883,2024,1.63,1.6,3.31,1.61,1.61,3.27,6.71,
147713,2023,1.32,1.52,2.9,1.55,1.61,3.24,6.27,
147287,2024,1.65,1.62,3.32,1.61,1.61,3.27,6.71,
145536,2024,1.62,1.62,3.3,1.6,1.61,3.25,6.68,
147214,2024,1.63,1.59,3.28,1.59,1.61,3.24,6.64,
147564,2024,1.64,1.6,3.31,1.61,1.61,3.26,6.7,
147515,2024,1.64,1.6,3.3,1.61,1.61,3.26,6.7,
119833,2024,1.63,1.6,3.29,1.6,1.61,3.25,6.66,
146963,2024,1.64,1.62,3.31,1.61,1.61,3.26,6.69,
151849,2024,1.64,1.6,3.31,1.61,1.61,3.27,6.7,
149664,2022,0.89,1.01,1.93,1.3,1.61,2.95,4.95,
145810,2024,1.65,1.61,3.32,1.61,1.61,3.27,6.72,
147196,2024,1.64,1.62,3.31,1.61,1.61,3.27,6.7,
118410,2022,0.95,-0.38,0.59,1.16,1.61,2.82,3.5,
120735,2023,1.51,1.88,3.48,1.61,1.61,3.32,6.98,
133925,2023,1.52,1.91,3.52,1.62,1.61,3.32,7.02,
143612,2023,1.43,1.77,3.31,1.6,1.61,3.31,6.79,
118291,2023,1.45,1.9,3.44,1.71,1.61,3.42,7.03,
120315,2023,1.59,1.8,3.48,1.6,1.61,3.31,6.97,
119812,2022,1.0,0.47,1.51,1.26,1.61,2.96,4.55,
151117,2022,1.04,0.52,1.6,1.19,1.61,2.89,4.58,
147311,2023,1.49,1.72,3.31,1.61,1.61,3.33,6.81,
150012,2024,2.02,1.76,3.86,2.18,1.61,3.9,8.0,
143494,2022,1.19,0.93,2.17,1.4,1.61,3.1,5.37,
133791,2022,1.03,-0.28,0.78,1.49,1.62,3.15,4.02,
141588,2024,2.2,1.79,4.02,2.65,1.62,4.4,8.65,
144646,2023,1.06,2.06,3.23,1.41,1.62,3.1,6.45,
151045,2024,1.87,1.86,3.76,2.32,1.62,4.04,7.96,
120764,2023,1.31,2.01,3.44,1.67,1.62,3.38,6.99,
146980,2024,1.65,1.6,3.32,1.62,1.62,3.28,6.72,
146675,2024,1.65,1.61,3.32,1.61,1.62,3.28,6.73,
149029,2022,0.69,0.93,1.67,1.41,1.62,3.11,4.88,
120702,2024,2.05,1.9,3.91,2.43,1.62,4.15,8.26,
149526,2022,1.0,0.69,1.76,1.26,1.62,2.97,4.82,
144173,2023,1.57,1.78,3.44,1.63,1.62,3.36,6.99,
119400,2022,1.09,-0.83,0.28,1.53,1.62,3.21,3.63,
150754,2024,1.99,1.73,3.8,2.11,1.62,3.82,7.83,
145954,2024,2.11,1.77,3.94,2.57,1.62,4.29,8.46,
118320,2022,0.9,-0.28,0.63,1.1,1.62,2.77,3.47,
120401,2022,1.23,1.5,2.75,1.34,1.62,3.13,5.84,
147622,2021,12.87,11.41,27.71,12.01,1.63,13.94,45.24,
126685,2022,0.97,-0.35,0.65,1.14,1.63,2.8,3.55,
151142,2021,11.59,6.7,20.64,10.81,1.63,12.19,35.37,
120692,2023,1.54,2.14,3.75,1.93,1.63,3.64,7.57,
151875,2023,,,,1.24,1.63,2.95,2.95,
147951,2024,1.66,1.62,3.35,1.63,1.63,3.31,6.79,
131355,2022,-2.84,-7.09,-9.41,8.05,1.63,9.03,-1.13,
119415,2022,0.9,1.03,1.95,1.29,1.63,2.95,4.98,
118540,2021,10.07,10.23,23.06,9.71,1.63,11.5,37.12,
120762,2023,1.44,2.0,3.52,1.5,1.63,3.09,6.71,
118840,2023,1.48,1.83,3.39,1.67,1.63,3.4,6.97,
120513,2023,1.57,1.9,3.57,1.66,1.63,3.39,7.14,
118709,2023,1.51,1.93,3.53,1.67,1.63,3.41,7.12,
145034,2023,1.55,1.82,3.46,1.67,1.63,3.4,7.04,
120541,2023,1.53,1.81,3.44,1.69,1.63,3.44,7.07,
150938,2024,1.89,1.79,3.75,2.02,1.63,3.73,7.63,
152742,2024,,,,2.6,1.63,4.2,4.2,
149950,2023,1.46,1.82,3.38,1.45,1.63,3.17,6.73,
120718,2024,2.34,1.6,4.01,2.48,1.63,4.2,8.38,
142641,2023,1.46,2.02,3.55,1.5,1.63,3.2,6.9,
142641,2024,2.13,1.81,3.97,2.5,1.63,4.24,8.45,
119226,2022,0.98,-0.3,0.72,1.11,1.63,2.77,3.59,
118569,2022,0.95,-0.28,0.72,1.19,1.64,2.87,3.7,
133488,2022,1.54,-0.16,1.44,2.12,1.64,3.83,5.39,
149797,2024,1.62,1.62,3.29,1.6,1.64,3.28,6.69,
145834,2024,1.77,1.65,3.51,1.68,1.64,3.37,7.03,
150822,2023,1.48,1.97,3.56,1.98,1.64,3.74,7.47,
150357,2023,1.44,1.8,3.33,1.49,1.64,3.23,6.75,
150357,2024,1.88,1.71,3.72,1.83,1.64,3.53,7.42,
119501,2023,1.56,1.81,3.46,1.73,1.64,3.48,7.13,
147908,2023,1.69,1.79,3.58,1.66,1.64,3.41,7.18,
147731,2023,1.56,1.8,3.45,1.68,1.64,3.44,7.07,
144394,2022,-4.08,-10.95,-13.85,8.9,1.64,10.07,-4.91,
119400,2024,2.06,1.75,3.85,2.58,1.64,4.28,8.35,
130050,2022,0.76,-1.02,-0.25,1.11,1.64,2.75,2.55,
119828,2023,1.5,1.79,3.38,1.64,1.64,3.39,6.96,
143508,2023,1.76,1.8,3.66,1.72,1.64,3.47,7.33,
149361,2023,1.45,2.1,3.65,1.55,1.65,3.26,7.07,
118498,2023,1.14,1.55,2.77,1.06,1.65,2.78,5.64,
150631,2023,1.34,1.6,2.99,1.57,1.65,3.3,6.43,
147837,2023,1.35,1.58,2.99,1.59,1.65,3.32,6.45,
119833,2023,1.36,1.6,3.0,1.58,1.65,3.32,6.45,
147531,2023,1.35,1.55,2.95,1.59,1.65,3.33,6.42,
119110,2023,1.35,1.58,2.99,1.58,1.65,3.31,6.44,
150369,2023,1.34,1.58,2.98,1.58,1.65,3.31,6.43,
143269,2023,1.33,1.62,3.01,1.6,1.65,3.33,6.48,
119164,2023,1.57,1.66,3.29,1.59,1.65,3.35,6.8,
140769,2023,1.37,1.84,3.39,1.28,1.65,3.0,6.49,
118371,2023,1.52,1.83,3.43,1.57,1.65,3.31,6.94,
140613,2023,1.54,1.85,3.5,1.8,1.65,3.55,7.24,
149526,2023,1.76,1.83,3.69,1.64,1.65,3.4,7.29,
119812,2023,1.54,1.86,3.5,1.65,1.65,3.41,7.1,
151117,2023,1.68,1.87,3.67,1.85,1.65,3.6,7.47,
150788,2024,1.93,1.74,3.75,2.01,1.65,3.75,7.72,
149950,2024,1.88,1.69,3.69,1.9,1.65,3.63,7.56,
120718,2022,1.0,-0.08,0.99,1.54,1.65,3.27,4.39,
150012,2023,1.38,1.9,3.41,1.34,1.65,3.07,6.59,
119816,2024,2.02,1.8,3.84,2.45,1.65,4.21,8.22,
119949,2022,0.98,-0.15,0.86,1.11,1.65,2.78,3.73,
118320,2023,1.3,1.87,3.26,1.42,1.65,3.14,6.55,
118569,2023,1.39,1.89,3.37,1.52,1.66,3.28,6.81,
143241,2023,1.28,1.83,3.18,1.41,1.66,3.13,6.45,
120497,2022,0.98,-0.78,0.23,1.17,1.66,2.89,3.22,
140603,2024,2.09,1.97,4.08,2.34,1.66,4.12,8.39,
119798,2022,1.2,0.07,1.33,1.62,1.66,3.39,4.86,
120792,2023,1.35,2.08,3.53,1.36,1.66,2.92,6.58,
149797,2023,1.37,1.59,3.02,1.59,1.66,3.33,6.49,
147450,2023,1.27,1.44,2.74,1.57,1.66,3.32,6.19,
145536,2023,1.54,1.59,3.2,1.59,1.66,3.33,6.67,
147564,2023,1.37,1.58,3.01,1.61,1.66,3.34,6.49,
151849,2023,,,,1.51,1.66,3.26,3.26,
147003,2023,1.36,1.6,3.0,1.61,1.66,3.33,6.47,
143269,2024,1.74,1.67,3.48,1.69,1.66,3.4,7.03,
145834,2023,1.36,1.6,3.01,1.58,1.66,3.33,6.48,
120435,2022,0.79,0.47,1.27,1.12,1.66,2.8,4.18,
150169,2023,1.77,1.82,3.69,1.78,1.66,3.55,7.43,
120746,2023,1.54,1.79,3.42,1.68,1.66,3.45,7.05,
149753,2022,0.97,-1.85,-0.93,1.31,1.66,3.01,2.09,
120676,2023,1.58,1.84,3.52,1.67,1.66,3.44,7.14,
138358,2023,1.52,1.76,3.37,1.64,1.66,3.41,6.97,
119016,2024,2.1,1.84,3.99,2.5,1.66,4.27,8.48,
119498,2022,1.2,0.02,1.2,1.87,1.66,3.59,4.91,
146457,2022,-1.44,-4.78,-5.88,4.35,1.66,5.83,-0.36,
150754,2023,1.42,1.83,3.35,1.39,1.66,3.12,6.62,
149539,2023,1.76,1.78,3.64,1.67,1.66,3.45,7.29,
148729,2024,1.99,1.89,3.92,2.59,1.66,4.36,8.5,
120482,2023,1.57,1.7,3.34,1.99,1.66,3.69,7.15,
120711,2024,2.42,1.83,4.27,2.8,1.67,4.55,9.09,
147736,2023,1.37,1.59,3.02,1.59,1.67,3.35,6.51,
146980,2023,1.36,1.58,3.0,1.6,1.67,3.35,6.5,
146191,2023,1.36,1.58,3.0,1.59,1.67,3.34,6.49,
146141,2023,1.37,1.58,3.0,1.59,1.67,3.34,6.5,
150562,2023,1.36,1.58,3.0,1.59,1.67,3.34,6.48,
120785,2023,1.36,1.58,3.0,1.61,1.67,3.34,6.48,
146062,2023,1.36,1.59,3.02,1.59,1.67,3.35,6.51,
151329,2023,1.52,3.0,4.63,1.2,1.67,2.7,7.47,
147883,2023,1.35,1.58,2.99,1.59,1.67,3.35,6.48,
147214,2023,1.34,1.57,2.96,1.58,1.67,3.32,6.42,
147570,2023,1.35,1.57,2.98,1.59,1.67,3.34,6.46,
147515,2023,1.36,1.6,3.0,1.59,1.67,3.33,6.48,
146675,2023,1.37,1.6,3.03,1.62,1.67,3.35,6.52,
145810,2023,1.37,1.59,3.03,1.59,1.67,3.34,6.51,
103734,2024,1.75,1.68,3.53,1.7,1.67,3.42,7.09,
152870,2024,,,,0.0,1.67,1.61,1.61,
143704,2023,1.41,2.84,4.35,0.53,1.67,2.1,6.63,
150788,2023,1.43,1.85,3.36,1.44,1.67,3.19,6.71,
148721,2021,3.51,7.43,12.46,13.36,1.67,14.97,29.09,
148795,2023,1.45,1.84,3.36,1.43,1.67,3.18,6.72,
148795,2024,1.92,1.72,3.73,2.01,1.67,3.75,7.68,
134503,2023,1.17,2.16,3.42,1.41,1.67,3.1,6.67,
149076,2022,1.01,-0.37,0.66,1.24,1.67,2.96,3.69,
149076,2023,1.32,2.01,3.42,1.46,1.67,3.23,6.81,
119226,2024,2.03,1.74,3.81,2.55,1.67,4.31,8.28,
119816,2023,1.39,1.98,3.45,1.57,1.67,3.32,6.93,
120073,2024,3.47,6.29,10.44,3.39,1.68,5.49,16.96,
144646,2024,2.0,1.65,3.73,2.27,1.68,4.03,7.93,
151792,2024,1.9,1.92,3.89,2.34,1.68,4.13,8.23,
128051,2023,1.31,2.07,3.44,1.59,1.68,3.33,6.93,
147606,2023,1.52,1.61,3.18,1.62,1.68,3.35,6.65,
145486,2023,1.37,1.61,3.02,1.59,1.68,3.34,6.5,
147287,2023,1.55,1.59,3.2,1.61,1.68,3.34,6.69,
147951,2023,1.38,1.6,3.04,1.61,1.68,3.38,6.56,
146963,2023,1.54,1.6,3.19,1.62,1.68,3.35,6.67,
151190,2024,1.73,1.69,3.47,1.62,1.68,3.34,6.94,
103734,2023,1.41,1.65,3.12,1.65,1.68,3.39,6.66,
119523,2023,1.57,1.96,3.62,1.72,1.68,3.51,7.31,
146075,2023,1.58,1.8,3.47,1.69,1.68,3.5,7.16,
119239,2023,1.37,3.72,5.24,1.29,1.68,2.94,8.38,
119081,2023,1.31,2.34,3.73,1.53,1.68,3.24,7.12,
120510,2022,1.14,-0.11,1.05,1.47,1.68,3.18,4.35,
119400,2023,1.82,2.18,4.07,1.65,1.68,3.43,7.67,
147492,2021,7.12,9.16,18.6,12.58,1.69,14.17,35.25,
120276,2021,0.38,1.96,2.56,3.92,1.69,5.66,8.24,
120497,2023,1.31,1.98,3.37,1.48,1.69,3.24,6.76,
147196,2023,1.54,1.61,3.2,1.63,1.69,3.36,6.69,
147157,2023,1.39,1.62,3.07,1.62,1.69,3.38,6.59,
149865,2024,3.32,1.92,5.18,3.25,1.69,4.87,10.31,
119164,2024,1.7,1.67,3.39,1.68,1.69,3.44,6.99,
131898,2023,1.47,1.91,3.46,1.52,1.69,3.29,6.91,
149474,2023,1.47,1.84,3.41,1.34,1.69,3.1,6.65,
120700,2021,13.14,12.25,29.25,10.86,1.69,12.42,45.38,
144754,2023,1.6,1.83,3.53,1.69,1.69,3.49,7.21,
143494,2023,1.6,1.86,3.55,1.73,1.69,3.54,7.28,
120364,2023,1.6,1.87,3.55,2.1,1.69,3.87,7.56,
138875,2023,1.49,1.73,3.3,1.96,1.69,3.69,7.13,
141588,2022,1.14,-0.2,0.96,1.56,1.7,3.3,4.36,
144339,2023,1.42,2.01,3.51,1.5,1.7,3.27,6.94,
119621,2023,1.63,1.42,3.14,1.35,1.7,3.14,6.43,
146215,2022,1.03,-0.35,0.72,1.16,1.7,2.91,3.72,
118814,2023,1.34,2.37,3.76,1.47,1.7,3.24,7.15,
151045,2022,0.85,-0.31,0.59,1.56,1.7,3.33,3.99,
151228,2023,1.35,2.27,3.72,1.32,1.7,2.95,6.83,
142388,2024,2.38,11.68,16.85,7.69,1.7,10.12,30.4,
125345,2023,1.43,1.66,3.16,1.64,1.7,3.42,6.73,
125345,2024,1.79,1.7,3.59,1.72,1.7,3.47,7.22,
145971,2023,1.43,1.66,3.16,1.62,1.7,3.41,6.71,
145589,2022,0.72,-0.62,0.04,1.32,1.7,3.11,3.17,
148529,2023,1.53,1.81,3.43,1.67,1.7,3.48,7.1,
150663,2023,1.38,1.76,3.22,1.41,1.7,3.21,6.61,
149210,2023,1.41,1.84,3.41,1.33,1.7,3.08,6.52,
119824,2023,1.45,2.45,3.98,1.5,1.7,3.27,7.39,
118987,2022,1.01,-0.97,0.04,1.87,1.71,3.55,3.65,
133791,2023,1.34,2.11,3.5,1.58,1.71,3.36,6.99,
119533,2023,1.47,2.0,3.54,1.67,1.71,3.44,7.15,
118489,2021,2.03,5.59,7.64,5.85,1.71,7.46,15.75,
147157,2024,1.71,1.67,3.48,1.7,1.71,3.46,7.09,
119800,2024,1.84,1.72,3.67,1.75,1.71,3.52,7.35,
120837,2023,1.43,1.65,3.14,1.67,1.71,3.45,6.74,
120351,2022,0.75,-8.18,-6.43,12.92,1.71,14.79,7.36,
120603,2024,2.22,2.05,4.14,2.8,1.71,4.62,8.99,
119783,2022,-5.81,-9.43,-14.77,8.97,1.71,11.49,-4.78,
119379,2024,1.69,1.63,3.4,1.76,1.71,3.52,7.12,
152947,2024,,,,,1.71,1.71,1.71,
153000,2024,,,,,1.71,1.71,1.71,
119739,2023,1.3,2.12,3.48,1.64,1.71,3.41,7.03,
149587,2022,0.93,-0.08,0.9,1.32,1.71,3.1,4.09,
130050,2024,2.21,1.98,4.18,2.63,1.71,4.5,8.91,
130206,2023,1.61,1.92,3.62,2.11,1.71,3.89,7.65,
151792,2023,,0.09,0.09,2.0,1.72,3.51,3.59,
120764,2024,2.11,1.71,3.83,2.82,1.72,4.62,8.63,
118780,2022,1.18,-0.35,0.94,1.66,1.72,3.43,4.48,
119082,2022,7.33,-0.39,6.94,1.12,1.72,2.87,10.11,
138472,2022,0.15,-0.18,-0.05,1.2,1.72,2.79,2.83,
119091,2023,1.46,1.68,3.21,1.66,1.72,3.47,6.83,
119091,2024,1.83,1.72,3.67,1.76,1.72,3.54,7.37,
120406,2024,1.81,1.76,3.63,1.75,1.72,3.52,7.31,
145971,2024,1.83,1.72,3.66,1.73,1.72,3.51,7.33,
118371,2024,1.85,1.73,3.69,1.86,1.72,3.66,7.52,
149753,2024,1.87,1.72,3.7,1.81,1.72,3.6,7.52,
149243,2024,1.73,1.7,3.56,1.82,1.72,3.66,7.52,
150326,2023,1.5,1.92,3.59,1.32,1.72,3.1,6.72,
149247,2023,1.42,1.83,3.43,1.27,1.72,3.06,6.59,
151283,2023,1.32,1.81,3.33,1.18,1.72,2.94,6.43,
119226,2023,1.4,2.2,3.64,1.47,1.72,3.23,7.03,
149361,2022,0.91,-1.13,-0.19,1.31,1.73,3.05,2.91,
141588,2023,1.49,2.13,3.69,1.6,1.73,3.4,7.23,
148755,2024,2.17,1.72,3.94,2.44,1.73,4.3,8.47,
120304,2023,1.49,1.69,3.25,1.69,1.73,3.49,6.89,
120197,2023,1.47,1.71,3.22,1.66,1.73,3.47,6.85,
120197,2024,1.83,1.8,3.7,1.77,1.73,3.56,7.43,
119766,2023,1.47,1.66,3.2,1.67,1.73,3.48,6.85,
119766,2024,1.78,1.79,3.68,1.76,1.73,3.55,7.39,
148841,2024,1.82,1.76,3.64,1.75,1.73,3.53,7.33,
119125,2023,1.46,1.7,3.21,1.67,1.73,3.49,6.84,
119135,2023,1.35,1.62,3.0,1.66,1.73,3.48,6.63,
120537,2023,1.45,1.68,3.2,1.66,1.73,3.48,6.83,
120249,2023,1.47,1.7,3.22,1.67,1.73,3.48,6.85,
120249,2024,1.85,1.74,3.7,1.76,1.73,3.54,7.41,
119800,2023,1.46,1.7,3.21,1.66,1.73,3.48,6.84,
118701,2023,1.48,1.69,3.23,1.67,1.73,3.49,6.88,
148450,2023,1.11,2.86,4.4,0.98,1.73,2.51,6.84,
148993,2022,-3.59,-12.34,-14.87,15.13,1.73,15.65,-2.36,
148913,2023,1.44,1.74,3.28,1.65,1.73,3.47,6.93,
150938,2023,1.48,1.81,3.36,1.38,1.73,3.2,6.74,
149199,2023,1.46,1.86,3.42,1.32,1.73,3.12,6.7,
118796,2024,2.11,1.73,3.9,2.56,1.73,4.4,8.54,
147473,2021,10.26,7.51,19.85,11.83,1.74,13.41,35.72,
119533,2022,1.18,-0.41,0.71,1.65,1.74,3.42,4.21,
140603,2022,0.87,-0.35,0.52,1.53,1.74,3.37,3.98,
119798,2023,1.39,3.46,4.97,1.69,1.74,3.51,8.7,
120282,2023,1.33,2.5,3.91,1.03,1.74,2.68,6.71,
120038,2024,1.85,1.79,3.69,1.77,1.74,3.57,7.42,
118859,2023,1.47,1.69,3.23,1.68,1.74,3.51,6.89,
120304,2024,1.83,1.73,3.68,1.76,1.74,3.55,7.4,
151390,2023,0.93,2.57,3.5,1.21,1.74,3.05,6.63,
120389,2023,1.48,1.7,3.24,1.69,1.74,3.5,6.89,
118364,2023,1.48,1.7,3.24,1.67,1.74,3.5,6.89,
118364,2024,1.85,1.73,3.69,1.77,1.74,3.56,7.41,
148841,2023,1.47,1.69,3.23,1.67,1.74,3.49,6.87,
120406,2023,1.45,1.68,3.19,1.67,1.74,3.5,6.85,
120537,2024,1.82,1.73,3.68,1.77,1.74,3.57,7.41,
118305,2023,1.47,1.68,3.22,1.69,1.74,3.52,6.89,
118305,2024,1.83,1.8,3.69,1.76,1.74,3.56,7.41,
119369,2023,1.45,1.71,3.22,1.67,1.74,3.5,6.87,
140196,2023,1.46,1.7,3.23,1.67,1.74,3.5,6.88,
118701,2024,1.85,1.74,3.7,1.76,1.74,3.56,7.43,
150484,2023,1.6,3.05,4.78,0.85,1.74,2.43,7.33,
120735,2024,1.9,1.66,3.66,2.02,1.74,3.83,7.71,
150487,2022,,,,1.92,1.74,2.28,2.28,
119016,2023,1.45,2.13,3.66,1.65,1.74,3.45,7.28,
119498,2024,2.15,1.89,4.05,2.51,1.74,4.37,8.6,
150545,2023,1.31,1.93,3.33,1.34,1.74,3.15,6.61,
148729,2022,0.91,-0.4,0.52,1.29,1.74,3.06,3.67,
149389,2021,,,,,1.74,1.74,1.74,
118474,2023,1.63,1.92,3.63,2.03,1.74,3.85,7.62,
118931,2023,1.62,1.83,3.54,2.02,1.74,3.84,7.52,
129052,2023,1.61,1.84,3.53,2.02,1.74,3.84,7.52,
148755,2022,0.9,-0.67,0.27,1.07,1.75,2.86,3.26,
128051,2022,1.35,-0.69,0.7,1.79,1.75,3.58,4.4,
118859,2024,1.84,1.74,3.69,1.77,1.75,3.58,7.43,
119861,2023,1.45,1.68,3.2,1.67,1.75,3.51,6.86,
119861,2024,1.84,1.73,3.68,1.76,1.75,3.57,7.41,
138299,2024,1.81,1.75,3.68,1.77,1.75,3.58,7.43,
120389,2024,1.85,1.74,3.7,1.77,1.75,3.58,7.44,
119303,2023,1.48,1.73,3.25,1.7,1.75,3.52,6.92,
119303,2024,1.84,1.74,3.69,1.77,1.75,3.58,7.43,
149664,2023,1.68,1.7,3.43,1.71,1.75,3.51,7.08,
149664,2024,1.84,1.81,3.7,1.77,1.75,3.58,7.44,
119125,2024,1.85,1.74,3.69,1.79,1.75,3.6,7.45,
119568,2024,1.85,1.75,3.71,1.78,1.75,3.58,7.46,
119135,2024,1.84,1.8,3.7,1.77,1.75,3.57,7.44,
119369,2024,1.85,1.74,3.7,1.78,1.75,3.58,7.44,
118577,2023,1.44,1.67,3.17,1.67,1.75,3.49,6.81,
118577,2024,1.83,1.73,3.68,1.78,1.75,3.58,7.43,
139538,2023,1.48,1.71,3.25,1.71,1.75,3.53,6.94,
140196,2024,1.87,1.77,3.75,1.78,1.75,3.59,7.5,
151833,2023,,,,1.57,1.75,3.4,3.4,
151833,2024,1.85,1.74,3.7,1.78,1.75,3.58,7.45,
119415,2023,1.68,1.71,3.44,1.72,1.75,3.52,7.1,
119415,2024,1.84,1.78,3.67,1.76,1.75,3.57,7.4,
150357,2022,0.0,-1.65,-1.65,1.24,1.75,3.04,1.36,
118317,2024,1.78,1.67,3.54,1.77,1.75,3.58,7.32,
120475,2024,2.54,2.07,4.6,2.7,1.75,4.59,9.42,
119016,2022,0.95,-0.26,0.69,1.49,1.75,3.26,4.04,
119739,2022,0.97,-0.54,0.43,1.57,1.75,3.33,3.82,
119828,2024,1.88,1.77,3.76,1.84,1.75,3.66,7.59,
119714,2023,1.35,2.68,4.11,1.33,1.75,3.12,7.36,
140603,2023,1.35,1.65,3.14,1.37,1.76,3.18,6.44,
130722,2022,0.82,-0.41,0.43,1.2,1.76,2.96,3.46,
119341,2023,1.88,2.88,4.9,0.97,1.76,2.63,7.68,
120792,2022,-0.12,-0.24,-0.37,1.87,1.76,3.59,3.27,
120038,2023,1.68,1.69,3.44,1.69,1.76,3.5,7.11,
138299,2023,1.47,1.73,3.25,1.69,1.76,3.52,6.92,
119568,2023,1.52,1.73,3.29,1.67,1.76,3.5,6.95,
139538,2024,1.85,1.75,3.7,1.77,1.76,3.59,7.45,
119863,2024,1.96,1.76,3.84,1.92,1.76,3.76,7.78,
133925,2024,1.92,1.77,3.79,1.91,1.76,3.75,7.71,
118291,2024,1.87,1.71,3.68,1.88,1.76,3.74,7.63,
150169,2024,1.9,1.73,3.73,1.95,1.76,3.79,7.74,
148446,2022,1.03,-1.9,-0.9,1.12,1.76,3.01,2.22,
144173,2024,1.87,1.77,3.76,1.81,1.76,3.63,7.56,
150854,2023,1.56,1.71,3.47,1.23,1.76,3.05,6.69,
147311,2024,1.81,1.7,3.62,1.74,1.76,3.57,7.39,
119675,2022,0.51,-1.66,-1.26,1.13,1.76,2.83,1.66,
120670,2024,2.17,1.89,4.02,2.58,1.76,4.46,8.7,
119816,2022,1.05,-0.15,0.94,1.19,1.76,2.99,4.01,
119382,2023,1.28,1.6,2.95,1.22,1.76,3.01,6.09,
134387,2023,1.5,2.21,3.8,1.66,1.77,3.51,7.51,
120837,2024,1.8,1.72,3.57,1.75,1.77,3.58,7.31,
119812,2024,1.93,1.82,3.85,1.95,1.77,3.78,7.8,
148913,2024,1.77,1.67,3.6,1.79,1.77,3.62,7.44,
147908,2024,1.89,1.77,3.77,1.84,1.77,3.68,7.62,
138358,2024,1.85,1.71,3.67,1.81,1.77,3.65,7.52,
151146,2023,1.79,2.28,4.18,1.52,1.77,3.33,7.7,
120510,2024,2.15,1.79,3.97,2.45,1.77,4.34,8.54,
151364,2023,1.08,1.78,2.94,1.36,1.77,3.2,6.32,
123704,2022,0.61,-0.62,-0.03,1.41,1.77,3.21,3.21,
119759,2022,0.53,-1.38,-1.0,2.94,1.78,4.62,3.59,
119757,2022,0.51,-1.38,-1.01,2.94,1.78,4.62,3.58,
120282,2022,0.56,-0.28,0.27,0.78,1.78,2.27,2.58,
152140,2023,,,,,1.78,1.78,1.78,
119075,2022,0.14,-0.62,-0.6,2.01,1.78,3.65,3.01,
120435,2023,1.18,2.06,3.3,0.98,1.78,2.82,6.24,
143612,2024,1.86,1.74,3.71,1.97,1.78,3.81,7.74,
151117,2024,1.93,1.83,3.87,1.93,1.78,3.78,7.84,
119750,2024,1.91,1.74,3.76,1.83,1.78,3.67,7.65,
151218,2023,1.43,1.75,3.31,1.24,1.78,3.08,6.58,
151456,2023,1.4,1.79,3.35,1.25,1.78,3.06,6.58,
128006,2022,1.43,-0.84,0.59,1.8,1.78,3.55,4.24,
120754,2024,2.09,1.88,3.98,2.34,1.78,4.21,8.41,
152825,2024,,,,0.7,1.78,2.52,2.52,
143508,2024,1.89,1.72,3.71,1.84,1.78,3.68,7.61,
118796,2022,1.17,-0.56,0.64,1.4,1.78,3.22,3.98,
120692,2024,2.01,1.82,3.88,2.22,1.79,4.11,8.21,
148454,2021,-0.73,2.61,2.15,1.66,1.79,3.4,5.79,
130314,2022,1.34,-0.15,1.25,1.63,1.79,3.48,4.88,
133488,2024,2.21,1.94,4.21,2.69,1.79,4.57,8.99,
150702,2022,,,,,1.79,1.79,1.79,
149029,2023,1.33,1.71,3.13,1.36,1.79,3.21,6.49,
119505,2022,0.7,-0.51,0.16,4.49,1.79,6.32,6.6,
120570,2024,1.89,1.71,3.7,1.91,1.79,3.78,7.69,
149526,2024,1.85,1.72,3.67,2.16,1.79,4.03,7.93,
145034,2024,1.92,1.77,3.8,1.85,1.79,3.71,7.73,
152549,2024,0.0,1.73,1.79,1.79,1.79,3.67,5.62,
119205,2024,1.89,1.78,3.77,1.85,1.79,3.7,7.65,
120401,2023,1.71,1.91,3.69,2.12,1.79,3.99,7.84,
150692,2022,,,,,1.8,1.8,1.8,
130314,2023,1.6,2.08,3.77,1.67,1.8,3.58,7.53,
118780,2023,1.69,2.41,4.23,1.94,1.8,3.86,8.32,
118489,2022,-1.81,-6.66,-6.99,5.57,1.8,6.87,-0.43,
150595,2024,-2.42,-5.38,-7.67,4.63,1.8,5.22,-3.26,
149950,2022,0.42,-1.78,-1.42,1.44,1.8,3.28,1.79,
120261,2021,1.85,5.92,8.08,6.52,1.8,7.99,16.71,
149587,2023,1.68,2.08,3.87,1.41,1.8,3.29,7.32,
147772,2024,1.86,1.73,3.71,1.83,1.8,3.69,7.62,
120590,2023,1.7,2.56,4.36,2.1,1.81,3.96,8.53,
118942,2024,1.95,1.83,3.9,1.96,1.81,3.84,7.97,
118840,2024,1.95,1.83,3.87,1.99,1.81,3.87,7.98,
144403,2023,1.2,2.33,3.59,1.09,1.81,2.9,6.62,
120315,2024,1.93,1.72,3.74,1.96,1.81,3.85,7.81,
120746,2024,1.91,1.75,3.77,1.9,1.81,3.78,7.77,
147731,2024,1.88,1.81,3.79,1.84,1.81,3.73,7.73,
150353,2023,1.49,1.89,3.49,1.27,1.81,3.14,6.73,
119539,2023,1.51,2.34,3.92,1.41,1.81,3.25,7.33,
149539,2024,1.9,1.75,3.76,1.85,1.81,3.73,7.71,
120764,2021,0.84,1.45,2.45,17.16,1.82,19.33,22.27,
148751,2022,-4.84,-15.6,-19.12,9.82,1.82,10.9,-9.82,
133386,2024,9.29,15.51,28.36,12.72,1.82,15.03,48.38,
148479,2022,0.73,-2.0,-1.33,1.13,1.82,2.85,1.6,
149855,2023,1.6,1.82,3.62,1.16,1.82,3.03,6.75,
149999,2023,1.65,1.88,3.68,1.3,1.82,3.15,6.8,
151211,2023,1.5,1.73,3.37,1.24,1.82,3.13,6.7,
150711,2023,1.68,1.9,3.67,1.32,1.82,3.16,6.78,
120510,2023,1.47,2.13,3.66,1.43,1.82,3.32,7.12,
134503,2022,0.65,-0.88,-0.29,1.46,1.82,3.21,2.97,
120754,2022,0.83,0.2,0.96,2.32,1.82,4.17,5.43,
144754,2024,1.94,1.78,3.83,1.88,1.82,3.77,7.83,
145954,2023,1.48,1.98,3.5,1.4,1.82,3.3,6.96,
151160,2022,-3.16,-12.38,-13.84,14.75,1.82,14.16,-0.59,
148750,2021,0.38,4.47,5.79,4.28,1.83,6.05,12.3,
119082,2024,2.15,1.93,4.11,2.37,1.83,4.3,8.61,
120520,2022,-0.33,0.57,0.26,0.96,1.83,2.78,3.15,
147889,2022,0.79,-0.5,0.3,1.65,1.83,3.47,3.87,
120702,2023,1.53,2.15,3.74,1.68,1.83,3.56,7.48,
120513,2024,1.97,1.78,3.85,1.97,1.83,3.88,7.95,
120398,2024,2.03,1.8,3.93,1.96,1.83,3.87,8.03,
148479,2023,1.3,1.99,3.41,1.18,1.83,3.03,6.56,
120541,2024,1.88,1.77,3.75,1.86,1.83,3.75,7.72,
120676,2024,1.97,1.77,3.86,1.85,1.83,3.74,7.83,
149794,2023,1.55,1.83,3.56,1.19,1.83,3.06,6.76,
119675,2023,1.54,1.89,3.53,0.83,1.83,2.7,6.32,
119949,2023,1.66,2.03,3.79,1.37,1.83,3.25,7.2,
149838,2022,2.62,-12.43,-8.75,15.1,1.83,14.51,5.61,
120715,2022,-5.55,-11.18,-15.32,12.14,1.84,12.74,-3.79,
150868,2023,1.5,1.83,3.51,1.22,1.84,3.11,6.78,
120688,2021,4.98,9.39,16.41,14.51,1.84,16.05,35.09,
148529,2024,1.93,1.81,3.85,1.88,1.84,3.79,7.87,
150725,2023,1.35,2.26,3.58,1.25,1.84,3.12,6.8,
150358,2023,1.61,1.87,3.69,1.18,1.84,3.08,6.84,
120475,2022,1.17,-0.35,0.78,1.73,1.84,3.53,4.48,
151239,2023,1.6,1.82,3.63,1.16,1.84,3.07,6.76,
151067,2023,1.65,1.84,3.57,1.4,1.84,3.32,7.05,
118796,2023,1.39,2.18,3.65,1.48,1.84,3.4,7.21,
118407,2022,0.93,-0.78,0.13,1.19,1.84,3.02,3.24,
120560,2023,1.35,1.9,3.34,1.39,1.84,3.3,6.79,
118569,2024,1.85,1.69,3.64,2.32,1.85,4.28,8.17,
130314,2024,2.13,1.94,4.14,2.5,1.85,4.46,8.81,
133488,2023,1.83,2.2,4.12,1.77,1.85,3.74,8.09,
120711,2022,1.61,0.31,1.91,1.67,1.85,3.59,5.71,
118485,2021,3.42,7.61,10.98,7.63,1.85,9.33,21.4,
147889,2023,1.29,1.89,3.26,1.18,1.85,3.18,6.6,
120603,2022,0.7,-0.45,0.14,2.94,1.85,4.79,5.34,
119311,2023,1.25,2.07,3.4,0.86,1.85,2.68,6.19,
150180,2023,2.0,2.62,4.76,1.15,1.85,3.07,7.95,
119523,2024,1.96,1.82,3.89,1.93,1.85,3.85,7.92,
140613,2024,1.89,1.83,3.83,1.98,1.85,3.92,7.96,
149288,2022,-3.21,-12.39,-13.9,14.93,1.85,14.36,-0.5,
149873,2023,1.58,1.84,3.61,1.17,1.85,3.07,6.76,
119205,2023,1.55,1.78,3.42,1.66,1.85,3.61,7.23,
119735,2022,0.55,-1.51,-1.17,2.37,1.85,4.1,2.93,
119069,2023,1.37,2.42,3.86,1.07,1.85,2.86,6.86,
148921,2021,,8.0,8.0,12.88,1.86,14.89,24.31,
144835,2021,6.81,13.18,22.21,17.46,1.86,19.44,46.34,
149447,2022,-3.75,-12.46,-14.37,15.38,1.86,14.83,-0.62,
120670,2022,0.93,-0.07,0.77,1.98,1.86,3.86,4.86,
119498,2023,1.51,2.13,3.69,1.57,1.86,3.49,7.34,
138875,2024,1.93,1.89,3.9,1.83,1.86,3.7,7.77,
149533,2021,7.66,10.8,20.97,9.57,1.87,11.55,34.56,
147796,2022,-3.17,-12.39,-13.85,15.08,1.87,14.54,-0.26,
118419,2021,9.38,10.23,22.04,8.75,1.87,10.45,34.78,
118498,2022,0.69,-0.83,-0.17,1.19,1.87,2.93,2.89,
134387,2022,1.46,0.24,1.67,4.16,1.87,6.17,8.04,
119099,2022,0.18,-0.48,-0.34,1.68,1.87,3.47,3.21,
148745,2022,-2.99,-12.32,-13.62,15.51,1.87,15.01,0.41,
151179,2023,1.42,1.94,3.33,1.29,1.87,3.12,6.66,
119311,2022,-0.56,-1.18,-1.86,0.71,1.87,2.43,0.55,
147306,2022,-7.14,-13.28,-18.9,11.3,1.87,11.75,-7.94,
146075,2024,1.93,1.79,3.83,1.86,1.87,3.79,7.8,
149158,2022,-6.0,-11.22,-16.02,13.39,1.87,14.67,-4.12,
149011,2023,1.34,2.03,3.44,1.23,1.87,3.13,6.73,
120684,2022,-3.1,-12.02,-13.43,15.02,1.87,14.48,-0.27,
143494,2024,1.97,1.81,3.89,1.89,1.87,3.83,7.96,
143614,2024,1.85,1.86,3.81,1.79,1.87,3.65,7.61,
118814,2022,1.18,-0.21,1.02,1.59,1.88,3.53,4.65,
151190,2023,1.37,1.67,3.11,1.73,1.88,3.68,6.94,
118709,2024,1.95,1.75,3.8,1.97,1.88,3.93,7.95,
120718,2023,1.43,2.17,3.69,1.54,1.88,3.45,7.31,
120754,2023,1.58,2.2,3.84,1.83,1.88,3.77,7.81,
150888,2023,1.65,1.94,3.7,1.34,1.89,3.25,6.92,
122715,2023,0.84,2.41,3.34,1.3,1.89,3.17,6.65,
146381,2022,-3.0,-12.38,-13.69,15.04,1.89,14.52,-0.09,
149466,2022,-2.29,-12.47,-13.15,15.38,1.89,14.87,0.84,
148592,2021,5.14,8.39,14.92,9.72,1.89,11.62,28.16,
118486,2022,-0.62,-3.65,-3.35,3.54,1.9,5.11,1.7,
118543,2021,7.99,12.72,21.43,10.28,1.9,13.07,37.3,
149401,2023,1.09,2.63,3.83,1.22,1.9,2.78,6.95,
118394,2023,1.32,2.11,3.49,0.66,1.9,2.47,6.08,
150515,2022,,,,-1.12,1.9,-0.15,-0.15,
120670,2023,1.45,2.24,3.76,1.51,1.9,3.47,7.4,
151487,2023,1.09,2.13,3.2,1.23,1.9,3.16,6.46,
120482,2024,2.07,1.88,4.03,1.67,1.9,3.57,7.8,
119436,2022,-8.35,-16.45,-22.94,11.68,1.91,12.29,-13.73,
151523,2023,0.44,2.64,3.13,0.85,1.91,2.67,5.92,
118410,2023,1.41,1.89,3.36,1.33,1.91,3.3,6.81,
151087,2023,1.73,1.91,3.72,1.25,1.91,3.17,7.03,
148925,2021,,6.01,6.01,4.51,1.91,6.51,12.63,
119671,2023,1.32,2.77,4.18,1.16,1.91,3.08,7.42,
118477,2022,-0.22,-1.68,-1.65,3.06,1.91,4.89,3.24,
118282,2023,1.23,1.92,3.22,1.01,1.91,2.84,6.2,
119657,2022,1.07,-1.7,-0.69,1.58,1.91,3.44,2.78,
120662,2021,5.76,8.25,15.5,13.86,1.91,15.87,34.18,
150727,2022,,,,,1.92,1.92,1.92,
152140,2024,0.44,0.99,1.43,3.31,1.92,5.41,6.9,
119075,2023,1.5,2.22,3.81,1.57,1.92,3.46,7.45,
118284,2023,1.32,1.89,3.28,0.95,1.92,2.82,6.24,
119505,2023,1.46,2.28,3.81,1.27,1.92,3.19,7.16,
150663,2022,,,,0.01,1.92,1.95,1.95,
151562,2023,1.1,1.83,3.02,1.32,1.92,3.25,6.27,
119081,2022,1.05,-1.13,-0.12,1.76,1.92,3.67,3.66,
119657,2023,1.28,2.34,3.7,0.89,1.92,2.76,6.57,
120764,2022,1.17,-0.24,1.03,1.5,1.93,3.48,4.63,
150746,2022,,,,,1.93,1.93,1.93,
133810,2024,1.98,1.84,3.92,1.95,1.93,3.97,8.12,
148446,2024,1.76,1.73,3.59,1.72,1.93,3.86,7.69,
151574,2023,0.69,2.36,3.06,1.22,1.93,3.15,6.29,
120619,2022,0.16,-0.65,-0.72,2.34,1.93,4.17,3.74,
120059,2023,1.89,2.09,4.05,0.93,1.93,2.84,7.0,
119350,2021,4.27,14.65,20.47,9.79,1.94,11.66,34.37,
119798,2024,2.07,2.26,4.37,2.15,1.94,4.19,8.75,
149790,2022,-0.16,-8.78,-8.48,12.09,1.94,13.55,3.93,
120084,2023,1.22,2.44,3.71,1.24,1.94,3.19,7.06,
149011,2022,0.77,-1.45,-0.71,1.34,1.94,3.25,2.62,
120364,2024,2.1,1.97,4.17,1.81,1.94,3.78,8.13,
118931,2024,2.1,2.0,4.19,1.81,1.94,3.77,8.16,
129052,2024,2.1,2.0,4.2,1.81,1.94,3.77,8.16,
151365,2023,1.2,1.89,3.17,1.31,1.95,3.33,6.63,
118394,2022,0.71,-2.27,-1.73,1.1,1.95,2.88,1.24,
150725,2022,,,,,1.95,1.95,1.95,
152869,2024,,,,0.19,1.95,2.24,2.24,
150729,2023,1.51,2.4,3.96,1.27,1.95,3.22,7.28,
151691,2023,,2.12,2.12,1.29,1.95,3.26,5.43,
118924,2023,1.23,2.33,3.55,1.37,1.95,3.37,7.09,
118474,2024,2.09,2.04,4.21,1.83,1.95,3.79,8.19,
120059,2022,0.22,-1.77,-1.74,1.25,1.95,2.99,1.35,
119341,2022,-0.01,-1.24,-1.4,1.79,1.96,3.68,2.3,
120743,2023,1.11,2.64,3.85,0.71,1.96,2.58,6.62,
119755,2022,0.86,-1.39,-0.54,2.07,1.96,3.96,3.46,
152887,2024,,,,0.05,1.96,2.15,2.15,
118416,2022,1.08,-2.18,-1.24,1.09,1.96,2.97,1.82,
146513,2022,-2.89,-11.97,-13.7,14.7,1.96,14.55,0.05,
149873,2022,0.36,-2.3,-2.03,1.82,1.96,3.81,1.73,
149474,2022,1.27,-2.29,-1.05,1.47,1.96,3.43,2.38,
151146,2022,0.92,-1.17,-0.25,1.63,1.96,3.61,3.45,
118401,2022,0.92,-2.01,-1.19,1.09,1.96,2.98,1.87,
119501,2024,1.97,1.81,3.91,1.86,1.97,3.9,8.01,
149199,2022,0.99,-2.16,-1.18,1.53,1.97,3.5,2.3,
152962,2024,,,,,1.98,1.98,1.98,
120401,2024,2.1,2.03,4.23,1.82,1.98,3.81,8.22,
144403,2022,-0.04,-1.28,-1.43,1.44,1.99,3.33,1.94,
120475,2023,1.51,2.41,4.0,1.4,1.99,3.44,7.61,
148795,2022,1.0,-1.98,-1.08,1.44,1.99,3.41,2.33,
119605,2022,0.82,-1.76,-0.99,1.43,2.0,3.41,2.44,
151300,2023,1.29,2.1,3.41,1.27,2.0,3.3,6.83,
138528,2022,-14.48,-23.09,-34.23,-1.77,2.0,1.4,-33.11,
120656,2021,5.8,7.4,14.65,12.24,2.0,13.84,30.44,
118464,2022,1.1,-2.15,-1.19,1.12,2.0,3.05,1.94,
149999,2022,0.43,-2.51,-2.18,1.72,2.0,3.73,1.66,
150353,2022,0.05,-2.24,-2.28,1.69,2.0,3.7,1.39,
130206,2024,2.2,2.01,4.31,1.78,2.0,3.81,8.32,
119116,2022,0.39,-1.23,-1.04,1.59,2.01,3.42,2.39,
119116,2023,1.45,2.14,3.66,1.29,2.01,3.27,7.09,
120490,2021,2.99,5.72,9.75,11.55,2.01,13.36,24.34,
138472,2023,1.32,2.4,3.79,1.31,2.01,3.32,7.27,
131355,2021,2.83,4.65,7.86,6.54,2.01,8.57,17.04,
151313,2023,1.42,2.17,3.56,1.2,2.01,3.07,6.84,
150358,2022,0.0,-2.24,-2.33,1.84,2.01,3.87,1.48,
151435,2023,1.44,1.91,3.45,1.23,2.02,3.28,6.78,
119953,2023,1.74,2.76,4.65,1.19,2.02,3.12,7.92,
119705,2022,-0.93,-18.88,-18.35,13.94,2.02,14.55,-7.47,
150727,2023,1.47,1.93,3.54,1.15,2.02,3.21,6.86,
150824,2023,1.49,2.12,3.67,1.24,2.02,3.28,7.06,
151214,2023,1.47,2.49,3.9,1.23,2.02,3.16,7.21,
150012,2022,0.12,-2.38,-2.3,1.5,2.02,3.52,1.18,
148729,2023,1.48,1.97,3.54,1.54,2.02,3.61,7.33,
120430,2023,1.22,2.33,3.62,0.88,2.02,2.88,6.64,
151570,2023,0.36,1.93,2.38,1.19,2.03,3.23,5.69,
118780,2024,2.17,1.98,4.24,2.44,2.03,4.57,9.05,
151373,2023,1.4,1.96,3.43,1.27,2.03,3.28,6.76,
150180,2022,0.85,-0.94,-0.21,2.47,2.03,4.45,4.3,
145454,2021,-1.04,12.56,12.45,7.01,2.03,9.48,24.12,
150410,2023,1.34,2.79,4.24,0.88,2.03,2.84,7.22,
118282,2022,0.35,-0.93,-0.65,1.41,2.03,3.27,2.71,
120834,2021,12.52,9.84,25.79,7.44,2.04,9.6,37.76,
118299,2023,1.44,1.89,3.41,1.02,2.04,3.01,6.57,
118672,2022,0.17,-1.19,-1.15,2.39,2.04,4.2,3.01,
149855,2022,0.44,-2.32,-1.97,1.68,2.04,3.75,1.74,
120689,2022,-0.09,6.63,6.41,1.66,2.04,3.53,10.26,
140175,2021,10.87,9.13,22.09,11.4,2.05,13.38,38.14,
148053,2021,6.13,6.98,14.53,6.83,2.05,8.87,24.47,
152843,2024,,,,1.98,2.05,4.11,4.11,
131301,2023,1.33,3.02,4.43,0.85,2.05,2.8,7.38,
118485,2022,-2.76,-9.16,-9.77,7.45,2.06,8.69,-1.74,
140298,2023,1.27,2.1,3.43,0.86,2.06,2.86,6.42,
131061,2023,1.37,2.89,4.35,0.85,2.06,2.82,7.32,
133035,2021,9.65,7.31,18.37,7.67,2.06,9.75,29.87,
118407,2023,1.4,1.94,3.41,1.29,2.06,3.4,6.97,
153027,2024,,,,,2.07,2.07,2.07,
129193,2021,4.3,7.18,11.24,7.98,2.07,10.06,22.39,
140298,2022,0.4,-0.74,-0.52,1.71,2.07,3.6,3.16,
150681,2023,1.46,2.77,4.37,0.82,2.07,2.8,7.44,
119099,2023,1.47,2.61,4.17,0.96,2.07,2.95,7.29,
150920,2023,1.41,2.81,4.35,0.86,2.07,2.83,7.43,
119539,2022,4.91,-0.02,4.8,17.41,2.07,19.81,25.69,
120819,2021,8.9,17.34,29.78,8.91,2.07,11.0,43.74,
149679,2021,3.78,5.75,10.22,6.67,2.07,8.49,19.69,
120430,2022,0.15,-1.85,-1.89,1.15,2.07,3.02,1.21,
151489,2023,1.28,2.79,4.21,0.86,2.08,2.83,7.3,
150847,2023,1.78,2.66,4.5,1.08,2.08,3.12,7.84,
151577,2023,0.53,1.91,2.45,1.12,2.08,3.19,5.78,
150698,2023,1.13,1.94,3.13,1.15,2.08,3.29,6.59,
149966,2023,1.94,2.1,4.11,1.2,2.08,3.3,7.54,
140769,2022,1.15,-2.5,-1.43,1.69,2.08,3.78,2.35,
120603,2023,1.6,2.33,4.02,1.67,2.08,3.8,8.02,
150326,2022,,-1.2,-1.2,1.75,2.08,3.83,2.65,
149210,2022,0.93,-2.6,-1.76,1.71,2.08,3.8,2.12,
123704,2023,1.54,1.12,2.73,1.23,2.08,3.38,6.23,
118924,2022,0.76,-0.93,-0.22,1.36,2.08,3.36,3.21,
144646,2022,1.06,-2.34,-1.33,1.52,2.09,3.58,2.31,
118510,2021,9.37,13.1,25.21,8.86,2.09,11.03,38.85,
150807,2023,1.59,2.2,3.85,1.2,2.09,3.31,7.3,
152059,2024,2.48,7.86,10.7,16.55,2.09,19.76,34.69,
119824,2022,0.91,-0.63,0.23,1.53,2.09,3.56,3.92,
138376,2022,0.29,-1.07,-0.48,2.35,2.09,4.43,3.81,
150692,2023,1.17,1.96,3.19,1.18,2.1,3.36,6.71,
150746,2023,1.17,1.93,3.17,1.17,2.1,3.37,6.69,
119707,2023,1.31,2.79,4.2,1.04,2.1,3.15,7.52,
129197,2022,0.35,-2.29,-1.71,2.13,2.1,4.1,2.41,
118565,2022,0.16,-0.36,-0.13,0.27,2.1,2.42,2.37,
119069,2022,0.44,-1.71,-1.44,2.17,2.1,4.09,2.66,
120616,2022,0.76,-1.94,-0.57,3.91,2.11,5.99,5.51,
151408,2023,1.15,2.75,3.98,1.02,2.11,3.12,7.26,
150702,2023,1.64,2.09,3.78,1.2,2.11,3.32,7.26,
150407,2022,,,,-0.6,2.11,1.3,1.3,
149794,2022,1.11,-2.3,-1.26,1.75,2.11,3.86,2.61,
118416,2023,1.6,2.06,3.73,0.79,2.11,2.8,6.69,
149247,2022,1.31,-2.4,-1.21,1.62,2.11,3.73,2.52,
145589,2023,1.51,1.12,2.72,0.91,2.12,3.07,5.91,
151407,2023,1.59,2.07,3.68,1.16,2.13,3.26,7.14,
134494,2023,1.16,2.36,3.61,1.25,2.13,3.32,7.09,
120619,2023,1.33,2.61,4.04,1.41,2.13,3.56,7.78,
120711,2023,1.54,1.92,3.56,1.69,2.14,3.9,7.68,
151597,2023,-0.1,2.78,2.73,0.99,2.14,3.1,5.95,
150407,2023,1.29,2.13,3.5,0.95,2.14,3.07,6.7,
118387,2023,1.26,2.74,4.09,0.75,2.15,2.82,7.05,
151183,2023,1.46,2.78,4.34,0.99,2.15,3.06,7.56,
118299,2022,0.51,-0.88,-0.44,1.26,2.15,3.29,2.97,
118464,2023,1.61,2.09,3.78,0.82,2.15,2.88,6.81,
120137,2023,1.36,2.77,4.22,0.81,2.15,2.89,7.26,
143537,2021,3.86,6.49,11.51,7.86,2.15,9.76,22.41,
118401,2023,1.34,1.95,3.34,0.98,2.15,3.12,6.6,
118672,2023,1.33,2.47,3.9,0.92,2.16,3.01,7.07,
119707,2022,0.46,0.17,0.62,1.85,2.16,4.01,4.71,
149240,2022,0.85,-1.79,-1.13,1.5,2.16,3.19,1.98,
147857,2022,0.95,-2.22,-1.28,2.44,2.16,4.77,3.59,
148789,2022,0.61,-1.85,-1.35,1.18,2.17,3.21,2.01,
150698,2022,,,,,2.18,2.18,2.18,
150733,2022,,,,,2.18,2.18,2.18,
149970,2023,1.59,2.14,3.76,1.17,2.18,3.33,7.26,
119755,2023,0.87,2.33,3.25,1.43,2.18,3.59,7.02,
152214,2023,,,,,2.18,2.18,2.18,
147840,2021,11.67,11.76,26.66,13.72,2.19,16.07,47.16,
151181,2023,1.38,2.02,3.46,1.19,2.19,3.37,6.97,
132756,2021,7.74,6.05,15.45,12.05,2.19,13.89,31.74,
119671,2022,0.54,0.24,0.79,1.89,2.19,4.09,4.97,
128006,2023,0.85,1.9,2.84,1.49,2.19,3.71,6.69,
150792,2023,1.41,2.79,4.29,0.89,2.2,3.02,7.47,
148792,2023,1.53,2.07,3.62,1.18,2.2,3.36,7.18,
148789,2023,1.4,2.02,3.48,1.18,2.2,3.39,7.01,
151479,2023,0.34,2.02,2.41,1.17,2.2,3.39,5.9,
148609,2021,8.8,11.79,22.58,14.94,2.2,17.28,43.99,
149240,2023,1.41,2.13,3.54,1.04,2.2,3.24,6.8,
147928,2021,1.47,8.04,10.42,12.55,2.2,14.34,26.34,
150906,2023,1.4,2.04,3.48,1.15,2.2,3.37,7.0,
151440,2023,1.45,2.01,3.54,1.14,2.2,3.37,7.08,
144394,2021,0.97,7.4,9.24,12.29,2.2,14.2,24.66,
151593,2023,0.32,2.03,2.39,1.17,2.21,3.39,5.89,
149966,2022,0.0,-1.34,-1.33,1.65,2.21,3.62,2.4,
118284,2022,0.49,-0.44,0.01,1.37,2.21,3.44,3.57,
131373,2021,2.0,3.35,5.7,4.03,2.21,6.15,12.18,
150996,2022,0.56,-1.86,-1.4,1.83,2.22,3.9,2.52,
151301,2023,1.18,2.01,3.22,1.14,2.22,3.4,6.76,
151014,2023,1.88,1.7,3.65,0.94,2.22,3.13,6.91,
140256,2021,1.01,0.37,1.86,2.25,2.22,3.95,6.0,
119839,2022,-0.72,-1.78,-1.88,4.56,2.23,6.71,4.76,
148760,2024,12.56,6.93,19.4,3.19,2.23,4.17,24.66,
119714,2022,0.48,-0.72,-0.38,1.86,2.23,3.95,3.68,
141226,2021,12.42,15.36,31.66,13.68,2.24,16.07,52.87,
146772,2021,7.93,9.06,18.74,12.66,2.24,14.92,36.62,
120524,2022,-3.85,-11.18,-13.88,7.68,2.24,9.41,-5.35,
150845,2023,1.25,2.02,3.35,1.11,2.24,3.38,6.84,
119741,2023,0.89,1.79,2.77,1.65,2.24,4.0,6.99,
120276,2022,-0.71,-2.87,-3.1,2.57,2.25,4.56,1.4,
148792,2022,0.36,-1.54,-1.35,1.43,2.25,3.42,2.19,
148947,2021,,2.15,2.15,9.64,2.25,11.95,14.42,
149970,2022,0.25,-1.58,-1.44,1.65,2.25,3.64,2.26,
120517,2022,1.08,-11.01,-9.52,6.99,2.25,8.33,-2.23,
119605,2023,1.46,2.37,3.91,0.98,2.26,3.2,7.26,
149254,2022,-5.22,-7.66,-11.63,8.81,2.26,9.7,-2.09,
150206,2022,0.9,-3.34,-1.93,3.61,2.27,5.63,3.7,
120465,2022,-4.48,-13.43,-16.49,10.71,2.27,12.08,-6.08,
132995,2022,-2.25,-5.39,-7.08,4.85,2.27,6.77,-0.73,
119735,2023,1.53,2.41,3.97,1.29,2.29,3.51,7.64,
151495,2023,1.39,2.17,3.63,1.13,2.3,3.38,7.18,
118726,2022,1.09,-1.34,0.24,2.61,2.31,4.9,5.2,
119759,2023,1.7,2.36,4.12,1.49,2.31,3.73,8.03,
119757,2023,1.7,2.36,4.12,1.49,2.31,3.73,8.03,
119307,2021,6.39,9.92,18.18,13.16,2.32,15.55,36.28,
120780,2021,1.56,8.91,11.06,11.61,2.32,13.87,27.01,
120743,2022,-0.38,-1.83,-2.54,2.32,2.32,4.24,1.86,
138528,2021,-9.01,13.54,5.73,0.6,2.33,3.36,8.25,
150778,2022,,,,,2.33,2.33,2.33,
150778,2023,1.74,2.18,4.0,1.07,2.33,3.37,7.55,
150706,2023,1.62,2.18,3.89,1.06,2.33,3.37,7.43,
120520,2023,1.14,2.47,3.67,0.81,2.33,3.09,6.91,
148595,2021,6.77,12.75,21.04,5.89,2.33,8.09,31.21,
120392,2021,3.69,9.31,14.85,14.67,2.34,16.92,34.11,
134494,2022,0.7,0.06,0.75,1.29,2.34,3.69,4.54,
150711,2022,,,,,2.34,2.34,2.34,
118278,2021,6.98,10.94,20.03,12.46,2.35,14.77,37.91,
150673,2022,,,,,2.35,2.35,2.35,
120447,2023,1.24,2.37,3.69,1.04,2.36,3.38,7.22,
149059,2022,-12.25,-22.29,-31.01,-2.22,2.36,2.54,-28.14,
120357,2021,5.78,8.72,16.34,10.49,2.37,12.54,30.93,
150733,2023,1.6,2.31,4.0,0.94,2.37,3.3,7.43,
118870,2022,0.91,-13.15,-11.57,17.94,2.37,18.45,5.33,
119243,2022,-3.36,-6.63,-8.84,16.61,2.37,18.0,7.53,
135810,2024,10.81,4.01,16.34,18.99,2.37,21.77,42.01,
150706,2022,,,,,2.38,2.38,2.38,
119773,2021,9.75,9.17,21.13,8.77,2.38,10.95,34.42,
150729,2022,,,,,2.38,2.38,2.38,
151273,2023,1.52,2.29,3.86,0.98,2.39,3.34,7.38,
129200,2021,5.42,8.63,13.74,9.47,2.39,11.89,27.2,
118879,2022,2.57,-12.39,-9.51,14.39,2.4,16.02,4.61,
149816,2024,14.35,5.95,20.48,3.8,2.41,5.2,26.09,
148658,2022,0.77,-8.14,-6.71,9.35,2.41,10.37,2.58,
120279,2022,0.31,-1.1,-0.81,2.09,2.43,4.06,3.33,
136567,2022,0.7,-2.16,-1.25,3.35,2.44,5.85,4.97,
148457,2021,2.18,6.73,10.31,6.52,2.45,9.23,20.64,
129312,2021,9.65,11.93,24.77,15.42,2.45,18.25,47.97,
139872,2023,-5.01,13.34,8.39,12.92,2.45,15.39,24.62,
147704,2024,7.24,14.37,25.14,14.1,2.46,17.25,47.18,
149401,2022,1.11,-2.91,-1.79,2.45,2.46,5.36,3.52,
120715,2021,6.72,8.73,17.14,12.17,2.47,14.32,33.9,
118510,2022,-4.88,-8.67,-12.47,8.31,2.47,9.54,-3.28,
120451,2022,0.33,-2.02,-1.86,2.08,2.47,4.29,2.48,
151122,2022,-3.68,-10.93,-13.92,10.08,2.48,11.63,-3.85,
147496,2022,0.07,-3.78,-3.4,5.48,2.48,7.54,3.83,
119436,2021,7.9,8.96,19.19,13.97,2.49,16.54,38.92,
151040,2022,-3.65,-9.47,-11.86,16.25,2.49,17.9,2.95,
145454,2024,9.27,1.55,11.68,21.87,2.49,24.69,40.22,
120705,2022,2.5,-3.8,-0.63,4.28,2.5,6.56,5.97,
150792,2022,,,,,2.51,2.51,2.51,
118278,2022,-4.89,-9.39,-13.17,11.84,2.52,13.27,-1.57,
118387,2022,-0.62,-2.09,-3.12,1.78,2.52,3.92,0.85,
131061,2022,-0.23,-2.09,-2.69,1.77,2.53,3.94,1.44,
120137,2022,-0.5,-1.64,-2.55,1.93,2.53,4.11,1.64,
120524,2021,1.28,7.6,10.05,10.82,2.54,13.11,24.56,
119060,2021,6.52,9.51,17.87,12.54,2.55,15.17,35.69,
150484,2022,,,,1.42,2.57,3.6,3.6,
152392,2024,-7.17,4.74,-3.07,13.83,2.57,18.11,16.73,
148815,2022,-11.07,-21.3,-28.67,10.72,2.57,12.66,-19.32,
150681,2022,,,,,2.58,2.58,2.58,
152041,2024,-2.03,4.74,2.31,13.98,2.58,18.28,23.39,
150468,2024,-2.04,3.99,2.29,13.74,2.58,18.03,23.11,
152535,2024,0.0,3.88,4.31,13.77,2.59,18.07,25.56,
150410,2022,,,,0.06,2.59,2.25,2.25,
152098,2023,,,,,2.6,2.6,2.6,
118479,2021,3.84,6.36,11.54,12.44,2.6,14.81,27.8,
133516,2022,-3.02,-10.04,-11.99,10.51,2.6,12.23,-1.18,
131301,2022,-1.03,-2.05,-3.51,1.58,2.6,3.82,0.34,
149894,2022,2.87,-20.83,-17.01,10.21,2.6,12.19,-6.54,
151785,2024,-2.03,4.74,2.31,13.85,2.6,18.15,23.24,
118935,2021,7.95,8.93,18.98,12.3,2.6,14.76,36.45,
148747,2021,0.55,6.45,8.15,6.15,2.61,8.57,17.55,
119131,2021,1.47,6.97,9.43,6.4,2.61,9.11,19.57,
118620,2021,7.43,6.95,16.07,11.39,2.61,13.9,31.96,
119960,2022,0.45,-2.74,-1.96,3.19,2.61,5.58,3.46,
133054,2023,0.52,3.36,4.06,3.2,2.62,5.85,10.21,
140382,2022,-3.43,-8.66,-11.02,8.95,2.63,11.24,-0.73,
151142,2022,-2.02,-9.9,-10.94,15.92,2.65,17.96,4.89,
130493,2021,1.94,4.2,7.65,-2.11,2.65,-0.15,7.66,
150636,2022,,,,,2.66,2.66,2.66,
133710,2021,5.0,9.73,16.16,13.61,2.67,16.3,35.18,
151753,2024,3.56,9.27,14.48,5.29,2.67,8.25,27.43,
127071,2021,6.25,0.1,7.11,-3.76,2.68,-1.96,4.49,
150443,2022,,,,-1.36,2.69,-0.39,-0.39,
145396,2021,2.33,3.67,6.66,7.9,2.69,10.54,18.05,
135120,2022,-2.05,-4.78,-6.38,5.08,2.71,7.27,0.49,
151129,2022,-0.86,-3.82,-4.04,4.76,2.72,7.29,2.79,
138528,2024,15.23,4.89,20.87,1.74,2.73,3.14,25.09,
120073,2022,0.14,-4.43,-3.88,3.24,2.76,5.6,1.63,
150671,2022,,,,,2.76,2.76,2.76,
150677,2022,,,,,2.76,2.76,2.76,
119609,2022,-0.38,-8.29,-7.94,8.73,2.76,10.99,2.26,
120405,2022,-3.49,-8.3,-10.59,13.34,2.77,15.29,2.66,
152437,2024,-1.55,10.51,9.36,7.84,2.77,11.01,23.69,
148450,2022,0.8,-2.68,-1.86,2.36,2.78,5.08,3.26,
129197,2023,1.15,2.83,4.07,1.5,2.79,4.29,8.63,
118747,2022,0.43,-1.9,-1.68,2.44,2.79,4.48,2.83,
140382,2021,5.89,10.24,17.81,9.18,2.79,11.99,31.7,
135800,2024,2.36,6.38,9.63,13.35,2.81,17.92,31.87,
144312,2022,-0.81,-3.61,-3.89,3.51,2.81,6.04,1.91,
118726,2023,2.56,3.17,5.91,1.82,2.82,4.7,11.02,
120531,2021,-12.68,3.25,-8.13,-3.3,2.82,1.07,-6.24,
120416,2021,5.75,9.52,17.3,11.28,2.82,13.99,33.98,
150532,2022,,,,-2.45,2.83,-0.42,-0.42,
119507,2021,2.2,17.8,22.17,8.54,2.84,11.35,36.15,
152024,2024,11.02,3.27,16.06,19.82,2.84,23.56,43.92,
120413,2021,7.91,15.16,25.62,10.0,2.85,12.56,41.88,
147372,2022,-6.12,-9.55,-14.21,9.22,2.85,10.92,-3.96,
141642,2022,-2.65,-5.03,-7.24,5.85,2.85,8.0,0.26,
120154,2022,0.45,-2.98,-2.13,5.14,2.86,7.71,5.39,
149865,2022,0.07,-2.01,-1.98,2.77,2.86,4.74,2.87,
119019,2022,-4.62,-9.82,-13.42,9.76,2.86,12.05,-2.51,
143704,2022,0.23,-2.74,-3.06,3.09,2.87,5.76,2.79,
135677,2022,-2.51,-10.41,-11.97,12.74,2.88,14.92,0.8,
132183,2022,0.58,-3.45,-2.16,3.56,2.88,6.35,4.2,
118574,2022,-0.13,-2.38,-2.15,4.02,2.89,6.66,4.51,
119351,2021,7.29,14.03,23.49,11.59,2.89,14.78,41.85,
133054,2022,1.96,0.6,2.97,1.86,2.9,4.93,7.52,
119839,2023,0.36,5.28,5.85,3.36,2.91,6.31,12.63,
120261,2022,-4.08,-7.8,-10.91,7.47,2.92,9.65,-2.12,
144466,2022,-0.6,-3.06,-3.05,5.14,2.92,7.73,4.51,
147481,2021,5.27,9.68,16.31,15.38,2.93,18.01,37.53,
118285,2021,8.2,9.3,19.59,11.23,2.94,13.85,36.13,
134923,2022,-7.17,-14.15,-19.31,-5.86,2.94,-0.63,-18.7,
150591,2022,,,,-2.32,2.94,-0.94,-0.94,
143874,2024,11.2,5.39,18.83,20.77,2.94,24.47,48.69,
140347,2022,-0.83,-2.08,-2.49,4.29,2.94,6.93,4.18,
149268,2021,,,,,2.95,2.95,2.95,
118650,2022,2.83,-9.76,-5.98,17.58,2.96,20.23,13.59,
148555,2021,-2.37,14.26,12.15,0.48,2.96,4.17,17.67,
149383,2022,-2.76,-12.01,-14.0,13.04,2.97,14.99,-0.89,
118736,2022,-0.73,-3.15,-3.22,6.77,2.98,9.47,5.91,
120546,2021,-12.11,3.57,-7.14,-2.81,2.99,1.4,-5.01,
118527,2021,10.86,14.75,28.78,7.71,2.99,11.0,43.12,
149268,2024,9.89,3.6,15.39,19.95,2.99,23.96,43.59,
147704,2021,10.59,9.4,22.01,13.53,3.01,16.47,42.31,
149892,2022,4.79,-10.81,-5.37,16.06,3.01,18.31,12.35,
138376,2023,0.67,3.13,3.97,1.49,3.02,4.54,8.85,
149389,2022,-4.67,-10.3,-13.42,15.92,3.02,18.17,2.09,
119721,2022,-1.47,-9.27,-9.87,16.12,3.03,18.6,6.93,
118539,2022,-9.71,-9.13,-16.66,15.56,3.04,17.16,-2.67,
150452,2022,,,,3.17,3.04,4.7,4.7,
149800,2022,2.61,-19.77,-17.13,18.81,3.05,20.59,-1.17,
119700,2021,12.41,11.75,27.74,12.28,3.05,15.49,47.66,
152214,2024,10.9,1.71,13.69,20.49,3.05,24.19,41.7,
134594,2022,0.03,-2.49,-1.98,2.89,3.05,5.73,3.71,
151548,2024,1.25,1.38,2.62,1.86,3.06,4.99,7.69,
148726,2022,-4.6,-10.86,-13.88,15.97,3.06,18.28,2.21,
142038,2022,-0.71,-3.99,-4.24,5.17,3.07,7.99,3.41,
151122,2021,4.45,5.79,11.59,8.46,3.07,11.43,24.17,
119788,2021,-12.16,2.74,-7.6,-2.45,3.08,1.67,-5.12,
148555,2022,-4.18,-8.28,-12.01,3.56,3.08,7.89,-4.17,
120823,2021,12.54,17.69,34.98,12.96,3.09,16.59,57.49,
129212,2022,-5.06,-9.21,-12.46,14.0,3.09,16.7,1.25,
140175,2022,-2.31,-9.93,-11.52,13.55,3.1,15.7,2.15,
148993,2021,,,,8.42,3.11,11.68,11.68,
147622,2022,-4.48,-10.73,-13.64,15.85,3.12,18.22,2.46,
118267,2022,-3.76,-5.3,-7.9,16.31,3.12,18.69,8.9,
147727,2021,10.48,10.48,23.6,8.58,3.12,12.02,38.27,
119781,2021,-11.69,2.84,-7.07,-2.32,3.13,1.92,-4.65,
118663,2021,-12.87,3.61,-7.53,-2.93,3.13,1.34,-5.38,
149679,2022,0.14,-3.14,-2.45,4.97,3.13,7.83,5.24,
115132,2021,-12.35,3.63,-7.51,-2.68,3.15,1.34,-5.32,
147789,2021,4.52,7.38,12.74,6.23,3.15,9.66,24.17,
119839,2021,2.05,4.08,6.19,4.16,3.17,7.58,14.28,
120313,2023,1.3,4.94,6.5,4.88,3.17,7.97,15.15,
119539,2024,2.25,2.4,4.63,3.05,3.17,6.37,11.3,
118477,2023,0.39,4.23,4.79,2.35,3.18,5.6,10.73,
119132,2021,-11.98,3.71,-7.36,-3.01,3.2,1.34,-5.13,
132995,2023,-0.58,7.07,6.62,2.38,3.2,5.6,12.82,
149816,2022,0.53,-20.88,-20.67,-0.22,3.22,3.24,-19.28,
120731,2021,9.63,5.46,17.71,2.25,3.23,5.26,24.57,
120685,2021,-11.89,2.33,-7.48,-2.47,3.24,1.79,-4.9,
149870,2022,1.26,-10.99,-8.49,11.04,3.24,12.97,4.26,
148958,2022,2.43,-0.68,1.9,2.5,3.28,5.47,7.56,
118551,2021,-0.71,14.42,16.24,-0.25,3.28,3.8,21.04,
120416,2022,-5.57,-13.9,-18.14,9.98,3.28,12.7,-7.61,
119382,2024,1.96,1.67,3.61,2.39,3.29,5.82,9.7,
118479,2022,-3.76,-11.45,-13.66,10.6,3.3,12.58,-2.6,
131865,2022,-1.03,-6.05,-6.18,5.17,3.3,8.15,1.78,
135654,2021,5.39,7.21,14.55,11.11,3.3,14.59,30.99,
119517,2021,5.17,7.16,13.45,-1.97,3.31,0.31,13.98,
140444,2022,-0.12,-4.73,-4.18,5.37,3.31,8.09,3.57,
149180,2024,8.29,3.37,11.93,5.87,3.34,9.42,22.42,
118469,2021,24.32,15.68,46.33,8.85,3.34,12.62,65.07,
120587,2022,1.27,1.56,3.62,10.57,3.34,12.62,19.04,
148454,2022,0.2,-4.06,-3.74,1.88,3.35,5.02,1.24,
120377,2022,0.88,-1.62,-0.26,5.5,3.36,8.62,8.16,
149264,2022,-2.09,-6.77,-8.17,6.72,3.37,9.53,0.7,
144466,2023,-0.25,5.09,4.94,2.57,3.38,6.04,11.4,
130722,2023,5.11,1.86,7.11,1.57,3.4,5.08,12.6,
120413,2022,-6.46,-10.7,-15.94,13.81,3.41,16.8,-1.9,
147623,2022,-5.23,-15.87,-18.76,13.71,3.41,17.15,-4.64,
151078,2022,-4.17,-13.54,-16.59,13.95,3.41,16.13,-3.54,
145693,2022,-0.74,-3.72,-4.04,5.25,3.43,8.36,4.0,
143537,2022,-4.01,-7.97,-11.17,9.71,3.45,12.55,-0.22,
149098,2022,-7.09,-16.22,-22.8,4.05,3.46,7.08,-17.13,
148519,2022,-5.43,-15.83,-18.91,13.78,3.46,17.26,-4.71,
144335,2022,-0.27,-4.27,-4.06,5.95,3.47,8.9,4.57,
149283,2022,-5.36,-15.48,-18.54,13.98,3.47,17.48,-4.41,
120473,2021,-11.85,3.16,-7.34,-2.64,3.48,1.59,-4.86,
152183,2023,,,,,3.49,3.49,3.49,
120705,2023,-0.02,4.5,4.55,2.02,3.5,5.59,10.49,
148481,2022,-7.5,-11.96,-17.84,9.36,3.53,11.88,-8.21,
132185,2022,-0.05,-5.84,-4.69,5.38,3.53,8.68,3.74,
148516,2022,-5.06,-10.0,-13.92,9.54,3.53,12.31,-3.09,
120578,2024,1.58,6.89,9.11,13.52,3.53,18.39,31.25,
132140,2024,12.59,4.72,16.92,1.26,3.54,3.77,21.47,
119566,2022,-4.07,-11.98,-14.97,13.03,3.55,15.72,-1.4,
118615,2022,-1.45,-5.78,-6.5,6.85,3.56,9.92,2.64,
148954,2024,11.35,7.51,18.65,2.06,3.57,6.34,25.41,
118473,2021,13.44,13.01,30.68,10.06,3.57,13.92,49.25,
148592,2022,-4.05,-8.05,-11.07,8.67,3.58,11.85,-0.53,
135677,2021,11.54,8.94,23.19,14.17,3.59,18.31,45.87,
120276,2023,0.7,2.91,3.62,0.86,3.61,4.34,8.28,
118624,2021,5.56,8.09,15.1,8.62,3.62,12.24,29.09,
120073,2023,0.77,5.19,5.91,2.12,3.64,5.94,12.16,
150264,2022,-0.89,-9.0,-8.99,9.63,3.65,12.37,2.35,
146010,2022,0.6,-4.08,-2.94,6.32,3.65,9.62,6.56,
134643,2023,-0.36,7.58,7.5,5.56,3.65,9.58,17.99,
119128,2022,0.4,-3.17,-2.1,4.79,3.65,8.32,6.0,
148921,2022,-2.28,-9.74,-11.01,9.45,3.66,12.72,0.39,
118469,2022,-7.11,-9.98,-15.24,16.51,3.66,19.51,1.64,
135601,2021,7.46,11.46,21.08,10.83,3.66,14.43,38.25,
150639,2022,,,,,3.66,3.66,3.66,
149318,2021,,,,,3.67,3.67,3.67,
153029,2024,,,,,3.7,3.7,3.7,
134594,2023,2.94,3.97,7.12,1.93,3.71,5.63,13.28,
151060,2024,4.57,9.57,15.14,4.1,3.71,8.13,25.27,
148634,2021,3.08,9.9,14.7,14.21,3.73,18.02,35.25,
120656,2022,-3.33,-11.3,-13.47,9.73,3.75,12.51,-2.25,
120847,2021,13.65,21.62,41.35,10.43,3.75,14.62,62.17,
119709,2021,4.85,7.86,14.29,10.97,3.76,14.62,30.89,
148751,2021,0.0,12.45,13.01,15.18,3.76,19.33,35.34,
139527,2022,-4.95,-13.71,-17.82,12.3,3.76,16.14,-4.33,
119721,2021,8.26,14.04,24.48,7.33,3.77,11.6,39.11,
149059,2024,10.28,3.15,12.32,6.18,3.78,9.26,22.5,
129193,2022,-2.8,-9.87,-10.99,8.0,3.79,11.37,-0.72,
112039,2022,-4.49,-10.81,-14.11,10.95,3.8,13.98,-1.92,
120313,2022,1.4,-1.71,0.09,3.74,3.81,7.41,7.58,
149570,2022,-1.37,-9.45,-9.68,11.2,3.81,14.19,3.38,
120749,2022,-3.05,-12.76,-14.5,7.0,3.82,10.05,-5.58,
131373,2022,1.4,-1.58,0.14,3.98,3.83,7.57,7.47,
148666,2022,0.12,-5.47,-4.58,7.84,3.85,11.55,6.95,
119118,2022,0.44,-2.85,-1.63,3.8,3.86,7.52,5.96,
119843,2022,0.71,-5.56,-4.14,7.74,3.86,10.67,6.55,
119307,2022,-4.33,-9.28,-12.25,11.74,3.91,15.07,1.0,
152941,2024,,,,,3.95,3.95,3.95,
149170,2022,-1.44,-13.79,-15.93,-0.44,3.97,1.89,-16.26,
131670,2022,-1.09,-4.3,-4.69,6.07,3.99,9.7,4.71,
119566,2021,10.19,7.51,19.78,15.39,4.01,19.35,42.76,
145110,2021,7.23,15.77,25.48,11.55,4.01,15.81,45.55,
150481,2022,,,,-0.84,4.01,2.52,2.52,
151078,2021,6.83,7.52,16.14,8.74,4.01,12.57,30.69,
119711,2023,0.57,11.23,12.97,6.0,4.01,9.97,24.17,
144490,2022,0.75,-2.81,-1.41,4.37,4.01,8.16,6.64,
120616,2023,0.18,4.52,4.8,2.69,4.02,6.72,11.98,
146772,2022,-4.09,-12.01,-15.06,10.69,4.02,13.46,-3.43,
148958,2023,1.05,2.78,4.07,4.98,4.03,9.12,13.56,
149329,2021,,,,,4.03,4.03,4.03,
119783,2024,11.77,3.56,16.79,17.32,4.03,22.44,43.43,
120679,2022,1.56,-1.84,0.37,4.39,4.04,8.46,9.11,
148485,2024,10.35,4.69,14.63,2.55,4.05,7.18,22.7,
132989,2022,1.57,-4.13,-1.49,1.59,4.08,5.32,4.26,
145819,2022,-2.97,-8.27,-10.27,10.52,4.08,13.85,2.27,
118285,2022,-4.35,-10.17,-13.39,12.21,4.09,15.39,-0.06,
118537,2022,-8.36,-17.87,-24.42,-1.92,4.09,2.27,-22.25,
118481,2022,-3.0,-10.09,-11.94,12.68,4.1,16.59,3.01,
145454,2022,-7.14,-11.78,-17.91,8.7,4.14,13.68,-5.98,
119549,2022,-2.4,-8.96,-10.25,11.35,4.15,14.64,3.11,
120826,2021,5.67,11.6,20.2,9.98,4.16,14.73,37.73,
118486,2023,0.51,4.8,5.42,1.67,4.16,5.9,11.82,
120392,2022,-3.88,-11.6,-14.28,10.0,4.17,13.25,-2.94,
120405,2021,14.21,14.8,32.76,12.2,4.17,17.14,56.02,
118678,2022,-1.66,-10.52,-11.24,11.7,4.18,14.79,1.76,
148980,2022,-5.14,-12.69,-16.47,12.37,4.19,15.54,-3.19,
118692,2022,1.24,-8.45,-6.06,9.9,4.2,13.22,6.82,
119354,2022,-2.43,-14.28,-15.78,11.44,4.2,15.34,-3.0,
147928,2022,-8.12,-13.62,-20.03,6.59,4.2,10.24,-11.4,
120351,2021,14.16,8.48,25.14,13.87,4.2,18.45,48.26,
149134,2022,0.75,-4.04,-2.78,4.72,4.21,8.6,5.79,
147492,2022,-5.71,-7.78,-12.26,10.1,4.22,13.48,-0.79,
149717,2022,0.0,-4.9,-4.5,8.02,4.22,11.78,6.64,
150597,2022,,,,-7.8,4.22,-1.84,-1.84,
119364,2022,-4.13,-11.01,-13.91,16.78,4.23,20.54,3.38,
120046,2021,5.73,9.47,17.05,11.06,4.23,15.6,35.34,
146643,2022,-2.72,-6.06,-7.67,9.87,4.24,13.44,5.75,
133035,2022,-0.42,-6.61,-6.25,8.49,4.24,12.3,5.41,
125711,2022,-1.26,-6.82,-7.24,6.93,4.24,10.19,2.06,
144835,2022,-1.46,-10.92,-11.47,12.94,4.25,16.72,3.17,
119252,2024,10.42,3.5,13.14,2.61,4.26,6.65,19.79,
120333,2022,-1.38,-6.29,-6.72,8.33,4.26,12.23,4.26,
120186,2021,10.97,7.99,21.0,-2.2,4.27,3.22,25.46,
149601,2022,-2.02,-7.31,-8.62,9.3,4.27,13.0,3.23,
147406,2022,-0.71,-2.89,-3.11,4.27,4.28,7.43,3.93,
118491,2023,0.22,4.32,4.7,1.48,4.29,5.79,10.58,
119709,2022,-3.27,-11.53,-13.73,8.72,4.29,11.71,-2.9,
152564,2024,,4.4,4.4,17.44,4.3,22.71,29.08,
118574,2023,0.34,3.9,4.35,2.96,4.31,7.43,12.22,
150470,2022,,,,-1.1,4.31,2.52,2.52,
118950,2021,9.49,8.31,20.4,10.55,4.33,17.28,41.1,
147840,2022,-0.32,-11.84,-10.88,11.65,4.33,14.68,2.48,
129200,2022,-3.63,-11.79,-13.33,9.55,4.33,13.38,-1.58,
118543,2022,0.46,-5.82,-3.83,7.42,4.33,11.44,7.44,
120357,2022,-5.39,-10.34,-14.53,13.08,4.34,16.85,-0.39,
134387,2024,2.21,2.68,4.9,3.11,4.34,7.56,12.88,
119835,2021,12.91,11.53,27.48,12.6,4.34,17.58,50.3,
126353,2021,6.8,4.22,12.97,-1.78,4.34,1.24,15.55,
118272,2022,-2.22,-8.03,-9.48,8.49,4.34,12.16,1.55,
118620,2022,-2.04,-10.89,-12.05,10.68,4.37,14.19,0.38,
150159,2022,-3.24,-11.76,-13.99,9.86,4.37,13.33,-2.54,
120760,2022,-0.37,-7.65,-7.48,9.16,4.38,13.27,4.7,
148822,2022,-5.02,-5.28,-9.67,6.69,4.38,10.02,0.0,
148474,2021,8.45,8.0,18.66,17.11,4.41,21.76,44.69,
119602,2024,8.57,-0.7,7.53,3.15,4.41,6.62,15.2,
148883,2022,-4.87,-9.18,-12.89,13.46,4.42,17.34,2.12,
149406,2022,-0.13,-5.26,-4.62,6.34,4.42,9.88,4.81,
119544,2022,-4.68,-9.03,-12.45,8.94,4.44,12.66,-1.74,
150206,2023,0.68,4.64,5.44,2.08,4.45,6.67,12.58,
129212,2021,15.17,9.7,27.45,12.35,4.45,17.59,49.58,
117608,2022,1.13,-3.11,-1.51,3.34,4.51,7.57,6.16,
151060,2023,1.11,7.26,8.44,3.82,4.51,8.83,17.95,
140256,2023,1.54,-5.2,-3.28,-1.42,4.52,1.8,-1.19,
123654,2021,9.2,5.55,15.94,-0.64,4.54,2.62,19.41,
140347,2023,0.47,4.94,5.57,3.57,4.54,8.25,14.48,
149318,2022,-0.7,-14.5,-14.82,16.19,4.55,19.57,2.94,
147750,2021,4.83,10.2,16.31,15.19,4.56,20.3,39.83,
143163,2022,-1.06,-7.82,-8.28,8.9,4.56,12.85,3.32,
152150,2023,,,,,4.57,4.57,4.57,
144312,2023,-0.22,4.84,4.77,2.48,4.57,7.09,12.36,
134923,2021,10.04,6.93,19.28,-1.72,4.58,4.33,25.42,
118834,2022,-4.39,-9.56,-12.71,8.05,4.59,11.78,-1.98,
148750,2022,0.08,-5.96,-5.51,3.78,4.59,7.74,1.88,
132186,2022,-0.89,-8.83,-7.87,7.86,4.61,12.14,3.47,
149533,2022,-1.88,-13.58,-14.31,11.93,4.63,16.0,-0.69,
119118,2023,0.62,5.0,5.77,3.2,4.63,7.91,14.29,
147481,2022,-2.37,-6.62,-7.48,9.1,4.63,13.83,5.76,
149343,2022,-2.87,-10.24,-11.74,12.86,4.63,16.62,2.75,
120348,2022,-2.95,-9.13,-10.88,12.35,4.64,16.26,3.8,
118531,2022,-4.66,-8.63,-12.1,6.83,4.65,10.44,-2.63,
119700,2022,-1.85,-7.19,-7.7,14.0,4.65,18.73,8.39,
149261,2022,-0.11,-4.04,-3.67,5.71,4.65,9.93,5.93,
130543,2022,-0.67,-5.01,-4.95,8.37,4.65,12.85,7.48,
148035,2022,-1.5,-7.95,-6.57,8.23,4.65,12.65,4.9,
151040,2021,16.82,11.68,31.66,14.3,4.67,19.16,57.09,
147623,2021,12.87,19.0,36.92,10.28,4.69,15.75,59.41,
120267,2022,-3.66,-12.28,-14.61,9.98,4.69,13.79,-2.66,
148519,2021,12.96,18.97,37.01,10.46,4.72,15.99,59.85,
148954,2021,,3.6,3.6,0.48,4.73,4.53,8.29,
142388,2021,12.35,11.1,25.65,18.18,4.73,24.61,56.44,
120599,2022,-2.38,-8.63,-10.03,11.4,4.79,15.64,4.15,
118546,2022,-2.1,-7.01,-7.98,9.46,4.79,13.72,4.86,
150376,2022,,,,0.36,4.8,3.69,3.69,
148595,2022,-3.39,-10.04,-13.22,7.5,4.8,11.89,-2.39,
145396,2022,-1.57,-8.46,-9.38,9.58,4.81,14.07,3.44,
151952,2023,,,,1.56,4.81,6.43,6.43,
148539,2022,-1.98,-12.59,-13.77,10.92,4.82,14.85,-0.62,
141226,2022,-1.07,-13.2,-12.89,13.78,4.83,17.18,2.35,
147789,2022,-2.98,-5.3,-7.67,2.58,4.84,6.97,-1.33,
120079,2022,-2.62,-11.73,-13.32,10.56,4.84,14.41,-0.64,
148637,2021,5.46,7.94,14.8,16.28,4.85,21.73,39.62,
142388,2023,-5.72,19.21,13.57,12.78,4.87,19.85,36.64,
135654,2022,-5.12,-10.5,-14.02,10.63,4.87,14.89,-1.46,
153025,2024,,,,,4.88,4.88,4.88,
120046,2022,-4.61,-13.83,-16.86,10.65,4.9,14.6,-4.8,
149669,2021,8.52,12.28,23.09,13.59,4.91,19.13,46.87,
149847,2022,4.47,-11.92,-7.4,11.27,4.91,15.13,7.48,
147183,2022,-5.98,-7.24,-11.64,13.21,4.92,17.57,3.66,
147473,2022,-2.11,-10.25,-11.36,11.44,4.95,15.46,1.97,
119250,2022,-4.95,-8.93,-12.86,10.64,4.98,14.7,0.9,
119350,2022,-4.82,-9.99,-13.94,13.96,5.02,18.45,1.82,
119131,2022,-1.32,-4.07,-4.68,4.99,5.02,9.69,4.74,
119602,2021,5.2,8.45,15.17,-2.68,5.03,3.4,19.6,
120592,2022,-1.61,-10.38,-10.99,9.97,5.03,14.34,1.64,
134813,2022,-2.1,-7.46,-8.75,7.82,5.04,12.19,2.48,
118551,2024,15.59,5.03,21.18,3.76,5.06,7.66,30.68,
118473,2022,-0.35,-11.36,-10.67,11.55,5.07,16.38,4.18,
136567,2023,-0.32,5.22,5.07,2.24,5.07,7.29,12.82,
149303,2022,0.69,-10.03,-9.14,13.24,5.09,18.0,8.02,
148883,2021,,6.02,6.02,11.82,5.1,16.95,23.87,
120665,2022,-3.26,-8.51,-10.27,10.24,5.1,14.79,3.68,
147346,2021,11.24,10.73,24.14,9.73,5.1,14.59,42.58,
125597,2023,-5.25,16.42,11.11,5.51,5.11,11.25,25.16,
119218,2022,-3.68,-8.61,-11.06,11.73,5.12,16.29,4.14,
120674,2022,-1.6,-6.22,-6.68,7.42,5.13,12.17,5.07,
135800,2022,-6.4,-20.81,-25.85,-0.29,5.15,4.04,-22.7,
119354,2021,8.47,10.0,21.12,16.75,5.17,22.39,48.8,
152863,2024,,,,-0.6,5.17,5.59,5.59,
149679,2023,-1.82,7.85,6.22,4.38,5.18,9.67,16.66,
118784,2022,-0.25,-11.15,-10.5,11.8,5.18,16.4,4.05,
151731,2023,,-13.59,-13.59,2.16,5.22,5.27,-7.99,
148381,2024,10.39,4.24,14.86,5.65,5.25,10.22,27.03,
147446,2022,0.53,-8.89,-7.82,8.71,5.27,13.58,5.19,
152237,2024,3.36,13.91,21.15,12.69,5.29,19.99,47.62,
148485,2021,6.82,9.87,18.0,0.3,5.3,4.66,23.88,
120242,2022,-4.93,-7.72,-11.55,10.79,5.3,15.92,2.54,
149830,2022,5.23,-14.0,-9.14,-2.87,5.32,5.57,-2.98,
120158,2022,-0.01,-9.42,-8.63,12.37,5.33,16.92,6.93,
152087,2023,,,,,5.34,5.34,5.34,
120751,2022,-2.41,-10.14,-11.47,11.62,5.34,16.28,3.63,
133801,2022,-1.16,-3.62,-4.22,16.07,5.38,21.3,15.62,
119351,2022,-6.37,-11.91,-17.07,14.15,5.4,19.07,-1.22,
148564,2021,11.91,17.93,34.49,16.05,5.43,22.28,64.92,
153023,2024,,,,,5.44,5.44,5.44,
150260,2022,0.1,-7.61,-6.99,7.93,5.45,12.74,4.71,
145693,2023,-0.99,6.5,5.68,3.24,5.45,8.86,15.23,
118825,2022,-3.07,-9.01,-10.89,8.59,5.47,13.16,1.06,
150440,2022,,,,-1.3,5.47,1.87,1.87,
139781,2022,-1.76,-10.78,-11.5,10.73,5.48,15.36,2.55,
135781,2022,-3.5,-9.5,-11.68,7.9,5.5,12.65,-0.26,
119243,2021,18.91,8.03,29.67,12.87,5.51,18.78,53.91,
120251,2022,3.57,-5.86,-1.39,7.98,5.51,13.63,11.12,
131355,2023,-0.99,8.85,8.11,2.48,5.52,8.29,17.42,
147625,2022,-1.89,-10.94,-11.49,10.96,5.54,15.61,2.37,
149700,2022,-2.78,-8.24,-9.77,7.58,5.54,12.31,0.93,
119275,2021,10.23,5.9,18.9,0.99,5.54,6.85,28.0,
119960,2023,0.45,4.79,5.37,2.16,5.54,7.65,13.65,
118537,2021,5.82,9.0,17.25,12.65,5.57,18.6,39.37,
119779,2022,-5.95,-8.5,-13.6,-5.81,5.58,0.06,-14.5,
119727,2021,6.29,11.95,19.78,13.69,5.59,20.47,43.95,
148600,2022,-2.87,-8.54,-9.85,5.88,5.59,11.09,0.75,
120594,2022,-6.92,-20.09,-25.52,-1.05,5.59,3.72,-22.9,
132183,2023,0.77,4.73,5.66,3.79,5.61,9.52,15.99,
120728,2022,-3.56,-8.86,-10.84,15.8,5.62,20.88,7.75,
120819,2022,2.55,-7.25,-3.77,14.21,5.62,18.47,13.93,
149830,2024,10.66,3.24,14.16,6.3,5.63,11.29,27.39,
118269,2022,-3.26,-9.77,-11.8,9.59,5.67,14.36,0.82,
146549,2022,-1.93,-9.4,-10.02,9.06,5.7,13.57,2.21,
120847,2022,2.53,-11.53,-8.02,18.38,5.7,22.54,12.54,
152082,2024,8.54,6.12,16.23,22.29,5.71,29.42,51.79,
150521,2022,,,,0.37,5.73,4.78,4.78,
130498,2022,-1.44,-8.77,-8.81,12.15,5.74,17.28,7.15,
118559,2023,-1.95,-1.0,-2.86,-6.76,5.74,-2.28,-3.49,
147346,2023,-1.65,12.37,11.42,9.33,5.75,15.23,28.04,
148646,2021,-2.55,5.36,2.86,-3.04,5.76,2.44,5.12,
119128,2023,-0.08,5.18,5.21,3.33,5.76,9.15,15.06,
120154,2023,0.25,5.33,5.74,2.82,5.77,8.64,15.19,
118624,2022,-1.25,-6.42,-6.89,9.2,5.77,14.51,6.3,
144490,2023,0.45,6.06,6.73,3.39,5.77,9.17,16.7,
119271,2023,-0.76,-4.02,-4.32,-5.53,5.78,-2.48,-6.41,
147648,2023,2.03,2.17,4.21,-4.12,5.78,0.54,6.07,
148962,2022,-0.59,-9.93,-9.37,11.14,5.8,16.2,5.93,
148903,2022,0.87,-4.53,-2.78,6.33,5.81,12.04,9.22,
148609,2022,-2.31,-8.85,-9.89,11.99,5.81,17.28,6.15,
151905,2023,,,,-0.2,5.81,6.24,6.24,
118267,2021,17.93,10.9,31.7,13.05,5.82,18.99,56.62,
149331,2022,-2.04,-10.11,-11.01,11.47,5.82,16.67,3.27,
146457,2023,0.48,7.55,8.16,2.6,5.82,8.83,17.74,
119053,2022,-1.33,-5.01,-5.48,8.62,5.82,14.11,7.72,
149455,2023,-1.86,-7.57,-6.11,2.72,5.83,5.62,-0.49,
148747,2022,-0.54,-8.65,-8.68,5.44,5.85,10.55,0.96,
152349,2024,-0.87,5.27,5.52,22.6,5.85,30.03,38.41,
148404,2022,-4.07,-12.91,-15.62,13.22,5.85,18.63,-0.24,
141877,2022,-0.65,-9.87,-9.37,11.39,5.86,16.53,6.22,
149107,2022,-1.31,-9.92,-10.02,11.32,5.86,16.45,5.39,
138386,2022,-6.26,-8.84,-13.86,8.06,5.87,13.47,-2.8,
145075,2022,-1.17,-6.03,-6.3,9.11,5.88,14.71,7.3,
119528,2022,-1.9,-9.91,-10.7,9.81,5.89,14.97,2.9,
150310,2022,,-4.61,-4.61,9.51,5.95,15.36,10.73,
119242,2022,-1.38,-9.87,-10.05,9.88,5.95,15.2,4.02,
148404,2021,7.65,16.98,27.11,9.92,5.95,16.46,47.78,
120152,2022,-2.79,-9.38,-10.95,9.2,5.97,14.35,1.97,
118632,2022,1.03,-8.79,-6.59,12.21,6.0,17.91,10.68,
148457,2022,0.29,-6.6,-5.68,3.21,6.01,9.49,3.74,
120494,2022,-3.3,-12.29,-14.53,11.68,6.01,16.6,0.03,
149321,2023,-3.68,13.79,10.14,1.03,6.03,7.41,19.54,
149261,2023,-0.52,7.4,7.06,1.56,6.05,7.45,15.67,
148053,2022,1.17,-6.29,-4.53,7.36,6.06,13.25,8.15,
119202,2022,-2.92,-5.71,-7.69,14.47,6.09,20.41,11.05,
149780,2023,5.01,-4.0,0.72,2.88,6.09,5.33,7.42,
119711,2021,7.49,12.49,21.02,8.66,6.09,15.41,39.88,
119172,2021,9.58,12.06,23.5,11.08,6.09,17.51,45.28,
140444,2023,-1.13,6.31,5.27,4.51,6.11,10.76,16.93,
120030,2022,-3.83,-10.97,-13.61,10.4,6.12,15.58,-0.06,
120539,2022,-7.22,-20.33,-25.87,0.61,6.12,5.88,-21.28,
132140,2022,-3.84,-12.59,-16.55,-3.72,6.13,1.86,-15.74,
118794,2022,-0.26,-7.61,-6.94,8.41,6.14,14.05,6.17,
148500,2022,-1.92,-10.28,-11.17,10.63,6.15,15.97,3.07,
118866,2022,0.44,-9.08,-7.97,8.23,6.16,14.45,5.91,
141248,2022,-4.55,-10.42,-13.38,8.46,6.17,13.9,-1.14,
149868,2022,2.18,-10.41,-7.33,9.6,6.19,14.75,6.31,
141808,2022,-2.7,-8.66,-10.12,8.92,6.21,14.46,3.12,
149141,2022,-1.33,-12.04,-12.69,10.46,6.23,16.24,1.74,
149298,2022,-0.76,-16.93,-16.62,-9.0,6.23,-2.25,-17.94,
149832,2022,4.71,-10.53,-5.16,9.84,6.24,15.06,9.15,
147496,2023,-0.22,5.74,5.63,1.88,6.24,8.2,14.43,
149936,2022,0.0,-11.68,-11.49,13.18,6.28,18.77,5.96,
119598,2022,-2.41,-8.47,-9.78,8.96,6.3,14.49,3.79,
148658,2023,0.25,8.24,8.78,0.69,6.31,6.96,16.97,
119060,2022,-2.31,-6.33,-7.25,11.26,6.34,17.48,9.09,
147666,2022,-1.03,-10.41,-10.24,9.8,6.34,15.11,3.3,
119062,2023,-0.48,9.03,8.53,2.5,6.36,9.12,19.1,
145599,2022,-1.94,-7.66,-8.42,8.05,6.38,13.92,4.42,
149919,2022,0.52,-3.49,-2.11,6.47,6.39,12.01,11.55,
150187,2022,-1.53,-8.75,-9.28,8.79,6.39,14.49,3.82,
145897,2022,3.51,-4.75,0.56,13.31,6.41,20.34,19.4,
120575,2021,2.73,10.84,15.35,9.12,6.41,16.36,34.75,
148564,2022,5.95,-12.33,-5.62,18.73,6.41,23.74,16.8,
140296,2021,5.57,8.11,14.77,-2.47,6.42,3.06,17.9,
148760,2022,-2.15,-13.86,-15.94,-4.91,6.44,4.55,-11.69,
152964,2024,,,,,6.48,6.48,6.48,
149760,2023,5.21,-4.0,0.6,2.95,6.49,5.26,7.35,
152169,2023,,,,,6.5,6.5,6.5,
149441,2022,0.44,-4.55,-3.53,1.82,6.5,9.16,5.71,
148737,2021,0.6,1.86,2.97,0.24,6.5,5.86,9.42,
149368,2022,-3.17,-8.11,-9.84,14.39,6.51,20.59,9.39,
135120,2023,-0.38,5.91,5.62,3.37,6.52,10.16,16.65,
130543,2023,0.14,9.01,9.42,5.53,6.53,12.62,23.63,
149295,2022,-2.26,-9.5,-10.3,10.89,6.55,16.88,5.3,
119364,2021,15.33,13.41,31.22,9.13,6.55,16.65,53.4,
111549,2022,-1.41,-7.2,-7.11,8.02,6.55,14.13,6.34,
118803,2022,0.18,-10.64,-9.44,10.9,6.55,16.91,6.0,
132756,2022,-0.83,-10.57,-10.36,11.56,6.55,17.77,5.55,
149185,2022,-1.94,-8.28,-9.0,15.31,6.57,21.31,10.43,
152915,2024,,,,,6.57,6.57,6.57,
148474,2022,-3.0,-13.14,-15.41,10.63,6.58,16.48,-1.26,
131373,2023,0.35,5.34,5.87,3.32,6.58,10.02,16.81,
120688,2022,-1.28,-6.7,-6.91,8.31,6.6,14.84,6.98,
120700,2022,-2.24,-7.08,-8.35,8.39,6.6,14.78,5.49,
120821,2021,6.79,28.05,39.65,5.3,6.61,12.12,56.44,
144335,2023,0.13,6.92,7.1,2.6,6.61,9.17,17.19,
150615,2023,3.82,-4.12,0.38,2.21,6.63,5.26,7.04,
147541,2022,-6.09,-7.56,-12.03,11.27,6.65,17.55,3.34,
120043,2023,0.84,2.6,3.39,-5.41,6.66,-0.46,4.38,
151603,2023,,-8.32,-8.32,2.72,6.68,5.09,-2.39,
117608,2023,0.47,4.44,4.99,1.76,6.69,8.25,14.01,
134923,2024,12.48,0.98,13.87,2.81,6.69,8.7,23.29,
120596,2022,-0.03,-6.56,-5.11,10.49,6.7,17.11,11.11,
118527,2022,0.32,-4.85,-3.21,2.56,6.72,8.78,5.22,
119514,2022,-3.51,-11.95,-13.43,17.86,6.72,24.81,7.65,
118935,2022,-2.98,-11.66,-13.33,11.6,6.73,18.09,2.72,
127850,2022,10.83,-6.8,4.07,5.55,6.75,11.58,15.95,
118763,2022,-4.34,-9.46,-12.12,19.15,6.75,26.22,10.35,
131670,2023,-1.09,8.02,7.09,3.05,6.76,9.89,18.09,
118540,2022,-2.92,-10.16,-11.51,11.75,6.76,17.96,4.92,
130493,2022,-3.75,-7.46,-11.45,-1.38,6.77,5.61,-5.71,
119835,2022,-2.7,-4.56,-5.99,12.55,6.79,19.08,12.06,
150539,2022,,,,-1.9,6.8,4.99,4.99,
119773,2022,-0.01,-10.43,-9.67,12.12,6.81,18.37,6.97,
119062,2022,-0.52,-6.93,-6.45,8.7,6.81,15.26,7.8,
129312,2022,2.06,-8.4,-5.49,9.98,6.86,17.09,9.89,
149134,2023,0.68,7.96,8.94,3.85,6.87,10.79,21.05,
150737,2023,5.36,-3.85,0.61,2.8,6.9,5.38,7.43,
118617,2022,-2.13,-9.9,-10.83,10.3,6.93,16.52,3.61,
126393,2023,-1.12,7.98,6.95,3.6,6.93,10.8,18.67,
120524,2023,-2.45,8.4,6.09,1.68,6.94,8.66,15.85,
120821,2022,3.25,-9.89,-5.32,14.06,6.95,20.61,14.07,
146010,2023,-0.39,7.22,6.96,3.56,6.98,10.61,18.7,
118543,2023,-0.96,7.04,6.22,8.13,6.98,15.78,23.35,
120377,2023,-0.29,5.71,5.73,3.81,6.99,10.93,17.48,
149329,2024,14.34,4.68,20.77,-1.28,7.01,6.61,28.29,
120490,2022,-2.08,-10.51,-11.43,10.05,7.03,15.98,2.77,
144394,2023,-2.91,9.99,7.34,1.94,7.03,9.17,17.53,
120334,2022,4.98,-3.89,1.98,7.24,7.04,15.11,16.63,
135601,2022,0.04,-10.45,-9.35,9.04,7.04,15.68,4.87,
150470,2023,-1.02,8.57,7.73,4.08,7.05,11.36,20.23,
133386,2022,-7.16,-10.07,-15.91,13.3,7.05,19.72,1.68,
151911,2023,,,,7.28,7.05,15.24,15.24,
135341,2022,-2.31,-9.51,-10.51,7.57,7.05,14.32,2.86,
118489,2023,-0.44,8.08,7.81,2.16,7.07,9.39,18.22,
149180,2021,,,,,7.09,7.09,7.09,
119247,2022,-1.14,-6.69,-6.73,15.54,7.09,22.61,13.81,
118881,2022,-1.21,-9.72,-9.74,8.73,7.1,15.01,3.85,
120679,2023,1.09,5.72,7.08,3.97,7.13,11.11,19.19,
148507,2022,-1.99,-9.64,-10.5,9.54,7.13,16.14,3.9,
148947,2022,-1.73,-11.96,-12.55,9.67,7.16,15.96,1.78,
118769,2022,0.81,-11.38,-9.67,11.92,7.18,18.37,6.66,
149250,2022,-1.04,-10.0,-9.9,8.86,7.19,15.29,3.6,
151157,2022,-0.75,-10.18,-9.8,8.81,7.21,15.25,3.77,
147864,2022,-2.34,-9.48,-10.9,11.59,7.22,18.8,5.45,
148481,2021,6.56,9.35,17.65,13.64,7.23,21.55,42.8,
151745,2023,,1.85,1.85,1.56,7.23,8.61,10.92,
120722,2022,-1.59,-8.01,-8.72,9.82,7.24,16.39,6.16,
119160,2022,-1.82,-10.57,-11.22,9.33,7.25,15.92,3.05,
138312,2022,-5.2,-8.29,-11.89,9.23,7.25,16.11,1.73,
150481,2023,-0.29,6.95,6.8,5.82,7.25,13.58,21.53,
119133,2022,-2.76,-9.13,-10.41,9.71,7.26,16.21,4.08,
119287,2022,-0.93,-9.96,-9.72,8.7,7.26,15.29,3.86,
119648,2022,-0.78,-10.26,-9.92,8.77,7.26,15.26,3.65,
118791,2022,-0.95,-10.0,-9.78,8.78,7.27,15.39,3.9,
119065,2022,-2.04,-10.03,-10.8,8.79,7.27,15.4,2.71,
149373,2022,-0.86,-10.1,-9.85,8.78,7.27,15.29,3.75,
141841,2022,-0.97,-10.01,-9.8,8.8,7.27,15.42,3.88,
148978,2022,-0.69,-10.19,-9.76,8.81,7.28,15.33,3.88,
147794,2022,-0.78,-10.19,-9.84,8.87,7.29,15.4,3.86,
118419,2022,-2.41,-9.68,-10.93,12.88,7.29,19.56,6.71,
119288,2022,-0.77,-10.13,-9.78,8.85,7.29,15.4,3.93,
149775,2023,5.0,-4.21,0.27,2.99,7.3,5.5,7.01,
151267,2023,-0.7,8.65,8.08,3.01,7.3,10.5,19.69,
118741,2022,-0.81,-10.2,-9.88,8.82,7.3,15.35,3.77,
146376,2022,-0.78,-10.21,-9.86,8.82,7.3,15.35,3.79,
120620,2022,-0.82,-10.13,-9.82,8.85,7.3,15.37,3.77,
118950,2022,0.11,-5.2,-3.5,13.81,7.31,21.19,17.22,
148574,2022,-1.31,-10.77,-11.35,7.45,7.31,13.5,0.7,
118482,2022,-0.64,-10.14,-9.66,8.88,7.31,15.43,4.14,
119063,2022,-1.79,-10.22,-10.79,8.82,7.31,15.36,2.73,
150390,2022,,,,-1.63,7.31,4.27,4.27,
139527,2021,9.17,18.39,30.18,10.29,7.32,18.72,54.83,
148651,2022,0.92,-5.97,-4.16,8.21,7.33,15.54,10.55,
149039,2022,-0.77,-10.25,-9.89,8.84,7.34,15.41,3.81,
152651,2024,,2.68,2.68,19.19,7.37,29.35,34.5,
119727,2023,-2.78,13.26,11.01,5.53,7.4,13.31,26.39,
120186,2022,-1.95,-12.55,-13.79,-3.64,7.41,6.76,-6.9,
120834,2022,1.01,-10.06,-7.96,14.75,7.43,20.82,10.28,
135677,2023,-2.39,14.81,12.34,4.47,7.43,12.42,27.03,
118494,2022,0.3,-7.77,-5.8,13.99,7.43,21.04,14.5,
150597,2024,11.59,4.43,17.25,4.31,7.44,10.75,30.35,
120586,2022,-0.62,-8.55,-8.22,8.71,7.45,15.87,6.11,
148954,2022,-7.83,-17.36,-24.52,-1.95,7.45,5.49,-20.28,
132989,2023,0.97,3.49,4.48,3.0,7.49,10.22,15.47,
152760,2024,,,,8.95,7.49,17.5,17.5,
120587,2023,2.88,12.51,15.46,0.1,7.49,7.13,25.05,
149717,2023,-2.91,6.76,3.85,3.12,7.52,10.72,15.46,
151885,2023,,,,2.27,7.52,9.68,9.68,
119646,2023,-5.33,13.96,8.57,7.74,7.52,15.58,25.51,
150468,2022,,,,-10.02,7.52,-4.17,-4.17,
120043,2022,-3.57,-8.54,-11.72,-11.19,7.53,-3.95,-15.36,
149329,2022,-8.79,-22.98,-29.92,-5.06,7.55,1.38,-33.37,
148750,2023,0.03,5.69,5.9,1.86,7.55,9.25,15.93,
150581,2023,5.71,-3.37,1.77,1.11,7.59,6.5,9.37,
119609,2023,-3.16,9.07,6.07,3.86,7.61,11.74,18.85,
147704,2022,-8.25,-10.51,-17.51,14.95,7.63,22.3,1.9,
152102,2023,,,,,7.64,7.64,7.64,
151129,2023,-0.3,6.34,6.22,4.24,7.66,11.95,19.2,
151307,2023,-0.51,9.52,9.08,2.99,7.69,10.68,21.26,
132185,2023,-0.25,6.9,6.81,4.87,7.7,12.85,20.89,
142038,2023,-0.12,5.85,5.85,2.64,7.73,10.51,17.19,
119723,2022,-3.02,-8.07,-9.69,10.07,7.76,17.31,6.38,
148928,2021,,15.9,15.9,-3.71,7.76,2.95,19.31,
150595,2023,4.74,7.49,11.93,-9.79,7.77,-6.39,5.79,
118481,2021,17.1,15.45,37.5,10.42,7.81,18.96,64.6,
149882,2023,-4.95,12.81,7.75,6.52,7.82,15.1,24.52,
119252,2021,9.52,4.94,17.55,-0.8,7.83,5.71,24.87,
151122,2023,-1.09,12.02,10.4,4.8,7.84,13.32,25.32,
150443,2023,-6.56,23.29,16.27,6.03,7.85,14.97,34.99,
119252,2022,-0.19,-10.72,-11.9,-1.4,7.85,6.3,-5.08,
120682,2023,-3.26,12.99,9.85,4.84,7.85,12.65,23.31,
148721,2022,-1.05,-11.56,-11.64,5.4,7.87,12.36,0.22,
120823,2022,1.76,-13.86,-10.9,17.3,7.89,23.91,10.53,
148623,2023,-3.78,13.99,10.38,3.7,7.9,11.81,24.56,
148353,2022,-5.54,-10.47,-14.36,10.29,7.92,17.51,0.6,
143163,2023,-1.47,10.19,8.66,4.45,7.95,12.52,22.73,
129193,2023,-1.34,8.81,7.49,4.4,7.97,12.54,21.32,
150624,2023,-2.72,13.44,10.62,4.61,7.99,12.96,25.39,
120546,2022,5.96,-1.83,4.64,-2.71,8.01,5.79,12.36,
120531,2022,4.76,-0.93,5.27,-3.64,8.02,3.86,12.07,
118968,2022,2.44,-3.46,0.39,8.61,8.02,16.73,17.41,
118868,2023,-4.73,12.14,7.55,1.55,8.02,9.95,19.26,
118736,2023,-1.22,6.82,5.77,4.08,8.07,12.43,19.18,
119788,2022,6.26,-0.49,5.41,-3.07,8.12,5.23,12.54,
134813,2023,-2.45,9.96,7.61,3.96,8.14,12.3,21.19,
119769,2022,-0.7,-9.8,-9.52,11.32,8.15,18.87,7.48,
133035,2023,-1.43,8.83,7.41,4.87,8.19,13.19,21.89,
148053,2023,-1.24,7.94,6.86,4.13,8.2,12.51,20.71,
140274,2021,12.5,6.84,19.91,-0.05,8.21,6.72,28.97,
120833,2022,0.2,-11.61,-9.5,18.55,8.22,25.79,13.89,
127071,2023,4.51,-0.8,3.47,-1.75,8.24,5.07,9.76,
149098,2024,17.78,9.35,27.11,1.69,8.26,10.06,38.59,
146772,2023,-2.07,14.98,12.3,7.4,8.27,16.8,31.27,
120473,2022,5.56,-0.93,5.24,-2.58,8.28,5.66,12.35,
119053,2023,-1.64,8.2,6.68,2.11,8.28,10.36,18.74,
150714,2022,,,,,8.3,8.3,8.3,
120244,2023,-4.76,13.5,8.71,1.2,8.31,9.02,19.42,
140382,2023,-1.89,10.03,8.4,4.04,8.33,12.54,22.37,
149601,2023,-4.26,8.62,4.24,4.09,8.33,12.57,17.74,
135813,2022,2.31,-17.88,-15.04,12.63,8.34,20.62,1.51,
120517,2023,-1.37,10.56,9.3,4.0,8.35,12.76,23.55,
119271,2022,-1.86,-12.48,-14.49,-8.02,8.36,0.31,-13.01,
149098,2021,,,,-2.39,8.38,4.49,4.49,
119018,2022,-0.5,-7.72,-6.71,8.26,8.39,16.45,8.47,
147789,2023,-1.24,7.93,6.69,3.31,8.41,12.06,19.81,
120833,2021,15.82,24.89,47.71,13.63,8.42,23.27,81.86,
118663,2022,5.64,-1.83,4.76,-2.73,8.44,5.43,11.96,
148760,2021,1.0,9.51,12.02,-2.23,8.44,7.75,21.24,
150428,2023,-4.49,13.79,9.05,8.81,8.44,18.2,28.67,
149441,2023,0.65,5.21,6.08,1.31,8.47,8.97,16.01,
132140,2021,2.94,12.43,16.88,-0.42,8.48,7.21,25.23,
115132,2022,6.01,-1.83,4.81,-2.72,8.51,5.53,12.1,
120484,2022,-1.33,-6.96,-7.23,8.33,8.52,16.19,7.82,
118557,2022,-3.58,-7.06,-8.88,14.46,8.53,22.54,10.94,
151384,2023,0.63,12.72,14.09,1.41,8.55,10.13,27.04,
119131,2023,0.45,6.29,6.96,2.95,8.58,11.32,19.35,
149910,2024,10.47,7.71,19.26,1.78,8.58,9.01,30.89,
148063,2021,-1.91,7.94,9.77,-2.33,8.59,5.35,15.08,
119781,2022,5.92,-1.49,4.0,-2.62,8.62,5.54,11.63,
150642,2023,5.95,-3.26,1.89,0.33,8.62,7.11,9.98,
119019,2023,-1.16,11.31,10.56,5.78,8.62,14.9,27.44,
148381,2022,-1.51,-12.22,-14.62,-0.61,8.63,6.85,-9.58,
120685,2022,6.29,-1.1,5.51,-3.05,8.64,5.66,13.27,
120662,2023,-2.85,13.3,10.49,2.71,8.64,11.51,23.29,
119779,2023,-1.47,-0.47,-1.9,-2.04,8.65,4.74,4.5,
149858,2023,-3.52,10.15,6.8,-1.14,8.66,6.98,15.3,
148592,2023,-2.72,10.25,7.6,4.6,8.67,13.67,22.58,
147620,2023,-3.53,10.21,6.85,-1.1,8.68,7.03,15.41,
123654,2023,1.67,2.3,4.67,-1.14,8.68,5.4,10.36,
119556,2023,-5.05,19.41,14.36,12.17,8.68,22.35,40.12,
118615,2023,-0.5,8.13,7.76,2.97,8.69,11.87,20.93,
119132,2022,6.48,-1.69,5.54,-2.66,8.7,5.9,13.24,
118825,2023,-3.16,10.56,7.5,3.31,8.7,11.9,20.75,
135793,2023,-5.77,15.03,9.11,4.47,8.7,13.86,24.84,
119202,2023,-2.33,12.44,10.34,4.83,8.71,13.86,26.39,
149804,2023,-3.61,10.22,6.78,-1.24,8.73,6.93,15.22,
120261,2023,-1.03,9.66,8.7,2.55,8.74,11.61,21.85,
148606,2022,-1.71,-15.26,-16.05,9.4,8.76,17.42,-0.83,
148903,2023,0.4,7.04,7.63,4.34,8.77,13.17,22.26,
140327,2023,-1.83,0.66,-1.44,-5.24,8.8,1.81,1.42,
138386,2023,0.21,8.03,8.74,0.18,8.8,8.86,19.19,
151232,2023,-3.37,11.02,7.56,7.98,8.82,17.96,27.33,
147492,2023,-4.0,11.61,7.63,5.3,8.84,14.56,23.85,
148662,2024,10.08,10.15,20.0,1.91,8.85,10.22,31.09,
134017,2023,-3.8,14.27,10.4,1.45,8.85,10.68,23.94,
119382,2022,15.9,-0.13,15.75,1.06,8.86,9.99,27.39,
149455,2022,24.07,-10.19,13.32,1.09,8.89,15.43,32.66,
119773,2023,-2.61,11.07,8.42,6.04,8.89,15.27,25.84,
119544,2023,-5.04,11.51,6.34,4.69,8.94,13.85,21.69,
139781,2023,-1.36,12.66,11.47,5.48,8.95,15.14,29.06,
120578,2022,-5.37,-17.29,-21.93,0.69,8.95,8.7,-15.0,
148634,2023,-0.51,12.5,13.07,2.67,8.97,11.72,26.98,
119602,2022,-6.3,-14.42,-19.93,-4.79,8.98,5.69,-14.9,
152135,2023,,,,,9.0,9.0,9.0,
135654,2023,-2.7,13.01,10.27,4.96,9.02,14.56,26.79,
148555,2023,-4.72,13.36,8.29,8.17,9.02,17.07,25.56,
135601,2023,-2.06,11.04,9.08,2.18,9.03,11.45,22.07,
133859,2022,-1.79,-9.05,-8.53,13.5,9.06,21.91,12.38,
120244,2022,-2.64,-9.25,-9.88,12.28,9.07,20.98,10.37,
145396,2023,-1.61,9.8,8.11,3.12,9.09,12.45,22.02,
149329,2023,14.86,11.69,27.24,-3.04,9.1,9.01,42.04,
120826,2022,4.29,-11.55,-6.71,13.78,9.14,21.99,13.61,
141642,2023,-0.71,8.28,7.72,3.6,9.15,13.21,22.32,
152158,2023,,,,,9.18,9.18,9.18,
152056,2023,,,,0.0,9.2,8.64,8.64,
118546,2023,-1.44,8.44,7.04,6.32,9.21,16.09,24.6,
129188,2021,5.54,4.41,13.51,-1.75,9.26,5.95,20.82,
148646,2022,-0.76,-11.57,-10.99,-7.19,9.33,1.25,-10.79,
119843,2023,-0.25,7.09,7.24,5.79,9.35,15.74,24.86,
119598,2023,-2.22,12.86,10.72,2.3,9.35,11.58,24.21,
147864,2023,-2.47,12.91,10.65,8.46,9.35,17.94,30.41,
120334,2023,0.26,6.76,7.66,6.76,9.39,16.01,25.27,
147446,2023,-1.65,10.4,8.84,5.46,9.4,15.35,26.21,
118272,2023,-1.76,9.64,7.83,3.05,9.41,12.7,21.97,
150858,2023,-3.19,15.75,12.54,9.22,9.43,19.62,34.74,
118473,2023,-2.31,13.38,10.92,6.83,9.43,16.78,30.03,
120270,2023,-0.12,14.81,14.8,3.54,9.44,13.51,30.49,
148921,2023,-3.06,13.88,10.84,7.3,9.44,17.51,30.24,
118485,2023,-1.43,10.97,9.66,3.0,9.44,12.7,24.02,
129200,2023,-2.08,10.43,8.3,5.12,9.46,14.83,24.8,
119514,2023,-1.11,15.5,14.7,12.85,9.49,24.46,43.14,
118794,2023,-0.69,9.82,9.25,4.82,9.5,14.5,25.56,
152064,2023,,,,,9.51,9.51,9.51,
131865,2023,-1.04,7.52,6.72,6.11,9.51,16.15,24.33,
149961,2024,11.02,10.04,21.03,1.97,9.51,10.24,32.59,
149406,2023,-1.99,8.55,6.53,5.01,9.52,14.88,22.86,
118650,2023,-1.56,16.42,15.03,10.17,9.53,20.64,39.52,
120674,2023,-1.87,10.86,9.15,5.33,9.55,15.2,26.12,
120685,2023,6.38,-2.95,2.56,-0.69,9.56,8.05,11.39,
140274,2023,-3.32,2.83,1.16,-0.59,9.56,6.82,8.11,
150285,2021,,1.56,1.56,1.23,9.58,11.08,13.48,
119783,2023,-2.33,19.65,16.18,9.86,9.6,20.48,39.2,
152067,2023,,,,0.0,9.63,9.44,9.44,
150264,2023,-3.73,12.54,8.77,6.43,9.64,17.2,28.01,
150260,2023,-2.23,9.29,7.04,4.32,9.65,14.06,22.59,
119082,2023,1.92,2.01,4.04,1.78,9.67,11.67,16.23,
132186,2023,-1.14,8.92,7.93,6.0,9.68,16.16,25.82,
139527,2023,-2.87,10.45,7.74,13.3,9.71,25.09,35.53,
147750,2023,-3.81,14.75,10.71,6.86,9.72,17.42,30.21,
118589,2023,-5.91,16.13,10.15,3.42,9.75,13.63,26.22,
145110,2023,-1.81,18.97,17.86,3.76,9.78,14.13,34.8,
120575,2023,-1.68,13.74,12.75,6.5,9.78,16.76,32.05,
148666,2023,0.42,9.63,10.15,6.8,9.79,17.15,29.62,
149533,2023,-5.21,13.7,8.18,4.35,9.8,14.54,24.57,
149570,2023,-5.25,12.87,7.47,4.78,9.8,14.86,24.04,
120158,2023,-1.61,12.52,10.86,7.62,9.82,18.06,31.23,
120333,2023,-1.22,8.35,7.21,3.76,9.85,13.91,22.33,
120468,2023,-4.1,14.54,10.59,0.46,9.86,10.53,22.46,
118663,2023,6.46,-2.95,2.77,-0.57,9.86,8.21,11.78,
148637,2023,-2.13,11.69,9.58,3.95,9.89,14.32,25.55,
112039,2023,-2.75,12.37,9.55,4.72,9.89,15.09,26.49,
150930,2023,-4.96,13.42,8.25,13.32,9.9,23.4,32.09,
118624,2023,-0.2,10.36,10.36,5.39,9.91,15.69,28.33,
125597,2022,-2.69,-12.41,-12.94,15.84,9.94,25.41,10.12,
148614,2023,4.05,4.79,11.54,-6.21,9.95,3.38,17.13,
119436,2023,-2.29,13.8,11.21,6.36,9.96,17.19,30.58,
148600,2023,-1.16,10.14,9.08,5.99,9.96,16.34,27.39,
115132,2023,6.24,-2.79,2.87,-0.71,10.02,8.3,11.95,
120656,2023,-3.11,11.18,8.25,3.59,10.06,13.76,23.51,
150751,2024,9.82,10.01,19.62,2.0,10.07,10.9,31.5,
149170,2023,10.73,10.48,23.29,-0.06,10.07,10.24,36.91,
152951,2024,,,,,10.07,10.07,10.07,
120503,2023,-3.64,16.07,12.81,1.42,10.1,11.98,26.42,
143783,2023,-5.03,16.15,10.36,13.53,10.1,24.12,35.65,
149295,2023,-4.06,10.4,6.23,3.97,10.11,14.29,22.38,
120780,2023,-3.11,15.21,12.32,2.55,10.12,12.92,26.87,
151458,2023,-0.18,11.16,11.24,3.98,10.13,14.15,26.68,
119277,2021,-14.98,-1.98,-11.5,-11.97,10.13,-2.93,-13.08,
119549,2023,-4.55,11.86,7.27,3.68,10.15,14.03,22.93,
149291,2024,8.11,8.9,17.71,1.87,10.16,10.83,29.47,
118876,2023,-4.48,12.06,7.53,10.56,10.17,21.61,30.83,
120700,2023,-2.07,11.73,9.94,5.86,10.18,16.23,28.0,
119172,2023,-0.6,12.05,11.37,4.61,10.19,15.08,27.77,
119788,2023,6.85,-2.82,2.81,-0.41,10.21,8.19,11.61,
127850,2023,-2.15,8.21,6.03,2.66,10.22,12.84,20.37,
119507,2022,-2.28,-12.0,-13.22,10.53,10.23,20.71,4.98,
147372,2023,-2.42,11.44,9.2,4.75,10.23,15.23,25.9,
119307,2023,-3.05,12.84,9.74,6.17,10.24,17.12,28.88,
149180,2022,-2.33,-11.87,-15.13,-3.14,10.26,7.31,-9.39,
134017,2022,-3.12,-8.92,-9.86,18.14,10.28,28.5,16.55,
120473,2023,6.54,-2.62,3.01,-0.59,10.29,8.12,11.95,
152062,2023,,,,0.06,10.3,9.84,9.84,
147481,2023,-0.35,9.8,9.86,6.81,10.31,17.12,28.94,
119591,2023,-3.35,14.61,11.28,4.63,10.32,15.16,28.57,
145356,2023,-1.4,15.56,14.71,3.58,10.32,14.68,31.77,
149321,2022,-3.74,-8.12,-9.8,12.82,10.34,22.85,11.79,
118724,2023,-3.0,13.44,10.53,6.58,10.37,17.72,30.44,
118692,2023,-4.49,11.14,6.61,9.46,10.4,20.3,28.98,
119287,2023,-1.54,10.04,8.55,1.26,10.4,11.24,21.65,
120251,2023,-0.41,8.51,8.73,8.33,10.4,18.89,29.71,
118481,2023,-1.9,13.76,11.83,7.86,10.4,19.08,33.65,
118791,2023,-1.49,10.11,8.68,1.31,10.42,11.33,21.89,
119065,2023,-1.5,10.11,8.67,1.25,10.43,11.27,21.83,
141841,2023,-1.57,10.11,8.59,1.26,10.43,11.27,21.74,
148883,2023,-1.87,12.34,10.15,3.96,10.45,14.98,27.01,
119528,2023,-2.79,11.65,8.93,3.76,10.45,14.3,25.18,
141248,2023,-2.85,10.99,8.09,4.18,10.47,14.86,24.55,
119252,2023,2.55,6.41,10.7,-0.95,10.5,8.16,19.77,
146549,2023,-3.32,11.07,7.7,5.1,10.5,15.58,25.07,
120465,2023,-2.57,10.05,7.82,1.41,10.5,12.03,21.41,
120531,2023,6.22,-2.79,2.49,-0.23,10.54,8.54,11.44,
148737,2022,-11.57,-17.04,-27.25,-1.62,10.55,10.44,-19.08,
130493,2023,1.24,2.37,4.42,-2.3,10.56,6.6,11.36,
120592,2023,-4.62,12.25,7.78,4.76,10.59,15.62,24.69,
138312,2023,-2.09,10.38,8.54,1.66,10.6,11.94,22.01,
147648,2022,-3.59,-8.26,-11.27,-9.25,10.61,1.51,-9.74,
150714,2023,6.23,-2.88,2.87,-0.53,10.63,8.26,12.05,
118278,2023,-2.82,12.48,9.57,4.3,10.63,15.7,27.13,
147306,2023,-2.98,11.73,8.94,1.38,10.64,11.7,21.9,
149071,2022,1.46,-10.16,-7.63,12.62,10.66,23.38,13.86,
120578,2023,0.19,6.41,6.63,7.33,10.7,18.25,25.95,
119781,2023,6.32,-3.06,2.34,-0.82,10.71,8.48,11.91,
119132,2023,6.2,-3.04,2.6,-0.71,10.71,8.23,11.74,
148986,2023,-3.43,14.45,11.11,1.0,10.71,11.67,25.36,
148507,2023,-5.2,11.2,5.85,3.93,10.72,14.71,22.1,
151078,2023,-1.75,14.23,11.78,3.82,10.72,15.13,29.03,
148747,2023,-0.97,8.33,7.71,2.22,10.74,12.7,21.79,
151804,2023,,,,4.92,10.76,16.95,16.95,
119333,2022,-1.62,-9.52,-9.15,14.13,10.77,24.38,13.77,
151974,2023,,,,-2.42,10.78,6.33,6.33,
119721,2023,-2.14,12.03,10.07,5.26,10.78,16.31,28.31,
148606,2023,-4.97,10.68,5.52,5.32,10.8,16.43,23.69,
151142,2023,-1.44,13.28,12.0,5.4,10.82,16.83,31.74,
118269,2023,-1.91,11.6,9.75,2.36,10.84,13.22,24.94,
148751,2023,-2.05,11.9,9.7,4.71,10.84,16.23,27.69,
144835,2023,-4.33,13.59,9.02,6.22,10.84,17.73,29.15,
120733,2023,-3.97,12.99,9.01,0.86,10.84,11.95,22.86,
132756,2023,-4.16,11.3,6.86,6.36,10.87,17.9,26.47,
120267,2023,-3.16,9.6,6.43,1.45,10.88,12.04,19.87,
120494,2023,-2.23,16.12,13.89,5.14,10.9,16.88,33.47,
149303,2023,-2.52,12.49,10.05,7.17,10.93,19.17,31.85,
118273,2023,-2.22,15.29,13.04,3.55,10.95,15.07,30.34,
150659,2023,-1.95,14.32,12.3,6.6,10.96,18.77,34.11,
118979,2022,-4.91,-6.09,-8.29,17.38,10.99,28.34,17.53,
148574,2023,-5.3,9.62,3.85,4.3,11.0,15.28,19.64,
141924,2022,-4.57,-10.25,-12.27,14.71,11.0,25.8,10.68,
149264,2023,-0.99,7.49,6.32,5.57,11.02,16.9,24.41,
118531,2023,-2.23,10.58,8.42,2.78,11.03,13.56,23.57,
120733,2022,-1.51,-10.84,-10.45,15.21,11.03,25.95,13.69,
132009,2022,-8.64,-15.04,-23.27,-2.49,11.09,7.73,-18.11,
118881,2023,-2.77,10.38,7.56,1.59,11.1,12.23,21.55,
145599,2023,-1.75,7.63,5.96,2.09,11.1,13.45,20.72,
120819,2023,-5.53,8.39,2.52,3.88,11.14,14.99,18.65,
118834,2023,-3.99,12.66,8.66,8.04,11.15,20.04,30.81,
119595,2023,-5.39,15.22,9.76,7.26,11.15,19.28,31.43,
118632,2023,-1.42,14.13,12.77,6.25,11.16,17.93,33.9,
120079,2023,-5.93,12.26,5.78,7.22,11.19,19.19,26.49,
150266,2023,-2.75,15.94,13.14,3.71,11.2,15.38,30.93,
120782,2023,-3.39,15.23,11.5,13.77,11.2,26.02,39.27,
120715,2023,-3.81,13.1,9.43,4.58,11.22,16.33,27.63,
120688,2023,-2.85,9.36,6.73,8.44,11.22,20.03,28.46,
151478,2023,0.86,9.51,10.68,5.13,11.23,16.67,29.26,
148381,2021,5.37,9.34,16.01,1.14,11.24,10.89,29.21,
120152,2023,-2.24,10.52,8.19,3.7,11.26,14.92,25.01,
150838,2023,-1.59,10.87,9.65,10.96,11.27,23.37,35.52,
120484,2023,-1.87,11.02,9.3,10.68,11.27,23.65,35.81,
135800,2021,10.87,16.73,30.8,21.68,11.28,34.58,76.34,
120578,2021,9.05,16.98,29.18,17.38,11.28,30.05,67.59,
120539,2021,11.45,16.31,31.39,17.89,11.29,30.28,71.59,
150688,2023,-0.76,7.79,7.03,5.18,11.31,17.4,25.97,
151165,2023,-2.85,10.68,7.75,1.81,11.33,12.71,22.28,
135781,2023,-2.82,11.97,9.27,5.8,11.33,17.61,29.0,
148662,2021,-2.5,10.63,9.35,2.16,11.34,12.67,22.83,
145897,2023,-3.17,13.65,10.78,12.05,11.36,23.9,37.72,
119288,2023,-2.72,10.67,7.89,1.9,11.37,12.85,22.59,
150390,2023,-2.71,10.85,7.89,1.94,11.37,12.93,22.66,
148978,2023,-2.75,10.73,7.92,1.83,11.38,12.8,22.57,
149373,2023,-2.67,10.72,8.0,1.95,11.38,12.91,22.79,
130860,2022,-8.91,-13.03,-21.06,-4.28,11.39,7.48,-15.53,
127071,2022,0.62,-9.46,-9.16,-7.26,11.39,2.84,-7.86,
151471,2023,1.55,10.6,12.56,1.91,11.39,12.88,27.93,
118741,2023,-2.75,10.71,7.9,1.94,11.39,12.92,22.68,
120620,2023,-2.76,10.73,7.91,1.94,11.39,12.91,22.68,
119648,2023,-2.79,10.7,7.85,1.96,11.39,12.93,22.64,
146376,2023,-2.75,10.71,7.9,1.94,11.4,12.93,22.7,
119063,2023,-2.75,10.73,7.92,1.93,11.4,12.92,22.71,
118482,2023,-2.75,10.75,7.94,1.96,11.41,12.96,22.77,
149039,2023,-2.73,10.74,7.95,1.95,11.41,12.95,22.77,
149250,2023,-2.76,10.65,7.84,1.89,11.41,12.89,22.58,
151157,2023,-4.59,10.76,5.91,1.96,11.41,12.96,20.47,
147794,2023,-2.74,10.76,7.96,1.95,11.42,12.96,22.79,
120030,2023,-3.88,11.64,7.47,3.68,11.42,14.91,24.23,
125711,2023,-2.06,7.95,5.87,4.29,11.42,16.16,23.57,
149841,2023,-2.86,13.88,11.0,8.18,11.44,19.82,32.9,
118589,2022,1.65,-10.6,-7.08,15.63,11.44,26.89,18.97,
118617,2023,-0.78,11.82,11.22,3.62,11.45,15.12,28.75,
152033,2023,,,,1.14,11.46,12.63,12.63,
147409,2023,-4.29,16.63,11.82,12.94,11.46,25.38,39.58,
152059,2023,,,,-1.23,11.47,10.02,10.02,
120546,2023,6.27,-3.17,3.05,-0.56,11.48,8.34,12.63,
147840,2023,-4.83,15.42,10.33,9.18,11.48,21.97,35.19,
118866,2023,0.35,9.59,10.38,5.5,11.48,17.3,29.96,
119709,2023,-2.63,12.44,9.86,3.39,11.49,15.1,26.56,
119279,2023,-5.01,-6.07,-9.73,-4.08,11.49,2.18,-6.31,
133801,2023,1.96,12.68,15.26,7.11,11.51,19.73,38.52,
120621,2022,4.81,-5.2,1.51,14.72,11.53,27.52,27.98,
119250,2023,-2.66,12.01,9.45,5.03,11.55,16.49,27.86,
140274,2022,1.75,-8.38,-7.91,0.34,11.57,12.08,4.85,
120413,2023,-3.41,12.93,9.23,8.74,11.59,22.12,33.86,
148485,2023,1.56,6.35,8.72,-0.86,11.59,8.85,18.35,
118510,2023,-2.72,12.28,9.58,5.25,11.6,17.46,29.14,
120594,2021,9.67,17.67,30.63,21.51,11.6,34.74,76.24,
118968,2023,-0.2,8.63,8.78,8.75,11.62,21.17,32.53,
133859,2023,-6.13,13.0,6.71,1.24,11.67,13.01,22.05,
120385,2022,-1.11,-12.69,-12.21,14.9,11.7,26.36,11.81,
147406,2023,-0.46,6.64,6.21,2.64,11.72,14.45,22.15,
148564,2023,-7.15,13.33,5.39,9.29,11.73,21.89,28.76,
148539,2023,-6.46,13.73,6.96,7.96,11.76,20.46,29.3,
120046,2023,-1.79,11.49,9.95,7.41,11.78,19.57,32.02,
145552,2021,0.26,12.5,14.67,0.93,11.79,11.9,28.37,
151040,2023,2.91,15.09,19.05,12.77,11.8,26.43,50.82,
149268,2023,-4.46,15.33,10.36,9.33,11.8,22.15,33.93,
118285,2023,-2.31,11.81,9.39,3.26,11.81,15.39,26.77,
148485,2022,-2.93,-10.99,-14.6,-3.5,11.82,8.13,-7.8,
133710,2023,-3.71,12.36,8.4,6.86,11.83,19.85,30.51,
143537,2023,-1.66,10.06,8.33,4.09,11.83,16.44,26.6,
152024,2023,,,,1.75,11.86,13.25,13.25,
119566,2023,-5.45,13.17,7.35,5.75,11.87,18.33,27.57,
143874,2023,-2.96,16.57,13.75,12.69,11.88,25.59,41.99,
150805,2023,-1.66,13.77,12.24,4.2,11.91,16.88,31.21,
141226,2023,-2.77,14.1,11.47,10.13,11.92,23.27,38.11,
149230,2022,0.92,-6.62,-5.38,-9.74,11.92,0.39,-5.23,
148457,2023,0.31,7.43,8.15,3.77,11.95,15.38,25.16,
132009,2021,3.17,13.14,17.97,0.17,11.95,11.19,30.97,
120665,2023,-3.55,14.71,11.12,8.22,11.96,21.03,34.98,
152032,2023,,,,0.93,12.02,13.18,13.18,
150285,2022,-10.65,-13.13,-22.09,-3.2,12.07,11.82,-12.25,
150865,2023,0.3,6.06,6.33,4.36,12.08,16.38,24.33,
149091,2023,-2.31,15.38,13.34,3.87,12.09,16.13,31.93,
140175,2023,-2.98,14.26,10.98,5.96,12.13,19.35,32.87,
149669,2023,-4.89,12.61,7.53,8.46,12.14,21.97,31.63,
143903,2022,5.61,-8.26,0.75,12.73,12.15,24.57,24.66,
140256,2022,3.64,-10.38,-6.94,3.01,12.17,14.29,5.8,
148623,2022,-2.07,-10.5,-10.67,12.33,12.17,24.26,11.94,
120395,2022,1.73,-10.77,-6.65,17.63,12.18,30.55,20.36,
150187,2023,-2.84,9.84,6.91,4.74,12.2,17.02,25.7,
118759,2023,-4.13,17.15,12.51,12.19,12.22,25.47,40.25,
151368,2023,0.0,13.35,13.57,6.38,12.23,19.49,36.43,
118559,2022,-7.86,-5.45,-12.92,-10.92,12.23,-0.33,-13.78,
150642,2022,,,,,12.24,12.24,12.24,
149331,2023,-4.72,12.58,7.17,5.3,12.25,17.59,26.85,
149847,2023,-4.48,12.45,7.71,4.08,12.27,16.62,26.11,
151443,2023,-0.2,13.33,13.79,10.99,12.28,25.22,43.36,
118620,2023,-1.12,12.48,11.28,3.82,12.29,16.46,29.99,
130860,2023,5.38,4.78,10.75,-2.85,12.3,6.53,19.38,
140327,2022,-9.72,-10.02,-18.58,-8.31,12.31,3.15,-16.47,
120722,2023,-2.34,12.15,10.19,5.86,12.33,18.26,30.58,
146951,2023,-1.2,12.91,12.23,8.32,12.33,21.26,36.08,
120348,2023,-3.49,12.57,8.78,7.22,12.34,20.46,31.55,
147473,2023,-2.67,10.74,7.9,4.29,12.36,16.7,26.01,
120594,2023,-0.59,5.97,5.34,9.24,12.39,22.55,28.88,
119602,2023,8.39,7.57,16.74,-3.41,12.43,7.45,25.27,
151728,2023,,10.86,10.86,4.69,12.43,17.42,30.92,
151724,2023,,14.4,14.4,12.68,12.44,27.01,45.58,
152157,2023,,,,,12.45,12.45,12.45,
152156,2023,,,,,12.45,12.45,12.45,
135810,2023,-4.36,15.26,10.53,12.39,12.46,25.63,37.76,
149389,2023,-4.08,17.53,13.25,12.85,12.46,27.24,44.37,
149343,2023,-4.39,14.34,9.69,7.56,12.48,20.89,33.16,
150673,2023,-4.13,17.55,13.21,12.94,12.51,27.4,44.5,
120242,2023,-1.58,11.21,9.77,5.75,12.51,18.3,30.27,
149892,2023,-4.16,17.54,13.17,12.85,12.52,27.3,44.33,
151810,2023,,,,3.37,12.53,16.66,16.66,
149868,2023,-4.66,11.24,6.29,2.09,12.53,14.38,22.36,
148726,2023,-4.06,17.53,13.27,12.94,12.54,27.44,44.64,
147666,2023,-4.62,11.25,6.34,2.14,12.54,14.45,22.5,
120596,2023,-2.79,11.1,8.61,7.69,12.55,20.7,31.62,
150468,2023,-0.05,3.94,3.64,8.2,12.55,21.53,25.37,
149832,2023,-4.59,11.26,6.39,2.15,12.57,14.49,22.6,
151785,2023,,,,1.51,12.57,14.03,14.03,
147622,2023,-4.05,17.62,13.37,12.96,12.59,27.5,44.84,
148500,2023,-3.69,12.45,8.57,3.99,12.61,16.55,27.25,
150310,2023,-1.18,8.39,7.51,8.43,12.63,22.04,32.31,
118870,2023,-7.92,11.6,3.48,5.39,12.66,17.95,22.8,
150344,2023,-4.82,15.2,10.49,9.93,12.66,23.48,36.86,
147704,2023,-0.55,15.05,14.56,9.09,12.67,23.2,41.58,
147625,2023,-4.69,12.82,7.85,4.9,12.68,17.93,27.95,
150797,2023,-3.1,12.98,9.71,3.0,12.68,15.8,27.51,
120823,2023,-9.04,12.57,2.68,9.28,12.72,22.96,27.15,
120586,2023,-2.41,10.39,8.21,5.67,12.73,18.52,28.84,
119597,2022,-1.07,-10.61,-9.96,14.41,12.73,27.37,15.63,
120416,2023,-2.13,14.63,12.41,5.34,12.75,19.06,34.48,
132140,2023,0.78,3.44,5.65,-4.46,12.76,6.25,13.3,
135805,2023,-0.71,16.51,15.53,6.1,12.79,20.38,39.93,
148947,2023,-2.03,13.7,11.86,9.2,12.8,23.62,38.78,
111549,2023,-4.11,11.84,7.99,5.47,12.8,18.35,28.49,
120751,2023,-3.97,11.31,7.35,6.45,12.8,19.9,28.89,
119597,2023,-4.92,14.66,9.61,5.83,12.81,19.22,32.36,
148381,2023,3.09,8.27,13.37,-2.29,12.83,8.91,23.39,
152189,2023,,,,,12.83,12.83,12.83,
149858,2022,3.65,-10.0,-4.73,15.24,12.84,28.01,22.95,
118837,2023,-1.6,18.06,16.52,4.43,12.87,17.76,37.26,
119160,2023,-3.4,11.48,8.22,3.33,12.87,16.38,26.55,
150587,2023,-2.91,15.2,12.13,7.15,12.88,21.16,36.35,
147727,2023,1.31,14.19,16.55,4.91,12.9,17.89,37.97,
138456,2023,-4.12,0.4,-3.21,0.39,12.93,12.23,10.0,
149804,2022,-6.27,-9.59,-13.46,15.32,12.96,28.23,11.35,
149071,2023,-3.6,12.75,9.15,11.18,12.98,25.76,38.0,
148721,2023,1.08,7.92,8.81,5.14,12.98,17.92,28.91,
152796,2024,,,,8.13,13.01,23.65,23.65,
119350,2023,-3.24,10.78,7.52,7.26,13.01,21.71,31.62,
150716,2023,-3.65,18.3,15.02,8.36,13.01,21.96,40.45,
145819,2023,-3.35,10.84,7.13,5.34,13.02,19.15,28.36,
119517,2023,0.12,1.59,2.61,-5.88,13.03,3.75,7.41,
152177,2023,,,,,13.03,13.03,13.03,
118540,2023,-3.04,11.57,8.52,8.54,13.08,22.92,34.1,
118803,2023,-4.61,12.09,7.24,6.97,13.09,20.55,30.02,
147620,2022,-0.3,-9.55,-7.91,15.4,13.1,28.48,18.7,
152090,2023,,,,0.07,13.11,10.32,10.32,
145454,2023,-4.87,15.19,9.48,10.98,13.12,25.33,35.96,
119354,2023,-3.77,14.0,9.83,5.18,13.13,19.21,31.35,
147928,2023,-0.72,10.03,10.25,2.08,13.14,15.23,27.27,
148063,2024,15.34,7.29,21.32,0.7,13.15,13.04,34.03,
150532,2023,-0.26,15.8,16.27,7.03,13.16,21.91,42.09,
129440,2023,5.9,0.06,6.04,-3.64,13.16,4.48,10.97,
149170,2021,,,,-0.75,13.16,9.82,9.82,
149936,2023,-3.1,19.16,15.88,14.31,13.16,29.31,50.07,
149368,2023,-2.01,16.09,14.36,9.0,13.18,23.87,42.31,
130498,2023,-3.34,15.8,12.37,9.21,13.18,23.65,39.57,
119133,2023,-2.98,10.01,6.99,2.82,13.24,16.59,25.52,
119018,2023,-1.55,11.21,9.87,5.47,13.26,18.88,31.41,
120749,2023,-0.32,10.59,10.3,8.67,13.27,22.78,36.19,
119279,2021,3.16,4.0,12.72,-11.13,13.32,0.03,12.82,
152071,2023,,,,0.34,13.33,13.98,13.98,
146643,2023,-2.65,12.81,9.94,4.22,13.34,17.3,28.63,
119243,2023,-0.5,14.95,15.07,11.15,13.35,26.39,45.39,
149790,2023,-4.63,15.04,10.03,6.87,13.36,20.2,32.46,
118494,2023,-1.76,11.42,10.02,8.72,13.37,22.68,35.81,
148474,2023,-3.8,13.67,9.53,5.31,13.39,19.31,30.83,
150376,2023,-0.16,12.99,12.73,4.0,13.4,17.81,33.01,
120760,2023,1.37,9.53,10.99,4.14,13.41,17.77,31.22,
119242,2023,-4.15,11.7,7.43,7.57,13.43,21.52,31.17,
119835,2023,-0.34,12.64,12.81,8.99,13.44,23.59,40.24,
148516,2023,-1.24,11.01,10.69,6.63,13.44,20.73,33.82,
151901,2023,,,,3.2,13.44,16.89,16.89,
147662,2023,-5.57,8.9,2.99,7.71,13.47,22.19,27.49,
126353,2023,4.46,0.83,5.88,-1.59,13.47,7.71,14.9,
150515,2023,-4.56,15.54,10.53,6.91,13.49,20.42,32.94,
149180,2023,3.91,5.67,10.72,-1.49,13.5,9.45,22.03,
118950,2023,-0.83,10.62,10.06,5.88,13.55,19.79,32.24,
119218,2023,-4.0,12.14,7.93,8.56,13.57,23.07,33.5,
120392,2023,-1.82,14.63,12.63,2.65,13.57,16.24,31.69,
150581,2022,,,,1.64,13.58,16.27,16.27,
133516,2023,-4.88,14.69,9.53,7.57,13.6,21.76,33.94,
123654,2022,2.6,-5.84,-4.4,-6.11,13.63,6.43,3.28,
151824,2023,,,,3.1,13.64,17.5,17.5,
118479,2023,-1.79,13.28,11.42,2.13,13.66,15.92,29.72,
151853,2023,,,,7.58,13.69,22.56,22.56,
120599,2023,-2.3,13.84,11.64,7.83,13.7,22.2,36.66,
118469,2023,-0.27,16.12,16.28,11.95,13.72,28.05,49.17,
148035,2023,-1.74,11.4,9.94,8.5,13.72,22.85,35.35,
118678,2023,-1.95,12.89,10.95,7.34,13.73,22.05,35.85,
152051,2023,,,,-0.61,13.73,12.87,12.87,
148986,2022,-3.06,-10.72,-11.67,13.44,13.73,27.12,13.14,
148609,2023,-0.78,11.55,11.16,10.42,13.74,25.26,39.7,
152041,2023,,,,0.76,13.74,14.36,14.36,
152022,2023,,,,2.91,13.77,17.25,17.25,
149830,2023,3.55,7.52,11.84,-2.34,13.79,9.59,22.8,
118879,2023,-5.49,14.23,9.23,13.49,13.83,29.51,42.62,
148595,2023,0.02,8.94,9.48,4.36,13.83,18.36,30.11,
149383,2023,-2.23,15.74,13.98,7.99,13.84,23.45,40.83,
135813,2023,-3.12,9.56,6.46,6.58,13.84,21.4,30.65,
119723,2023,-1.97,14.73,13.04,9.56,13.84,24.13,41.01,
145552,2023,14.64,14.06,31.12,-0.32,13.85,12.89,49.79,
148925,2022,7.23,-10.22,-2.37,17.13,13.89,30.69,27.11,
148993,2023,-0.63,15.47,14.95,2.35,13.91,16.33,34.24,
120539,2023,1.28,9.41,10.95,8.97,13.93,24.05,37.62,
148519,2023,-6.55,18.97,12.05,15.11,13.95,31.98,49.19,
148353,2023,-2.88,11.7,8.74,3.08,13.96,17.08,28.18,
152082,2023,,,,,13.96,13.96,13.96,
118868,2022,-2.12,-10.72,-11.13,15.38,13.98,29.53,15.88,
151727,2023,,15.13,15.13,15.08,13.98,31.99,53.3,
152039,2023,,,,0.1,14.0,14.19,14.19,
148614,2024,7.73,1.34,8.46,6.39,14.01,21.61,31.38,
150677,2023,-6.59,19.01,12.04,15.16,14.01,32.12,49.35,
149283,2023,-6.6,18.94,11.96,15.07,14.01,32.02,49.13,
147623,2023,-6.57,18.98,12.04,15.22,14.04,32.21,49.45,
150892,2023,-6.64,18.95,11.91,15.14,14.04,32.12,49.15,
119364,2023,-1.25,14.06,13.23,12.01,14.05,28.21,45.58,
119333,2023,-7.6,11.96,3.92,1.39,14.09,15.79,21.49,
149185,2023,-4.32,15.74,11.44,11.27,14.11,27.02,42.76,
132009,2023,5.8,8.19,15.85,-2.64,14.18,10.19,28.56,
150639,2023,-4.11,14.05,9.84,5.02,14.18,19.13,31.21,
150685,2023,-1.64,19.73,19.12,8.76,14.2,23.71,47.24,
118419,2023,-3.27,13.26,9.86,9.57,14.21,25.09,38.27,
149919,2023,-2.39,11.01,8.57,5.11,14.22,19.41,29.63,
120385,2023,-3.43,13.31,9.91,2.31,14.24,17.24,30.15,
140296,2023,5.18,2.19,6.91,-3.32,14.26,6.68,13.79,
119351,2023,-3.13,11.72,8.82,9.96,14.28,25.93,38.02,
141877,2023,-4.12,14.09,9.87,5.02,14.31,19.26,31.4,
149107,2023,-4.13,14.07,9.84,5.03,14.32,19.29,31.38,
148962,2023,-4.14,14.07,9.82,5.02,14.32,19.28,31.35,
149098,2023,6.36,12.35,20.67,-1.14,14.33,11.16,34.09,
148699,2022,-10.55,2.22,-7.23,-17.85,14.35,-5.17,-13.15,
129212,2023,-2.03,13.41,11.6,10.21,14.37,26.18,41.04,
148651,2023,-2.99,12.7,9.8,6.88,14.43,21.58,33.91,
151816,2023,,,,1.93,14.49,16.74,16.74,
120490,2023,-3.01,11.08,7.96,5.69,14.52,20.93,31.36,
149961,2023,15.36,15.48,33.22,-1.16,14.54,11.9,48.91,
120357,2023,-3.68,14.3,10.12,6.04,14.57,22.08,34.59,
118267,2023,-0.37,13.71,13.64,8.79,14.57,24.98,41.96,
150738,2023,-2.03,15.47,13.44,16.04,14.61,33.67,51.81,
118935,2023,-3.35,11.6,8.21,5.91,14.63,21.2,31.7,
149254,2023,0.1,12.96,13.62,3.01,14.64,17.49,33.44,
141808,2023,-3.34,10.8,7.78,3.84,14.69,19.46,29.4,
133386,2023,-0.91,14.72,13.69,6.97,14.74,23.08,40.36,
151814,2023,,,,19.09,14.76,37.01,37.01,
119247,2023,-2.26,14.55,12.46,14.49,14.8,31.59,48.7,
148954,2023,6.44,5.68,13.54,-3.41,14.84,9.25,24.53,
147183,2023,-1.74,14.86,12.88,9.37,14.87,25.75,42.88,
151290,2023,0.59,13.84,14.4,11.76,14.88,28.9,47.93,
135800,2023,0.74,7.64,8.46,7.91,14.89,23.75,33.9,
120728,2023,-1.61,11.82,10.3,8.55,14.9,25.08,38.42,
147662,2022,2.63,-13.53,-10.51,13.52,14.93,28.49,14.43,
151713,2023,,6.93,6.93,9.97,14.95,25.49,34.73,
150902,2023,-2.05,15.3,13.24,16.14,14.96,34.19,52.14,
120351,2023,-2.15,14.75,12.67,11.72,14.98,29.19,46.57,
119060,2023,-1.76,11.99,10.34,6.47,15.04,21.9,34.91,
120731,2023,-4.78,21.23,16.97,5.75,15.06,20.64,40.94,
135793,2022,-3.41,-10.37,-11.65,15.47,15.07,30.75,16.37,
120821,2023,-3.89,7.32,3.11,4.25,15.11,19.25,23.56,
152045,2023,,,,0.11,15.14,15.14,15.14,
134923,2023,3.05,10.99,15.25,-1.44,15.14,12.21,29.05,
119705,2023,-6.48,9.57,3.28,10.47,15.19,27.5,32.43,
120186,2023,6.3,8.08,14.63,-3.61,15.23,8.5,24.12,
149230,2023,-0.81,-6.99,-6.29,-5.34,15.26,6.25,0.52,
119517,2022,0.16,-8.19,-8.99,-4.2,15.29,9.81,-1.26,
148404,2023,-4.06,12.09,8.13,11.64,15.31,29.24,40.69,
148760,2023,0.29,7.3,7.82,0.21,15.35,13.96,22.82,
129188,2023,3.91,3.76,8.67,-0.69,15.42,12.63,23.26,
148980,2023,-2.89,11.75,9.04,5.45,15.47,21.96,33.55,
150636,2023,-1.41,11.71,10.41,3.07,15.47,18.26,30.72,
151580,2023,,8.76,8.76,8.69,15.5,24.79,35.86,
150751,2023,14.91,15.12,32.4,-0.96,15.53,13.05,49.31,
129312,2023,0.45,9.97,11.29,9.87,15.58,26.29,40.92,
149910,2023,16.04,15.08,33.42,-1.88,15.59,12.54,50.38,
149141,2023,-2.96,10.37,7.17,5.96,15.64,22.54,32.03,
152092,2023,,,,,15.7,15.7,15.7,
119275,2022,-7.89,-15.39,-22.82,0.68,15.72,17.31,-7.99,
135341,2023,-3.69,10.39,7.16,8.21,15.74,25.39,35.18,
149291,2023,15.5,15.67,33.59,-1.11,15.8,13.09,50.74,
151916,2023,,,,8.47,15.8,25.39,25.39,
118537,2023,3.11,11.18,14.64,12.76,15.92,31.1,50.16,
148822,2023,-1.66,11.33,9.68,3.98,16.0,19.45,31.06,
138528,2023,12.34,10.43,23.98,-4.68,16.01,8.89,34.55,
118527,2023,2.55,5.72,8.53,6.07,16.02,22.5,33.83,
149700,2023,-1.7,10.48,8.82,6.82,16.02,23.56,35.01,
120621,2023,0.58,11.75,12.95,10.49,16.03,27.98,45.4,
119028,2022,10.28,-20.32,-11.2,7.67,16.04,24.55,9.96,
150159,2023,-3.83,13.15,8.92,4.14,16.14,21.02,32.27,
140243,2022,-14.72,-1.59,-16.03,-17.68,16.15,-4.81,-20.66,
148662,2023,15.64,16.99,33.84,-2.19,16.17,13.55,51.57,
150440,2023,-6.74,13.61,6.27,5.29,16.17,21.77,30.46,
149870,2023,-6.52,14.84,7.74,4.39,16.2,21.0,30.79,
118557,2023,-0.94,14.29,13.64,15.54,16.22,34.42,53.13,
118769,2023,-1.36,12.87,11.61,5.12,16.24,21.8,36.63,
150643,2023,-4.19,21.5,18.07,7.63,16.25,23.88,45.87,
120834,2023,-5.39,12.39,6.42,6.54,16.43,23.46,32.06,
119732,2022,5.24,-9.95,-2.59,15.2,16.43,32.81,28.47,
148737,2023,7.22,1.79,8.73,-7.74,16.45,4.14,13.05,
151791,2023,,3.14,3.14,14.15,16.53,33.18,38.82,
147844,2022,7.54,-10.67,-1.48,13.97,16.6,31.46,28.68,
151753,2023,,,,4.79,16.65,22.36,22.36,
149059,2023,6.93,8.12,15.83,-4.53,16.67,8.94,25.87,
118539,2023,3.09,14.54,17.99,13.09,16.68,32.61,56.86,
118551,2023,7.26,12.04,20.4,-1.89,16.77,13.11,35.4,
150521,2023,-4.52,14.24,9.49,4.38,16.87,21.77,33.19,
119769,2023,-2.2,12.2,9.92,6.47,16.89,24.13,37.1,
119700,2023,0.89,12.32,13.74,11.83,16.89,31.2,50.34,
151781,2023,,-0.19,-0.19,8.75,16.94,27.34,27.23,
151757,2023,,4.46,4.46,15.76,16.99,34.68,41.45,
149816,2023,14.46,11.4,28.07,-2.26,17.05,12.84,45.04,
152094,2023,,,,,17.18,17.18,17.18,
148646,2023,-2.15,-4.29,-5.38,-3.49,17.18,9.79,4.47,
119507,2023,-2.23,10.43,8.51,9.96,17.19,28.29,40.17,
119028,2023,-3.77,5.01,1.11,8.82,17.24,25.76,29.1,
150597,2023,13.74,13.75,29.11,-2.64,17.24,12.87,45.83,
150591,2023,-4.45,16.24,11.44,8.78,17.3,27.76,42.51,
118979,2023,-3.9,17.25,14.25,16.94,17.3,37.99,58.64,
147541,2023,-1.87,12.83,11.0,6.34,17.36,25.8,40.57,
145075,2023,-1.34,15.4,14.09,10.05,17.4,28.41,47.17,
150452,2023,-4.51,16.09,11.23,8.86,17.41,27.98,42.49,
118763,2023,0.87,15.27,17.24,14.37,17.44,34.75,58.53,
120405,2023,-0.45,15.19,14.71,11.74,17.46,32.01,51.39,
120847,2023,-7.32,12.24,3.98,8.93,17.48,27.42,33.6,
148481,2023,-4.26,14.03,9.17,7.3,17.6,26.67,38.79,
151611,2023,,1.3,1.3,9.47,17.67,28.7,30.24,
149800,2023,-4.29,16.18,11.58,8.99,17.7,28.47,43.48,
148063,2023,17.92,18.69,40.53,-1.69,17.92,14.82,61.48,
150737,2022,,,,,17.95,17.95,17.95,
150899,2023,-9.81,15.43,4.36,2.61,18.05,21.53,27.33,
149838,2023,-9.95,15.41,4.18,2.61,18.06,21.55,27.13,
149466,2023,-9.93,15.43,4.23,2.66,18.07,21.6,27.25,
149775,2022,7.39,-10.73,-3.77,-2.9,18.09,15.75,8.71,
150487,2023,-1.18,13.19,12.23,4.71,18.09,22.84,38.1,
119277,2023,2.88,-7.42,-5.08,-8.91,18.09,2.57,-0.94,
151160,2023,-10.44,15.46,3.66,2.61,18.09,21.57,26.52,
149760,2022,6.43,-11.51,-5.23,-3.3,18.11,15.76,7.85,
148745,2023,-9.85,15.42,4.31,2.63,18.11,21.61,27.35,
149288,2023,-9.87,15.43,4.3,2.61,18.11,21.59,27.32,
120684,2023,-9.87,15.49,4.35,2.66,18.11,21.65,27.45,
147796,2023,-9.79,15.54,4.5,2.66,18.12,21.66,27.63,
148925,2023,-4.16,14.78,10.34,7.67,18.12,26.76,40.23,
146381,2023,-9.83,15.62,4.51,2.68,18.13,21.7,27.7,
149447,2023,-9.95,15.5,4.27,2.63,18.15,21.67,27.36,
120826,2023,-7.27,11.8,3.82,9.52,18.23,28.84,34.67,
119275,2023,4.21,1.89,6.33,-11.28,18.25,0.56,7.5,
148928,2023,30.98,22.75,63.95,-2.27,18.26,16.14,93.23,
149318,2023,-3.02,19.7,16.35,8.08,18.28,27.49,48.12,
149158,2023,-1.19,12.9,12.04,4.76,18.31,22.66,38.13,
141924,2023,-5.18,12.19,7.14,10.46,18.36,31.1,41.63,
149780,2022,8.06,-11.58,-4.05,-2.95,18.37,16.15,9.76,
149381,2022,-17.93,12.74,-7.3,-27.53,18.55,-12.84,-17.66,
149298,2023,-2.09,0.0,-1.87,-4.68,18.57,8.92,7.72,
146513,2023,-9.75,15.72,4.57,3.04,18.57,22.0,27.7,
150285,2023,8.47,3.11,11.76,-5.02,18.79,9.73,22.04,
140296,2022,-6.67,-12.48,-18.27,-4.59,18.84,14.38,-5.23,
150615,2022,,,,6.78,19.02,26.65,26.65,
149894,2023,-5.26,18.63,13.13,17.77,19.78,42.01,63.79,
119277,2022,10.29,-24.31,-15.66,-7.67,19.92,13.74,-6.5,
118784,2023,-4.37,15.57,10.92,8.34,20.0,29.52,44.49,
143903,2023,2.33,13.04,15.92,12.91,20.13,35.31,58.03,
148815,2023,-5.05,18.7,13.44,16.96,20.37,41.75,63.94,
151649,2023,,12.73,12.73,17.27,20.4,42.12,63.5,
119732,2023,-5.21,10.14,4.96,21.5,20.44,46.63,56.29,
151881,2023,,,,3.04,20.62,24.02,24.02,
120833,2023,-8.45,8.98,0.03,9.19,21.12,32.63,34.12,
129188,2022,-5.29,-6.19,-11.92,-7.3,21.22,12.34,-2.33,
120395,2023,-2.29,15.59,12.88,13.44,21.28,37.8,57.26,
119279,2022,24.89,-26.25,-6.42,-1.34,21.44,22.9,13.19,
150518,2022,,,,-3.77,21.51,16.16,16.16,
129440,2022,-3.32,-8.92,-11.37,-15.03,21.85,6.26,-4.74,
120035,2023,0.74,21.54,20.25,-6.6,22.92,9.96,33.46,
150518,2023,-4.83,11.63,7.14,18.09,23.26,45.01,57.91,
150539,2023,0.38,10.54,11.39,12.59,24.01,38.78,56.17,
147844,2023,-4.06,10.91,7.08,19.0,24.54,48.64,61.77,
126353,2022,-4.59,-7.19,-12.58,-7.21,25.63,17.93,0.1,
151750,2023,,1.75,1.75,17.88,27.2,50.82,53.02,
145552,2024,8.97,9.75,18.7,0.68,29.53,31.51,55.27,
149170,2024,13.96,8.49,22.92,1.01,32.35,33.84,65.05,
148928,2024,20.69,6.9,30.07,0.23,43.79,43.97,87.76,
147864,2025,-100.0,,-100.0,,,,-100.0,-100.0
153076,2025,-20.86,1.73,-20.92,,,,-20.92,-20.92
145552,2025,-14.71,-0.15,-15.39,,,,-15.39,-15.39
153109,2025,-19.53,7.64,-14.65,,,,-14.65,-14.65
142388,2025,-17.57,7.99,-10.91,,,,-10.91,-10.91
151785,2025,-14.58,7.62,-10.33,,,,-10.33,-10.33
152041,2025,-14.57,7.64,-10.3,,,,-10.3,-10.3
152392,2025,-14.49,7.68,-10.19,,,,-10.19,-10.19
150468,2025,-14.56,7.64,-10.19,,,,-10.19,-10.19
152535,2025,-14.39,7.53,-10.18,,,,-10.18,-10.18
135800,2025,-17.01,10.27,-10.15,,,,-10.15,-10.15
152586,2025,-19.51,13.47,-10.06,,,,-10.06,-10.06
152863,2025,-18.36,13.43,-9.32,,,,-9.32,-9.32
145819,2025,-12.65,5.64,-8.98,,,,-8.98,-8.98
153029,2025,-17.67,11.33,-8.75,,,,-8.75,-8.75
152177,2025,-19.04,14.49,-8.74,,,,-8.74,-8.74
152087,2025,-17.38,11.51,-8.58,,,,-8.58,-8.58
139872,2025,-13.52,6.35,-8.56,,,,-8.56,-8.56
151905,2025,-16.05,10.23,-8.55,,,,-8.55,-8.55
146772,2025,-16.46,11.26,-8.38,,,,-8.38,-8.38
151753,2025,-7.87,0.62,-8.19,,,,-8.19,-8.19
133386,2025,-18.19,14.64,-7.82,,,,-7.82,-7.82
150344,2025,-14.49,9.62,-7.79,,,,-7.79,-7.79
152789,2025,-14.7,9.05,-7.75,,,,-7.75,-7.75
120575,2025,-10.89,4.21,-7.54,,,,-7.54,-7.54
135805,2025,-13.28,7.17,-7.46,,,,-7.46,-7.46
145454,2025,-10.21,5.13,-7.39,,,,-7.39,-7.39
120539,2025,-15.17,10.63,-7.33,,,,-7.33,-7.33
153097,2025,-14.88,10.42,-7.24,,,,-7.24,-7.24
152462,2025,-13.75,9.13,-7.12,,,,-7.12,-7.12
152459,2025,-16.81,12.9,-7.06,,,,-7.06,-7.06
152760,2025,-16.11,13.32,-7.03,,,,-7.03,-7.03
152875,2025,-16.97,14.05,-6.95,,,,-6.95,-6.95
150838,2025,-18.57,16.17,-6.94,,,,-6.94,-6.94
153003,2025,-16.95,14.04,-6.93,,,,-6.93,-6.93
153192,2025,-14.68,9.22,-6.91,,,,-6.91,-6.91
152881,2025,-16.93,14.05,-6.9,,,,-6.9,-6.9
153083,2025,-14.89,11.26,-6.89,,,,-6.89,-6.89
152214,2025,-10.82,5.69,-6.84,,,,-6.84,-6.84
152470,2025,-14.81,11.03,-6.72,,,,-6.72,-6.72
152237,2025,-15.99,11.78,-6.6,,,,-6.6,-6.6
151814,2025,-18.83,14.23,-6.58,,,,-6.58,-6.58
152718,2025,-16.07,12.3,-6.42,,,,-6.42,-6.42
149268,2025,-10.36,6.43,-6.32,,,,-6.32,-6.32
153025,2025,-10.64,6.17,-6.3,,,,-6.3,-6.3
152694,2025,-15.27,10.96,-6.29,,,,-6.29,-6.29
152836,2025,-15.63,12.63,-6.27,,,,-6.27,-6.27
152243,2025,-17.95,15.09,-6.19,,,,-6.19,-6.19
118537,2025,-14.03,10.47,-6.19,,,,-6.19,-6.19
152032,2025,-12.71,8.28,-6.17,,,,-6.17,-6.17
150930,2025,-9.72,5.78,-6.15,,,,-6.15,-6.15
152710,2025,-12.93,9.56,-5.94,,,,-5.94,-5.94
152796,2025,-10.45,6.72,-5.94,,,,-5.94,-5.94
149170,2025,-14.12,10.38,-5.8,,,,-5.8,-5.8
152931,2025,-14.41,12.21,-5.71,,,,-5.71,-5.71
150452,2025,-14.42,12.26,-5.68,,,,-5.68,-5.68
150591,2025,-14.36,12.19,-5.67,,,,-5.67,-5.67
152756,2025,-14.01,10.78,-5.66,,,,-5.66,-5.66
152255,2025,-11.31,6.14,-5.63,,,,-5.63,-5.63
152430,2025,-14.35,12.26,-5.6,,,,-5.6,-5.6
149800,2025,-14.34,12.25,-5.59,,,,-5.59,-5.59
120594,2025,-12.45,9.57,-5.57,,,,-5.57,-5.57
135810,2025,-9.85,5.85,-5.56,,,,-5.56,-5.56
119354,2025,-11.42,8.11,-5.52,,,,-5.52,-5.52
152437,2025,-15.36,12.91,-5.52,,,,-5.52,-5.52
152985,2025,-15.42,13.35,-5.51,,,,-5.51,-5.51
152776,2025,-13.8,10.65,-5.5,,,,-5.5,-5.5
152059,2025,-12.27,9.44,-5.42,,,,-5.42,-5.42
147409,2025,-8.43,4.8,-5.41,,,,-5.41,-5.41
151781,2025,-14.33,12.51,-5.36,,,,-5.36,-5.36
152805,2025,-9.65,5.37,-5.34,,,,-5.34,-5.34
152024,2025,-7.1,3.68,-5.21,,,,-5.21,-5.21
153075,2025,-11.57,7.72,-5.15,,,,-5.15,-5.15
151060,2025,-8.68,4.3,-4.9,,,,-4.9,-4.9
152702,2025,-12.96,9.33,-4.81,,,,-4.81,-4.81
120833,2025,-10.86,7.48,-4.74,,,,-4.74,-4.74
147704,2025,-16.4,16.04,-4.72,,,,-4.72,-4.72
151458,2025,-9.72,6.47,-4.69,,,,-4.69,-4.69
153055,2025,-11.55,9.33,-4.65,,,,-4.65,-4.65
119247,2025,-11.85,9.0,-4.58,,,,-4.58,-4.58
152067,2025,-15.64,13.51,-4.56,,,,-4.56,-4.56
152742,2025,-7.51,2.53,-4.54,,,,-4.54,-4.54
152915,2025,-15.38,14.95,-4.49,,,,-4.49,-4.49
150266,2025,-8.16,4.58,-4.46,,,,-4.46,-4.46
119351,2025,-10.51,7.75,-4.46,,,,-4.46,-4.46
153154,2025,-8.15,5.57,-4.46,,,,-4.46,-4.46
148519,2025,-16.14,14.49,-4.45,,,,-4.45,-4.45
152870,2025,-7.53,2.67,-4.42,,,,-4.42,-4.42
151804,2025,-8.9,5.51,-4.38,,,,-4.38,-4.38
152964,2025,-18.4,18.46,-4.38,,,,-4.38,-4.38
152380,2025,-11.58,9.05,-4.37,,,,-4.37,-4.37
151916,2025,-11.83,8.53,-4.36,,,,-4.36,-4.36
152039,2025,-11.46,10.29,-4.32,,,,-4.32,-4.32
133801,2025,-14.95,13.18,-4.31,,,,-4.31,-4.31
148454,2025,-9.37,5.88,-4.27,,,,-4.27,-4.27
152188,2025,-6.09,2.89,-4.21,,,,-4.21,-4.21
152264,2025,-15.68,14.18,-4.19,,,,-4.19,-4.19
153157,2025,-9.71,7.49,-4.15,,,,-4.15,-4.15
153023,2025,-8.1,6.43,-4.12,,,,-4.12,-4.12
151757,2025,-11.47,9.23,-4.11,,,,-4.11,-4.11
120413,2025,-11.88,10.2,-4.02,,,,-4.02,-4.02
149283,2025,-15.75,14.49,-4.02,,,,-4.02,-4.02
152564,2025,-8.09,6.57,-4.01,,,,-4.01,-4.01
150892,2025,-15.73,14.5,-3.98,,,,-3.98,-3.98
150677,2025,-15.71,14.48,-3.98,,,,-3.98,-3.98
143783,2025,-7.71,6.23,-3.93,,,,-3.93,-3.93
148404,2025,-10.87,8.76,-3.93,,,,-3.93,-3.93
152431,2025,-15.69,14.53,-3.92,,,,-3.92,-3.92
151727,2025,-15.68,14.51,-3.91,,,,-3.91,-3.91
145356,2025,-9.47,6.33,-3.9,,,,-3.9,-3.9
150902,2025,-14.05,13.8,-3.81,,,,-3.81,-3.81
152916,2025,-14.0,13.74,-3.81,,,,-3.81,-3.81
152829,2025,-11.4,9.47,-3.8,,,,-3.8,-3.8
119243,2025,-12.56,10.49,-3.8,,,,-3.8,-3.8
150738,2025,-14.01,13.79,-3.78,,,,-3.78,-3.78
147623,2025,-15.51,14.49,-3.73,,,,-3.73,-3.73
152645,2025,-14.86,14.66,-3.69,,,,-3.69,-3.69
152365,2025,-6.52,4.33,-3.64,,,,-3.64,-3.64
148721,2025,-6.49,4.31,-3.62,,,,-3.62,-3.62
120578,2025,-12.35,11.25,-3.62,,,,-3.62,-3.62
152570,2025,-18.32,21.83,-3.58,,,,-3.58,-3.58
120351,2025,-15.25,14.66,-3.52,,,,-3.52,-3.52
133516,2025,-9.62,8.42,-3.51,,,,-3.51,-3.51
118469,2025,-11.78,9.54,-3.48,,,,-3.48,-3.48
152843,2025,-8.97,7.56,-3.47,,,,-3.47,-3.47
120494,2025,-9.19,7.64,-3.44,,,,-3.44,-3.44
148993,2025,-9.21,7.74,-3.44,,,,-3.44,-3.44
148481,2025,-10.37,9.1,-3.41,,,,-3.41,-3.41
153060,2025,-18.19,21.81,-3.41,,,,-3.41,-3.41
152336,2025,-8.48,6.17,-3.35,,,,-3.35,-3.35
152521,2025,-18.26,22.03,-3.35,,,,-3.35,-3.35
119172,2025,-7.92,6.19,-3.31,,,,-3.31,-3.31
147492,2025,-8.66,7.93,-3.29,,,,-3.29,-3.29
147406,2025,-6.22,3.95,-3.29,,,,-3.29,-3.29
152637,2025,-7.11,4.8,-3.24,,,,-3.24,-3.24
119556,2025,-14.54,13.53,-3.24,,,,-3.24,-3.24
119595,2025,-9.79,8.02,-3.21,,,,-3.21,-3.21
141808,2025,-10.25,9.66,-3.11,,,,-3.11,-3.11
152651,2025,-8.81,8.04,-3.1,,,,-3.1,-3.1
148474,2025,-9.6,8.77,-3.05,,,,-3.05,-3.05
120484,2025,-8.5,7.17,-3.0,,,,-3.0,-3.0
150858,2025,-9.4,8.68,-2.99,,,,-2.99,-2.99
151040,2025,-10.5,9.63,-2.96,,,,-2.96,-2.96
149141,2025,-9.04,8.13,-2.93,,,,-2.93,-2.93
120416,2025,-11.09,10.58,-2.86,,,,-2.86,-2.86
151290,2025,-11.16,10.79,-2.83,,,,-2.83,-2.83
152770,2025,-11.14,9.68,-2.82,,,,-2.82,-2.82
120782,2025,-8.47,7.78,-2.74,,,,-2.74,-2.74
118837,2025,-9.53,7.75,-2.73,,,,-2.73,-2.73
152169,2025,-8.62,7.27,-2.67,,,,-2.67,-2.67
151611,2025,-9.66,9.21,-2.63,,,,-2.63,-2.63
151122,2025,-11.27,11.17,-2.62,,,,-2.62,-2.62
118759,2025,-8.89,8.6,-2.53,,,,-2.53,-2.53
152616,2025,-7.9,7.2,-2.52,,,,-2.52,-2.52
120823,2025,-9.13,7.84,-2.5,,,,-2.5,-2.5
151078,2025,-9.88,9.53,-2.48,,,,-2.48,-2.48
153039,2025,-7.37,6.78,-2.46,,,,-2.46,-2.46
148555,2025,-4.67,4.16,-2.44,,,,-2.44,-2.44
149383,2025,-9.24,9.2,-2.4,,,,-2.4,-2.4
152607,2025,-11.61,11.58,-2.4,,,,-2.4,-2.4
119711,2025,-9.5,8.67,-2.36,,,,-2.36,-2.36
150487,2025,-7.88,7.39,-2.32,,,,-2.32,-2.32
125711,2025,-6.26,5.04,-2.32,,,,-2.32,-2.32
120780,2025,-8.32,7.01,-2.3,,,,-2.3,-2.3
119566,2025,-7.79,7.48,-2.26,,,,-2.26,-2.26
151232,2025,-10.23,10.31,-2.24,,,,-2.24,-2.24
152409,2025,-8.35,8.48,-2.2,,,,-2.2,-2.2
120682,2025,-9.62,9.02,-2.2,,,,-2.2,-2.2
120030,2025,-6.72,6.29,-2.16,,,,-2.16,-2.16
119783,2025,-5.92,5.71,-2.14,,,,-2.14,-2.14
149894,2025,-14.55,15.61,-2.13,,,,-2.13,-2.13
149533,2025,-6.48,6.39,-2.04,,,,-2.04,-2.04
150532,2025,-11.52,12.53,-2.04,,,,-2.04,-2.04
150159,2025,-7.7,7.51,-2.02,,,,-2.02,-2.02
152082,2025,-6.56,6.68,-2.01,,,,-2.01,-2.01
152135,2025,-8.53,8.45,-2.0,,,,-2.0,-2.0
152349,2025,-7.18,7.41,-1.99,,,,-1.99,-1.99
151160,2025,-7.59,7.28,-1.93,,,,-1.93,-1.93
148815,2025,-14.31,15.52,-1.93,,,,-1.93,-1.93
152094,2025,-9.68,10.31,-1.91,,,,-1.91,-1.91
150659,2025,-11.03,10.94,-1.9,,,,-1.9,-1.9
150899,2025,-7.54,7.25,-1.89,,,,-1.89,-1.89
120046,2025,-10.52,11.24,-1.89,,,,-1.89,-1.89
149185,2025,-9.81,9.17,-1.86,,,,-1.86,-1.86
152910,2025,-10.67,10.89,-1.86,,,,-1.86,-1.86
143874,2025,-9.91,10.05,-1.85,,,,-1.85,-1.85
149447,2025,-7.63,7.44,-1.82,,,,-1.82,-1.82
151881,2025,-5.66,5.55,-1.81,,,,-1.81,-1.81
149838,2025,-7.58,7.39,-1.81,,,,-1.81,-1.81
151649,2025,-14.21,15.54,-1.79,,,,-1.79,-1.79
118539,2025,-9.74,9.57,-1.78,,,,-1.78,-1.78
153477,2025,,-1.78,-1.78,,,,-1.78,-1.78
147796,2025,-7.51,7.36,-1.77,,,,-1.77,-1.77
148745,2025,-7.6,7.46,-1.77,,,,-1.77,-1.77
147750,2025,-8.89,9.5,-1.76,,,,-1.76,-1.76
152684,2025,-7.56,7.85,-1.76,,,,-1.76,-1.76
120684,2025,-7.55,7.41,-1.76,,,,-1.76,-1.76
149288,2025,-7.54,7.4,-1.75,,,,-1.75,-1.75
151853,2025,-11.45,12.54,-1.73,,,,-1.73,-1.73
152739,2025,-9.09,9.2,-1.72,,,,-1.72,-1.72
149466,2025,-7.48,7.39,-1.71,,,,-1.71,-1.71
153239,2025,0.0,-0.71,-1.7,,,,-1.7,-1.7
120079,2025,-11.03,12.31,-1.7,,,,-1.7,-1.7
153555,2025,,-1.67,-1.67,,,,-1.67,-1.67
153546,2025,,-1.67,-1.67,,,,-1.67,-1.67
146381,2025,-7.48,7.45,-1.65,,,,-1.65,-1.65
118876,2025,-7.01,6.72,-1.65,,,,-1.65,-1.65
139527,2025,-10.91,10.98,-1.65,,,,-1.65,-1.65
146513,2025,-7.9,7.47,-1.64,,,,-1.64,-1.64
152450,2025,-11.87,12.68,-1.59,,,,-1.59,-1.59
149158,2025,-8.38,8.49,-1.57,,,,-1.57,-1.57
148751,2025,-9.33,10.21,-1.56,,,,-1.56,-1.56
118763,2025,-8.68,8.71,-1.56,,,,-1.56,-1.56
119773,2025,-7.88,8.09,-1.54,,,,-1.54,-1.54
138528,2025,-12.44,11.75,-1.53,,,,-1.53,-1.53
149071,2025,-7.29,7.33,-1.51,,,,-1.51,-1.51
152202,2025,-8.82,9.13,-1.51,,,,-1.51,-1.51
152158,2025,-10.92,10.83,-1.51,,,,-1.51,-1.51
120490,2025,-6.38,6.54,-1.47,,,,-1.47,-1.47
120405,2025,-12.09,13.25,-1.45,,,,-1.45,-1.45
153121,2025,-6.86,7.06,-1.4,,,,-1.4,-1.4
130543,2025,-3.25,1.97,-1.36,,,,-1.36,-1.36
152051,2025,-5.65,5.1,-1.31,,,,-1.31,-1.31
149700,2025,-5.33,5.47,-1.31,,,,-1.31,-1.31
153094,2025,-7.68,8.2,-1.3,,,,-1.3,-1.3
150376,2025,-7.01,8.36,-1.27,,,,-1.27,-1.27
150595,2025,-7.42,5.7,-1.23,,,,-1.23,-1.23
153081,2025,-6.87,6.66,-1.19,,,,-1.19,-1.19
119700,2025,-7.75,7.29,-1.15,,,,-1.15,-1.15
147346,2025,-7.85,8.11,-1.12,,,,-1.12,-1.12
119507,2025,-7.89,7.98,-1.08,,,,-1.08,-1.08
148921,2025,-8.25,9.39,-1.07,,,,-1.07,-1.07
149841,2025,-8.03,8.47,-1.02,,,,-1.02,-1.02
151142,2025,-10.38,11.22,-0.97,,,,-0.97,-0.97
119514,2025,-8.58,9.06,-0.95,,,,-0.95,-0.95
150805,2025,-6.89,7.62,-0.85,,,,-0.85,-0.85
152310,2025,-10.68,12.23,-0.83,,,,-0.83,-0.83
133710,2025,-7.76,8.74,-0.83,,,,-0.83,-0.83
120348,2025,-7.74,9.14,-0.81,,,,-0.81,-0.81
120826,2025,-7.19,7.72,-0.77,,,,-0.77,-0.77
153506,2025,,-0.77,-0.77,,,,-0.77,-0.77
141924,2025,-7.27,8.39,-0.7,,,,-0.7,-0.7
120270,2025,-4.99,5.82,-0.66,,,,-0.66,-0.66
118527,2025,-4.18,4.04,-0.66,,,,-0.66,-0.66
150264,2025,-8.28,9.71,-0.65,,,,-0.65,-0.65
140175,2025,-8.52,10.52,-0.62,,,,-0.62,-0.62
153320,2025,-5.33,7.62,-0.62,,,,-0.62,-0.62
135677,2025,-8.15,9.53,-0.61,,,,-0.61,-0.61
147183,2025,-10.93,13.05,-0.53,,,,-0.53,-0.53
148634,2025,-9.8,11.24,-0.51,,,,-0.51,-0.51
146951,2025,-7.3,7.75,-0.49,,,,-0.49,-0.49
148637,2025,-7.71,9.47,-0.48,,,,-0.48,-0.48
152677,2025,-6.81,7.78,-0.47,,,,-0.47,-0.47
150587,2025,-7.7,9.34,-0.47,,,,-0.47,-0.47
119307,2025,-6.76,8.47,-0.46,,,,-0.46,-0.46
149368,2025,-8.83,10.27,-0.45,,,,-0.45,-0.45
152509,2025,-4.16,4.65,-0.44,,,,-0.44,-0.44
132756,2025,-6.74,7.96,-0.44,,,,-0.44,-0.44
152847,2025,-6.67,7.54,-0.41,,,,-0.41,-0.41
153114,2025,-7.47,9.05,-0.4,,,,-0.4,-0.4
140274,2025,-1.55,0.66,-0.36,,,,-0.36,-0.36
119646,2025,-10.66,12.52,-0.36,,,,-0.36,-0.36
152842,2025,-11.42,13.01,-0.35,,,,-0.35,-0.35
118784,2025,-6.59,7.96,-0.32,,,,-0.32,-0.32
118879,2025,-10.39,11.08,-0.3,,,,-0.3,-0.3
143537,2025,-6.52,7.56,-0.3,,,,-0.3,-0.3
147928,2025,-5.32,6.73,-0.26,,,,-0.26,-0.26
153015,2025,-6.13,6.87,-0.22,,,,-0.22,-0.22
118278,2025,-8.29,9.41,-0.21,,,,-0.21,-0.21
118724,2025,-6.32,7.21,-0.14,,,,-0.14,-0.14
149669,2025,-6.72,8.63,-0.11,,,,-0.11,-0.11
141226,2025,-8.66,10.41,-0.1,,,,-0.1,-0.1
153465,2025,,-0.1,-0.1,,,,-0.1,-0.1
129200,2025,-6.89,8.26,-0.05,,,,-0.05,-0.05
153513,2025,,-0.05,-0.05,,,,-0.05,-0.05
118870,2025,-5.75,6.88,-0.04,,,,-0.04,-0.04
152815,2025,-7.35,9.28,0.0,,,,0.0,0.0
118267,2025,-8.77,11.09,0.0,,,,0.0,0.0
153529,2025,,0.0,0.0,,,,0.0,0.0
119591,2025,-6.45,7.74,0.04,,,,0.04,0.04
118866,2025,-5.52,7.25,0.04,,,,0.04,0.04
148928,2025,-10.25,13.3,0.04,,,,0.04,0.04
148609,2025,-6.57,7.9,0.06,,,,0.06,0.06
152071,2025,-8.83,11.2,0.07,,,,0.07,0.07
120333,2025,-4.11,5.58,0.11,,,,0.11,0.11
118540,2025,-6.39,8.53,0.11,,,,0.11,0.11
148980,2025,-6.49,8.34,0.12,,,,0.12,0.12
153536,2025,,0.13,0.13,,,,0.13,0.13
120749,2025,-5.07,6.66,0.14,,,,0.14,0.14
120587,2025,-4.66,5.83,0.14,,,,0.14,0.14
152821,2025,-8.76,11.24,0.15,,,,0.15,0.15
145110,2025,-7.44,9.67,0.2,,,,0.2,0.2
118557,2025,-7.09,8.43,0.2,,,,0.2,0.2
147372,2025,-6.12,7.92,0.24,,,,0.24,0.24
152588,2025,-6.53,8.55,0.24,,,,0.24,0.24
149098,2025,-11.0,9.82,0.25,,,,0.25,0.25
135601,2025,-5.48,7.73,0.28,,,,0.28,0.28
149847,2025,-6.02,8.2,0.28,,,,0.28,0.28
129212,2025,-8.08,10.2,0.29,,,,0.29,0.29
119769,2025,-6.28,8.41,0.32,,,,0.32,0.32
120158,2025,-6.95,9.29,0.35,,,,0.35,0.35
151129,2025,-3.88,5.22,0.35,,,,0.35,0.35
150187,2025,-4.86,6.79,0.37,,,,0.37,0.37
152600,2025,-6.46,8.32,0.39,,,,0.39,0.39
118678,2025,-5.54,8.09,0.43,,,,0.43,0.43
149264,2025,-4.55,5.93,0.43,,,,0.43,0.43
118620,2025,-6.5,9.0,0.43,,,,0.43,0.43
147840,2025,-8.25,10.7,0.47,,,,0.47,0.47
153552,2025,,0.49,0.49,,,,0.49,0.49
153498,2025,,0.49,0.49,,,,0.49,0.49
133035,2025,-6.45,8.76,0.49,,,,0.49,0.49
152657,2025,-8.66,10.64,0.5,,,,0.5,0.5
151368,2025,-6.98,9.14,0.54,,,,0.54,0.54
120186,2025,-4.59,5.77,0.55,,,,0.55,0.55
152855,2025,-9.95,12.78,0.56,,,,0.56,0.56
150624,2025,-8.97,11.84,0.57,,,,0.57,0.57
118273,2025,-6.67,8.81,0.57,,,,0.57,0.57
150428,2025,-10.03,13.37,0.57,,,,0.57,0.57
152226,2025,-7.48,10.48,0.6,,,,0.6,0.6
150440,2025,-6.78,8.53,0.64,,,,0.64,0.64
152045,2025,-7.11,8.62,0.65,,,,0.65,0.65
119053,2025,-3.49,5.25,0.65,,,,0.65,0.65
141248,2025,-3.85,6.6,0.66,,,,0.66,0.66
120662,2025,-5.75,8.62,0.66,,,,0.66,0.66
152941,2025,-7.79,10.83,0.68,,,,0.68,0.68
147306,2025,-4.96,7.54,0.68,,,,0.68,0.68
118481,2025,-5.17,7.14,0.69,,,,0.69,0.69
152557,2025,-8.1,9.9,0.71,,,,0.71,0.71
153517,2025,,0.77,0.77,,,,0.77,0.77
149601,2025,-3.76,5.71,0.79,,,,0.79,0.79
153034,2025,-9.94,13.68,0.8,,,,0.8,0.8
149892,2025,-10.05,13.18,0.81,,,,0.81,0.81
150643,2025,-8.03,9.93,0.81,,,,0.81,0.81
153064,2025,-7.98,9.9,0.82,,,,0.82,0.82
148479,2025,0.82,,,,,,0.82,0.82
150260,2025,-4.64,6.76,0.85,,,,0.85,0.85
119436,2025,-6.91,9.61,0.87,,,,0.87,0.87
150673,2025,-10.02,13.21,0.87,,,,0.87,0.87
147727,2025,-9.81,12.56,0.89,,,,0.89,0.89
151724,2025,-10.02,13.24,0.89,,,,0.89,0.89
149389,2025,-10.02,13.25,0.9,,,,0.9,0.9
143903,2025,-3.41,5.14,0.92,,,,0.92,0.92
148726,2025,-9.94,13.19,0.93,,,,0.93,0.93
152751,2025,-7.52,10.32,0.94,,,,0.94,0.94
151824,2025,-8.24,11.36,0.96,,,,0.96,0.96
151901,2025,-8.63,11.0,0.96,,,,0.96,0.96
149254,2025,-5.66,8.31,0.97,,,,0.97,0.97
153000,2025,-9.92,13.19,0.97,,,,0.97,0.97
153436,2025,,0.99,0.99,,,,0.99,0.99
151443,2025,-7.39,9.73,1.01,,,,1.01,1.01
151478,2025,-4.25,6.59,1.02,,,,1.02,1.02
147622,2025,-9.91,13.26,1.03,,,,1.03,1.03
120665,2025,-6.53,8.99,1.03,,,,1.03,1.03
153461,2025,,1.05,1.05,,,,1.05,1.05
118979,2025,-7.28,9.1,1.09,,,,1.09,1.09
152778,2025,-7.48,10.47,1.11,,,,1.11,1.11
118551,2025,-10.2,11.43,1.12,,,,1.12,1.12
152920,2025,-11.69,15.54,1.13,,,,1.13,1.13
150685,2025,-9.08,11.43,1.13,,,,1.13,1.13
118419,2025,-6.5,9.24,1.15,,,,1.15,1.15
146457,2025,-3.12,4.82,1.15,,,,1.15,1.15
149059,2025,-9.96,11.88,1.18,,,,1.18,1.18
119549,2025,-4.76,7.72,1.18,,,,1.18,1.18
153458,2025,,1.2,1.2,,,,1.2,1.2
150716,2025,-9.07,11.27,1.2,,,,1.2,1.2
148507,2025,-3.21,6.09,1.21,,,,1.21,1.21
120834,2025,-5.98,8.3,1.22,,,,1.22,1.22
149295,2025,-6.33,9.41,1.22,,,,1.22,1.22
148353,2025,-4.27,7.21,1.23,,,,1.23,1.23
152697,2025,-7.19,10.35,1.23,,,,1.23,1.23
118769,2025,-3.91,6.93,1.26,,,,1.26,1.26
131355,2025,-2.82,4.78,1.27,,,,1.27,1.27
143163,2025,-4.17,6.32,1.28,,,,1.28,1.28
145599,2025,-2.84,5.59,1.32,,,,1.32,1.32
152417,2025,-6.12,7.92,1.34,,,,1.34,1.34
152408,2025,-6.19,9.52,1.35,,,,1.35,1.35
119835,2025,-4.73,6.96,1.36,,,,1.36,1.36
149882,2025,-5.17,7.6,1.38,,,,1.38,1.38
119364,2025,-8.89,11.6,1.38,,,,1.38,1.38
135654,2025,-5.92,8.68,1.38,,,,1.38,1.38
149570,2025,-4.58,7.67,1.38,,,,1.38,1.38
120715,2025,-5.27,8.45,1.4,,,,1.4,1.4
140382,2025,-4.44,7.44,1.42,,,,1.42,1.42
120751,2025,-4.24,7.27,1.42,,,,1.42,1.42
153118,2025,-8.27,10.67,1.43,,,,1.43,1.43
111549,2025,-4.13,6.65,1.44,,,,1.44,1.44
152878,2025,-6.21,8.95,1.48,,,,1.48,1.48
120073,2025,-2.2,3.24,1.53,,,,1.53,1.53
152810,2025,-4.21,7.27,1.53,,,,1.53,1.53
152644,2025,-7.82,11.81,1.56,,,,1.56,1.56
118479,2025,-4.32,7.83,1.57,,,,1.57,1.57
152022,2025,-7.77,10.74,1.57,,,,1.57,1.57
130498,2025,-6.09,9.43,1.58,,,,1.58,1.58
120674,2025,-3.62,6.05,1.58,,,,1.58,1.58
152595,2025,-6.04,8.51,1.6,,,,1.6,1.6
118285,2025,-5.76,9.42,1.64,,,,1.64,1.64
119350,2025,-6.79,10.02,1.64,,,,1.64,1.64
118485,2025,-2.9,5.04,1.66,,,,1.66,1.66
147789,2025,-2.63,5.5,1.66,,,,1.66,1.66
153407,2025,0.06,1.5,1.68,,,,1.68,1.68
148883,2025,-4.93,8.31,1.71,,,,1.71,1.71
153515,2025,,1.71,1.71,,,,1.71,1.71
153442,2025,,1.71,1.71,,,,1.71,1.71
120503,2025,-3.52,6.92,1.71,,,,1.71,1.71
118794,2025,-3.87,6.86,1.71,,,,1.71,1.71
148564,2025,-8.52,11.93,1.72,,,,1.72,1.72
153411,2025,0.06,1.52,1.72,,,,1.72,1.72
118546,2025,-3.48,6.36,1.74,,,,1.74,1.74
120392,2025,-6.25,10.31,1.75,,,,1.75,1.75
152672,2025,-6.58,9.85,1.76,,,,1.76,1.76
149303,2025,-6.36,9.42,1.77,,,,1.77,1.77
147541,2025,-8.68,12.29,1.77,,,,1.77,1.77
120465,2025,-2.04,5.47,1.79,,,,1.79,1.79
153447,2025,,1.8,1.8,,,,1.8,1.8
119218,2025,-3.59,6.87,1.81,,,,1.81,1.81
152716,2025,-5.52,9.05,1.81,,,,1.81,1.81
146643,2025,-3.0,6.0,1.82,,,,1.82,1.82
135120,2025,-0.86,3.29,1.85,,,,1.85,1.85
152092,2025,-5.48,9.06,1.86,,,,1.86,1.86
149790,2025,-6.02,9.36,1.87,,,,1.87,1.87
118473,2025,-4.27,7.53,1.89,,,,1.89,1.89
152968,2025,-5.46,9.06,1.89,,,,1.89,1.89
149331,2025,-4.5,8.05,1.9,,,,1.9,1.9
149717,2025,-2.24,5.04,1.91,,,,1.91,1.91
119133,2025,-4.45,8.4,1.93,,,,1.93,1.93
151728,2025,-4.94,8.61,1.93,,,,1.93,1.93
153416,2025,0.05,1.71,1.94,,,,1.94,1.94
120728,2025,-3.83,6.75,1.95,,,,1.95,1.95
148592,2025,-4.3,7.64,1.96,,,,1.96,1.96
118650,2025,-7.06,10.98,1.97,,,,1.97,1.97
119723,2025,-4.0,7.23,1.97,,,,1.97,1.97
152688,2025,-2.87,5.86,1.98,,,,1.98,1.98
118834,2025,-6.29,9.85,2.0,,,,2.0,2.0
144312,2025,-0.47,2.97,2.0,,,,2.0,2.0
152358,2025,-4.38,8.33,2.02,,,,2.02,2.02
149406,2025,-3.51,6.53,2.02,,,,2.02,2.02
152767,2025,-9.35,13.64,2.03,,,,2.03,2.03
152033,2025,-7.2,11.03,2.03,,,,2.03,2.03
142038,2025,-1.76,4.79,2.05,,,,2.05,2.05
119018,2025,-1.63,5.38,2.06,,,,2.06,2.06
118615,2025,-1.79,4.92,2.06,,,,2.06,2.06
153443,2025,0.05,1.81,2.06,,,,2.06,2.06
148539,2025,-5.56,9.4,2.1,,,,2.1,2.1
118489,2025,-2.02,4.37,2.11,,,,2.11,2.11
118494,2025,-5.06,8.05,2.12,,,,2.12,2.12
150357,2025,1.64,0.44,2.13,,,,2.13,2.13
152908,2025,-4.98,8.87,2.14,,,,2.14,2.14
120357,2025,-9.47,13.78,2.14,,,,2.14,2.14
152140,2025,1.3,0.52,2.14,,,,2.14,2.14
120731,2025,-7.57,10.89,2.14,,,,2.14,2.14
120847,2025,-5.99,9.26,2.15,,,,2.15,2.15
150797,2025,-3.71,7.75,2.16,,,,2.16,2.16
118531,2025,-3.34,7.28,2.16,,,,2.16,2.16
148446,2025,1.76,0.29,2.16,,,,2.16,2.16
151548,2025,0.79,1.39,2.18,,,,2.18,2.18
153372,2025,0.57,1.48,2.18,,,,2.18,2.18
148500,2025,-4.16,7.89,2.18,,,,2.18,2.18
119202,2025,-4.31,7.88,2.19,,,,2.19,2.19
148947,2025,-6.43,10.44,2.19,,,,2.19,2.19
152976,2025,-6.02,10.07,2.2,,,,2.2,2.2
150515,2025,-5.78,9.51,2.22,,,,2.22,2.22
153161,2025,-4.81,8.75,2.23,,,,2.23,2.23
153132,2025,-3.64,7.4,2.24,,,,2.24,2.24
152482,2025,-6.04,10.14,2.24,,,,2.24,2.24
149753,2025,1.73,0.47,2.25,,,,2.25,2.25
152962,2025,-4.35,8.92,2.26,,,,2.26,2.26
118624,2025,-2.8,6.34,2.26,,,,2.26,2.26
119242,2025,-2.97,6.77,2.27,,,,2.27,2.27
138386,2025,-3.46,6.94,2.27,,,,2.27,2.27
152889,2025,-6.02,10.16,2.28,,,,2.28,2.28
149343,2025,-6.01,10.15,2.28,,,,2.28,2.28
149936,2025,-9.23,13.77,2.28,,,,2.28,2.28
147625,2025,-4.87,8.9,2.29,,,,2.29,2.29
152189,2025,-4.46,7.48,2.29,,,,2.29,2.29
153376,2025,0.52,1.79,2.3,,,,2.3,2.3
153479,2025,,2.3,2.3,,,,2.3,2.3
148595,2025,-3.83,7.02,2.32,,,,2.32,2.32
131373,2025,-1.28,3.94,2.33,,,,2.33,2.33
152731,2025,-4.84,8.94,2.36,,,,2.36,2.36
144394,2025,-2.27,5.93,2.36,,,,2.36,2.36
118617,2025,-2.97,7.0,2.37,,,,2.37,2.37
150481,2025,-1.97,5.17,2.37,,,,2.37,2.37
148925,2025,-5.48,8.96,2.37,,,,2.37,2.37
153146,2025,-3.88,7.49,2.42,,,,2.42,2.42
146010,2025,-1.22,4.35,2.44,,,,2.44,2.44
150636,2025,-2.23,6.09,2.49,,,,2.49,2.49
152713,2025,-2.22,6.07,2.49,,,,2.49,2.49
152663,2025,-2.22,6.08,2.5,,,,2.5,2.5
152415,2025,-4.73,7.49,2.5,,,,2.5,2.5
152156,2025,-5.89,10.26,2.52,,,,2.52,2.52
118935,2025,-5.8,10.14,2.52,,,,2.52,2.52
152157,2025,-5.87,10.28,2.55,,,,2.55,2.55
153213,2025,-3.22,7.33,2.55,,,,2.55,2.55
148822,2025,-2.16,6.46,2.56,,,,2.56,2.56
119160,2025,-2.14,6.21,2.6,,,,2.6,2.6
152382,2025,-5.38,9.96,2.61,,,,2.61,2.61
112039,2025,-4.26,8.68,2.61,,,,2.61,2.61
149291,2025,-10.75,12.63,2.63,,,,2.63,2.63
150631,2025,1.5,1.1,2.63,,,,2.63,2.63
149830,2025,-5.63,7.85,2.64,,,,2.64,2.64
153497,2025,,2.64,2.64,,,,2.64,2.64
147713,2025,1.5,1.11,2.65,,,,2.65,2.65
148381,2025,-4.78,7.16,2.67,,,,2.67,2.67
150562,2025,1.51,1.12,2.67,,,,2.67,2.67
152152,2025,1.52,1.12,2.68,,,,2.68,2.68
151190,2025,1.52,1.12,2.68,,,,2.68,2.68
147837,2025,1.54,1.13,2.7,,,,2.7,2.7
147531,2025,1.53,1.13,2.7,,,,2.7,2.7
151523,2025,3.22,-1.34,2.7,,,,2.7,2.7
149919,2025,-2.98,7.08,2.71,,,,2.71,2.71
149797,2025,1.54,1.14,2.71,,,,2.71,2.71
147450,2025,1.54,1.14,2.71,,,,2.71,2.71
141642,2025,-0.71,4.29,2.71,,,,2.71,2.71
147570,2025,1.55,1.14,2.72,,,,2.72,2.72
150369,2025,1.54,1.14,2.72,,,,2.72,2.72
120468,2025,-3.8,8.38,2.73,,,,2.73,2.73
120267,2025,-4.4,8.8,2.73,,,,2.73,2.73
119110,2025,1.55,1.14,2.73,,,,2.73,2.73
152064,2025,-3.08,6.46,2.74,,,,2.74,2.74
119833,2025,1.56,1.14,2.74,,,,2.74,2.74
120517,2025,-3.34,7.53,2.74,,,,2.74,2.74
147736,2025,1.56,1.15,2.75,,,,2.75,2.75
147606,2025,1.57,1.15,2.75,,,,2.75,2.75
146191,2025,1.56,1.15,2.75,,,,2.75,2.75
120785,2025,1.56,1.15,2.75,,,,2.75,2.75
146062,2025,1.56,1.15,2.75,,,,2.75,2.75
147883,2025,1.56,1.15,2.75,,,,2.75,2.75
147287,2025,1.56,1.15,2.75,,,,2.75,2.75
145536,2025,1.56,1.15,2.75,,,,2.75,2.75
147214,2025,1.56,1.15,2.75,,,,2.75,2.75
146963,2025,1.57,1.15,2.75,,,,2.75,2.75
147003,2025,1.57,1.15,2.75,,,,2.75,2.75
146141,2025,1.57,1.15,2.76,,,,2.76,2.76
145486,2025,1.57,1.15,2.76,,,,2.76,2.76
147564,2025,1.57,1.15,2.76,,,,2.76,2.76
147515,2025,1.58,1.15,2.76,,,,2.76,2.76
151849,2025,1.57,1.15,2.76,,,,2.76,2.76
147196,2025,1.57,1.15,2.76,,,,2.76,2.76
149870,2025,-3.58,7.51,2.76,,,,2.76,2.76
146980,2025,1.56,1.16,2.77,,,,2.77,2.77
145810,2025,1.57,1.16,2.77,,,,2.77,2.77
146675,2025,1.58,1.16,2.78,,,,2.78,2.78
144335,2025,-2.36,6.21,2.79,,,,2.79,2.79
147951,2025,1.58,1.18,2.8,,,,2.8,2.8
118803,2025,-3.91,8.33,2.8,,,,2.8,2.8
140347,2025,-0.06,3.27,2.81,,,,2.81,2.81
134643,2025,-2.23,5.47,2.81,,,,2.81,2.81
144466,2025,0.53,2.62,2.82,,,,2.82,2.82
152783,2025,-2.65,7.17,2.83,,,,2.83,2.83
151267,2025,-1.83,5.84,2.83,,,,2.83,2.83
119721,2025,-3.62,7.87,2.84,,,,2.84,2.84
148606,2025,-3.41,7.83,2.84,,,,2.84,2.84
153368,2025,0.79,1.85,2.88,,,,2.88,2.88
150521,2025,-6.88,11.56,2.89,,,,2.89,2.89
120152,2025,-3.29,7.9,2.91,,,,2.91,2.91
147473,2025,-4.22,9.13,2.93,,,,2.93,2.93
119164,2025,1.66,1.23,2.93,,,,2.93,2.93
118543,2025,-1.62,4.62,2.95,,,,2.95,2.95
129197,2025,1.09,1.59,2.95,,,,2.95,2.95
119709,2025,-2.85,7.67,2.97,,,,2.97,2.97
151179,2025,3.07,-0.86,2.97,,,,2.97,2.97
153035,2025,1.69,1.26,3.0,,,,3.0,3.0
135781,2025,-5.1,9.7,3.0,,,,3.0,3.0
124234,2025,1.53,1.37,3.0,,,,3.0,3.0
150206,2025,-0.09,2.89,3.01,,,,3.01,3.01
129193,2025,-4.37,8.51,3.01,,,,3.01,3.01
118968,2025,-1.89,5.7,3.01,,,,3.01,3.01
145834,2025,1.68,1.28,3.01,,,,3.01,3.01
120760,2025,-2.28,6.08,3.02,,,,3.02,3.02
103734,2025,1.68,1.3,3.02,,,,3.02,3.02
150663,2025,1.67,1.26,3.02,,,,3.02,3.02
149961,2025,-10.61,12.31,3.02,,,,3.02,3.02
138312,2025,-2.59,7.32,3.03,,,,3.03,3.03
120261,2025,-4.54,8.83,3.04,,,,3.04,3.04
118269,2025,-2.51,7.3,3.06,,,,3.06,3.06
143269,2025,1.69,1.33,3.07,,,,3.07,3.07
118416,2025,3.09,-0.84,3.07,,,,3.07,3.07
120154,2025,0.59,2.05,3.11,,,,3.11,3.11
151713,2025,-3.92,7.92,3.12,,,,3.12,3.12
143614,2025,1.75,1.43,3.13,,,,3.13,3.13
118736,2025,-0.65,4.71,3.14,,,,3.14,3.14
125345,2025,1.75,1.34,3.14,,,,3.14,3.14
147157,2025,1.74,1.37,3.15,,,,3.15,3.15
151214,2025,3.07,-0.72,3.15,,,,3.15,3.15
118394,2025,2.42,0.2,3.15,,,,3.15,3.15
140444,2025,-0.35,3.95,3.15,,,,3.15,3.15
145396,2025,-3.35,8.34,3.16,,,,3.16,3.16
152102,2025,-1.71,5.74,3.16,,,,3.16,3.16
120482,2025,1.75,1.41,3.16,,,,3.16,3.16
147496,2025,-1.14,5.02,3.17,,,,3.17,3.17
134594,2025,0.63,3.0,3.18,,,,3.18,3.18
118464,2025,3.15,-0.78,3.19,,,,3.19,3.19
145971,2025,1.79,1.36,3.19,,,,3.19,3.19
148841,2025,1.77,1.39,3.2,,,,3.2,3.2
120406,2025,1.77,1.38,3.2,,,,3.2,3.2
120837,2025,1.81,1.35,3.2,,,,3.2,3.2
152520,2025,3.17,-0.79,3.2,,,,3.2,3.2
150751,2025,-9.76,12.33,3.21,,,,3.21,3.21
127850,2025,-1.58,5.77,3.21,,,,3.21,3.21
118364,2025,1.79,1.37,3.21,,,,3.21,3.21
120249,2025,1.8,1.37,3.21,,,,3.21,3.21
119800,2025,1.79,1.38,3.21,,,,3.21,3.21
119415,2025,1.8,1.37,3.21,,,,3.21,3.21
119128,2025,-0.25,3.9,3.21,,,,3.21,3.21
151313,2025,3.12,-0.75,3.22,,,,3.22,3.22
149091,2025,-2.93,7.83,3.23,,,,3.23,3.23
120537,2025,1.8,1.39,3.23,,,,3.23,3.23
119369,2025,1.8,1.39,3.23,,,,3.23,3.23
139538,2025,1.8,1.38,3.23,,,,3.23,3.23
151833,2025,1.8,1.38,3.23,,,,3.23,3.23
148516,2025,-4.25,9.07,3.24,,,,3.24,3.24
118859,2025,1.8,1.39,3.24,,,,3.24,3.24
120304,2025,1.81,1.38,3.24,,,,3.24,3.24
119091,2025,1.81,1.39,3.24,,,,3.24,3.24
120197,2025,1.81,1.38,3.24,,,,3.24,3.24
119303,2025,1.81,1.38,3.24,,,,3.24,3.24
119125,2025,1.81,1.38,3.24,,,,3.24,3.24
119766,2025,1.81,1.4,3.25,,,,3.25,3.25
140196,2025,1.81,1.4,3.25,,,,3.25,3.25
118510,2025,-5.71,11.02,3.26,,,,3.26,3.26
120038,2025,1.81,1.4,3.26,,,,3.26,3.26
119861,2025,1.79,1.4,3.26,,,,3.26,3.26
119568,2025,1.82,1.4,3.26,,,,3.26,3.26
118305,2025,1.81,1.4,3.26,,,,3.26,3.26
118701,2025,1.81,1.4,3.26,,,,3.26,3.26
138299,2025,1.82,1.4,3.27,,,,3.27,3.27
120389,2025,1.83,1.39,3.27,,,,3.27,3.27
149664,2025,1.84,1.38,3.27,,,,3.27,3.27
118577,2025,1.81,1.41,3.27,,,,3.27,3.27
119135,2025,1.82,1.41,3.28,,,,3.28,3.28
153313,2025,1.04,1.96,3.28,,,,3.28,3.28
152990,2025,-1.26,4.6,3.29,,,,3.29,3.29
119028,2025,-1.8,5.22,3.3,,,,3.3,3.3
152528,2025,3.09,-0.02,3.31,,,,3.31,3.31
152150,2025,2.58,0.19,3.32,,,,3.32,3.32
152549,2025,1.93,1.28,3.32,,,,3.32,3.32
119062,2025,-2.22,6.68,3.33,,,,3.33,3.33
153105,2025,3.15,-0.58,3.34,,,,3.34,3.34
119759,2025,3.09,-0.59,3.35,,,,3.35,3.35
119757,2025,3.09,-0.59,3.35,,,,3.35,3.35
148063,2025,-14.77,19.0,3.35,,,,3.35,3.35
120599,2025,-3.96,8.31,3.36,,,,3.36,3.36
149950,2025,1.81,1.43,3.36,,,,3.36,3.36
118632,2025,-3.37,8.39,3.37,,,,3.37,3.37
153335,2025,0.98,2.13,3.37,,,,3.37,3.37
133868,2025,1.88,1.33,3.38,,,,3.38,3.38
149868,2025,-2.04,7.06,3.38,,,,3.38,3.38
134923,2025,-3.0,6.25,3.39,,,,3.39,3.39
148662,2025,-10.0,11.96,3.39,,,,3.39,3.39
138376,2025,1.09,2.64,3.39,,,,3.39,3.39
118931,2025,1.86,1.56,3.39,,,,3.39,3.39
129052,2025,1.86,1.56,3.39,,,,3.39,3.39
120524,2025,-1.85,5.74,3.43,,,,3.43,3.43
149832,2025,-2.0,7.07,3.43,,,,3.43,3.43
147666,2025,-1.99,7.08,3.45,,,,3.45,3.45
119605,2025,3.22,-0.57,3.46,,,,3.46,3.46
120401,2025,1.93,1.54,3.46,,,,3.46,3.46
120276,2025,0.18,3.1,3.47,,,,3.47,3.47
150407,2025,2.9,-0.25,3.47,,,,3.47,3.47
120313,2025,1.67,1.64,3.47,,,,3.47,3.47
152354,2025,-2.89,8.07,3.48,,,,3.48,3.48
120364,2025,1.9,1.6,3.48,,,,3.48,3.48
130206,2025,1.93,1.56,3.49,,,,3.49,3.49
120821,2025,-3.62,8.17,3.5,,,,3.5,3.5
150310,2025,-2.99,7.74,3.51,,,,3.51,3.51
152949,2025,-1.1,4.67,3.51,,,,3.51,3.51
118474,2025,1.94,1.57,3.51,,,,3.51,3.51
120656,2025,-2.14,7.13,3.52,,,,3.52,3.52
120282,2025,3.14,-0.38,3.52,,,,3.52,3.52
148913,2025,1.83,1.53,3.52,,,,3.52,3.52
118272,2025,-3.01,7.88,3.52,,,,3.52,3.52
119960,2025,0.83,3.13,3.52,,,,3.52,3.52
138875,2025,1.96,1.58,3.52,,,,3.52,3.52
147311,2025,1.86,1.52,3.54,,,,3.54,3.54
151810,2025,-7.01,12.31,3.55,,,,3.55,3.55
119528,2025,-2.66,7.84,3.55,,,,3.55,3.55
119379,2025,1.86,1.54,3.55,,,,3.55,3.55
118486,2025,0.52,3.01,3.56,,,,3.56,3.56
119839,2025,0.52,2.83,3.57,,,,3.57,3.57
138358,2025,1.88,1.54,3.58,,,,3.58,3.58
148035,2025,-3.08,7.91,3.59,,,,3.59,3.59
152936,2025,0.15,3.73,3.59,,,,3.59,3.59
118825,2025,-2.24,7.47,3.62,,,,3.62,3.62
153179,2025,1.95,1.51,3.62,,,,3.62,3.62
118317,2025,1.89,1.57,3.62,,,,3.62,3.62
118477,2025,1.42,2.35,3.62,,,,3.62,3.62
147772,2025,1.9,1.57,3.62,,,,3.62,3.62
144173,2025,1.88,1.58,3.63,,,,3.63,3.63
119118,2025,1.25,2.08,3.65,,,,3.65,3.65
119828,2025,1.9,1.59,3.66,,,,3.66,3.66
143508,2025,1.92,1.58,3.66,,,,3.66,3.66
145589,2025,2.63,0.34,3.67,,,,3.67,3.67
120746,2025,1.92,1.57,3.67,,,,3.67,3.67
147731,2025,1.93,1.58,3.67,,,,3.67,3.67
152240,2025,3.54,-0.31,3.68,,,,3.68,3.68
150539,2025,-1.65,5.48,3.69,,,,3.69,3.69
145034,2025,1.93,1.58,3.69,,,,3.69,3.69
147908,2025,1.94,1.58,3.69,,,,3.69,3.69
119705,2025,-3.48,7.37,3.7,,,,3.7,3.7
119750,2025,1.91,1.6,3.7,,,,3.7,3.7
149539,2025,1.93,1.6,3.7,,,,3.7,3.7
120541,2025,1.94,1.59,3.71,,,,3.71,3.71
152468,2025,1.39,1.97,3.72,,,,3.72,3.72
149679,2025,-0.26,4.57,3.72,,,,3.72,3.72
119287,2025,-1.31,7.04,3.73,,,,3.73,3.73
152825,2025,1.94,1.61,3.73,,,,3.73,3.73
119598,2025,-1.61,7.15,3.74,,,,3.74,3.74
146075,2025,1.97,1.59,3.74,,,,3.74,3.74
148529,2025,1.96,1.61,3.74,,,,3.74,3.74
150746,2025,1.87,1.72,3.75,,,,3.75,3.75
136567,2025,1.22,2.77,3.75,,,,3.75,3.75
144754,2025,1.95,1.62,3.75,,,,3.75,3.75
150698,2025,1.86,1.73,3.76,,,,3.76,3.76
152062,2025,-1.31,7.05,3.76,,,,3.76,3.76
118791,2025,-1.31,7.06,3.77,,,,3.77,3.77
153236,2025,1.51,1.98,3.77,,,,3.77,3.77
141841,2025,-1.31,7.07,3.77,,,,3.77,3.77
153206,2025,3.06,-0.09,3.78,,,,3.78,3.78
152491,2025,3.23,-0.28,3.78,,,,3.78,3.78
139781,2025,-2.97,8.49,3.78,,,,3.78,3.78
119065,2025,-1.3,7.07,3.78,,,,3.78,3.78
130493,2025,1.99,1.49,3.79,,,,3.79,3.79
120676,2025,1.93,1.68,3.79,,,,3.79,3.79
150692,2025,1.89,1.75,3.8,,,,3.8,3.8
153102,2025,3.22,-0.49,3.8,,,,3.8,3.8
152422,2025,-1.3,7.1,3.8,,,,3.8,3.8
143494,2025,1.98,1.63,3.8,,,,3.8,3.8
150688,2025,-1.68,5.92,3.81,,,,3.81,3.81
120242,2025,-2.07,7.14,3.81,,,,3.81,3.81
138456,2025,-2.59,5.5,3.83,,,,3.83,3.83
118299,2025,3.17,-0.16,3.84,,,,3.84,3.84
119501,2025,1.93,1.72,3.85,,,,3.85,3.85
140298,2025,3.03,0.01,3.87,,,,3.87,3.87
153484,2025,,3.88,3.88,,,,3.88,3.88
150938,2025,1.92,1.77,3.88,,,,3.88,3.88
119205,2025,2.11,1.6,3.88,,,,3.88,3.88
119239,2025,3.02,0.07,3.89,,,,3.89,3.89
118284,2025,3.12,-0.03,3.9,,,,3.9,3.9
147446,2025,-2.05,7.17,3.9,,,,3.9,3.9
152958,2025,2.05,1.67,3.9,,,,3.9,3.9
144490,2025,1.07,3.15,3.9,,,,3.9,3.9
151580,2025,-4.26,9.83,3.92,,,,3.92,3.92
153242,2025,1.4,2.21,3.94,,,,3.94,3.94
118574,2025,0.37,3.88,3.95,,,,3.95,3.95
120520,2025,3.15,-0.04,3.96,,,,3.96,3.96
120570,2025,1.94,1.79,3.96,,,,3.96,3.96
150788,2025,1.97,1.79,3.96,,,,3.96,3.96
149243,2025,1.62,2.07,3.97,,,,3.97,3.97
118291,2025,1.94,1.8,3.98,,,,3.98,3.98
148795,2025,1.96,1.8,3.98,,,,3.98,3.98
151364,2025,1.97,1.82,3.98,,,,3.98,3.98
118498,2025,2.74,0.59,3.99,,,,3.99,3.99
133925,2025,1.99,1.78,3.99,,,,3.99,3.99
118672,2025,3.12,0.14,4.0,,,,4.0,4.0
143612,2025,2.01,1.75,4.0,,,,4.0,4.0
140613,2025,2.02,1.76,4.0,,,,4.0,4.0
120315,2025,2.01,1.75,4.0,,,,4.0,4.0
119099,2025,3.22,-0.05,4.01,,,,4.01,4.01
118371,2025,1.98,1.8,4.01,,,,4.01,4.01
118282,2025,2.66,0.86,4.01,,,,4.01,4.01
119311,2025,2.86,0.38,4.02,,,,4.02,4.02
149526,2025,2.03,1.76,4.02,,,,4.02,4.02
119863,2025,1.99,1.8,4.03,,,,4.03,4.03
119523,2025,1.98,1.81,4.03,,,,4.03,4.03
151228,2025,2.52,1.47,4.04,,,,4.04,4.04
120735,2025,1.99,1.78,4.04,,,,4.04,4.04
150169,2025,2.03,1.78,4.04,,,,4.04,4.04
145075,2025,-5.32,10.83,4.05,,,,4.05,4.05
134813,2025,-1.52,6.84,4.05,,,,4.05,4.05
151014,2025,3.19,0.09,4.07,,,,4.07,4.07
120398,2025,1.99,1.86,4.07,,,,4.07,4.07
119812,2025,1.99,1.84,4.07,,,,4.07,4.07
118709,2025,2.01,1.82,4.08,,,,4.08,4.08
120592,2025,-1.95,7.41,4.1,,,,4.1,4.1
120513,2025,2.04,1.83,4.1,,,,4.1,4.1
120705,2025,1.07,2.88,4.11,,,,4.11,4.11
118840,2025,2.04,1.84,4.11,,,,4.11,4.11
118491,2025,1.61,2.24,4.12,,,,4.12,4.12
119075,2025,2.75,0.77,4.13,,,,4.13,4.13
151218,2025,1.95,2.0,4.13,,,,4.13,4.13
153189,2025,-1.19,6.76,4.14,,,,4.14,4.14
152814,2025,0.13,5.82,4.14,,,,4.14,4.14
118942,2025,2.03,1.87,4.15,,,,4.15,4.15
126685,2025,2.28,1.51,4.16,,,,4.16,4.16
152194,2025,-1.03,6.39,4.16,,,,4.16,4.16
133810,2025,2.01,1.89,4.16,,,,4.16,4.16
150754,2025,1.96,1.95,4.16,,,,4.16,4.16
153389,2025,0.98,2.62,4.17,,,,4.17,4.17
132995,2025,1.03,3.38,4.18,,,,4.18,4.18
119657,2025,2.76,0.84,4.19,,,,4.19,4.19
152947,2025,2.0,1.95,4.2,,,,4.2,4.2
149474,2025,2.0,1.97,4.21,,,,4.21,4.21
119707,2025,3.16,0.23,4.23,,,,4.23,4.23
120792,2025,3.02,0.46,4.24,,,,4.24,4.24
151211,2025,1.97,2.07,4.25,,,,4.25,4.25
149199,2025,2.03,1.98,4.25,,,,4.25,4.25
133054,2025,1.34,3.08,4.25,,,,4.25,4.25
120764,2025,2.13,1.8,4.26,,,,4.26,4.26
120586,2025,-1.21,6.95,4.26,,,,4.26,4.26
145693,2025,0.12,4.77,4.26,,,,4.26,4.26
140603,2025,2.22,1.66,4.27,,,,4.27,4.27
149261,2025,-1.14,6.48,4.27,,,,4.27,4.27
151456,2025,2.01,2.08,4.29,,,,4.29,4.29
152992,2025,1.99,2.01,4.29,,,,4.29,4.29
151792,2025,2.25,1.75,4.3,,,,4.3,4.3
118410,2025,2.2,1.81,4.3,,,,4.3,4.3
150822,2025,2.16,2.1,4.31,,,,4.31,4.31
148600,2025,-0.99,6.56,4.31,,,,4.31,4.31
150845,2025,1.98,2.09,4.32,,,,4.32,4.32
148658,2025,-1.65,7.25,4.32,,,,4.32,4.32
149910,2025,-8.32,12.92,4.33,,,,4.33,4.33
149134,2025,0.11,4.63,4.33,,,,4.33,4.33
151885,2025,0.4,4.93,4.33,,,,4.33,4.33
120616,2025,0.86,3.13,4.34,,,,4.34,4.34
151301,2025,1.98,2.11,4.35,,,,4.35,4.35
138472,2025,3.03,0.55,4.37,,,,4.37,4.37
140256,2025,-1.71,6.51,4.37,,,,4.37,4.37
147481,2025,-1.35,7.46,4.37,,,,4.37,4.37
118881,2025,-0.87,6.9,4.37,,,,4.37,4.37
150854,2025,2.04,2.11,4.37,,,,4.37,4.37
151320,2025,1.76,2.13,4.38,,,,4.38,4.38
148574,2025,-1.24,7.12,4.38,,,,4.38,4.38
150470,2025,-0.34,5.54,4.38,,,,4.38,4.38
132186,2025,-2.79,7.24,4.4,,,,4.4,4.4
119544,2025,-3.92,9.94,4.4,,,,4.4,4.4
149029,2025,2.85,0.83,4.41,,,,4.41,4.41
119675,2025,2.13,1.83,4.42,,,,4.42,4.42
119382,2025,2.19,1.88,4.42,,,,4.42,4.42
153172,2025,2.11,2.07,4.43,,,,4.43,4.43
152396,2025,-1.58,5.58,4.44,,,,4.44,4.44
150180,2025,2.86,0.84,4.44,,,,4.44,4.44
152887,2025,2.05,2.15,4.44,,,,4.44,4.44
148978,2025,-0.92,7.02,4.45,,,,4.45,4.45
119755,2025,2.77,1.03,4.46,,,,4.46,4.46
118320,2025,2.24,1.85,4.46,,,,4.46,4.46
128051,2025,2.09,1.99,4.48,,,,4.48,4.48
152755,2025,-3.43,8.48,4.48,,,,4.48,4.48
153405,2025,0.0,6.22,4.48,,,,4.48,4.48
119671,2025,2.75,0.96,4.48,,,,4.48,4.48
150868,2025,2.07,2.19,4.49,,,,4.49,4.49
119019,2025,-0.34,5.95,4.49,,,,4.49,4.49
151165,2025,-0.72,6.87,4.5,,,,4.5,4.5
143704,2025,3.13,0.68,4.5,,,,4.5,4.5
152972,2025,-0.82,6.97,4.5,,,,4.5,4.5
152329,2025,-0.81,6.96,4.5,,,,4.5,4.5
150012,2025,2.08,2.12,4.5,,,,4.5,4.5
130050,2025,2.46,1.61,4.51,,,,4.51,4.51
144646,2025,2.09,2.08,4.52,,,,4.52,4.52
119116,2025,3.05,0.76,4.52,,,,4.52,4.52
149794,2025,2.03,2.23,4.53,,,,4.53,4.53
150353,2025,2.07,2.16,4.53,,,,4.53,4.53
118950,2025,-0.69,6.22,4.54,,,,4.54,4.54
120447,2025,3.21,0.49,4.54,,,,4.54,4.54
119288,2025,-0.78,6.98,4.54,,,,4.54,4.54
152659,2025,2.18,2.07,4.55,,,,4.55,4.55
148789,2025,2.14,2.11,4.55,,,,4.55,4.55
120620,2025,-0.78,6.98,4.55,,,,4.55,4.55
151157,2025,-0.8,7.01,4.56,,,,4.56,4.56
151593,2025,2.15,2.12,4.57,,,,4.57,4.57
151479,2025,2.15,2.12,4.57,,,,4.57,4.57
119063,2025,-0.76,6.99,4.57,,,,4.57,4.57
119714,2025,2.54,1.41,4.57,,,,4.57,4.57
119648,2025,-0.76,6.99,4.58,,,,4.58,4.58
151181,2025,2.15,2.12,4.59,,,,4.59,4.59
151471,2025,-0.75,7.0,4.59,,,,4.59,4.59
131898,2025,2.64,1.67,4.59,,,,4.59,4.59
146376,2025,-0.75,6.99,4.6,,,,4.6,4.6
134503,2025,2.42,1.78,4.6,,,,4.6,4.6
147794,2025,-0.74,7.0,4.61,,,,4.61,4.61
150906,2025,2.15,2.14,4.61,,,,4.61,4.61
119069,2025,2.86,1.07,4.61,,,,4.61,4.61
151570,2025,2.1,2.2,4.62,,,,4.62,4.62
150484,2025,3.01,0.74,4.62,,,,4.62,4.62
118741,2025,-0.74,7.0,4.62,,,,4.62,4.62
119060,2025,-1.46,7.38,4.62,,,,4.62,4.62
149039,2025,-0.74,7.01,4.62,,,,4.62,4.62
149250,2025,-0.75,7.01,4.62,,,,4.62,4.62
149247,2025,2.09,2.2,4.62,,,,4.62,4.62
149373,2025,-0.73,7.0,4.62,,,,4.62,4.62
150727,2025,2.09,2.22,4.63,,,,4.63,4.63
118482,2025,-0.73,7.01,4.63,,,,4.63,4.63
140769,2025,2.08,2.22,4.64,,,,4.64,4.64
152869,2025,2.12,2.25,4.64,,,,4.64,4.64
126393,2025,1.06,3.87,4.65,,,,4.65,4.65
119824,2025,2.43,1.76,4.65,,,,4.65,4.65
151283,2025,2.1,2.31,4.66,,,,4.66,4.66
153030,2025,2.2,2.15,4.66,,,,4.66,4.66
119533,2025,2.44,1.75,4.67,,,,4.67,4.67
119798,2025,2.39,1.91,4.67,,,,4.67,4.67
148954,2025,-9.06,13.93,4.67,,,,4.67,4.67
149855,2025,2.01,2.33,4.67,,,,4.67,4.67
120692,2025,2.32,1.97,4.69,,,,4.69,4.69
151577,2025,2.21,2.18,4.69,,,,4.69,4.69
120718,2025,2.22,2.03,4.69,,,,4.69,4.69
149361,2025,2.47,1.75,4.71,,,,4.71,4.71
119949,2025,2.45,1.86,4.71,,,,4.71,4.71
119735,2025,2.61,1.45,4.71,,,,4.71,4.71
118559,2025,-2.47,6.92,4.72,,,,4.72,4.72
151239,2025,2.03,2.35,4.72,,,,4.72,4.72
118987,2025,2.38,1.88,4.73,,,,4.73,4.73
149298,2025,-0.28,4.63,4.73,,,,4.73,4.73
153474,2025,,4.73,4.73,,,,4.73,4.73
149587,2025,2.31,2.03,4.73,,,,4.73,4.73
146549,2025,-0.95,7.24,4.74,,,,4.74,4.74
151435,2025,2.08,2.37,4.75,,,,4.75,4.75
120702,2025,2.48,1.8,4.75,,,,4.75,4.75
120084,2025,3.02,0.96,4.75,,,,4.75,4.75
152996,2025,2.17,2.23,4.75,,,,4.75,4.75
151087,2025,3.14,0.83,4.76,,,,4.76,4.76
147844,2025,-1.75,6.69,4.76,,,,4.76,4.76
119081,2025,2.48,1.79,4.76,,,,4.76,4.76
133488,2025,2.29,2.12,4.77,,,,4.77,4.77
148729,2025,2.34,2.05,4.77,,,,4.77,4.77
148755,2025,2.31,1.95,4.78,,,,4.78,4.78
150358,2025,2.03,2.4,4.78,,,,4.78,4.78
149873,2025,2.05,2.39,4.78,,,,4.78,4.78
151407,2025,2.25,2.23,4.79,,,,4.79,4.79
153115,2025,2.23,2.23,4.79,,,,4.79,4.79
150545,2025,2.31,2.07,4.79,,,,4.79,4.79
119621,2025,2.4,1.95,4.8,,,,4.8,4.8
151373,2025,2.09,2.43,4.8,,,,4.8,4.8
153051,2025,2.21,2.23,4.8,,,,4.8,4.8
119732,2025,-2.01,7.12,4.81,,,,4.81,4.81
119498,2025,2.37,2.01,4.81,,,,4.81,4.81
130314,2025,2.29,2.18,4.82,,,,4.82,4.82
119016,2025,2.32,2.1,4.82,,,,4.82,4.82
135916,2025,2.37,2.05,4.84,,,,4.84,4.84
148760,2025,-7.48,12.74,4.84,,,,4.84,4.84
119226,2025,2.28,2.17,4.84,,,,4.84,4.84
120754,2025,2.36,2.08,4.84,,,,4.84,4.84
120621,2025,-3.99,9.79,4.85,,,,4.85,4.85
151562,2025,2.05,2.53,4.86,,,,4.86,4.86
148792,2025,2.27,2.29,4.87,,,,4.87,4.87
120762,2025,2.63,1.62,4.87,,,,4.87,4.87
120743,2025,3.37,0.75,4.88,,,,4.88,4.88
150711,2025,2.03,2.61,4.88,,,,4.88,4.88
149011,2025,2.5,1.88,4.88,,,,4.88,4.88
135341,2025,-3.67,10.21,4.88,,,,4.88,4.88
120059,2025,3.01,1.19,4.88,,,,4.88,4.88
119250,2025,-0.52,6.63,4.9,,,,4.9,4.9
150888,2025,2.06,2.61,4.9,,,,4.9,4.9
144403,2025,2.89,1.3,4.9,,,,4.9,4.9
149076,2025,2.31,2.13,4.9,,,,4.9,4.9
149210,2025,2.09,2.49,4.91,,,,4.91,4.91
120560,2025,2.32,2.17,4.91,,,,4.91,4.91
151365,2025,2.2,2.37,4.93,,,,4.93,4.93
149999,2025,2.04,2.64,4.93,,,,4.93,4.93
119816,2025,2.35,2.14,4.93,,,,4.93,4.93
152679,2025,-3.21,10.52,4.95,,,,4.95,4.95
118726,2025,1.92,2.85,4.96,,,,4.96,4.96
132183,2025,0.99,3.43,4.97,,,,4.97,4.97
118401,2025,2.5,2.0,4.97,,,,4.97,4.97
150996,2025,2.35,2.25,4.98,,,,4.98,4.98
134494,2025,3.04,1.17,4.98,,,,4.98,4.98
119739,2025,2.38,2.17,4.98,,,,4.98,4.98
145954,2025,2.34,2.2,4.98,,,,4.98,4.98
153150,2025,-0.98,6.79,4.99,,,,4.99,4.99
119400,2025,2.3,2.24,4.99,,,,4.99,4.99
151067,2025,2.4,2.17,4.99,,,,4.99,4.99
133791,2025,2.4,2.14,5.01,,,,5.01,5.01
152254,2025,-4.06,11.42,5.02,,,,5.02,5.02
142641,2025,2.52,2.08,5.02,,,,5.02,5.02
118407,2025,2.43,2.2,5.02,,,,5.02,5.02
120497,2025,2.48,2.07,5.03,,,,5.03,5.03
118780,2025,2.47,2.18,5.03,,,,5.03,5.03
132009,2025,-4.05,8.74,5.03,,,,5.03,5.03
120603,2025,2.72,1.79,5.04,,,,5.04,5.04
120619,2025,2.83,1.62,5.04,,,,5.04,5.04
148958,2025,1.86,2.75,5.05,,,,5.05,5.05
150326,2025,2.12,2.6,5.05,,,,5.05,5.05
144339,2025,2.46,2.11,5.06,,,,5.06,5.06
120510,2025,2.45,2.2,5.06,,,,5.06,5.06
118796,2025,2.4,2.25,5.06,,,,5.06,5.06
146215,2025,2.49,2.1,5.07,,,,5.07,5.07
138330,2025,2.41,2.18,5.08,,,,5.08,5.08
123704,2025,2.4,2.28,5.08,,,,5.08,5.08
120711,2025,2.22,2.48,5.09,,,,5.09,5.09
143241,2025,2.4,2.22,5.1,,,,5.1,5.1
132185,2025,-0.76,5.56,5.1,,,,5.1,5.1
149970,2025,2.27,2.45,5.1,,,,5.1,5.1
120475,2025,2.55,2.08,5.11,,,,5.11,5.11
147889,2025,2.66,1.99,5.12,,,,5.12,5.12
119741,2025,2.29,2.43,5.13,,,,5.13,5.13
119505,2025,3.03,1.4,5.13,,,,5.13,5.13
119252,2025,-8.76,12.41,5.14,,,,5.14,5.14
120451,2025,2.9,1.47,5.14,,,,5.14,5.14
120670,2025,2.58,2.16,5.16,,,,5.16,5.16
118814,2025,2.49,2.18,5.18,,,,5.18,5.18
149966,2025,2.24,2.52,5.18,,,,5.18,5.18
150237,2025,2.4,2.3,5.19,,,,5.19,5.19
147857,2025,2.16,2.58,5.19,,,,5.19,5.19
150824,2025,2.21,2.6,5.22,,,,5.22,5.22
151487,2025,2.2,2.56,5.23,,,,5.23,5.23
150681,2025,3.23,1.27,5.24,,,,5.24,5.24
151146,2025,2.76,2.0,5.24,,,,5.24,5.24
119953,2025,3.26,1.12,5.25,,,,5.25,5.25
150725,2025,2.23,2.53,5.25,,,,5.25,5.25
148053,2025,-1.35,7.34,5.26,,,,5.26,5.26
151489,2025,3.26,1.26,5.27,,,,5.27,5.27
150702,2025,2.26,2.59,5.27,,,,5.27,5.27
128006,2025,2.38,2.41,5.27,,,,5.27,5.27
151440,2025,2.43,2.52,5.28,,,,5.28,5.28
152851,2025,2.68,1.78,5.28,,,,5.28,5.28
141588,2025,2.52,2.28,5.29,,,,5.29,5.29
153139,2025,-4.49,10.59,5.29,,,,5.29,5.29
151300,2025,2.28,2.58,5.29,,,,5.29,5.29
149180,2025,-2.5,8.04,5.32,,,,5.32,5.32
120700,2025,-2.8,8.45,5.32,,,,5.32,5.32
150671,2025,3.28,1.32,5.33,,,,5.33,5.33
129312,2025,-0.02,6.52,5.33,,,,5.33,5.33
153355,2025,1.91,3.75,5.33,,,,5.33,5.33
150706,2025,2.59,2.34,5.36,,,,5.36,5.36
119341,2025,3.01,1.68,5.38,,,,5.38,5.38
150778,2025,2.58,2.35,5.38,,,,5.38,5.38
120819,2025,-2.35,8.55,5.39,,,,5.39,5.39
151495,2025,2.59,2.38,5.41,,,,5.41,5.41
150920,2025,3.23,1.43,5.41,,,,5.41,5.41
132140,2025,-5.77,10.73,5.41,,,,5.41,5.41
120137,2025,2.98,1.7,5.41,,,,5.41,5.41
150390,2025,-0.49,7.71,5.41,,,,5.41,5.41
120590,2025,2.9,1.87,5.44,,,,5.44,5.44
150807,2025,2.32,2.64,5.45,,,,5.45,5.45
151390,2025,2.44,2.48,5.45,,,,5.45,5.45
151117,2025,2.14,3.05,5.45,,,,5.45,5.45
120435,2025,3.14,1.56,5.48,,,,5.48,5.48
151691,2025,2.25,2.74,5.48,,,,5.48,5.48
151273,2025,2.63,2.44,5.49,,,,5.49,5.49
151185,2025,2.77,2.22,5.49,,,,5.49,5.49
118924,2025,2.79,2.23,5.49,,,,5.49,5.49
145897,2025,-1.24,7.78,5.5,,,,5.5,5.5
150733,2025,2.73,2.25,5.52,,,,5.52,5.52
122715,2025,2.55,2.48,5.52,,,,5.52,5.52
150410,2025,2.97,1.8,5.52,,,,5.52,5.52
118692,2025,-3.32,10.33,5.53,,,,5.53,5.53
151420,2025,2.77,2.25,5.53,,,,5.53,5.53
150989,2025,2.25,2.75,5.53,,,,5.53,5.53
149865,2025,2.64,2.18,5.54,,,,5.54,5.54
120279,2025,2.8,2.17,5.54,,,,5.54,5.54
152370,2025,-0.71,7.08,5.55,,,,5.55,5.55
135813,2025,-0.06,5.62,5.57,,,,5.57,5.57
150865,2025,-0.5,6.69,5.58,,,,5.58,5.58
120430,2025,2.87,1.95,5.58,,,,5.58,5.58
151427,2025,2.71,2.22,5.59,,,,5.59,5.59
148962,2025,-0.68,7.09,5.6,,,,5.6,5.6
119727,2025,-1.26,8.21,5.62,,,,5.62,5.62
149107,2025,-0.67,7.1,5.62,,,,5.62,5.62
119602,2025,-1.74,6.95,5.63,,,,5.63,5.63
131301,2025,2.92,1.97,5.63,,,,5.63,5.63
153353,2025,3.52,2.77,5.64,,,,5.64,5.64
141877,2025,-0.66,7.11,5.64,,,,5.64,5.64
152787,2025,-0.4,6.49,5.65,,,,5.65,5.65
120377,2025,0.12,6.05,5.65,,,,5.65,5.65
150871,2025,2.69,2.32,5.66,,,,5.66,5.66
151329,2025,2.92,2.19,5.66,,,,5.66,5.66
131670,2025,0.42,6.3,5.67,,,,5.67,5.67
144835,2025,-5.4,12.54,5.69,,,,5.69,5.69
118387,2025,3.28,1.66,5.71,,,,5.71,5.71
152267,2025,2.97,2.1,5.71,,,,5.71,5.71
150639,2025,-0.69,7.22,5.72,,,,5.72,5.72
152098,2025,3.03,2.1,5.73,,,,5.73,5.73
150792,2025,3.04,2.09,5.74,,,,5.74,5.74
148450,2025,2.44,2.8,5.76,,,,5.76,5.76
131865,2025,-0.35,5.91,5.78,,,,5.78,5.78
118747,2025,2.49,2.72,5.78,,,,5.78,5.78
151952,2025,-0.3,6.28,5.78,,,,5.78,5.78
149401,2025,1.97,3.41,5.8,,,,5.8,5.8
151183,2025,3.09,2.08,5.82,,,,5.82,5.82
151597,2025,3.1,2.24,5.85,,,,5.85,5.85
153204,2025,-2.76,10.43,5.86,,,,5.86,5.86
150729,2025,2.28,2.95,5.87,,,,5.87,5.87
148747,2025,-1.49,7.57,5.88,,,,5.88,5.88
151408,2025,3.09,2.3,5.88,,,,5.88,5.88
118569,2025,2.11,3.29,5.89,,,,5.89,5.89
120688,2025,-1.26,8.6,5.91,,,,5.91,5.91
151574,2025,2.3,2.93,5.91,,,,5.91,5.91
150847,2025,3.08,2.23,5.93,,,,5.93,5.93
149318,2025,-3.78,11.16,5.94,,,,5.94,5.94
131061,2025,3.16,2.11,5.98,,,,5.98,5.98
152728,2025,-1.56,7.96,6.05,,,,6.05,6.05
152515,2025,2.9,2.32,6.11,,,,6.11,6.11
120251,2025,1.28,5.68,6.12,,,,6.12,6.12
152639,2025,0.92,5.48,6.14,,,,6.14,6.14
153124,2025,-1.3,9.01,6.18,,,,6.18,6.18
119131,2025,0.87,5.51,6.22,,,,6.22,6.22
153070,2025,0.81,6.73,6.3,,,,6.3,6.3
151816,2025,-1.88,10.28,6.4,,,,6.4,6.4
147662,2025,0.9,6.27,6.43,,,,6.43,6.43
150518,2025,-1.26,7.23,6.44,,,,6.44,6.44
153264,2025,-0.44,8.24,6.48,,,,6.48,6.48
120679,2025,0.63,5.74,6.51,,,,6.51,6.51
151307,2025,-0.06,7.37,6.52,,,,6.52,6.52
119843,2025,-0.03,5.85,6.52,,,,6.52,6.52
120722,2025,-1.37,9.89,6.53,,,,6.53,6.53
120395,2025,-4.09,11.65,6.58,,,,6.58,6.58
153230,2025,-4.69,11.95,6.61,,,,6.61,6.61
148750,2025,0.37,6.01,6.64,,,,6.64,6.64
147648,2025,2.3,3.95,6.67,,,,6.67,6.67
149816,2025,-4.24,10.97,6.7,,,,6.7,6.7
148903,2025,1.73,5.22,6.76,,,,6.76,6.76
152324,2025,-1.02,8.08,6.9,,,,6.9,6.9
130722,2025,4.51,1.93,6.91,,,,6.91,6.91
152474,2025,1.92,4.94,6.96,,,,6.96,6.96
149240,2025,1.78,4.33,7.05,,,,7.05,7.05
153219,2025,1.3,5.87,7.05,,,,7.05,7.05
148457,2025,-0.08,7.42,7.06,,,,7.06,7.06
148614,2025,-13.17,21.46,7.25,,,,7.25,7.25
117608,2025,2.58,4.74,7.35,,,,7.35,7.35
119539,2025,4.58,2.25,7.43,,,,7.43,7.43
120596,2025,0.13,8.31,7.5,,,,7.5,7.5
120385,2025,-2.65,12.36,7.52,,,,7.52,7.52
152443,2025,1.61,6.36,7.53,,,,7.53,7.53
130860,2025,-1.33,9.03,7.63,,,,7.63,7.63
153286,2025,2.16,7.27,7.64,,,,7.64,7.64
152344,2025,1.55,6.29,7.67,,,,7.67,7.67
148651,2025,-0.04,9.0,7.75,,,,7.75,7.75
148737,2025,-4.52,11.68,7.76,,,,7.76,7.76
152056,2025,1.65,6.31,7.8,,,,7.8,7.8
153364,2025,-0.7,11.35,7.83,,,,7.83,7.83
152321,2025,0.34,9.44,7.86,,,,7.86,7.86
148666,2025,-0.06,7.87,7.88,,,,7.88,7.88
119609,2025,1.54,7.43,7.93,,,,7.93,7.93
151384,2025,1.1,8.74,7.97,,,,7.97,7.97
151745,2025,2.56,5.18,7.98,,,,7.98,7.98
149329,2025,-18.79,28.98,8.06,,,,8.06,8.06
153184,2025,0.7,7.85,8.18,,,,8.18,8.18
153214,2025,1.83,7.07,8.28,,,,8.28,8.28
118868,2025,0.96,8.94,8.37,,,,8.37,8.37
123654,2025,4.51,3.86,8.51,,,,8.51,8.51
119275,2025,-9.29,18.46,8.63,,,,8.63,8.63
152389,2025,0.9,9.32,8.72,,,,8.72,8.72
134387,2025,5.93,2.29,8.74,,,,8.74,8.74
147620,2025,0.92,9.37,8.79,,,,8.79,8.79
152793,2025,0.9,9.38,8.79,,,,8.79,8.79
149858,2025,0.91,9.38,8.79,,,,8.79,8.79
149441,2025,3.6,4.94,8.82,,,,8.82,8.82
152654,2025,0.92,9.39,8.82,,,,8.82,8.82
149804,2025,0.93,9.39,8.82,,,,8.82,8.82
134017,2025,-1.43,11.76,8.88,,,,8.88,8.88
152629,2025,0.99,9.37,8.88,,,,8.88,8.88
153138,2025,-16.22,31.59,8.94,,,,8.94,8.94
152314,2025,2.29,6.61,8.94,,,,8.94,8.94
153453,2025,,8.96,8.96,,,,8.96,8.96
152951,2025,-16.09,31.49,8.99,,,,8.99,8.99
148646,2025,0.62,9.23,9.02,,,,9.02,9.02
120334,2025,3.82,5.6,9.07,,,,9.07,9.07
151791,2025,-5.91,16.37,9.15,,,,9.15,9.15
148986,2025,-0.89,11.86,9.18,,,,9.18,9.18
119333,2025,2.05,9.29,9.19,,,,9.19,9.19
153047,2025,3.04,5.48,9.23,,,,9.23,9.23
148485,2025,-3.59,12.11,9.26,,,,9.26,9.26
150597,2025,-5.66,14.75,9.27,,,,9.27,9.27
153380,2025,1.67,8.47,9.29,,,,9.29,9.29
133859,2025,1.3,10.03,9.71,,,,9.71,9.71
125597,2025,1.25,10.42,9.93,,,,9.93,9.93
148623,2025,1.33,10.29,10.09,,,,10.09,10.09
149230,2025,3.69,5.89,10.23,,,,10.23,10.23
153260,2025,4.1,6.44,10.33,,,,10.33,10.33
153223,2025,-3.09,14.41,10.35,,,,10.35,10.35
120244,2025,2.08,9.59,10.54,,,,10.54,10.54
153401,2025,0.0,11.73,10.64,,,,10.64,10.64
153394,2025,,10.72,10.72,,,,10.72,10.72
132989,2025,4.09,5.6,10.73,,,,10.73,10.73
119597,2025,0.9,11.17,10.73,,,,10.73,10.73
120733,2025,2.76,9.54,10.75,,,,10.75,10.75
152577,2025,5.89,7.28,11.12,,,,11.12,11.12
149321,2025,4.71,8.15,11.13,,,,11.13,11.13
153470,2025,,11.16,11.16,,,,11.16,11.16
135793,2025,1.97,10.54,11.36,,,,11.36,11.36
118589,2025,2.06,10.71,11.41,,,,11.41,11.41
153432,2025,0.0,11.95,11.74,,,,11.74,11.74
140243,2025,3.87,6.56,11.75,,,,11.75,11.75
153201,2025,4.69,8.24,11.81,,,,11.81,11.81
119779,2025,1.32,9.71,11.83,,,,11.83,11.83
153487,2025,,11.93,11.93,,,,11.93,11.93
153309,2025,3.64,8.83,11.97,,,,11.97,11.97
140327,2025,2.0,8.89,12.0,,,,12.0,12.0
150285,2025,2.29,8.78,12.05,,,,12.05,12.05
153246,2025,5.39,6.71,12.08,,,,12.08,12.08
127071,2025,-0.91,12.51,12.26,,,,12.26,12.26
153250,2025,4.18,9.37,12.3,,,,12.3,12.3
150443,2025,3.23,11.31,12.85,,,,12.85,12.85
148699,2025,4.95,5.9,12.85,,,,12.85,12.85
153225,2025,6.75,6.43,12.87,,,,12.87,12.87
153340,2025,2.23,8.57,13.06,,,,13.06,13.06
119279,2025,3.81,8.91,13.06,,,,13.06,13.06
153348,2025,5.85,8.09,13.06,,,,13.06,13.06
152206,2025,4.48,9.89,13.15,,,,13.15,13.15
153330,2025,5.19,9.08,13.38,,,,13.38,13.38
120043,2025,4.95,7.51,13.56,,,,13.56,13.56
129188,2025,0.89,12.04,13.93,,,,13.93,13.93
153274,2025,6.94,8.14,14.0,,,,14.0,14.0
153385,2025,0.86,13.85,14.29,,,,14.29,14.29
153244,2025,1.96,14.11,14.34,,,,14.34,14.34
153266,2025,4.7,10.77,14.62,,,,14.62,14.62
153027,2025,-5.99,23.24,15.31,,,,15.31,15.31
153328,2025,7.9,8.1,15.31,,,,15.31,15.31
153420,2025,,15.54,15.54,,,,15.54,15.54
129440,2025,5.16,9.52,15.69,,,,15.69,15.69
153350,2025,9.39,7.32,16.15,,,,16.15,16.15
119517,2025,6.27,9.4,16.92,,,,16.92,16.92
153092,2025,7.25,7.86,17.18,,,,17.18,17.18
151911,2025,4.36,14.19,17.3,,,,17.3,17.3
151045,2025,3.44,13.09,17.32,,,,17.32,17.32
151750,2025,-8.03,28.46,17.93,,,,17.93,17.93
119082,2025,15.22,2.56,18.51,,,,18.51,18.51
152090,2025,7.36,10.36,18.99,,,,18.99,18.99
153362,2025,7.24,13.0,19.76,,,,19.76,19.76
153258,2025,5.71,14.62,19.92,,,,19.92,19.92
149381,2025,27.66,-6.03,20.74,,,,20.74,20.74
153291,2025,7.08,15.56,22.67,,,,22.67,22.67
151731,2025,15.83,6.7,23.08,,,,23.08,23.08
150615,2025,16.29,6.03,23.2,,,,23.2,23.2
151603,2025,16.09,6.93,23.24,,,,23.24,23.24
149780,2025,16.01,7.27,23.37,,,,23.37,23.37
149760,2025,16.29,7.17,23.5,,,,23.5,23.5
152293,2025,16.23,7.12,23.5,,,,23.5,23.5
152735,2025,16.35,7.03,23.52,,,,23.52,23.52
149775,2025,16.04,7.22,23.55,,,,23.55,23.55
150737,2025,16.43,6.72,23.77,,,,23.77,23.77
149455,2025,18.03,4.11,23.77,,,,23.77,23.77
126353,2025,10.52,11.53,23.89,,,,23.89,23.89
150581,2025,16.19,5.94,23.91,,,,23.91,23.91
120035,2025,14.05,8.99,25.74,,,,25.74,25.74
150642,2025,15.6,8.5,27.58,,,,27.58,27.58
152980,2025,15.59,8.57,28.36,,,,28.36,28.36
120473,2025,14.77,8.42,28.51,,,,28.51,28.51
120531,2025,15.62,8.33,28.58,,,,28.58,28.58
152287,2025,15.48,8.98,28.73,,,,28.73,28.73
152183,2025,15.27,8.84,28.74,,,,28.74,28.74
119781,2025,15.27,8.79,28.75,,,,28.75,28.75
153011,2025,15.58,8.98,28.9,,,,28.9,28.9
119788,2025,15.5,9.25,28.94,,,,28.94,28.94
153007,2025,15.76,6.7,28.97,,,,28.97,28.97
118663,2025,15.2,8.33,29.1,,,,29.1,29.1
119132,2025,15.83,8.76,29.12,,,,29.12,29.12
150714,2025,15.85,9.01,29.38,,,,29.38,29.38
120685,2025,15.17,9.47,29.42,,,,29.42,29.42
115132,2025,15.59,9.04,29.46,,,,29.46,29.46
140296,2025,12.15,15.16,30.01,,,,30.01,30.01
151974,2025,16.72,8.69,30.1,,,,30.1,30.1
120546,2025,16.43,8.9,30.31,,,,30.31,30.31
152925,2025,-2.59,38.75,34.22,,,,34.22,34.22
152712,2025,-1.92,38.58,34.7,,,,34.7,34.7
119277,2025,27.05,19.58,51.6,,,,51.6,51.6
118565,2025,0.0,192.1,192.1,,,,192.1,192.1
144546,2021,4.4,7.08,12.54,12.26,0.87,13.26,27.65,
119771,2021,1.12,1.45,2.53,0.96,1.05,2.03,4.61,
145678,2021,14.36,22.07,40.76,11.7,8.08,21.0,71.33,
103490,2021,9.22,7.69,19.06,7.05,-1.72,4.98,24.82,
118687,2021,-1.09,0.96,0.18,2.2,0.08,2.17,2.41,
120591,2021,14.08,19.16,36.71,13.96,2.47,17.08,61.71,
148618,2021,9.8,17.73,30.0,9.81,9.48,20.67,57.78,
119659,2021,9.88,11.67,24.86,9.59,-1.51,7.47,34.74,
133839,2021,7.69,14.21,24.76,13.69,2.87,16.48,45.6,
119827,2021,4.9,6.12,12.66,12.58,-0.88,11.04,24.77,
142283,2021,0.87,1.34,2.17,0.98,0.91,1.9,4.09,
118883,2021,4.18,7.89,13.75,9.09,-1.42,7.05,21.61,
148642,2021,9.98,10.65,20.95,11.75,0.33,11.73,35.03,
130773,2021,1.05,1.31,2.34,1.03,1.21,2.27,4.66,
145206,2021,17.39,23.15,46.43,10.21,6.05,17.43,72.46,
147617,2021,0.64,1.18,1.79,0.74,0.63,1.42,3.2,
143793,2021,5.53,9.21,16.79,12.21,2.92,15.4,34.72,
149483,2021,8.1,9.74,20.43,10.53,-1.27,9.31,31.77,
130503,2021,13.99,23.15,42.73,10.46,3.64,14.96,65.73,
119526,2021,1.13,1.5,2.57,0.99,0.95,1.97,4.58,
119076,2021,8.22,10.49,20.74,10.54,0.19,10.58,33.52,
120716,2021,4.99,6.18,12.82,12.59,-0.86,11.07,24.98,
148468,2021,0.86,1.22,2.08,0.82,0.79,1.64,3.71,
147919,2021,8.62,20.52,33.02,4.26,-3.39,0.19,33.17,
144905,2021,2.78,5.49,9.53,11.17,0.79,11.63,22.24,
120323,2021,9.39,9.67,21.97,14.06,-1.14,12.81,37.92,
148703,2021,1.36,16.75,20.95,10.84,5.3,16.47,40.81,
120403,2021,10.56,11.91,24.3,10.56,4.46,15.36,44.18,
120486,2021,9.99,7.98,20.33,11.8,2.24,13.84,36.48,
120164,2021,21.24,16.54,42.67,13.53,4.44,19.41,71.58,
147946,2021,8.05,22.51,34.29,11.95,1.42,13.39,54.06,
120726,2021,10.14,11.2,23.28,12.76,3.03,15.85,43.09,
150251,2021,1.07,1.37,2.4,0.97,0.94,1.94,4.4,
143341,2021,4.32,10.98,17.51,9.78,-0.48,9.58,29.25,
147445,2021,13.96,14.03,31.87,10.75,1.7,12.55,48.86,
151138,2021,1.14,1.41,2.51,0.97,0.92,1.89,4.43,
119231,2021,5.74,5.98,13.22,12.26,1.71,14.08,28.91,
119718,2021,7.94,8.42,18.55,10.65,0.2,10.87,31.38,
151113,2021,9.91,10.47,22.99,12.07,2.56,14.62,41.04,
118872,2021,10.83,11.64,25.25,8.03,-2.12,5.66,32.44,
146130,2021,13.75,20.92,39.26,16.85,5.97,23.73,72.22,
145473,2021,7.44,7.97,17.6,12.8,0.29,12.99,32.79,
119775,2021,15.57,12.67,31.37,8.8,3.24,12.15,47.7,
120564,2021,5.58,10.68,18.45,11.34,-0.55,10.46,30.88,
129649,2021,15.16,18.44,38.16,11.71,4.49,16.69,61.94,
119716,2021,15.23,10.76,28.54,10.43,6.92,17.7,51.9,
120166,2021,7.42,6.68,16.22,9.41,-0.53,8.64,26.05,
118525,2021,13.25,14.17,30.11,14.15,4.54,19.13,56.18,
151036,2021,10.17,8.83,20.66,10.03,-1.56,8.28,30.85,
118424,2021,6.22,8.28,15.79,9.88,4.69,14.92,32.93,
149550,2021,0.71,1.09,1.73,0.6,0.41,1.13,2.82,
125497,2021,10.78,14.11,27.88,8.92,5.03,15.2,47.56,
145724,2021,1.07,1.49,2.53,1.0,0.96,1.99,4.58,
118989,2021,11.44,11.28,25.61,10.15,0.25,10.71,39.32,
119589,2021,10.64,20.51,34.5,12.72,4.94,18.33,60.17,
148073,2021,11.84,14.59,29.25,12.9,4.47,18.24,53.25,
118778,2021,17.22,19.76,42.67,12.38,7.71,21.23,74.12,
129046,2021,4.79,4.92,11.15,7.67,-3.11,4.1,15.52,
145895,2021,0.8,1.27,1.99,0.91,0.93,1.93,3.95,
120828,2021,17.48,35.72,63.87,11.25,3.47,15.23,89.9,
142110,2021,15.14,15.32,34.0,9.54,2.78,12.59,51.05,
120264,2021,2.2,7.8,10.62,8.37,1.39,9.36,20.96,
120381,2021,11.21,14.54,28.61,9.76,1.55,11.51,43.95,
145137,2021,13.94,19.8,38.12,11.02,6.19,17.89,63.58,
125354,2021,11.2,18.11,32.66,12.42,6.43,20.23,59.66,
127042,2021,10.26,8.31,20.74,19.03,8.87,29.69,56.41,
118585,2021,1.05,1.44,2.45,0.99,1.07,2.09,4.58,
118581,2021,4.84,6.04,12.49,12.44,-0.84,10.94,24.47,
146196,2021,18.16,17.77,40.13,11.64,6.98,19.88,68.35,
118535,2021,11.8,8.78,22.99,12.63,1.72,14.32,40.59,
118533,2021,10.11,9.97,22.15,11.07,-2.4,8.14,32.52,
146297,2021,0.81,1.3,2.06,1.0,1.02,2.03,4.17,
120307,2021,4.62,6.07,12.27,12.52,-0.83,11.03,24.33,
122639,2021,7.6,12.23,22.17,15.31,4.75,19.93,46.76,
151130,2021,14.36,22.68,41.75,13.88,8.99,24.64,78.19,
119212,2021,10.79,17.69,32.5,11.94,6.65,19.74,59.31,
120308,2021,3.4,5.16,9.87,13.14,-0.67,11.69,22.32,
118668,2021,10.96,11.54,25.35,16.13,-0.11,16.16,45.97,
148733,2021,0.03,13.28,13.67,6.75,-4.53,1.88,15.78,
118955,2021,10.88,9.65,23.49,11.11,-0.31,10.48,36.17,
119581,2021,10.51,9.42,22.15,11.54,1.11,12.56,37.34,
141925,2021,1.81,8.61,11.86,13.97,2.22,15.92,29.53,
120841,2021,8.07,21.63,33.54,8.42,4.74,13.53,52.05,
119178,2021,11.2,10.54,24.01,10.35,2.84,13.37,40.68,
120843,2021,8.16,29.41,41.89,10.53,0.03,10.91,57.25,
146407,2021,3.92,3.39,7.6,7.22,-0.82,5.91,13.79,
119312,2021,7.57,9.39,18.61,11.18,1.96,12.85,33.93,
120438,2021,0.42,1.03,1.58,1.21,0.79,2.0,3.64,
119066,2021,5.01,10.65,17.19,7.38,1.01,8.25,26.98,
119292,2021,6.99,11.03,20.0,12.65,2.23,15.06,37.86,
128629,2021,0.02,1.41,1.63,1.54,0.84,2.35,4.08,
125307,2021,14.58,15.73,34.51,15.8,5.94,22.42,65.12,
135762,2021,2.75,6.73,10.51,12.11,3.74,15.65,27.79,
126940,2021,0.14,0.78,1.04,1.14,0.69,1.85,2.9,
150212,2021,14.71,12.6,30.52,9.55,-0.69,8.7,42.52,
125503,2021,-0.37,1.16,0.94,1.43,0.61,2.03,3.01,
120492,2021,8.83,5.91,16.27,15.01,0.59,14.96,33.28,
129008,2021,0.3,1.15,1.64,1.48,0.79,2.28,3.96,
120579,2021,4.17,6.13,11.39,9.36,3.1,12.42,25.15,
135764,2021,2.78,6.77,10.58,12.17,3.79,15.78,28.01,
120505,2021,8.85,11.03,21.68,13.27,2.38,15.71,40.94,
118275,2021,6.26,9.36,17.42,12.51,1.94,14.14,34.03,
140228,2021,14.6,14.0,31.72,10.76,3.36,14.36,50.45,
120285,2021,1.13,5.59,7.37,8.61,0.33,8.52,16.42,
123693,2021,-0.12,1.57,1.5,1.86,0.81,2.67,4.28,
119071,2021,7.06,11.46,20.72,8.07,-1.72,6.44,28.62,
140286,2021,-0.15,1.57,1.54,2.55,0.83,3.31,4.85,
140353,2021,9.27,8.76,19.91,11.88,2.33,14.05,36.51,
119620,2021,10.35,13.3,25.92,14.49,4.19,19.36,50.3,
148490,2021,12.56,19.37,35.37,24.02,5.94,31.72,79.79,
148628,2021,-0.12,1.25,1.36,1.69,0.72,2.36,3.78,
148656,2021,0.6,1.38,2.3,1.84,0.77,2.62,4.99,
119719,2021,1.58,6.42,8.25,5.44,3.99,9.67,18.8,
119550,2021,-0.06,1.36,1.47,1.59,0.74,2.33,3.88,
148419,2021,0.34,1.03,1.54,1.48,0.76,2.24,3.8,
120724,2021,6.66,9.01,17.39,11.84,2.38,13.89,33.65,
120771,2021,2.44,4.39,7.36,6.56,1.3,7.71,15.65,
148534,2021,0.32,1.19,1.73,1.6,0.78,2.37,4.15,
151107,2021,0.03,1.02,1.23,1.42,0.67,2.1,3.4,
148550,2021,0.34,0.97,1.39,1.59,0.49,2.16,3.61,
118548,2021,2.39,3.52,6.46,3.86,0.03,3.74,10.49,
146930,2021,3.35,2.95,6.55,6.19,-0.43,5.37,12.15,
148711,2021,0.34,1.09,1.53,1.14,0.86,1.98,3.54,
146727,2021,0.22,1.58,2.0,1.79,0.7,2.46,4.59,
120338,2021,0.13,0.93,1.19,1.18,0.68,1.87,3.11,
118384,2021,0.9,0.83,1.79,0.88,0.87,1.77,3.63,
120256,2021,0.31,1.48,1.9,1.96,0.73,2.63,4.64,
147269,2021,-0.45,1.84,1.67,2.04,0.7,2.76,4.54,
134547,2021,0.26,1.21,1.69,1.72,0.79,2.5,4.27,
119746,2021,0.9,0.85,1.81,0.96,0.9,1.89,3.75,
146943,2021,-0.88,1.28,0.72,1.82,0.73,2.47,3.28,
122646,2021,0.33,1.21,1.68,1.33,0.68,2.04,3.78,
147826,2021,2.75,6.84,10.49,9.06,0.07,8.98,21.23,
147830,2021,1.22,4.68,6.25,4.81,2.04,6.82,13.71,
119625,2021,0.78,0.8,1.64,0.79,0.65,1.44,3.12,
118508,2021,0.78,1.05,1.92,1.46,0.49,2.0,3.99,
124175,2021,0.12,0.9,1.17,1.41,0.72,2.14,3.35,
119106,2021,0.91,0.95,1.91,1.0,0.89,1.9,3.87,
147825,2021,2.94,6.16,10.18,8.96,-1.75,6.68,18.17,
120425,2021,0.33,1.65,2.08,2.11,0.13,2.29,4.44,
146575,2021,4.0,3.33,7.64,7.32,-0.83,5.97,13.91,
145295,2021,0.7,1.09,1.92,1.45,0.47,1.97,3.91,
148771,2021,0.2,1.22,1.67,1.71,0.69,2.42,4.13,
118961,2021,0.58,1.31,2.06,1.53,0.62,2.19,4.31,
120507,2021,0.98,0.9,1.95,0.99,0.88,1.89,3.89,
146721,2021,5.13,5.67,12.02,10.74,3.44,14.26,27.8,
121279,2021,0.35,0.98,1.52,1.33,0.76,2.09,3.69,
120444,2021,-0.32,1.32,1.16,1.94,0.76,2.6,3.81,
118656,2021,0.25,1.29,1.71,1.5,0.74,2.27,4.06,
146716,2021,1.16,2.46,3.83,3.47,1.47,4.79,8.81,
146349,2021,7.07,5.99,14.87,17.39,10.18,29.35,48.48,
151054,2021,0.75,0.76,1.56,0.87,0.88,1.77,3.37,
120211,2021,0.92,0.9,1.88,0.95,0.9,1.87,3.8,
146940,2021,-0.41,1.05,0.89,1.71,0.69,2.36,3.36,
133569,2021,0.07,1.63,1.57,4.59,-0.05,4.31,5.93,
140237,2021,0.84,0.86,1.76,0.95,0.86,1.83,3.63,
133568,2021,6.98,7.89,16.65,13.37,0.72,13.9,32.84,
119156,2021,2.02,1.89,3.45,3.63,0.63,4.2,7.74,
118564,2021,11.86,9.92,24.78,11.6,0.44,11.93,40.05,
148161,2021,0.87,0.83,1.76,1.0,0.9,1.92,3.74,
148683,2021,-0.2,11.17,11.69,11.65,2.89,15.2,28.96,
148690,2021,0.64,5.1,5.86,5.33,1.55,7.07,13.54,
122389,2021,3.85,6.19,11.06,8.22,-3.64,4.11,15.38,
120488,2021,0.84,3.59,5.6,12.88,-0.62,11.46,17.42,
148688,2021,0.74,2.66,3.75,2.98,0.97,4.0,8.06,
119096,2021,4.85,9.52,15.62,6.48,0.21,6.65,23.53,
118506,2021,0.86,0.87,1.79,0.98,0.89,1.88,3.74,
148685,2021,-0.15,9.56,10.0,10.21,2.99,13.83,25.5,
119251,2021,3.45,7.37,11.9,11.07,0.24,11.23,24.64,
119255,2021,2.86,6.5,10.24,9.69,0.54,10.33,21.77,
147206,2021,9.62,9.43,20.98,12.81,3.49,16.35,40.75,
145050,2021,0.82,0.78,1.67,0.87,0.81,1.7,3.43,
118719,2021,0.97,0.88,1.92,0.95,0.93,1.9,3.88,
119256,2021,0.79,3.17,3.87,4.17,0.43,4.57,8.69,
118994,2021,2.16,4.1,6.43,3.25,-0.49,2.79,9.34,
147377,2021,0.71,0.67,1.43,0.82,0.88,1.73,3.19,
119393,2021,0.52,3.45,4.1,3.9,0.73,4.56,8.86,
148567,2021,12.0,11.05,25.89,13.6,-0.67,12.57,41.72,
136094,2021,9.89,15.23,28.33,10.36,1.33,11.69,43.66,
136465,2021,1.58,3.7,5.51,2.78,1.39,4.18,9.99,
119564,2021,3.88,8.25,13.62,12.54,0.35,12.69,27.74,
136464,2021,5.97,9.1,16.52,6.97,0.97,7.82,25.83,
118309,2021,1.81,4.06,5.89,3.9,1.14,5.04,11.34,
118421,2021,3.61,6.77,12.08,8.08,4.22,12.18,25.43,
120480,2021,1.38,3.58,4.99,5.09,1.56,6.52,11.8,
131580,2021,5.89,9.08,17.1,12.93,3.92,17.31,37.47,
147757,2021,8.9,8.03,19.15,13.12,0.58,13.22,34.76,
120784,2021,1.37,3.68,5.49,8.25,0.86,9.06,15.15,
119777,2021,5.49,8.21,14.87,7.7,1.42,9.16,25.52,
120766,2021,4.26,5.75,10.87,7.07,0.4,7.27,18.98,
119635,2021,1.51,3.07,4.69,9.6,0.63,10.17,15.34,
148411,2021,4.95,7.32,13.67,13.53,2.31,16.11,31.92,
148807,2022,-4.45,-10.76,-13.66,15.89,3.0,18.12,2.34,
144546,2022,-5.6,-9.19,-13.31,10.34,2.04,11.07,-3.59,
119771,2022,1.05,1.27,2.37,1.17,1.46,2.79,5.1,
145678,2022,-4.15,-12.6,-15.75,17.76,-0.14,16.99,-1.24,
103490,2022,-1.63,-7.59,-7.68,8.07,6.5,14.12,5.7,
118687,2022,0.4,-0.7,-0.57,3.03,2.23,5.13,4.54,
120591,2022,-0.81,-5.52,-5.62,11.63,1.51,12.62,6.34,
149763,2022,3.0,-11.07,-7.69,11.89,4.39,15.57,6.79,
148618,2022,-3.76,-9.96,-12.51,14.44,-0.11,14.11,0.02,
119659,2022,-3.62,-12.56,-14.21,12.86,7.11,19.33,2.67,
133839,2022,-6.22,-12.76,-17.24,10.85,4.11,13.75,-6.35,
119827,2022,-0.77,-10.22,-9.87,8.84,7.31,15.38,3.81,
142283,2022,0.87,1.12,2.04,1.1,1.46,2.72,4.67,
118883,2022,2.47,-13.86,-11.16,14.47,2.94,15.83,3.43,
149166,2022,-5.05,-10.98,-14.29,10.49,5.34,15.34,-0.48,
148945,2022,-3.09,-12.4,-13.8,15.03,1.86,14.48,-0.25,
148642,2022,-2.22,-10.41,-11.52,11.04,5.49,15.74,2.25,
130773,2022,1.14,1.2,2.41,1.07,1.35,2.57,4.89,
145206,2022,-8.39,-4.19,-11.47,16.64,5.98,22.91,8.81,
147617,2022,0.64,0.94,1.62,0.79,0.76,1.69,3.23,
143793,2022,-4.04,-10.3,-13.09,12.09,4.96,16.56,1.03,
149483,2022,-2.02,-11.0,-11.59,11.64,2.76,13.13,0.91,
148972,2022,-4.5,-8.83,-11.72,12.64,8.57,20.76,6.59,
130503,2022,-7.98,-10.12,-15.95,17.21,5.95,23.22,4.16,
149219,2022,-8.2,-19.33,-25.83,-2.32,-1.47,-1.31,-26.14,
149335,2022,1.48,-13.8,-10.46,16.78,13.11,30.24,15.85,
119076,2022,-6.77,-12.4,-17.59,12.77,3.14,15.14,-4.51,
120716,2022,-0.78,-10.21,-9.86,8.84,7.31,15.38,3.81,
148468,2022,0.83,1.05,1.92,1.02,1.12,2.26,4.01,
147919,2022,-10.03,-10.3,-18.04,15.45,2.95,18.42,-3.17,
144905,2022,-3.21,-8.96,-11.31,12.13,4.38,15.74,2.46,
120323,2022,4.12,-6.41,-1.26,8.67,8.53,17.59,14.62,
148703,2022,-3.29,-19.65,-21.76,18.65,3.26,20.67,-6.62,
120403,2022,-4.79,-10.71,-14.71,14.09,4.36,17.97,1.03,
120486,2022,-2.94,-11.63,-13.42,10.0,11.12,20.52,4.54,
120164,2022,-3.12,-10.19,-12.21,13.03,-1.32,11.27,-2.68,
147946,2022,-6.92,-11.24,-16.57,12.6,0.08,12.42,-5.78,
120726,2022,-5.98,-8.99,-14.01,15.54,0.33,14.68,-1.1,
150251,2022,0.93,1.04,2.01,0.98,1.34,2.49,4.42,
143341,2022,-3.11,-12.41,-13.81,15.08,1.87,14.53,-0.22,
147445,2022,-2.08,-8.88,-10.1,12.55,4.04,15.87,4.73,
119231,2022,-2.65,-7.85,-9.24,10.29,6.96,16.57,5.74,
119718,2022,-0.58,-10.76,-10.44,9.12,3.82,12.14,0.36,
151113,2022,-2.11,-12.76,-13.61,12.78,8.86,21.54,4.66,
118872,2022,-0.76,-11.87,-11.85,13.65,6.35,19.56,5.83,
149104,2022,-1.29,-10.64,-10.99,10.55,5.0,14.52,2.33,
149803,2022,-1.45,-9.93,-10.16,8.75,7.29,15.38,3.44,
146130,2022,4.22,-10.89,-6.73,13.32,2.01,14.88,7.1,
145473,2022,-1.15,-9.91,-9.91,11.0,5.04,15.32,4.55,
119775,2022,-2.28,-8.66,-9.9,15.32,2.05,16.85,5.5,
120564,2022,-2.51,-12.77,-14.33,9.94,5.21,14.54,-1.48,
129649,2022,-2.93,-9.03,-11.17,18.19,-5.42,11.31,-1.2,
149085,2022,0.1,-6.43,-5.35,12.13,7.09,19.11,12.62,
119716,2022,-4.56,-5.35,-9.24,14.88,-1.19,12.6,2.43,
120166,2022,-1.84,-9.98,-10.83,10.95,7.2,17.46,4.61,
118525,2022,-5.06,-11.26,-14.43,16.8,3.7,20.9,3.21,
151036,2022,-2.43,-8.75,-10.56,11.36,2.04,12.66,1.09,
118424,2022,-4.79,-11.66,-15.2,13.49,2.44,14.89,-1.95,
149550,2022,0.59,1.16,1.78,1.08,1.37,2.56,4.25,
125497,2022,-3.77,-6.55,-8.9,18.17,0.16,18.73,8.07,
118989,2022,-1.65,-8.58,-9.34,16.73,5.97,22.43,11.65,
119589,2022,-5.42,-11.76,-15.62,14.74,1.18,15.98,-2.12,
148073,2022,-6.82,-8.04,-13.91,17.49,-2.16,13.99,-1.63,
118778,2022,-3.62,-9.44,-11.59,16.47,3.62,19.86,5.88,
149094,2022,-2.92,-10.05,-11.49,10.12,2.91,11.96,-0.54,
120795,2022,0.92,1.12,2.1,1.02,1.39,2.55,4.59,
129046,2022,-7.46,-9.16,-14.44,14.25,0.76,13.1,-3.35,
145895,2022,1.07,1.19,2.31,1.18,1.32,2.66,4.9,
120828,2022,-2.34,-14.83,-14.37,16.69,11.19,27.61,9.17,
142110,2022,-1.63,-12.24,-12.89,14.15,2.33,15.09,0.75,
120264,2022,-5.72,-9.78,-14.11,11.16,1.06,11.38,-3.85,
120381,2022,-3.59,-8.12,-10.69,12.83,3.28,15.13,3.14,
145137,2022,-4.79,-11.43,-15.06,15.26,1.98,17.28,0.13,
125354,2022,-2.0,-9.44,-10.52,13.38,1.88,14.84,2.87,
149881,2022,5.42,-4.54,1.55,6.53,6.55,12.26,15.97,
127042,2022,-3.22,-5.56,-8.71,23.03,-0.2,20.64,9.93,
118581,2022,-0.82,-10.15,-9.85,8.76,7.22,15.25,3.73,
149450,2022,1.9,-18.28,-16.23,12.24,0.64,11.29,-5.21,
146196,2022,-2.68,-10.52,-12.27,15.97,1.87,17.52,2.91,
118535,2022,-2.36,-10.43,-11.31,11.56,6.53,17.5,4.68,
118533,2022,-5.93,-10.49,-14.95,17.11,2.73,18.76,1.72,
148990,2022,-1.29,-4.06,-4.41,10.58,4.75,14.52,9.37,
149019,2022,-4.36,-13.52,-16.25,15.29,-0.71,13.56,-4.7,
120307,2022,-0.8,-10.2,-9.87,8.82,7.34,15.47,3.9,
122639,2022,-3.8,-11.41,-14.22,6.59,2.72,9.03,-6.51,
151130,2022,-4.63,-9.83,-13.28,14.63,1.71,15.83,0.54,
119212,2022,-3.63,-10.38,-12.28,13.12,1.19,14.01,0.02,
120308,2022,-1.03,-10.07,-9.95,8.72,7.34,15.41,3.73,
118668,2022,-2.42,-8.82,-10.36,15.2,2.4,16.78,5.21,
148733,2022,-6.12,-6.9,-11.95,16.76,1.21,17.12,3.09,
118955,2022,1.3,-6.82,-3.8,11.41,9.14,20.71,16.09,
119581,2022,-3.04,-9.77,-11.89,17.41,1.9,18.15,4.44,
141925,2022,-6.36,-14.28,-19.12,12.43,0.52,11.84,-9.06,
120841,2022,7.25,-12.53,-5.16,16.91,8.95,24.84,18.78,
119178,2022,-2.72,-10.22,-12.17,12.52,2.93,14.24,0.87,
120843,2022,-0.02,-11.63,-10.42,17.43,8.08,24.45,11.15,
146407,2022,-4.16,-9.21,-12.0,11.09,4.45,14.66,0.75,
119312,2022,-3.64,-10.99,-13.46,10.77,5.8,15.89,0.4,
120438,2022,0.98,0.4,1.43,0.9,1.59,2.51,4.02,
119066,2022,-2.4,-5.34,-6.78,9.29,4.8,13.65,5.96,
119292,2022,-5.38,-10.16,-14.13,11.03,4.38,14.94,-1.26,
125307,2022,-5.08,-9.33,-13.38,15.62,-0.41,13.85,-0.81,
135762,2022,-4.12,-12.17,-15.2,8.8,0.98,9.22,-7.17,
126940,2022,0.92,5.74,6.77,1.59,1.9,3.45,10.54,
150212,2022,-0.02,-10.03,-9.49,12.63,3.7,15.38,4.89,
120492,2022,-2.04,-8.69,-9.72,10.29,8.51,18.04,6.93,
120579,2022,-1.98,-7.1,-8.45,8.8,3.66,12.11,2.7,
135764,2022,-4.07,-12.13,-15.11,8.86,1.03,9.34,-6.97,
120505,2022,-4.5,-11.13,-15.2,14.2,-1.08,11.47,-4.92,
118275,2022,-4.16,-10.89,-13.86,10.42,4.71,14.22,-1.63,
140228,2022,-3.52,-9.18,-11.66,16.58,1.82,17.26,3.24,
120285,2022,-3.95,-8.7,-11.59,7.93,3.5,10.56,-2.17,
123693,2022,0.89,-0.52,0.42,1.8,1.67,3.51,4.02,
119071,2022,-6.14,-10.29,-15.4,12.64,-0.02,11.26,-5.11,
140286,2022,0.63,-1.75,-1.25,2.0,2.37,4.15,2.9,
140353,2022,-1.95,-10.81,-11.96,11.59,4.59,15.38,1.38,
119620,2022,-4.37,-10.01,-13.42,10.88,-0.93,8.37,-5.66,
148490,2022,0.92,-8.05,-6.37,10.63,1.92,12.84,5.2,
119719,2022,-0.93,-2.52,-3.01,4.15,1.1,5.23,2.0,
148419,2022,0.84,-0.66,0.21,1.22,1.54,2.79,3.11,
120724,2022,-5.62,-11.21,-15.41,11.94,1.7,12.38,-4.2,
149049,2022,1.26,0.35,1.61,1.37,1.97,3.26,4.99,
120771,2022,-0.48,-4.34,-4.44,5.48,1.75,6.68,2.32,
148534,2022,0.93,0.7,1.68,1.3,1.65,3.03,4.8,
151107,2022,1.05,-2.18,-1.2,1.33,1.77,3.08,1.9,
120299,2022,1.05,0.77,1.9,1.27,1.58,2.96,4.94,
148550,2022,1.01,0.41,1.43,1.17,1.66,2.91,4.47,
149112,2022,0.9,0.94,1.9,1.18,1.49,2.75,4.72,
118548,2022,-0.96,-4.36,-4.71,5.74,3.42,8.78,3.83,
146930,2022,-2.87,-7.36,-9.38,8.15,3.75,11.31,0.74,
148711,2022,1.06,0.13,1.24,1.22,1.56,2.84,4.18,
146727,2022,0.51,-0.35,0.14,1.98,1.52,3.46,3.72,
120338,2022,0.89,0.08,1.03,0.92,1.58,2.52,3.63,
119424,2022,1.1,0.73,1.89,1.3,1.63,3.04,5.02,
120256,2022,0.71,0.14,0.74,2.18,1.52,3.73,4.69,
146943,2022,0.64,-1.37,-0.82,1.2,1.94,3.06,2.29,
122646,2022,1.24,0.56,1.77,1.5,1.56,3.15,5.02,
147826,2022,-8.08,-7.39,-14.05,10.5,-1.28,8.62,-5.91,
147830,2022,-1.06,-5.82,-6.21,2.94,1.21,3.53,-3.04,
119625,2022,1.01,-0.85,0.19,1.2,1.61,2.85,3.12,
147567,2022,1.06,0.74,1.86,1.27,1.57,2.95,4.9,
124175,2022,0.83,-0.21,0.64,1.09,1.56,2.68,3.44,
147825,2022,-6.95,-10.15,-15.51,10.16,0.23,9.5,-6.95,
120425,2022,0.68,-0.53,0.05,3.29,1.42,4.69,5.04,
146575,2022,-3.82,-8.67,-11.34,9.68,4.63,13.68,0.71,
145295,2022,0.82,0.45,1.34,1.32,1.47,2.88,4.29,
148771,2022,0.43,-0.03,0.37,1.21,1.6,2.89,3.27,
119511,2022,1.04,0.71,1.82,1.29,1.61,3.0,4.91,
118961,2022,0.97,0.11,1.12,2.12,1.5,3.66,4.82,
120507,2022,0.98,0.22,1.25,1.22,1.57,2.89,4.21,
146721,2022,-2.12,-7.4,-8.72,8.53,2.85,10.91,1.31,
120444,2022,0.33,-2.11,-1.88,1.26,1.62,2.95,1.1,
146716,2022,-0.33,-3.16,-3.29,4.18,2.08,6.07,2.52,
146349,2022,-1.04,-8.06,-8.11,9.13,3.14,11.69,2.58,
151054,2022,0.98,0.56,1.59,1.2,1.51,2.81,4.49,
120211,2022,1.01,0.69,1.76,1.27,1.58,2.95,4.82,
146940,2022,-0.17,-3.73,-3.1,3.31,2.95,6.06,2.8,
133569,2022,-0.32,-4.66,-4.77,4.49,3.58,7.68,2.78,
149117,2022,0.86,0.89,1.8,1.18,1.55,2.81,4.69,
133568,2022,-3.45,-10.91,-13.16,12.07,5.17,16.67,1.27,
119156,2022,0.08,-1.91,-1.08,3.27,2.42,5.67,4.27,
118564,2022,-1.49,-8.7,-8.82,12.95,6.13,18.34,8.31,
148683,2022,-0.32,-7.39,-7.09,11.79,4.03,15.33,8.07,
148690,2022,-0.01,-4.08,-3.21,6.3,2.28,8.28,5.22,
122389,2022,-4.94,-7.43,-10.94,12.35,3.43,14.66,1.9,
119821,2022,1.04,0.68,1.78,1.28,1.57,2.95,4.81,
120488,2022,-1.42,-10.81,-11.21,10.87,9.06,18.9,5.95,
148688,2022,0.72,-2.17,-1.05,4.39,1.83,6.06,5.22,
119096,2022,-5.39,-11.19,-15.87,14.37,-0.4,12.33,-4.39,
148685,2022,0.0,-6.49,-5.99,9.96,3.36,12.93,6.88,
119251,2022,-7.24,-8.58,-14.16,11.27,1.96,12.03,-3.69,
119255,2022,-5.3,-7.27,-11.33,9.98,2.02,10.96,-1.46,
147206,2022,-5.8,-10.39,-14.71,5.54,4.05,8.63,-7.09,
145050,2022,0.87,0.87,1.8,1.25,1.48,2.82,4.68,
118719,2022,1.06,0.82,1.95,1.31,1.6,3.02,5.05,
119256,2022,-1.38,-3.7,-4.28,3.97,1.71,5.32,0.92,
118994,2022,1.31,-3.5,-1.62,2.4,2.87,5.2,3.93,
147377,2022,0.97,0.65,1.66,1.1,1.47,2.65,4.37,
119393,2022,18.51,-2.63,15.8,2.93,2.48,5.23,21.83,
148567,2022,1.1,-9.16,-7.17,9.92,8.35,17.49,9.05,
136094,2022,-3.21,-5.98,-7.95,10.7,6.47,17.08,8.21,
120779,2022,-0.15,-3.64,-3.16,4.13,2.77,6.62,3.55,
136465,2022,-0.08,-1.93,-1.55,3.53,3.14,6.44,5.0,
119564,2022,-3.09,-9.9,-11.83,8.51,5.58,13.33,0.15,
136464,2022,-3.48,-4.89,-7.29,6.98,5.69,12.39,4.54,
118309,2022,0.01,-2.8,-2.24,3.54,2.58,5.91,3.56,
118421,2022,-4.28,-11.93,-14.49,10.59,1.27,10.24,-5.34,
120480,2022,-0.3,-4.55,-4.23,4.31,1.64,5.76,1.49,
131580,2022,-5.69,-11.71,-15.77,12.24,5.22,17.41,-1.04,
147757,2022,-0.71,-10.85,-10.48,9.48,8.59,17.59,5.09,
120784,2022,-2.25,-5.67,-7.51,5.47,0.51,5.48,-2.12,
119777,2022,-0.18,-5.87,-5.69,8.25,10.05,17.99,11.51,
120766,2022,0.11,-3.33,-2.65,4.58,3.7,8.0,5.36,
119635,2022,-0.4,-2.5,-2.39,3.06,3.18,6.03,3.45,
148411,2022,-3.82,-12.86,-15.5,11.38,5.46,15.95,-1.81,
148807,2023,-3.97,17.58,13.42,12.86,12.57,27.37,44.75,
144546,2023,-3.49,13.52,9.71,6.89,10.6,18.8,30.76,
119771,2023,1.62,1.95,3.66,2.12,1.77,3.97,7.76,
145678,2023,-3.43,16.94,13.79,12.73,10.42,25.83,43.84,
103490,2023,-4.18,11.93,8.04,5.51,12.76,18.34,28.56,
118687,2023,1.35,2.62,4.03,1.02,2.06,3.03,7.23,
120591,2023,-2.73,17.51,14.73,9.24,10.24,20.83,39.02,
149763,2023,-1.42,13.49,12.1,6.39,14.34,22.04,37.15,
148618,2023,-4.64,18.2,12.79,9.52,10.8,21.91,37.76,
119659,2023,-3.29,14.0,11.35,13.94,13.19,29.05,44.87,
133839,2023,-1.73,11.64,9.87,1.53,9.53,11.21,22.81,
119827,2023,-2.75,10.74,7.93,1.94,11.4,12.92,22.72,
142283,2023,1.59,1.93,3.61,2.02,1.71,3.8,7.56,
118883,2023,-7.79,10.7,3.09,10.13,11.14,22.22,26.68,
149166,2023,-3.31,16.62,13.31,7.97,14.41,23.24,40.23,
148945,2023,-9.86,15.49,4.36,2.66,18.14,21.69,27.5,
148642,2023,-4.71,13.07,7.94,5.51,12.51,18.14,28.09,
130773,2023,1.58,1.85,3.51,1.96,1.74,3.78,7.45,
145206,2023,-1.4,15.04,14.22,7.89,8.91,18.3,35.84,
147617,2023,1.17,1.89,3.11,1.96,1.76,3.78,7.0,
143793,2023,-3.09,12.94,9.88,6.27,8.61,15.16,27.01,
149483,2023,-7.11,14.71,7.04,4.22,15.78,20.32,29.19,
148972,2023,-1.78,13.55,11.84,8.33,14.63,24.3,39.94,
130503,2023,0.23,17.18,18.25,11.18,9.43,22.7,46.39,
149219,2023,15.54,15.0,32.81,-1.67,15.4,12.5,49.37,
149335,2023,-7.98,13.21,5.05,7.64,22.63,31.5,39.57,
119526,2023,1.6,1.89,3.56,2.09,1.75,3.91,7.6,
119076,2023,-1.97,14.44,12.85,7.34,10.82,18.96,34.81,
120716,2023,-2.75,10.73,7.93,1.94,11.4,12.93,22.72,
148468,2023,1.37,1.6,3.03,1.73,1.51,3.27,6.39,
147919,2023,0.13,16.88,17.26,11.79,17.11,32.04,55.78,
144905,2023,-3.12,9.06,6.11,5.52,15.56,22.02,30.48,
120323,2023,-1.43,9.69,8.74,8.72,12.15,20.94,32.04,
148703,2023,-4.4,16.5,11.76,9.0,17.7,28.46,43.72,
120403,2023,-3.46,17.32,13.28,8.21,11.39,21.36,37.44,
120486,2023,-0.75,15.04,14.68,12.55,13.99,29.04,49.03,
120164,2023,-2.78,17.09,14.33,7.95,10.28,19.31,36.73,
147946,2023,-4.57,18.56,14.27,16.41,16.03,35.93,56.25,
120726,2023,-4.7,17.58,12.36,8.76,8.2,18.13,32.74,
150251,2023,1.72,1.88,3.67,2.17,1.7,3.99,7.83,
151379,2023,0.33,16.32,17.16,7.81,14.2,23.07,44.95,
143341,2023,-9.9,15.52,4.33,2.65,18.12,21.64,27.42,
147445,2023,-5.65,15.43,9.48,12.36,10.76,24.81,36.8,
151138,2023,1.77,1.81,3.68,2.07,1.74,3.88,7.74,
119231,2023,-1.61,13.84,12.57,6.01,16.52,23.13,39.89,
119718,2023,-2.47,11.6,9.19,3.8,9.79,13.75,24.87,
151113,2023,-1.59,10.57,9.06,11.89,13.41,27.28,39.68,
118872,2023,-6.17,19.8,13.87,12.24,9.02,23.05,40.32,
149104,2023,-0.51,13.27,13.24,6.72,10.22,17.77,34.06,
149803,2023,-1.58,10.12,8.6,1.27,10.4,11.26,21.73,
146130,2023,-3.88,14.82,10.98,8.98,10.35,20.9,34.5,
145473,2023,-3.86,12.96,9.1,8.36,13.64,22.91,34.64,
119775,2023,-2.23,13.41,10.93,9.37,9.82,20.32,33.31,
120564,2023,-3.27,12.31,9.04,5.85,10.99,17.1,28.42,
150313,2023,-4.55,13.64,8.84,8.79,8.38,18.11,28.32,
129649,2023,-3.62,18.66,15.24,14.71,7.88,24.56,43.71,
149085,2023,-0.34,12.73,12.73,5.32,13.89,20.12,36.03,
119716,2023,-0.95,17.63,17.21,7.48,7.92,16.46,36.49,
120166,2023,-2.85,10.55,7.41,5.62,10.68,16.86,26.01,
118525,2023,1.35,16.99,18.61,12.16,14.73,29.59,54.35,
151036,2023,-3.02,12.73,9.68,12.04,14.26,28.26,41.05,
118424,2023,-3.85,12.27,8.19,5.77,10.62,17.17,27.22,
125497,2023,-3.55,13.07,9.42,9.07,6.27,16.27,27.77,
145724,2023,1.66,1.89,3.61,2.06,1.77,3.91,7.67,
118989,2023,-2.73,19.09,16.23,10.92,11.73,24.64,45.14,
119589,2023,-3.2,17.78,14.52,12.13,12.37,26.76,45.64,
148073,2023,-3.77,17.74,13.6,9.0,9.23,19.57,35.7,
118778,2023,-1.96,19.54,17.75,12.22,12.63,27.0,50.27,
149094,2023,-3.12,13.55,10.54,8.97,12.29,22.36,36.07,
129046,2023,-4.21,14.77,10.2,8.51,12.44,22.69,35.45,
145895,2023,1.52,1.77,3.39,1.98,1.6,3.66,7.18,
120828,2023,-4.86,15.53,11.06,13.31,15.55,31.36,47.44,
142110,2023,-1.4,16.5,15.32,14.01,12.42,28.75,49.16,
120264,2023,-1.44,14.03,12.45,6.33,9.11,16.14,31.24,
120381,2023,-6.67,12.8,5.45,9.23,14.95,26.03,33.3,
145137,2023,-2.11,16.66,14.35,9.17,15.89,27.48,46.1,
125354,2023,-2.4,16.4,14.09,7.99,10.21,19.6,36.37,
149881,2023,-2.16,11.01,8.82,5.07,14.24,19.39,29.9,
127042,2023,-2.12,19.26,15.71,7.96,14.21,23.88,43.13,
118585,2023,1.6,1.92,3.61,2.06,1.73,3.87,7.61,
150367,2023,1.47,1.81,3.36,1.94,1.68,3.69,7.19,
150817,2023,-0.82,13.67,12.86,8.26,10.32,20.24,35.2,
118581,2023,-2.71,10.67,7.9,1.82,11.27,12.66,22.41,
149450,2023,-2.81,15.12,12.63,5.83,8.3,14.82,29.7,
146196,2023,-2.93,17.03,14.18,11.41,12.22,26.25,44.54,
118535,2023,-3.11,11.54,8.43,8.54,12.76,22.57,33.6,
118533,2023,-2.71,15.64,12.56,8.2,13.66,23.4,39.04,
146297,2023,1.51,1.86,3.45,2.04,1.71,3.83,7.4,
148990,2023,-2.73,13.99,11.75,4.95,12.16,17.38,31.18,
149019,2023,-4.98,11.27,6.43,7.79,9.11,18.71,26.99,
120307,2023,-2.73,10.64,7.85,1.8,11.41,12.78,22.48,
150584,2023,-3.96,18.77,14.59,11.18,12.74,26.13,44.89,
122639,2023,3.36,11.66,16.19,4.87,12.4,17.22,36.86,
150404,2023,-1.35,15.35,13.78,9.97,11.51,23.31,40.13,
151130,2023,-0.39,15.86,15.75,13.42,10.98,26.57,46.37,
119212,2023,-4.64,19.36,14.89,10.99,10.42,23.21,41.96,
150346,2023,-3.39,15.41,11.87,7.17,11.98,20.02,34.83,
120308,2023,-1.53,10.08,8.6,1.2,10.37,11.16,21.63,
118668,2023,-3.22,18.31,14.75,11.98,16.39,30.27,50.16,
148733,2023,-2.99,14.83,11.97,10.42,15.85,28.6,44.51,
118955,2023,-2.06,11.69,9.72,6.11,13.35,19.88,32.15,
119581,2023,-4.32,15.57,10.66,11.27,13.76,27.12,41.0,
141925,2023,-3.21,13.15,10.12,1.99,10.49,12.9,24.63,
150915,2023,-0.53,18.59,18.77,14.9,15.62,33.83,60.24,
120841,2023,-7.53,11.99,4.21,15.1,12.41,29.39,36.15,
119178,2023,-1.78,15.58,13.84,12.46,11.14,25.78,43.06,
120843,2023,-6.21,12.3,5.25,8.58,15.9,25.55,33.16,
146407,2023,-4.66,14.1,9.25,6.49,8.1,14.91,26.25,
119312,2023,-1.83,12.37,10.47,4.88,10.4,16.04,28.68,
120438,2023,1.31,1.9,3.28,1.5,1.57,3.15,6.55,
119066,2023,2.18,9.75,12.39,4.02,9.74,14.06,28.83,
119292,2023,-3.37,13.39,10.04,6.36,11.34,18.51,30.86,
150815,2023,-0.37,17.27,17.14,14.77,9.9,26.93,49.17,
150387,2023,-4.02,12.84,8.61,5.0,12.47,17.9,28.73,
128629,2023,1.42,2.07,3.56,1.61,1.63,3.3,7.02,
125307,2023,-3.85,11.85,7.95,4.15,8.89,13.83,22.95,
135762,2023,-2.33,9.31,7.28,1.87,6.07,8.07,16.33,
126940,2023,1.35,2.06,3.45,1.32,1.73,3.11,6.69,
150212,2023,-3.73,12.83,9.0,11.04,9.83,22.64,33.99,
125503,2023,1.43,2.02,3.49,1.5,1.57,3.15,6.78,
120492,2023,-2.05,15.57,13.7,9.6,14.12,25.44,42.93,
129008,2023,1.41,1.96,3.47,1.53,1.63,3.26,6.89,
120579,2023,-3.54,11.3,7.75,6.42,13.76,20.84,30.67,
135764,2023,-2.28,9.36,7.38,1.92,6.12,8.18,16.57,
120505,2023,-1.88,16.16,14.31,5.57,9.78,15.99,32.41,
118275,2023,-2.62,12.12,9.42,2.71,11.28,14.28,25.47,
140228,2023,-1.64,15.35,13.47,9.05,14.02,25.07,41.53,
120285,2023,-3.0,11.25,8.19,4.84,9.02,14.15,24.0,
123693,2023,1.43,2.03,3.53,1.59,1.76,3.41,7.03,
119071,2023,-4.36,14.31,9.7,12.64,13.4,27.8,40.13,
150571,2023,-4.75,12.94,7.95,5.06,10.53,15.62,25.44,
140286,2023,1.22,2.32,3.58,1.14,1.45,2.69,6.38,
140353,2023,-1.11,12.62,11.4,4.17,13.87,18.49,32.43,
119620,2023,-2.91,15.83,13.24,12.2,11.25,24.88,41.96,
148490,2023,-1.1,13.18,12.97,6.5,7.13,14.41,30.47,
151412,2023,-0.72,12.82,12.32,5.66,10.09,16.08,30.89,
148656,2023,1.26,1.96,3.35,1.64,1.54,3.27,6.79,
119719,2023,-0.01,6.34,6.67,4.67,4.29,9.55,17.06,
119550,2023,1.45,2.02,3.54,1.51,1.7,3.28,6.95,
148419,2023,1.45,2.01,3.54,1.36,1.41,2.87,6.54,
120724,2023,-3.89,12.95,9.18,4.48,11.12,16.1,27.1,
149049,2023,1.31,1.95,3.35,1.47,2.03,3.51,7.0,
120771,2023,-0.87,6.46,5.79,2.32,5.35,7.77,14.12,
148534,2023,1.44,1.65,3.19,1.51,1.7,3.3,6.64,
149007,2023,1.66,1.84,3.64,1.8,1.54,3.46,7.29,
151107,2023,1.55,1.92,3.57,1.4,1.67,3.16,6.87,
120299,2023,1.63,1.86,3.57,1.7,1.68,3.49,7.26,
148550,2023,1.39,1.88,3.36,2.39,1.48,3.94,7.51,
149112,2023,1.39,1.78,3.24,1.64,1.72,3.48,6.9,
118548,2023,-0.37,5.06,4.78,3.68,5.81,9.72,15.12,
146930,2023,-3.05,9.62,6.61,5.49,7.8,13.66,21.71,
148711,2023,1.51,1.89,3.49,1.58,1.66,3.36,7.02,
146727,2023,1.27,1.88,3.22,1.83,1.54,3.4,6.79,
120338,2023,1.42,2.04,3.55,1.41,1.64,3.11,6.81,
119424,2023,1.63,1.9,3.62,1.72,1.72,3.55,7.38,
120256,2023,1.59,2.09,3.71,1.89,1.62,3.59,7.47,
147269,2023,1.48,1.98,3.57,1.99,1.62,3.73,7.47,
134547,2023,1.42,2.19,3.68,1.41,1.67,3.15,6.96,
119746,2023,1.59,1.85,3.53,1.67,1.67,3.45,7.18,
146943,2023,1.08,1.83,2.96,1.12,1.74,2.88,5.96,
147826,2023,-1.69,10.75,9.53,2.68,10.37,13.4,24.12,
147830,2023,-0.1,6.51,6.79,2.67,6.09,8.69,16.14,
119625,2023,1.56,1.98,3.63,1.4,1.69,3.17,6.95,
118508,2023,1.6,2.03,3.74,2.24,1.59,3.93,7.85,
150513,2023,1.57,1.76,3.41,1.58,1.63,3.31,6.9,
124175,2023,1.43,2.07,3.59,1.38,1.58,3.03,6.76,
119106,2023,1.58,1.89,3.56,1.64,1.7,3.43,7.19,
147825,2023,-2.52,10.89,8.78,2.95,9.74,13.13,22.98,
120425,2023,1.65,2.15,3.86,2.56,1.5,4.14,8.22,
146575,2023,-4.06,11.58,7.43,5.36,9.33,15.13,24.26,
145295,2023,1.55,1.98,3.62,1.59,1.62,3.3,7.1,
148771,2023,1.47,2.2,3.79,2.1,1.8,3.94,7.93,
119511,2023,1.63,1.87,3.6,1.69,1.69,3.5,7.29,
118961,2023,1.56,2.02,3.68,2.17,1.52,3.75,7.63,
150505,2023,1.31,1.85,3.24,1.41,1.47,2.94,6.28,
120507,2023,1.55,1.88,3.53,1.61,1.65,3.36,7.08,
146721,2023,-3.64,12.72,8.89,7.84,13.8,22.4,33.97,
121279,2023,1.52,1.93,3.51,1.45,1.62,3.16,6.82,
120444,2023,1.43,1.87,3.33,1.39,1.72,3.17,6.62,
118656,2023,1.33,2.2,3.62,1.8,1.55,3.43,7.2,
146716,2023,-0.93,6.2,5.3,4.02,5.75,9.89,16.18,
146349,2023,-4.39,14.75,10.02,8.95,16.67,26.72,40.22,
151054,2023,1.71,1.86,3.67,1.61,1.64,3.36,7.22,
146940,2023,-0.14,4.18,4.14,3.01,3.56,6.63,11.22,
133569,2023,0.02,5.12,5.28,1.82,3.52,5.23,10.91,
149117,2023,1.49,1.77,3.34,1.6,1.58,3.28,6.79,
140237,2023,1.56,1.77,3.41,1.65,1.61,3.37,6.96,
133568,2023,-3.65,13.5,10.07,8.45,11.76,21.19,34.05,
119156,2023,0.24,3.36,3.73,2.17,2.96,5.16,9.21,
150554,2023,-2.32,13.81,11.52,7.58,10.8,19.4,33.64,
118564,2023,-4.93,13.55,8.21,5.5,9.38,15.18,24.66,
148161,2023,1.62,1.9,3.62,1.63,1.66,3.39,7.21,
148683,2023,-1.57,13.05,11.75,4.86,9.8,14.91,28.64,
150392,2023,1.3,1.63,3.0,1.6,1.59,3.29,6.45,
148690,2023,0.15,6.73,7.03,2.89,4.84,7.82,15.5,
122389,2023,-4.05,13.4,9.31,1.94,8.67,11.08,21.39,
119821,2023,1.62,1.85,3.57,1.67,1.66,3.44,7.21,
120488,2023,-2.56,14.72,12.04,8.96,11.77,21.68,36.78,
148688,2023,0.81,4.71,5.62,2.15,3.14,5.34,11.31,
119096,2023,-2.33,14.04,11.82,7.82,13.51,22.54,37.73,
148685,2023,-0.84,10.7,10.09,4.54,8.24,13.0,24.68,
119251,2023,-2.52,12.57,9.77,7.35,11.37,19.69,32.21,
119255,2023,-1.85,11.22,9.22,6.45,9.43,16.6,28.07,
147206,2023,-3.76,11.35,7.39,3.89,6.69,10.61,19.03,
145050,2023,1.63,1.83,3.54,1.56,1.64,3.32,7.06,
118719,2023,1.62,1.85,3.55,1.68,1.68,3.47,7.22,
119256,2023,0.12,4.95,5.15,3.1,4.39,7.67,13.47,
118994,2023,0.42,4.38,5.04,1.99,4.95,6.94,12.46,
147377,2023,1.68,1.77,3.54,1.59,1.6,3.29,7.01,
119393,2023,-0.07,3.66,3.7,2.71,4.34,7.18,11.26,
148567,2023,-1.28,8.89,8.0,9.6,12.79,22.77,33.69,
136094,2023,0.06,13.43,13.82,5.96,11.24,17.69,34.48,
120779,2023,-0.02,4.65,4.75,2.51,4.28,6.86,11.96,
136465,2023,0.84,4.7,5.64,2.28,3.69,5.98,12.13,
119564,2023,-4.13,11.38,7.35,4.62,11.03,15.85,24.99,
136464,2023,0.36,10.68,11.38,4.46,8.62,13.36,26.75,
118309,2023,0.21,4.11,4.44,2.3,3.76,6.13,11.0,
118421,2023,-0.61,15.92,15.49,1.86,14.66,17.0,35.4,
120480,2023,0.18,4.48,4.87,1.5,3.35,4.93,10.18,
131580,2023,-0.63,13.34,13.15,5.28,10.12,16.1,32.09,
147757,2023,-3.83,11.31,7.46,6.89,13.88,21.87,31.49,
120784,2023,-0.33,6.73,6.57,1.86,4.53,6.38,13.4,
119777,2023,-0.24,8.86,8.82,4.55,8.69,13.55,24.28,
120766,2023,-0.32,6.96,6.82,3.4,6.03,9.52,17.19,
119635,2023,0.2,3.81,4.2,1.52,3.98,5.44,10.0,
148411,2023,-3.65,12.34,8.47,6.36,12.7,19.62,30.26,
120689,2024,2.67,1.93,4.42,3.14,1.02,4.34,8.97,
148807,2024,3.88,13.99,21.81,6.18,-5.54,0.6,23.71,
144546,2024,0.88,9.85,12.62,8.1,-7.25,0.09,13.74,
119771,2024,2.19,2.08,4.38,1.76,2.0,3.79,8.37,
145678,2024,1.17,18.34,22.96,8.7,-2.93,5.59,31.67,
103490,2024,5.5,12.28,19.53,6.6,-4.99,1.66,22.59,
118687,2024,2.9,2.09,4.73,3.33,0.75,4.28,9.24,
120591,2024,-0.37,15.14,17.4,4.49,-7.04,-2.43,16.31,
149763,2024,7.52,14.11,23.88,9.77,-0.7,9.16,36.51,
148618,2024,-3.32,16.73,15.92,8.59,-1.1,8.54,27.99,
119659,2024,4.44,7.96,15.74,8.89,-7.48,1.22,18.72,
133839,2024,3.11,8.71,13.43,7.89,-5.18,2.44,17.25,
148401,2024,2.17,2.03,4.29,1.79,1.93,3.75,8.21,
152018,2024,3.88,12.73,19.21,9.35,-1.58,7.91,30.15,
119827,2024,2.81,7.45,11.09,7.15,-8.25,-1.75,9.75,
118883,2024,4.05,10.54,16.94,5.39,-6.49,-1.06,16.82,
149166,2024,5.99,13.0,21.67,10.0,-4.08,5.82,29.61,
148945,2024,13.59,14.94,34.06,6.86,-11.94,-5.66,27.66,
148642,2024,3.73,9.9,16.27,6.87,-7.63,-1.09,15.73,
130773,2024,2.12,2.01,4.23,1.78,1.93,3.72,8.15,
145206,2024,1.29,16.91,21.93,10.6,-4.18,7.0,32.61,
147617,2024,2.08,2.07,4.22,1.76,1.79,3.55,7.94,
152107,2024,-1.32,10.48,11.63,6.27,-2.98,3.26,16.82,
143793,2024,0.07,11.14,12.57,7.15,-7.03,-0.24,13.18,
149483,2024,8.88,9.72,20.9,7.87,-11.16,-4.16,16.58,
148972,2024,7.21,10.99,22.02,3.07,-5.78,-2.9,19.78,
130503,2024,1.72,10.04,14.82,5.79,-2.24,3.97,21.12,
149219,2024,10.42,7.7,19.16,1.77,8.83,9.2,30.89,
149335,2024,14.51,10.7,30.61,4.66,-9.29,-5.01,24.97,
119526,2024,2.12,2.0,4.21,1.79,1.96,3.78,8.17,
119076,2024,-0.64,14.71,15.6,8.7,-6.91,1.48,18.68,
120716,2024,2.81,7.44,11.08,7.15,-8.24,-1.73,9.74,
148468,2024,1.77,1.69,3.58,1.48,1.67,3.17,6.91,
147919,2024,5.91,18.18,28.48,4.61,-0.58,4.31,35.61,
144905,2024,6.29,10.4,19.04,2.0,-4.85,-2.27,17.76,
120323,2024,8.07,7.69,17.14,10.51,-7.19,2.34,20.53,
148703,2024,12.46,12.6,29.29,5.66,-12.73,-7.43,20.93,
120403,2024,7.55,17.44,29.22,10.86,0.37,11.28,45.15,
120486,2024,5.18,18.72,27.18,4.97,-7.34,-2.56,25.6,
119574,2024,2.08,1.99,4.16,1.74,1.93,3.68,8.02,
120164,2024,-0.88,20.05,21.12,8.22,-5.15,3.27,26.34,
151917,2024,8.13,8.1,18.41,9.12,-12.34,-4.22,15.61,
147946,2024,4.44,16.41,25.56,16.08,-3.25,12.65,44.33,
151755,2024,8.1,8.54,18.75,5.92,-8.67,-3.14,15.81,
120726,2024,1.57,15.2,20.16,8.15,-6.02,1.98,23.92,
151379,2024,7.43,14.15,25.22,6.05,-4.81,1.2,27.94,
143341,2024,13.61,14.94,34.08,6.86,-11.87,-5.6,27.74,
147445,2024,1.84,12.93,18.6,7.25,-6.69,0.45,20.15,
151138,2024,2.07,1.93,4.11,1.77,1.88,3.65,7.95,
119231,2024,4.48,14.34,21.95,7.12,-7.34,-0.92,22.31,
119718,2024,2.89,9.39,13.87,6.54,-6.08,0.21,15.04,
151764,2024,2.17,17.68,25.03,1.05,-5.83,-4.54,20.42,
152004,2024,2.06,22.99,29.84,6.22,-0.44,6.6,40.87,
151113,2024,7.21,15.48,25.92,4.96,-4.87,0.13,26.78,
118872,2024,1.1,10.7,15.25,3.89,-8.5,-4.68,10.91,
149104,2024,4.15,10.13,16.54,6.61,-7.22,-1.04,16.44,
152109,2024,1.9,1.91,3.91,1.71,1.89,3.59,7.66,
146130,2024,0.42,17.31,20.22,6.35,-4.29,2.36,24.39,
145473,2024,3.8,11.4,16.95,5.39,-5.95,-0.52,17.61,
119775,2024,2.33,22.04,26.9,6.95,-1.89,5.28,35.01,
120564,2024,4.06,10.34,16.17,9.86,-7.26,2.04,19.24,
150313,2024,-1.28,17.86,19.14,5.15,-6.43,-0.93,19.39,
129649,2024,-2.49,14.62,14.62,7.6,-1.2,7.32,24.82,
149085,2024,4.67,10.78,16.79,9.13,-7.42,1.13,18.94,
119716,2024,3.62,12.95,19.97,6.19,-5.2,0.52,21.45,
120166,2024,4.77,12.62,19.41,3.98,-6.16,-2.21,17.48,
118525,2024,0.9,19.09,23.47,2.29,-3.59,-1.16,23.74,
151762,2024,5.06,6.7,13.08,9.89,-11.97,-3.3,9.82,
151036,2024,7.75,17.03,27.87,8.2,0.49,9.52,41.18,
118424,2024,4.51,10.58,16.39,7.9,-8.42,-1.26,15.92,
125497,2024,3.96,14.83,22.58,6.68,-5.72,0.78,25.15,
151796,2024,4.14,18.51,25.81,6.63,-5.62,0.98,28.76,
145724,2024,2.15,2.04,4.27,1.84,1.97,3.8,8.25,
118989,2024,5.74,11.86,21.25,7.2,-2.27,5.14,29.09,
119589,2024,0.42,11.9,14.87,7.82,-4.78,3.15,20.29,
151739,2024,11.1,12.59,29.75,5.13,-13.29,-8.73,18.95,
148073,2024,4.85,15.72,24.04,6.7,-2.7,3.99,30.46,
118778,2024,1.67,17.04,22.4,5.69,-4.38,1.53,26.44,
149094,2024,1.32,13.77,16.84,5.97,-6.86,-0.87,16.96,
120795,2024,2.1,2.02,4.21,1.79,1.94,3.74,8.16,
152002,2024,2.14,21.15,26.89,6.37,-5.15,1.44,30.19,
129046,2024,10.3,13.51,27.68,12.92,0.42,14.27,47.2,
120828,2024,8.03,13.15,25.57,5.32,-8.06,-2.95,22.92,
152128,2024,2.95,15.55,20.87,6.56,-4.54,2.43,25.79,
142110,2024,6.23,15.47,25.7,7.53,-5.26,2.07,30.14,
120264,2024,1.28,13.52,17.27,6.59,-5.99,0.47,19.39,
120381,2024,7.3,17.81,28.4,4.69,-6.26,-1.51,27.55,
151895,2024,5.56,16.17,24.67,7.13,-5.34,1.61,28.14,
145137,2024,3.79,16.55,23.4,9.88,0.83,11.41,38.96,
125354,2024,1.09,13.15,17.32,8.23,-2.92,5.74,26.49,
149881,2024,7.39,6.17,15.08,7.5,-10.98,-4.39,10.64,
127042,2024,11.14,18.85,34.44,12.21,3.81,17.74,59.23,
118585,2024,2.11,1.99,4.2,1.77,1.93,3.72,8.1,
150367,2024,1.99,1.95,4.02,1.61,1.78,3.42,7.63,
150817,2024,6.12,17.16,25.93,7.05,-5.63,1.18,29.18,
118581,2024,2.86,7.38,11.07,7.22,-8.22,-1.64,9.84,
149450,2024,-1.17,5.84,5.75,1.72,-2.23,-0.47,6.26,
146196,2024,0.66,14.64,18.65,7.37,-2.65,5.01,26.41,
118535,2024,5.32,10.82,18.33,7.68,-4.41,2.9,22.5,
118533,2024,3.13,17.16,24.57,7.71,-2.67,5.06,32.57,
146297,2024,2.14,2.01,4.26,1.69,1.98,3.69,8.16,
151937,2024,13.57,14.83,33.91,6.8,-11.85,-5.64,27.54,
148990,2024,8.57,9.39,19.4,10.41,-7.87,1.67,22.32,
149019,2024,-1.42,13.02,14.39,7.85,-3.95,4.48,21.37,
120307,2024,2.81,7.41,11.05,7.15,-8.26,-1.76,9.69,
150584,2024,4.39,13.62,21.04,9.85,0.68,10.57,35.46,
122639,2024,6.25,8.19,16.29,7.41,-1.1,6.26,24.43,
150404,2024,4.78,18.2,26.47,7.24,-2.36,5.15,34.48,
151130,2024,1.24,19.8,24.02,4.38,-1.46,3.63,29.95,
152076,2024,2.98,9.87,14.15,3.5,-1.26,2.42,17.73,
119212,2024,-2.88,14.52,14.76,8.92,-1.43,7.78,25.78,
152132,2024,3.78,6.43,11.12,6.51,-1.7,4.78,17.09,
150346,2024,3.93,10.14,16.17,9.16,-2.39,6.7,25.32,
120308,2024,2.01,7.43,9.96,6.24,-7.2,-1.45,8.96,
118668,2024,1.29,15.93,20.5,8.62,-4.25,4.47,27.37,
148733,2024,10.69,16.26,32.46,5.24,-6.2,-1.26,31.76,
118955,2024,6.73,11.4,20.07,7.84,-4.61,3.0,24.25,
119581,2024,4.71,14.79,22.07,10.87,-3.9,7.1,32.33,
141925,2024,4.94,11.46,18.31,8.13,-4.61,3.45,23.59,
150915,2024,3.58,15.0,22.7,10.05,-6.75,2.74,28.55,
120841,2024,13.27,14.07,31.54,0.63,-10.27,-9.67,19.71,
119178,2024,4.85,15.51,24.88,4.53,-6.4,-2.12,23.68,
120843,2024,11.29,11.43,26.64,4.37,-13.14,-9.5,15.54,
146407,2024,2.22,10.59,14.66,7.3,-7.01,0.05,15.64,
119312,2024,0.13,10.13,11.99,6.7,-7.05,-0.75,12.67,
119066,2024,2.39,9.41,12.87,4.6,-2.06,2.69,17.02,
119292,2024,4.8,8.32,14.41,6.01,-3.72,2.44,18.15,
150815,2024,6.24,23.66,33.65,6.43,-4.63,1.54,36.99,
150387,2024,5.43,11.89,19.01,8.02,-5.28,2.44,22.77,
128629,2024,2.1,1.69,3.87,2.49,1.56,4.15,8.23,
152219,2024,4.35,10.34,16.12,8.09,-4.74,3.29,21.17,
125307,2024,2.3,13.68,18.27,6.34,-3.8,2.41,22.59,
135762,2024,0.66,9.23,10.88,8.03,-4.32,3.55,15.53,
150212,2024,6.86,16.53,26.18,6.04,-4.05,2.27,30.21,
125503,2024,2.13,1.67,3.82,2.56,1.47,4.14,8.15,
120492,2024,8.59,19.88,31.97,5.2,-4.35,0.88,34.72,
129008,2024,1.96,1.61,3.68,2.32,1.67,4.09,8.0,
120579,2024,6.24,9.54,18.07,5.45,-6.31,-1.02,17.64,
135764,2024,0.71,9.29,10.99,8.08,-4.28,3.65,15.76,
120505,2024,6.17,17.84,27.15,6.82,-3.93,2.72,31.8,
118275,2024,4.98,10.23,16.55,7.77,-6.01,1.39,19.22,
140228,2024,5.47,18.24,28.49,8.5,-1.0,7.84,40.49,
120285,2024,1.1,10.8,13.66,6.09,-1.81,4.64,19.46,
123693,2024,2.19,1.75,3.96,2.62,1.5,4.24,8.4,
119071,2024,-2.8,19.75,18.81,7.19,-4.41,2.86,23.43,
150571,2024,2.68,7.72,11.67,8.91,-4.93,3.56,16.27,
140286,2024,2.32,1.56,3.93,2.87,1.35,4.32,8.48,
140353,2024,6.52,14.29,23.94,7.65,-5.73,1.78,27.41,
119620,2024,0.73,14.49,19.45,10.39,-8.33,1.48,22.59,
151412,2024,3.65,9.98,15.63,6.59,-4.33,2.22,18.87,
148628,2024,2.26,1.56,3.87,2.58,1.49,4.14,8.21,
148656,2024,1.77,1.8,3.68,2.44,1.53,4.03,7.9,
119719,2024,2.14,5.89,8.77,6.83,0.78,7.89,17.81,
148419,2024,2.27,1.63,3.97,2.41,1.7,4.22,8.41,
120724,2024,0.27,13.53,14.99,7.79,-8.19,-0.99,14.69,
149049,2024,2.7,2.44,4.9,3.67,0.66,4.62,9.78,
120771,2024,1.62,6.38,8.43,4.89,-2.93,1.93,10.85,
148534,2024,2.39,1.66,4.05,2.24,1.62,3.95,8.23,
149007,2024,1.87,1.86,3.81,2.21,1.88,4.18,8.19,
120299,2024,1.95,1.74,3.8,1.87,1.8,3.74,7.76,
148550,2024,2.19,2.03,4.21,2.31,1.58,3.94,8.34,
149112,2024,1.94,1.73,3.78,1.92,1.83,3.81,7.82,
118548,2024,3.07,5.13,8.99,4.1,-0.35,3.66,13.37,
148711,2024,1.83,1.96,3.79,2.61,1.7,4.44,8.42,
120338,2024,2.19,1.69,3.94,2.57,1.5,4.15,8.29,
119424,2024,2.05,1.79,3.96,1.9,1.82,3.78,7.92,
120256,2024,2.05,1.8,3.89,2.07,1.9,4.08,8.18,
147269,2024,1.86,1.97,3.93,2.4,1.9,4.39,8.55,
134547,2024,2.18,1.73,3.93,2.54,1.45,4.12,8.26,
146943,2024,1.85,1.68,3.52,2.33,1.3,3.73,7.39,
147826,2024,7.67,8.66,18.41,10.25,-4.27,5.5,25.72,
147830,2024,5.41,3.54,9.11,5.85,-2.66,3.25,12.92,
119625,2024,1.96,1.67,3.68,2.61,1.48,4.19,8.08,
118508,2024,2.13,2.09,4.29,2.53,1.71,4.33,8.88,
150513,2024,1.84,1.66,3.6,1.86,1.78,3.71,7.51,
124175,2024,2.67,1.79,4.45,3.0,1.19,4.31,8.97,
152162,2024,2.19,1.54,3.84,2.75,1.46,4.29,8.38,
119106,2024,1.93,1.74,3.79,1.84,1.74,3.64,7.59,
147825,2024,7.02,8.27,17.14,8.71,-5.63,2.64,20.81,
120425,2024,2.06,2.0,4.15,2.27,1.88,4.22,8.61,
146575,2024,2.33,11.11,15.49,9.27,-5.94,2.72,19.24,
148771,2024,2.56,2.15,4.67,2.94,1.52,4.58,9.44,
119511,2024,2.02,1.78,3.91,1.88,1.8,3.74,7.84,
118961,2024,2.06,1.93,4.09,2.26,1.81,4.15,8.47,
150505,2024,2.07,1.7,3.83,2.3,1.56,3.93,7.97,
120507,2024,1.9,1.68,3.7,1.85,1.75,3.65,7.57,
146721,2024,8.05,10.82,21.58,4.92,-5.13,-0.08,22.5,
120444,2024,2.32,1.65,4.02,2.68,1.43,4.21,8.45,
118656,2024,2.11,1.76,3.97,2.45,1.73,4.28,8.47,
146716,2024,3.16,3.68,7.54,3.27,-0.63,2.77,10.88,
146349,2024,9.29,10.48,22.89,6.29,-5.97,0.55,24.83,
146940,2024,2.06,3.78,6.2,4.3,-0.34,3.98,10.6,
133569,2024,4.55,4.11,8.64,4.02,-0.88,3.36,12.51,
149117,2024,1.81,1.66,3.57,1.82,1.76,3.63,7.41,
140237,2024,1.91,1.7,3.72,1.86,1.77,3.7,7.64,
133568,2024,5.24,11.53,18.82,6.68,-5.59,1.06,21.24,
119156,2024,3.16,2.5,5.78,3.24,-0.76,2.48,8.51,
150554,2024,4.68,10.42,16.75,6.28,-5.48,0.71,18.57,
119092,2024,1.98,1.73,3.82,1.87,1.79,3.72,7.76,
118564,2024,7.64,10.53,20.22,7.17,-6.96,-0.35,20.78,
148161,2024,1.85,1.68,3.65,1.85,1.75,3.65,7.52,
148683,2024,1.71,12.14,15.89,3.66,-7.79,-4.37,11.9,
150392,2024,1.72,1.52,3.31,1.49,1.47,3.01,6.47,
148690,2024,2.36,5.9,8.87,3.26,-2.65,0.63,9.97,
122389,2024,3.9,8.9,16.18,9.86,-12.72,-3.42,14.5,
119821,2024,1.95,1.79,3.85,1.86,1.78,3.7,7.73,
120488,2024,6.96,11.91,21.06,5.96,-3.58,2.46,25.47,
148688,2024,2.68,3.78,6.63,3.34,-0.91,2.57,9.56,
119096,2024,-0.15,15.56,16.96,9.24,-7.24,1.4,19.45,
118506,2024,1.95,1.73,3.79,1.88,1.79,3.73,7.75,
151777,2024,7.14,11.84,22.3,6.47,-4.19,2.48,26.52,
148685,2024,1.64,10.6,13.94,3.82,-6.3,-2.71,11.74,
151889,2024,1.94,1.7,3.75,1.86,1.82,3.75,7.71,
119251,2024,1.55,12.88,16.34,7.67,-3.15,4.54,23.14,
119255,2024,1.35,11.12,14.02,6.69,-1.79,4.97,20.95,
147206,2024,-0.3,7.66,8.58,10.86,-3.99,6.93,17.4,
118719,2024,2.01,1.74,3.86,1.87,1.79,3.73,7.82,
119256,2024,1.74,4.93,7.26,3.64,-0.52,3.21,11.13,
118994,2024,2.31,3.9,6.45,4.51,-0.21,4.38,11.54,
147377,2024,1.82,1.71,3.63,1.81,1.77,3.65,7.48,
119393,2024,3.59,2.87,6.87,1.57,-0.43,1.19,7.93,
148567,2024,10.62,10.89,23.91,7.08,-9.12,-2.69,21.62,
136094,2024,5.38,9.82,16.96,6.88,-5.64,1.0,19.19,
120779,2024,2.31,5.07,7.88,4.88,-1.17,3.81,12.29,
136465,2024,3.08,3.8,7.33,3.85,-0.69,3.24,11.1,
119564,2024,6.17,9.54,17.51,9.57,-7.15,1.7,19.99,
136464,2024,3.55,7.73,12.61,5.92,-4.13,1.63,15.16,
118309,2024,2.1,4.14,6.5,4.43,-0.11,4.43,11.44,
118421,2024,3.82,11.07,16.52,10.43,1.0,11.96,31.81,
120480,2024,1.91,3.69,5.69,4.2,-1.47,2.82,8.89,
131580,2024,4.0,12.68,19.33,5.15,-8.66,-3.95,15.75,
147757,2024,2.71,10.62,15.16,8.13,-5.04,3.0,19.59,
120784,2024,0.83,5.55,6.55,6.07,-1.19,5.01,12.36,
119777,2024,6.14,8.6,16.23,4.96,-2.29,2.78,19.68,
120766,2024,3.68,6.17,10.47,5.63,-1.86,3.81,15.13,
119635,2024,2.65,3.26,5.82,3.8,-0.74,3.13,9.21,
148411,2024,4.95,7.24,14.31,9.66,-2.23,8.02,24.32,
120689,2025,2.64,1.24,4.56,,,,4.56,4.56
148807,2025,-10.03,13.2,0.83,,,,0.83,0.83
144546,2025,-1.76,9.7,6.65,,,,6.65,6.65
119771,2025,1.93,1.6,3.52,,,,3.52,3.52
145678,2025,-15.5,11.31,-6.13,,,,-6.13,-6.13
103490,2025,-4.11,6.62,1.4,,,,1.4,1.4
152798,2025,-2.14,38.54,34.36,,,,34.36,34.36
118687,2025,2.98,0.78,4.33,,,,4.33,4.33
120591,2025,-10.85,12.37,0.26,,,,0.26,0.26
153303,2025,4.16,8.06,12.58,,,,12.58,12.58
152077,2025,1.82,1.49,3.28,,,,3.28,3.28
149763,2025,-11.36,12.19,-1.96,,,,-1.96,-1.96
148618,2025,-14.44,13.72,-3.08,,,,-3.08,-3.08
119659,2025,-8.92,8.3,-2.35,,,,-2.35,-2.35
133839,2025,-5.51,8.64,1.34,,,,1.34,1.34
151769,2025,-1.32,7.02,3.71,,,,3.71,3.71
148401,2025,1.94,1.49,3.39,,,,3.39,3.39
152018,2025,-16.84,7.37,-10.51,,,,-10.51,-10.51
119827,2025,-0.77,6.98,4.56,,,,4.56,4.56
152614,2025,-15.78,11.8,-5.75,,,,-5.75,-5.75
142283,2025,1.87,1.52,3.37,,,,3.37,3.37
118883,2025,-8.41,7.07,-2.84,,,,-2.84,-2.84
149166,2025,-7.69,7.76,-1.86,,,,-1.86,-1.86
148945,2025,-7.51,7.4,-1.72,,,,-1.72,-1.72
148642,2025,-5.42,8.7,1.54,,,,1.54,1.54
130773,2025,1.88,1.61,3.48,,,,3.48,3.48
145206,2025,-14.04,10.24,-5.05,,,,-5.05,-5.05
152107,2025,-9.96,13.93,3.13,,,,3.13,3.13
143793,2025,-7.58,8.15,-0.88,,,,-0.88,-0.88
149483,2025,-3.46,7.31,2.69,,,,2.69,2.69
148972,2025,-9.9,9.24,-2.47,,,,-2.47,-2.47
130503,2025,-13.35,13.09,-1.99,,,,-1.99,-1.99
149219,2025,-8.29,12.67,4.17,,,,4.17,4.17
149335,2025,-10.72,8.74,-2.88,,,,-2.88,-2.88
119526,2025,1.92,1.66,3.56,,,,3.56,3.56
119076,2025,-4.18,8.43,2.21,,,,2.21,2.21
120716,2025,-0.75,7.0,4.6,,,,4.6,4.6
148468,2025,1.59,1.38,2.91,,,,2.91,2.91
147919,2025,-13.6,12.73,-3.3,,,,-3.3,-3.3
144905,2025,-12.81,5.08,-9.62,,,,-9.62,-9.62
120323,2025,-0.57,8.01,6.17,,,,6.17,6.17
148703,2025,-14.33,12.25,-5.58,,,,-5.58,-5.58
120403,2025,-11.35,14.92,1.1,,,,1.1,1.1
120486,2025,-12.33,11.25,-3.29,,,,-3.29,-3.29
120164,2025,-14.75,11.9,-5.49,,,,-5.49,-5.49
153326,2025,2.78,12.98,15.11,,,,15.11,15.11
153089,2025,-10.03,13.19,0.83,,,,0.83,0.83
151917,2025,-9.64,7.84,-3.54,,,,-3.54,-3.54
147946,2025,-13.67,15.06,-0.79,,,,-0.79,-0.79
151755,2025,-5.3,4.88,-1.74,,,,-1.74,-1.74
120726,2025,-12.02,13.55,-1.12,,,,-1.12,-1.12
150251,2025,1.81,1.6,3.39,,,,3.39,3.39
151379,2025,-10.2,11.66,-0.76,,,,-0.76,-0.76
143341,2025,-7.51,7.43,-1.7,,,,-1.7,-1.7
147445,2025,-10.54,13.84,0.89,,,,0.89,0.89
152939,2025,-13.88,10.63,-6.25,,,,-6.25,-6.25
151138,2025,1.84,1.56,3.37,,,,3.37,3.37
119231,2025,-8.5,8.07,-1.78,,,,-1.78,-1.78
119718,2025,-5.97,6.92,-0.58,,,,-0.58,-0.58
151764,2025,-11.39,10.14,-4.36,,,,-4.36,-4.36
152004,2025,-19.03,8.39,-11.88,,,,-11.88,-11.88
151113,2025,-8.54,11.8,1.72,,,,1.72,1.72
118872,2025,-10.28,12.23,0.76,,,,0.76,0.76
149104,2025,-4.01,8.43,2.6,,,,2.6,2.6
149803,2025,-1.3,7.08,3.79,,,,3.79,3.79
152109,2025,1.75,1.47,3.21,,,,3.21,3.21
153043,2025,1.85,1.58,3.41,,,,3.41,3.41
146130,2025,-14.69,13.37,-3.9,,,,-3.9,-3.9
145473,2025,-5.77,8.42,1.0,,,,1.0,1.0
119775,2025,-12.09,13.79,-1.4,,,,-1.4,-1.4
120564,2025,-3.1,8.64,3.61,,,,3.61,3.61
150313,2025,-10.06,13.33,0.5,,,,0.5,0.5
129649,2025,-17.08,11.52,-8.42,,,,-8.42,-8.42
149085,2025,-5.39,8.47,1.43,,,,1.43,1.43
152849,2025,2.07,1.58,3.66,,,,3.66,3.66
119716,2025,-6.59,8.32,0.15,,,,0.15,0.15
120166,2025,-2.86,10.45,5.81,,,,5.81,5.81
118525,2025,-15.96,14.75,-3.82,,,,-3.82,-3.82
151762,2025,-0.73,7.06,5.52,,,,5.52,5.52
151036,2025,-17.43,14.15,-7.12,,,,-7.12,-7.12
118424,2025,-3.79,9.25,4.04,,,,4.04,4.04
153270,2025,3.87,9.47,12.58,,,,12.58,12.58
149550,2025,1.86,1.76,3.59,,,,3.59,3.59
125497,2025,-12.47,8.73,-4.97,,,,-4.97,-4.97
151796,2025,-7.75,8.29,-1.46,,,,-1.46,-1.46
145724,2025,1.9,1.63,3.53,,,,3.53,3.53
118989,2025,-8.79,11.02,-0.03,,,,-0.03,-0.03
153086,2025,-7.9,7.43,-2.32,,,,-2.32,-2.32
119589,2025,-13.63,14.9,-0.89,,,,-0.89,-0.89
151739,2025,-1.2,4.59,3.33,,,,3.33,3.33
148073,2025,-10.98,12.22,-1.51,,,,-1.51,-1.51
118778,2025,-14.64,12.45,-4.21,,,,-4.21,-4.21
152584,2025,-11.5,7.96,-5.95,,,,-5.95,-5.95
149094,2025,-7.55,8.44,-0.78,,,,-0.78,-0.78
153272,2025,3.91,14.99,17.68,,,,17.68,17.68
152002,2025,-11.09,11.98,-1.19,,,,-1.19,-1.19
129046,2025,-11.05,6.79,-6.4,,,,-6.4,-6.4
152864,2025,3.22,8.16,10.3,,,,10.3,10.3
145895,2025,1.83,1.52,3.36,,,,3.36,3.36
120828,2025,-12.14,10.69,-2.74,,,,-2.74,-2.74
152128,2025,-15.26,11.24,-6.12,,,,-6.12,-6.12
142110,2025,-9.59,9.71,-1.88,,,,-1.88,-1.88
120264,2025,-13.42,8.59,-6.07,,,,-6.07,-6.07
153090,2025,1.29,1.28,2.58,,,,2.58,2.58
152859,2025,-7.58,9.03,-0.47,,,,-0.47,-0.47
120381,2025,-8.87,16.12,4.12,,,,4.12,4.12
151895,2025,-7.61,12.65,2.6,,,,2.6,2.6
145137,2025,-15.06,14.13,-4.06,,,,-4.06,-4.06
125354,2025,-10.94,11.73,-1.25,,,,-1.25,-1.25
149881,2025,-2.88,7.06,2.8,,,,2.8,2.8
127042,2025,-17.71,9.74,-10.94,,,,-10.94,-10.94
118585,2025,1.85,1.53,3.37,,,,3.37,3.37
150367,2025,1.66,1.44,3.04,,,,3.04,3.04
150817,2025,-10.11,14.98,2.22,,,,2.22,2.22
118581,2025,-0.75,6.95,4.57,,,,4.57,4.57
149450,2025,-21.61,15.18,-11.23,,,,-11.23,-11.23
146196,2025,-14.02,13.22,-3.37,,,,-3.37,-3.37
153187,2025,1.84,1.6,3.45,,,,3.45,3.45
118535,2025,-5.91,8.5,0.78,,,,0.78,0.78
118533,2025,-9.27,9.94,-1.43,,,,-1.43,-1.43
146297,2025,1.87,1.43,3.26,,,,3.26,3.26
151937,2025,-7.52,7.28,-1.83,,,,-1.83,-1.83
148990,2025,-7.62,9.41,0.21,,,,0.21,0.21
149019,2025,-11.55,11.45,-2.33,,,,-2.33,-2.33
120307,2025,-0.73,6.99,4.6,,,,4.6,4.6
153196,2025,-1.31,13.46,10.75,,,,10.75,10.75
150584,2025,-12.03,13.43,-1.59,,,,-1.59,-1.59
122639,2025,-2.44,7.17,3.54,,,,3.54,3.54
150404,2025,-14.12,12.95,-4.1,,,,-4.1,-4.1
151130,2025,-18.62,13.46,-8.15,,,,-8.15,-8.15
152076,2025,-2.23,4.49,2.23,,,,2.23,2.23
119212,2025,-15.77,16.81,-2.15,,,,-2.15,-2.15
152132,2025,-2.29,4.49,1.92,,,,1.92,1.92
150346,2025,-7.09,9.14,-0.1,,,,-0.1,-0.1
120308,2025,-1.34,7.03,3.7,,,,3.7,3.7
118668,2025,-9.01,11.8,0.48,,,,0.48,0.48
148733,2025,-9.44,11.0,-0.63,,,,-0.63,-0.63
118955,2025,-0.92,6.53,4.49,,,,4.49,4.49
119581,2025,-10.5,11.05,-1.6,,,,-1.6,-1.6
141925,2025,-7.03,9.06,0.03,,,,0.03,0.03
150915,2025,-14.42,11.22,-5.12,,,,-5.12,-5.12
120841,2025,-8.25,7.52,-1.81,,,,-1.81,-1.81
119178,2025,-8.74,9.9,-0.5,,,,-0.5,-0.5
120843,2025,-5.1,7.15,0.92,,,,0.92,0.92
146407,2025,-7.02,10.0,1.26,,,,1.26,1.26
119312,2025,-6.37,9.09,1.41,,,,1.41,1.41
120438,2025,2.37,1.99,4.77,,,,4.77,4.77
119066,2025,-4.8,6.02,0.12,,,,0.12,0.12
119292,2025,-7.17,8.91,-0.32,,,,-0.32,-0.32
150815,2025,-11.76,10.34,-3.81,,,,-3.81,-3.81
150387,2025,-9.04,9.66,-1.79,,,,-1.79,-1.79
128629,2025,2.36,2.0,4.84,,,,4.84,4.84
152219,2025,-6.81,9.34,0.65,,,,0.65,0.65
125307,2025,-9.21,11.32,0.12,,,,0.12,0.12
135762,2025,-2.75,6.01,2.05,,,,2.05,2.05
126940,2025,2.14,2.12,4.65,,,,4.65,4.65
150212,2025,-9.83,9.81,-2.16,,,,-2.16,-2.16
125503,2025,2.41,2.03,4.92,,,,4.92,4.92
120492,2025,-12.79,7.13,-7.56,,,,-7.56,-7.56
129008,2025,2.11,1.95,4.51,,,,4.51,4.51
120579,2025,-2.48,9.11,5.35,,,,5.35,5.35
135764,2025,-2.7,6.03,2.12,,,,2.12,2.12
120505,2025,-9.45,11.75,0.01,,,,0.01,0.01
118275,2025,-5.08,9.82,2.69,,,,2.69,2.69
140228,2025,-10.76,13.52,-0.2,,,,-0.2,-0.2
120285,2025,-12.0,4.93,-7.45,,,,-7.45,-7.45
123693,2025,2.31,2.09,4.86,,,,4.86,4.86
119071,2025,-11.0,12.39,-1.46,,,,-1.46,-1.46
150571,2025,-5.02,8.14,1.22,,,,1.22,1.22
140286,2025,2.61,1.99,5.03,,,,5.03,5.03
140353,2025,-7.29,8.62,-1.13,,,,-1.13,-1.13
153171,2025,-3.71,9.33,3.89,,,,3.89,3.89
119620,2025,-7.6,11.53,1.79,,,,1.79,1.79
148490,2025,-10.76,7.08,-4.93,,,,-4.93,-4.93
151412,2025,-5.73,10.32,2.39,,,,2.39,2.39
148628,2025,2.47,2.21,5.14,,,,5.14,5.14
148656,2025,2.22,2.05,4.64,,,,4.64,4.64
119719,2025,-1.15,2.16,1.57,,,,1.57,1.57
119550,2025,2.36,1.98,4.8,,,,4.8,4.8
148419,2025,2.32,1.83,4.66,,,,4.66,4.66
120724,2025,-5.31,8.38,1.29,,,,1.29,1.29
149049,2025,3.17,1.32,5.22,,,,5.22,5.22
120771,2025,-0.39,4.34,3.4,,,,3.4,3.4
148534,2025,2.21,1.8,4.41,,,,4.41,4.41
149007,2025,2.34,1.82,4.61,,,,4.61,4.61
151107,2025,2.23,2.1,4.78,,,,4.78,4.78
148550,2025,2.07,1.98,4.27,,,,4.27,4.27
149112,2025,2.02,1.77,4.01,,,,4.01,4.01
118548,2025,-1.42,4.59,2.6,,,,2.6,2.6
146930,2025,-3.75,6.97,1.8,,,,1.8,1.8
148711,2025,2.41,2.03,4.85,,,,4.85,4.85
146727,2025,2.31,1.54,4.28,,,,4.28,4.28
120338,2025,2.51,2.15,5.17,,,,5.17,5.17
119424,2025,2.08,1.75,4.04,,,,4.04,4.04
120256,2025,2.27,1.9,4.59,,,,4.59,4.59
147269,2025,2.13,2.26,4.7,,,,4.7,4.7
134547,2025,2.43,2.01,4.99,,,,4.99,4.99
122646,2025,2.06,1.88,4.21,,,,4.21,4.21
147826,2025,-5.84,6.77,-0.56,,,,-0.56,-0.56
147830,2025,-0.25,2.57,2.58,,,,2.58,2.58
119625,2025,2.34,1.91,4.74,,,,4.74,4.74
118508,2025,2.29,2.35,5.13,,,,5.13,5.13
150513,2025,1.94,1.66,3.76,,,,3.76,3.76
124175,2025,2.38,1.52,4.51,,,,4.51,4.51
152162,2025,2.46,2.24,5.14,,,,5.14,5.14
119106,2025,1.92,1.64,3.71,,,,3.71,3.71
147825,2025,-2.71,6.7,2.71,,,,2.71,2.71
146575,2025,-6.34,11.44,3.1,,,,3.1,3.1
148771,2025,2.39,1.9,4.71,,,,4.71,4.71
118961,2025,2.11,2.09,4.48,,,,4.48,4.48
150505,2025,2.11,1.64,4.1,,,,4.1,4.1
120507,2025,1.99,1.73,3.91,,,,3.91,3.91
146721,2025,-4.79,10.75,4.49,,,,4.49,4.49
121279,2025,2.25,1.93,4.56,,,,4.56,4.56
120444,2025,2.36,1.98,4.85,,,,4.85,4.85
118656,2025,2.22,2.21,4.83,,,,4.83,4.83
146716,2025,0.1,3.67,3.94,,,,3.94,3.94
146349,2025,-5.31,13.36,6.04,,,,6.04,6.04
151054,2025,2.02,1.72,3.94,,,,3.94,3.94
153294,2025,1.32,1.71,3.23,,,,3.23,3.23
146940,2025,0.3,2.94,3.26,,,,3.26,3.26
133569,2025,1.19,1.9,3.5,,,,3.5,3.5
149117,2025,1.92,1.65,3.76,,,,3.76,3.76
133568,2025,-7.03,7.14,-1.8,,,,-1.8,-1.8
150554,2025,-6.01,9.16,1.01,,,,1.01,1.01
119092,2025,2.05,1.75,4.01,,,,4.01,4.01
152628,2025,-4.91,7.41,0.99,,,,0.99,0.99
118564,2025,-6.1,8.35,0.48,,,,0.48,0.48
148161,2025,1.95,1.73,3.88,,,,3.88,3.88
148683,2025,-4.44,8.09,1.81,,,,1.81,1.81
150392,2025,1.67,1.69,3.53,,,,3.53,3.53
148690,2025,-0.25,3.57,3.44,,,,3.44,3.44
122389,2025,-14.44,13.45,-4.06,,,,-4.06,-4.06
119821,2025,2.01,1.76,3.97,,,,3.97,3.97
120488,2025,-9.29,5.7,-5.78,,,,-5.78,-5.78
148688,2025,1.21,2.54,4.16,,,,4.16,4.16
119096,2025,-1.67,7.04,3.54,,,,3.54,3.54
118506,2025,2.07,1.76,4.04,,,,4.04,4.04
151777,2025,-6.18,9.68,1.56,,,,1.56,1.56
148685,2025,-3.34,7.18,2.44,,,,2.44,2.44
119251,2025,-10.53,12.11,-0.62,,,,-0.62,-0.62
119255,2025,-8.1,10.35,0.51,,,,0.51,0.51
147206,2025,-8.33,10.17,0.01,,,,0.01,0.01
145050,2025,2.02,1.76,3.97,,,,3.97,3.97
119256,2025,-1.65,4.07,2.74,,,,2.74,2.74
118994,2025,2.13,2.37,4.65,,,,4.65,4.65
152010,2025,-6.17,12.02,5.18,,,,5.18,5.18
147377,2025,2.01,1.72,3.92,,,,3.92,3.92
119393,2025,-0.27,3.3,3.11,,,,3.11,3.11
148567,2025,-1.74,6.0,3.48,,,,3.48,3.48
136094,2025,-4.69,7.48,1.45,,,,1.45,1.45
120779,2025,1.09,2.68,4.08,,,,4.08,4.08
136465,2025,0.51,2.73,3.48,,,,3.48,3.48
119564,2025,-3.11,8.45,3.54,,,,3.54,3.54
136464,2025,-2.98,6.43,2.51,,,,2.51,2.51
118309,2025,0.44,2.86,3.56,,,,3.56,3.56
118421,2025,-11.25,10.04,-3.39,,,,-3.39,-3.39
120480,2025,2.24,2.27,4.77,,,,4.77,4.77
131580,2025,-2.86,6.36,1.93,,,,1.93,1.93
147757,2025,-9.27,7.61,-3.83,,,,-3.83,-3.83
120784,2025,-0.23,4.52,3.57,,,,3.57,3.57
119777,2025,-2.65,8.03,4.93,,,,4.93,4.93
120766,2025,-0.79,4.23,3.07,,,,3.07,3.07
152537,2025,-6.3,10.18,1.85,,,,1.85,1.85
148411,2025,-12.17,11.36,-3.82,,,,-3.82,-3.82
148807,2021,,12.42,12.42,12.0,1.67,13.98,27.89,
149166,2021,,,,0.9,3.07,4.0,4.0,
148945,2021,,3.54,3.54,9.79,-0.41,9.67,13.98,
148972,2021,,-0.27,-0.27,6.14,-6.0,0.07,-0.13,
149219,2021,,,,,4.65,4.65,4.65,
149335,2021,,,,,1.16,1.16,1.16,
149104,2021,,,,2.17,0.86,2.88,2.88,
149085,2021,,,,0.8,2.58,3.3,3.3,
149094,2021,,,,5.13,2.64,7.9,7.9,
148990,2021,,,,7.4,0.65,7.9,7.9,
149019,2021,,,,6.12,7.35,13.92,13.92,
149049,2021,,,,0.81,0.58,1.43,1.43,
149007,2021,,,,0.95,0.76,1.75,1.75,
149112,2021,,,,0.44,0.87,1.33,1.33,
149117,2021,,,,0.28,0.82,1.11,1.11,
150313,2022,,-11.53,-11.53,11.47,-2.69,7.19,-4.94,
150367,2022,,,,0.83,1.34,2.29,2.29,
150817,2022,,,,,-1.0,-1.0,-1.0,
150584,2022,,,,-0.92,2.89,0.79,0.79,
150404,2022,,,,-0.01,-0.61,-1.06,-1.06,
150346,2022,,,,2.53,3.72,4.93,4.93,
150915,2022,,,,,-0.93,-0.93,-0.93,
150815,2022,,,,,-0.34,-0.34,-0.34,
150387,2022,,,,-2.62,5.51,1.27,1.27,
150571,2022,,,,-2.91,4.63,0.94,0.94,
150513,2022,,,,0.51,1.6,2.19,2.19,
150505,2022,,,,-0.16,1.58,1.43,1.43,
150554,2022,,,,1.46,3.73,4.28,4.28,
150392,2022,,,,0.6,1.44,2.1,2.1,
152077,2023,,,,0.25,1.67,1.98,1.98,
151769,2023,,3.54,3.54,1.29,10.43,11.31,16.11,
152018,2023,,,,3.31,11.35,14.8,14.8,
152107,2023,,,,,5.5,5.5,5.5,
151917,2023,,,,0.7,20.5,21.09,21.09,
151755,2023,,1.84,1.84,5.92,13.68,19.88,22.75,
151764,2023,,2.2,2.2,8.2,13.98,23.47,27.1,
152004,2023,,,,4.86,9.48,16.01,16.01,
152109,2023,,,,,0.99,0.99,0.99,
151762,2023,,3.42,3.42,4.97,14.23,19.13,23.52,
151796,2023,,,,5.72,12.77,19.35,19.35,
151739,2023,,6.55,6.55,16.15,23.95,43.74,55.5,
152002,2023,,,,4.98,13.22,19.31,19.31,
152128,2023,,,,,11.13,11.13,11.13,
151895,2023,,,,0.87,10.35,11.33,11.33,
151937,2023,,,,-0.56,18.02,17.74,17.74,
152076,2023,,,,,6.33,6.33,6.33,
152132,2023,,,,,7.67,7.67,7.67,
152219,2023,,,,,1.3,1.3,1.3,
152162,2023,,,,,1.03,1.03,1.03,
151777,2023,,0.59,0.59,5.22,13.32,19.15,20.03,
151889,2023,,,,1.55,1.67,3.33,3.33,
152010,2023,,,,0.82,8.24,9.11,9.11,
152798,2024,,,,-3.77,-2.2,-6.42,-6.42,
152614,2024,,-0.79,-0.79,9.79,-3.86,6.05,6.75,
153089,2024,,,,,-0.76,-0.76,-0.76,
152939,2024,,,,,7.26,7.26,7.26,
153043,2024,,,,,0.7,0.7,0.7,
152849,2024,,,,0.18,1.81,2.02,2.02,
153086,2024,,,,,-3.32,-3.32,-3.32,
152584,2024,,9.78,9.78,7.46,1.67,9.52,21.66,
152864,2024,,,,-2.05,-6.47,-8.5,-8.5,
153090,2024,,,,,0.5,0.5,0.5,
152859,2024,,,,-0.14,-10.9,-10.88,-10.88,
153187,2024,,,,,0.04,0.04,0.04,
153171,2024,,,,,0.0,0.0,0.0,
152628,2024,,5.33,5.33,6.59,-2.17,4.37,10.45,
152537,2024,,11.58,11.58,8.07,-3.03,4.97,18.38,
153426,2025,,1.33,1.33,,,,1.33,1.33
153543,2025,,-0.87,-0.87,,,,-0.87,-0.87
119574,2021,0.94,1.37,2.27,0.93,1.22,2.2,4.49,
120299,2021,0.94,0.87,1.88,0.96,0.91,1.89,3.83,
119092,2021,0.94,0.9,1.94,0.98,0.92,1.92,3.91,
119821,2021,0.94,0.88,1.88,0.98,0.91,1.91,3.84,
146297,2022,0.94,0.77,1.75,1.06,1.38,2.57,4.26,
129008,2022,0.94,-0.42,0.57,1.23,1.71,2.94,3.6,
147567,2021,0.95,0.92,1.92,0.98,0.91,1.91,3.89,
119511,2021,0.95,0.94,1.95,0.99,0.92,1.93,3.93,
145724,2022,0.95,1.08,2.09,1.16,1.46,2.77,4.82,
128629,2022,0.95,-0.29,0.68,1.48,1.53,3.05,3.78,
118508,2022,0.95,0.41,1.38,1.81,1.65,3.51,4.88,
119106,2022,0.95,0.18,1.2,1.23,1.61,2.94,4.2,
140237,2022,0.95,0.54,1.55,1.08,1.43,2.59,4.21,
148401,2021,0.96,1.4,2.31,0.98,0.86,1.91,4.25,
120779,2021,0.96,3.25,4.36,8.25,0.61,8.81,13.64,
119526,2022,0.96,1.11,2.14,1.11,1.38,2.66,4.74,
151138,2022,0.96,1.07,2.06,1.09,1.35,2.61,4.58,
148628,2022,0.96,-1.58,-0.65,1.27,1.34,2.66,2.1,
118506,2022,0.96,0.63,1.65,1.2,1.53,2.82,4.55,
119574,2022,1.0,1.22,2.29,1.16,1.49,2.83,5.05,
118585,2022,1.0,1.12,2.19,1.15,1.46,2.75,4.89,
147269,2022,1.0,-0.58,0.45,1.77,1.51,3.33,3.87,
134547,2022,1.0,-0.57,0.46,1.37,1.7,3.07,3.61,
121279,2022,1.0,-0.01,1.04,1.22,1.46,2.77,3.9,
118656,2022,1.0,0.03,1.08,1.2,1.64,2.9,4.06,
120795,2021,1.02,1.49,2.49,1.02,0.97,2.01,4.51,
148401,2022,1.02,1.04,2.1,1.21,1.39,2.74,4.79,
125503,2022,1.02,-0.61,0.45,1.1,1.62,2.79,3.32,
118384,2022,1.02,0.7,1.77,1.22,1.53,2.85,4.7,
119092,2022,1.02,0.74,1.82,1.28,1.59,2.97,4.87,
148161,2022,1.02,0.91,1.98,1.22,1.59,2.9,4.95,
152010,2024,1.02,9.82,12.29,9.51,-9.59,-0.49,12.97,
119424,2021,1.03,0.98,2.07,1.02,0.95,1.99,4.11,
148656,2022,1.03,-1.51,-0.45,1.27,1.61,2.94,2.61,
119550,2022,1.03,-0.15,0.91,1.33,1.59,2.97,3.98,
149007,2022,1.03,0.72,1.78,1.63,1.24,2.98,4.9,
119746,2022,1.03,0.81,1.91,1.25,1.56,2.91,4.9,
119635,2025,1.03,1.37,2.83,,,,2.83,2.83
148401,2023,1.61,1.93,3.61,2.06,1.72,3.86,7.6,
119574,2023,1.61,2.06,3.75,2.04,1.7,3.83,7.74,
149550,2023,1.61,1.84,3.56,1.88,1.64,3.6,7.32,
120795,2023,1.61,1.85,3.53,2.08,1.72,3.86,7.54,
148628,2023,1.61,2.01,3.69,1.65,1.46,3.21,7.04,
118384,2023,1.61,1.87,3.57,1.67,1.64,3.42,7.19,
122646,2023,1.61,1.97,3.66,1.88,1.61,3.59,7.44,
147567,2023,1.61,1.9,3.6,1.68,1.67,3.46,7.26,
120211,2023,1.61,1.89,3.58,1.68,1.66,3.45,7.22,
119092,2023,1.61,1.88,3.58,1.7,1.66,3.45,7.22,
118506,2023,1.61,1.86,3.57,1.66,1.67,3.44,7.21,
152077,2024,1.89,1.84,3.83,1.67,1.84,3.52,7.53,
120438,2024,1.89,1.56,3.56,2.34,1.58,4.03,7.79,
151107,2024,1.89,1.66,3.64,1.98,1.74,3.8,7.62,
121279,2024,1.89,1.7,3.65,2.36,1.57,4.03,7.84,
145050,2024,1.89,1.69,3.69,1.81,1.77,3.64,7.55,
119574,2025,1.89,1.62,3.5,,,,3.5,3.5
120795,2025,1.89,1.59,3.46,,,,3.46,3.46
145895,2024,1.97,1.84,3.9,1.77,1.87,3.62,7.7,
146930,2024,1.97,8.59,11.89,7.37,-1.31,5.86,18.96,
146727,2024,1.97,1.97,3.94,2.55,1.59,4.22,8.35,
118384,2024,1.97,1.75,3.84,1.89,1.79,3.74,7.77,
145295,2024,1.97,1.6,3.67,1.84,1.68,3.6,7.47,
151054,2024,1.97,1.74,3.83,1.86,1.78,3.7,7.7,
120211,2024,1.97,1.72,3.81,1.88,1.79,3.73,7.76,
151769,2024,2.0,7.49,10.02,6.29,-7.18,-1.38,9.11,
149803,2024,2.0,7.5,10.02,6.3,-7.18,-1.37,9.11,
149550,2024,2.0,1.95,3.99,1.79,1.82,3.6,7.77,
126940,2024,2.0,1.58,3.69,2.36,1.55,3.96,7.86,
119746,2024,2.0,1.73,3.84,1.86,1.78,3.7,7.77,
147567,2024,2.0,1.75,3.86,1.9,1.81,3.77,7.86,
147617,2025,2.0,1.61,3.6,,,,3.6,3.6
142283,2024,2.03,1.97,4.09,1.8,1.95,3.75,8.02,
150251,2024,2.03,2.09,4.24,1.87,1.83,3.7,8.09,
148490,2024,2.03,19.35,24.51,9.72,1.72,11.33,40.1,
120299,2025,2.03,1.74,3.98,,,,3.98,3.98
119746,2025,2.03,1.74,3.98,,,,3.98,3.98
145295,2025,2.03,1.79,4.12,,,,4.12,4.12
119511,2025,2.03,1.72,3.94,,,,3.94,3.94
120211,2025,2.03,1.74,3.99,,,,3.99,3.99
140237,2025,2.03,1.71,3.96,,,,3.96,3.96
118719,2025,2.03,1.77,4.01,,,,4.01,4.01
119550,2024,2.04,1.8,3.87,2.48,1.53,4.14,8.19,
122646,2024,2.04,1.83,3.99,1.97,1.87,3.93,8.11,
118384,2025,2.04,1.74,3.99,,,,3.99,3.99
146943,2025,2.04,1.51,3.87,,,,3.87,3.87
147567,2025,2.04,1.76,4.0,,,,4.0,4.0
120425,2025,2.04,2.04,4.35,,,,4.35,4.35
151889,2025,2.04,1.77,4.02,,,,4.02,4.02
