scheme_name,nav,vr_rating,amc_code,scheme_code,bse_code_payout_or_growth,nav_date,scheme_name_unique,option_name,plan_name,bse_code_reinvest,asset_category,asset_sub_category
LIC MF Gold ETF Fund of Fund -Direct Plan-Growth,26.6932,,AMC23,151974,LCIGG1-GR,2025-06-10 00:00:00+00:00,LIC MF Gold ETF FOF,Growth,Direct,,Commodity,Fund of Funds - Gold
Tata Gold ETF Fund of Fund Direct Plan Growth Option,15.1365,,AMC36,152287,TAGOGZ-GR,2025-06-10 00:00:00+00:00,Tata Gold ETF FOF,Growth,Direct,,Commodity,Fund of Funds - Gold
Canara Robeco Gold Savings Fund - Direct Plan - Growth Option,11.3985,* *,AMC6,118301,CAGSDG-GR,2019-11-08 00:00:00+00:00,Canara Robeco Gold Savings Fund,Growth,Direct,,Commodity,Fund of Funds - Gold
Groww Gold ETF FOF - Direct - Growth,12.1185,,AMC18,152980,INGGG1-GR,2025-06-10 00:00:00+00:00,Groww Gold ETF FOF,Growth,Direct,,Commodity,Fund of Funds - Gold
Mirae Asset Gold ETF Fund of Fund - Direct Plan - Growth,12.309,,AMC25,153007,MAGOD1-GR,2025-06-10 00:00:00+00:00,Mirae Asset Gold ETF Fund of Fund,Growth,Direct,,Commodity,Fund of Funds - Gold
HDFC Gold ETF Fund of Fund - Direct Plan,30.3998,*****,AMC12,119132,GFOFT-GR,2025-06-10 00:00:00+00:00,HDFC Gold ETF FoF,Growth,Direct,,Commodity,Fund of Funds - Gold
SBI Gold Fund- Direct Plan - Growth,29.7506,*,AMC33,119788,SBD246G-GR,2025-06-10 00:00:00+00:00,SBI Gold Fund,Growth,Direct,,Commodity,Fund of Funds - Gold
Aditya Birla Sun Life Gold Fund - Growth - Direct Plan,29.3315,**,AMC1,120546,BS916GZ-GR,2025-06-10 00:00:00+00:00,Aditya Birla Sun Life Gold Fund,Growth,Direct,,Commodity,Fund of Funds - Gold
ICICI Prudential Regular Gold Savings Fund (FOF) - Direct Plan -  Growth,31.1584,***,AMC14,120685,8130-GR,2025-06-10 00:00:00+00:00,ICICI Prudential Regular Gold Savings Fund (FOF),Growth,Direct,,Commodity,Fund of Funds - Gold
Union Gold ETF Fund of Fund - Direct Plan - Growth Option,11.2394,,AMC38,153340,UNGFDG-GR,2025-06-10 00:00:00+00:00,Union Gold ETF FOF,Growth,Direct,,Commodity,Fund of Funds - Gold
Axis Gold Fund - Direct Plan - Growth option,30.7712,****,AMC2,120473,GODG-GR,2025-06-10 00:00:00+00:00,Axis Gold Fund,Growth,Direct,,Commodity,Fund of Funds - Gold
Invesco India Gold ETF FoF - Direct Plan- - Growth,28.5686,****,AMC19,120531,RGRGD1-GR,2025-06-10 00:00:00+00:00,Invesco India Gold ETF FoF,Growth,Direct,,Commodity,Fund of Funds - Gold
IDBI Gold Fund Direct,16.7402,***,AMC15,118343,GFG1-GR,2023-07-27 00:00:00+00:00,IDBI Gold Fund,Growth,Direct,,Commodity,Fund of Funds - Gold
Quantum Gold Savings Fund - Direct Plan Growth Option,37.2228,***,AMC30,115132,QMFQSGP-GR,2025-06-10 00:00:00+00:00,Quantum Gold Saving Fund,Growth,Direct,,Commodity,Fund of Funds - Gold
Nippon India Gold Savings Fund - Direct Plan Growth Plan - Growth Option,38.9193,**,AMC31,118663,GDAG-GR,2025-06-10 00:00:00+00:00,Nippon India Gold Savings Fund,Growth,Direct,,Commodity,Fund of Funds - Gold
Kotak Gold Fund Growth - Direct,39.309,***,AMC21,119781,KO46D-GR,2025-06-10 00:00:00+00:00,Kotak Gold Fund,Growth,Direct,,Commodity,Fund of Funds - Gold
UTI Gold ETF Fund of Fund - Direct Plan - Growth Option,18.6943,Not Rated,AMC39,150714,UTGUG1-GR,2025-06-10 00:00:00+00:00,UTI Gold ETF Fund of Fund,Growth,Direct,,Commodity,Fund of Funds - Gold
DSP Gold ETF Fund of Fund - Direct - Growth,15.376,,AMC8,152183,DS899-GR,2025-06-10 00:00:00+00:00,DSP Gold ETF FoF,Growth,Direct,,Commodity,Fund of Funds - Gold
Zerodha Gold ETF FOF-Direct Plan - Growth Option,12.7309,,AMC48,153011,ZEZGFOF-GR,2025-06-10 00:00:00+00:00,Zerodha Gold ETF FOF,Growth,Direct,,Commodity,Fund of Funds - Gold
ICICI Prudential BHARAT 22 FOF - Direct Plan Cumulative Option,32.6067,*****,AMC14,143903,IC5005-GR,2025-06-10 00:00:00+00:00,ICICI Prudential Bharat 22 FOF,Growth,Direct,,Equity,Equity - FOF
Axis Equity ETFs FOF - Direct Plan - Growth Option,15.2552,Not Rated,AMC2,149847,AXETDG-GR,2025-06-10 00:00:00+00:00,Axis Equity ETFs FOF,Growth,Direct,,Equity,Equity - FOF
Mirae Asset Nifty MidSmallcap400 Momentum Quality 100 ETF Fund of Fund - Direct Plan - Growth,10.419,,AMC25,152645,MAMSD1-GR,2025-06-10 00:00:00+00:00,Mirae Asset Nifty MidSmallcap400 Momentum Quality 100 ETF FoF,Growth,Direct,,Equity,Equity - FOF
Mirae Asset Nifty200 Alpha 30 ETF Fund of Fund - Direct Plan - Growth,9.009,,AMC25,152718,MAALD1-GR,2025-06-10 00:00:00+00:00,Mirae Asset Nifty200 Alpha 30 ETF FOF,Growth,Direct,,Equity,Equity - FOF
Groww Nifty India Defence ETF FOF - Direct Growth,13.2818,,AMC18,152925,INDFG1-GR,2025-06-10 00:00:00+00:00,Groww Nifty India Defence ETF FOF,Growth,Direct,,Equity,Equity - FOF
Mirae Asset BSE 200 Equal Weight ETF Fund of Fund - Direct Plan - Growth,11.373,,AMC25,153380,MABWD1-GR,2025-06-10 00:00:00+00:00,Mirae Asset BSE 200 Equal Weight ETF FOF,Growth,Direct,,Equity,Equity - FOF
Groww Nifty 500 Momentum 50 ETF FOF - Direct Plan - Growth,11.0092,,AMC18,153453,IN3FG1-GR,2025-06-10 00:00:00+00:00,Groww Nifty 500 Momentum 50 ETF FOF,Growth,Direct,,Equity,Equity - FOF
Quantum Nifty 50 ETF Fund of Fund - Direct Plan - Growth,14.7709,Not Rated,AMC30,150390,QTNFGP-GR,2025-06-10 00:00:00+00:00,Quantum Nifty 50 ETF Fund of Fund,Growth,Direct,,Equity,Equity - FOF
Mirae Asset BSE Select IPO ETF Fund of Fund - Direct Plan - Growth,12.116,,AMC25,153385,MABID1-GR,2025-06-10 00:00:00+00:00,Mirae Asset BSE Select IPO ETF FOF,Growth,Direct,,Equity,Equity - FOF
ICICI Prudential India Equity FOF - Direct Plan - Growth,31.6638,*****,AMC14,148035,IC9611-GR,2025-06-06 00:00:00+00:00,ICICI Prudential India Equity FOF,Growth,Direct,,Equity,Equity - FOF
ICICI Prudential BSE 500 ETF FOF - Direct Plan - Growth,15.9294,Not Rated,AMC14,149331,IC9660-GR,2025-06-10 00:00:00+00:00,ICICI Prudential BSE 500 ETF FOF,Growth,Direct,,Equity,Equity - FOF
Groww Nifty 200 ETF FOF - Direct - Growth,11.7444,,AMC18,153328,IN2FG1-GR,2025-06-10 00:00:00+00:00,Groww Nifty 200 ETF FOF,Growth,Direct,,Equity,Equity - FOF
Aditya Birla Sun Life Multi- Index Fund Of Fund -Direct Growth,15.859,Not Rated,AMC1,150688,BS112Y-GR,2025-06-09 00:00:00+00:00,Aditya Birla Sun Life Multi - Index FOF,Growth,Direct,,Equity,Equity - FOF
ICICI Prudential Nifty 100 Low Volatility 30 ETF FOF - Direct Plan - Growth,18.1755,Not Rated,AMC14,148822,IC9643-GR,2025-06-10 00:00:00+00:00,ICICI Prudential Nifty 100 Low Volatility 30 ETF FOF,Growth,Direct,,Equity,Equity - FOF
ICICI Prudential Nifty Alpha Low - Volatility 30 ETF FOF - Direct Plan - Growth,15.1494,Not Rated,AMC14,149158,IC9647-GR,2025-06-10 00:00:00+00:00,ICICI Prudential Nifty Alpha Low - Volatility 30 ETF FOF,Growth,Direct,,Equity,Equity - FOF
Quantum Equity Fund of Funds - Direct Plan Growth Option,85.188,**,AMC30,112039,QMFFE-GR,2025-06-10 00:00:00+00:00,Quantum Equity Fund of Fund,Growth,Direct,,Equity,Equity - FOF
Nippon India Nifty Next 50 Junior BeES FoF - Direct Plan - Growth Plan - Growth Option,25.7895,**,AMC31,146513,RLRJAG-GR,2025-06-10 00:00:00+00:00,Nippon India Nifty Next 50 Junior BeES FoF,Growth,Direct,,Equity,Equity - FOF
Mirae Asset Diversified Equity Allocator Passive FOF Direct Growth,25.093,Not Rated,AMC25,148500,MAEAD1-GR,2025-06-10 00:00:00+00:00,Mirae Asset Diversified Equity Allocator Passive FOF,Growth,Direct,,Equity,Equity - FOF
Tata Nifty India Digital ETF Fund of Fund-Direct Plan-Growth,14.6436,Not Rated,AMC36,150344,TAFOGZ-GR,2025-06-10 00:00:00+00:00,Tata Nifty India Digital ETF Fund of Fund,Growth,Direct,,Equity,Equity - FOF
Mirae Asset Nifty Smallcap 250 Momentum Quality 100 ETF Fund of Fund - Direct Plan - Growth,10.69,,AMC25,152459,MASQD1-GR,2025-06-10 00:00:00+00:00,Mirae Asset Nifty Smallcap 250 Momentum Quality 100 ETF FOF,Growth,Direct,,Equity,Equity - FOF
Bandhan Flexi Cap Fund-Direct Plan-Growth,227.749,**,AMC16,118424,D203-GR,2025-06-10 00:00:00+00:00,Bandhan Flexi Cap Fund,Growth,Direct,,Equity,Flexi - Cap
HDFC Flexi Cap Fund - Growth Option - Direct Plan,2153.9,****,AMC12,118955,02T-GR,2025-06-10 00:00:00+00:00,HDFC Flexi Cap Fund,Growth,Direct,,Equity,Flexi - Cap
Union Flexi Cap Fund - Direct Plan - Growth Option,56.83,****,AMC38,119292,UNEFGD-GR,2025-06-10 00:00:00+00:00,Union Flexi Cap Fund,Growth,Direct,,Equity,Flexi - Cap
HSBC Flexi Cap Fund - Direct Growth,245.2148,**,AMC13,120046,HEOIG-GR,2025-06-10 00:00:00+00:00,HSBC Flexi Cap Fund,Growth,Direct,,Equity,Flexi - Cap
Kotak Flexicap Fund - Growth - Direct,96.308,***,AMC21,120166,KO168D-GR,2025-06-10 00:00:00+00:00,Kotak Flexi Cap Fund,Growth,Direct,,Equity,Flexi - Cap
Navi Flexi Cap Fund - Direct Plan - Growth,25.9702,***,AMC10,143793,ESMFGD-GR,2025-06-10 00:00:00+00:00,Navi Flexi Cap Fund,Growth,Direct,,Equity,Flexi - Cap
Tata Flexi Cap Fund-Direct Plan-Growth,27.112,**,AMC36,144546,TAMTCGZ-GR,2025-06-10 00:00:00+00:00,Tata Flexi Cap Fund,Growth,Direct,,Equity,Flexi - Cap
Nippon India Diversified Equity Flexicap Passive FoF - Direct Plan - Growth Option,21.3992,Not Rated,AMC31,148642,RLPPAG-GR,2025-06-10 00:00:00+00:00,Nippon India Diversified Equity Flexicap Passive FoF,Growth,Direct,,Equity,Flexi - Cap
Nippon India Flexi Cap Fund - Direct Plan - Growth Plan - Growth Option,17.5666,Not Rated,AMC31,149094,RLLCAG-GR,2025-06-10 00:00:00+00:00,Nippon India Flexi Cap Fund,Growth,Direct,,Equity,Flexi - Cap
Unifi Flexi Cap Fund - Direct Growth,10.1151,,AMC51,153543,UFFCFDG-GR,2025-06-10 00:00:00+00:00,Unifi Flexi Cap Fund,Growth,Direct,,Equity,Flexi - Cap
Taurus Flexi Cap Fund - Direct Plan - Growth,237.21,*,AMC37,118883,TRSSG1-GR,2025-06-10 00:00:00+00:00,Taurus Flexi Cap Fund,Growth,Direct,,Equity,Flexi - Cap
DSP Flexi Cap Fund - Direct Plan - Growth,115.279,***,AMC8,119076,DS767-GR,2025-06-10 00:00:00+00:00,DSP Flexi Cap Fund,Growth,Direct,,Equity,Flexi - Cap
JM Flexicap Fund Direct - Growth Option,111.6572,****,AMC20,120492,MSDG-GR,2025-06-10 00:00:00+00:00,JM Flexi Cap Fund,Growth,Direct,,Equity,Flexi - Cap
UTI - Flexi Cap Fund-Growth Option - Direct,348.4785,***,AMC39,120662,UTEQD2-GR,2025-06-10 00:00:00+00:00,UTI Flexi Cap Fund,Growth,Direct,,Equity,Flexi - Cap
Bank of India Flexi Cap Fund Direct Plan -Growth,37.66,Not Rated,AMC5,148404,BAMPDG-GR,2025-06-10 00:00:00+00:00,Bank of India Flexi Cap Fund,Growth,Direct,,Equity,Flexi - Cap
Samco Flexi Cap Fund - Direct Plan - Growth Option,11.5,Not Rated,AMC43,149450,SAFCDG-GR,2025-06-10 00:00:00+00:00,Samco Flexi Cap Fund,Growth,Direct,,Equity,Flexi - Cap
WhiteOak Capital Flexi Cap Fund Direct Plan Growth,17.961,Not Rated,AMC40,150346,YE1038-GR,2025-06-10 00:00:00+00:00,WhiteOak Capital Flexi Cap Fund,Growth,Direct,,Equity,Flexi - Cap
Baroda BNP Paribas Flexi Cap Fund - Direct Plan - Growth Option,16.1979,Not Rated,AMC45,150387,BPFXDG-GR,2025-06-10 00:00:00+00:00,Baroda BNP Paribas Flexi Cap Fund,Growth,Direct,,Equity,Flexi - Cap
Sundaram Flexicap Fund Direct Growth,15.3472,Not Rated,AMC35,150571,SUFCDG-GR,2025-06-10 00:00:00+00:00,Sundaram Flexicap Fund,Growth,Direct,,Equity,Flexi - Cap
Bajaj Finserv Flexi Cap Fund-Direct Plan-Growth,15.002,,AMC46,151895,BJFXDG-GR,2025-06-10 00:00:00+00:00,Bajaj Finserv Flexi Cap Fund,Growth,Direct,,Equity,Flexi - Cap
NJ Flexi Cap Fund - Direct Plan - Growth Option,13.77,,AMC44,151917,NJFCDG-GR,2025-06-10 00:00:00+00:00,NJ Flexi Cap Fund,Growth,Direct,,Equity,Flexi - Cap
IDBI Flexi Cap Fund Growth Direct,42.72,***,AMC15,128236,IBDEG1G-GR,2023-07-27 00:00:00+00:00,IDBI Flexi Cap Fund,Growth,Direct,,Equity,Flexi - Cap
ICICI Prudential Flexicap Fund-Direct Plan-Growth,19.27,Not Rated,AMC14,148990,IC9645-GR,2025-06-10 00:00:00+00:00,ICICI Prudential Flexicap Fund,Growth,Direct,,Equity,Flexi - Cap
Mahindra Manulife Flexi Cap Fund - Direct Plan -Growth,17.3735,Not Rated,AMC24,149104,MHMFCDG-GR,2025-06-10 00:00:00+00:00,Mahindra Manulife Flexi Cap Fund,Growth,Direct,,Equity,Flexi - Cap
ITI Flexi Cap Fund- Direct Plan- Growth,18.7062,Not Rated,AMC41,151379,ITFCG1-GR,2025-06-10 00:00:00+00:00,ITI Flexi Cap Fund,Growth,Direct,,Equity,Flexi - Cap
Mirae Asset Flexi Cap Fund - Direct Plan - Growth,16.271,Not Rated,AMC25,151412,MAFCD1-GR,2025-06-10 00:00:00+00:00,Mirae Asset Flexi Cap Fund,Growth,Direct,,Equity,Flexi - Cap
Helios Flexi Cap Fund Direct Plan - Growth Option,14.58,,AMC47,152135,HOHFCDG-GR,2025-06-10 00:00:00+00:00,Helios Flexi Cap Fund,Growth,Direct,,Equity,Flexi - Cap
TRUST MF Flexi Cap Fund-Direct Plan- Growth,11.73,,AMC42,152584,TSFCDG-GR,2025-06-10 00:00:00+00:00,TRUST MF Flexi Cap Fund,Growth,Direct,,Equity,Flexi - Cap
SBI Flexicap Fund - Direct Plan - Growth Option,120.5676,***,AMC33,119718,SBD099G-GR,2025-06-09 00:00:00+00:00,SBI Flexi Cap Fund,Growth,Direct,,Equity,Flexi - Cap
Canara Robeco Flexicap Fund - Direct Plan - Growth Option,380.0,****,AMC6,118275,CADVDG-GR,2025-06-10 00:00:00+00:00,Canara Robeco Flexi Cap fund,Growth,Direct,,Equity,Flexi - Cap
Franklin India Flexi Cap Fund - Direct - Growth,1839.4494,****,AMC11,118535,418-GR,2025-06-10 00:00:00+00:00,Franklin India Flexi Cap Fund,Growth,Direct,,Equity,Flexi - Cap
LIC MF Flexi Cap Fund-Direct Plan-Growth,105.2709,**,AMC23,120264,LCEFG1-DGR,2025-06-10 00:00:00+00:00,LIC MF Flexi Cap Fund,Growth,Direct,,Equity,Flexi - Cap
Aditya Birla Sun Life Flexi Cap Fund - Growth - Direct Plan,2005.22,***,AMC1,120564,BS51Z-GR,2025-06-10 00:00:00+00:00,Aditya Birla Sun Life Flexi Cap Fund,Growth,Direct,,Equity,Flexi - Cap
Quant Flexi Cap Fund - Growth Option-Direct Plan,109.8472,Not Rated,AMC29,120843,QUPEDG-GR,2025-06-10 00:00:00+00:00,Quant Flexi Cap Fund,Growth,Direct,,Equity,Flexi - Cap
Motilal Oswal Flexi Cap Fund Direct Plan-Growth Option,67.5283,*,AMC26,129046,CPGD-GR,2025-06-10 00:00:00+00:00,Motilal Oswal Flexi Cap Fund,Growth,Direct,,Equity,Flexi - Cap
PGIM India Flexi Cap Fund - Direct Plan - Growth Option,42.22,*****,AMC7,133839,PRDEG1-GR,2025-06-10 00:00:00+00:00,PGIM India Flexi Cap Fund,Growth,Direct,,Equity,Flexi - Cap
Edelweiss Flexi Cap Fund - Direct Plan - Growth Option,43.687,***,AMC9,140353,EDERD1-GR,2025-06-10 00:00:00+00:00,Edelweiss Flexi Cap Fund,Growth,Direct,,Equity,Flexi - Cap
Axis Flexi Cap Fund - Direct Plan - Growth,29.32,***,AMC2,141925,AXMLDG-GR,2025-06-10 00:00:00+00:00,Axis Flexi Cap Fund,Growth,Direct,,Equity,Flexi - Cap
Shriram Flexi Cap Fund - Direct Growth,22.6899,**,AMC34,144905,SH103D-GR,2025-06-10 00:00:00+00:00,Shriram Flexi Cap Fund,Growth,Direct,,Equity,Flexi - Cap
Invesco India Flexi Cap Fund - Direct Plan - Growth,19.87,Not Rated,AMC19,149763,RGF9D1-GR,2025-06-10 00:00:00+00:00,Invesco India Flexi Cap Fund,Growth,Direct,,Equity,Flexi - Cap
360 ONE Flexicap Fund-Direct Plan- Growth,15.6538,,AMC17,151796,IIIFCDG-GR,2025-06-10 00:00:00+00:00,360 ONE Flexicap Fund,Growth,Direct,,Equity,Flexi - Cap
Parag Parikh Flexi Cap Fund - Direct Plan - Growth,91.8572,*****,AMC27,122639,PP001ZG-GR,2025-06-09 00:00:00+00:00,Parag Parikh Flexi Cap Fund,Growth,Direct,,Equity,Flexi - Cap
Principal Focused Multicap Fund- Direct Plan - Growth Option,116.59,****,AMC28,119464,PCLCZG-GR,2021-12-30 00:00:00+00:00,Principal Focused Multicap Fund,Growth,Direct,,Equity,Focused
JM Focused Fund Direct  - Growth Option,22.9686,*,AMC20,120488,CRDG-GR,2025-06-10 00:00:00+00:00,JM Focused Fund,Growth,Direct,,Equity,Focused
Kotak Focused Equity Fund- Direct Plan- Growth option,27.407,***,AMC21,147473,KO485D-GR,2025-06-10 00:00:00+00:00,Kotak Focused Equity Fund,Growth,Direct,,Equity,Focused
Bandhan Focused Equity Fund-Direct Plan-Growth,102.882,**,AMC16,118421,D205-GR,2025-06-10 00:00:00+00:00,Bandhan Focused Equity Fund,Growth,Direct,,Equity,Focused
DSP Focused Fund - Direct Plan - Growth,61.216,**,AMC8,119096,DS730-GR,2025-06-10 00:00:00+00:00,DSP Focused Fund,Growth,Direct,,Equity,Focused
360 ONE Focused Equity Fund-Direct Plan-Growth,53.4879,*****,AMC17,131580,IFIGDG-GR,2025-06-10 00:00:00+00:00,360 ONE Focused Equity Fund,Growth,Direct,,Equity,Focused
Tata Focused Equity Fund-Direct Plan-Growth,25.3736,***,AMC36,147757,TAFEGZ-GR,2025-06-10 00:00:00+00:00,Tata Focused Equity Fund,Growth,Direct,,Equity,Focused
Mahindra Manulife Focused Fund - Direct Plan -Growth,29.0784,Not Rated,AMC24,148567,MHMFEDG-GR,2025-06-10 00:00:00+00:00,Mahindra Manulife Focused Fund,Growth,Direct,,Equity,Focused
UTI Focused Fund - Direct Plan - Growth Option,16.4471,Not Rated,AMC39,149091,UTEYG1-GR,2025-06-10 00:00:00+00:00,UTI Focused Fund,Growth,Direct,,Equity,Focused
Baroda BNP Paribas Focused Fund - Direct Plan - Growth Option,24.9706,**,AMC45,150264,BPFODG-GR,2025-06-10 00:00:00+00:00,Baroda BNP Paribas Focused Fund,Growth,Direct,,Equity,Focused
Union Focused Fund - Direct Plan - Growth Option,26.62,****,AMC38,147492,UNFFGRD-GR,2025-06-10 00:00:00+00:00,Union Focused Fund,Growth,Direct,,Equity,Focused
SBI Focused Equity Fund - Direct Plan -Growth,394.7206,***,AMC33,119727,SBD81G-GR,2025-06-09 00:00:00+00:00,SBI Focused Equity Fund,Growth,Direct,,Equity,Focused
IDBI Focused 30 Equity Fund - Growth Direct,18.15,**,AMC15,141920,IBFEG1G-GR,2023-07-27 00:00:00+00:00,IDBI Focused 30 Equity Fund,Growth,Direct,,Equity,Focused
BNP Paribas Focused 25 Equity Fund - Direct Plan - Growth Option,14.794,***,AMC4,141813,BN630DG-GR,2022-03-13 00:00:00+00:00,BNP Paribas Focused 25 Equity Fund,Growth,Direct,,Equity,Focused
Aditya Birla Sun Life Focused Fund - Growth - Direct Plan,160.53,**,AMC1,119564,BS292GZ-GR,2025-06-10 00:00:00+00:00,Aditya Birla Sun Life Focused Fund,Growth,Direct,,Equity,Focused
Quant Focused Fund - Growth Option-Direct Plan,95.6556,*****,AMC29,120834,QULSDG-GR,2025-06-10 00:00:00+00:00,Quant Focused Fund,Growth,Direct,,Equity,Focused
Motilal Oswal Focused 25 Fund (MOF25)- Direct Plan Growth Option,51.5478,**,AMC26,122389,MFGD-GRD,2025-06-10 00:00:00+00:00,Motilal Oswal Focused 25 Fund,Growth,Direct,,Equity,Focused
Mirae Asset Focused Fund Direct Plan Growth,28.059,****,AMC25,147206,MAFFD1-GR,2025-06-10 00:00:00+00:00,Mirae Asset Focused Fund,Growth,Direct,,Equity,Focused
Invesco India Focused Fund - Direct Plan - Growth,30.58,Not Rated,AMC19,148481,RGIFD1-GR,2025-06-10 00:00:00+00:00,Invesco India Focused Fund,Growth,Direct,,Equity,Focused
Sundaram Focused Fund- Direct Plan - Growth Option,175.89,****,AMC35,149533,SULCZG-GR,2025-06-10 00:00:00+00:00,Sundaram Focused Fund,Growth,Direct,,Equity,Focused
ITI Focused Equity Fund - Direct Plan - Growth,15.7148,,AMC41,151777,ITFEG1-GR,2025-06-10 00:00:00+00:00,ITI Focused Equity Fund,Growth,Direct,,Equity,Focused
LIC MF Focused Fund-Direct Plan-Growth,24.4297,,AMC23,152010,LCFEG1-GR,2025-06-10 00:00:00+00:00,LIC MF Focused Fund,Growth,Direct,,Equity,Focused
Old Bridge Focused Equity Fund - Direct Growth,12.36,,AMC49,152358,OBFED1-GR,2025-06-10 00:00:00+00:00,Old Bridge Focused Equity Fund,Growth,Direct,,Equity,Focused
Sundaram Select Focus Direct Plan - Growth,283.5119,*****,AMC35,119578,SU02PD-GR,2021-12-24 00:00:00+00:00,Sundaram Select Focus,Growth,Direct,,Equity,Focused
Sahara Super 20 Fund - Growth - Direct,16.459,Not Rated,AMC32,120382,,2020-03-27 00:00:00+00:00,Sahara Super 20 Fund,Growth,Direct,,Equity,Focused
Franklin India Focused Equity Fund - Direct - Growth,120.9978,****,AMC11,118564,482-GR,2025-06-10 00:00:00+00:00,Franklin India Focused Equity Fund,Growth,Direct,,Equity,Focused
Nippon India Focused Equity Fund - Direct Plan Growth Plan - Growth Option,134.246,***,AMC31,118692,LEAG-GR,2025-06-10 00:00:00+00:00,Nippon India Focused Equity Fund,Growth,Direct,,Equity,Focused
HDFC Focused 30 Fund - Growth Option - Direct Plan,257.692,***,AMC12,118950,CORGT-GR,2025-06-10 00:00:00+00:00,HDFC Focused 30 Fund,Growth,Direct,,Equity,Focused
Axis Focused Fund - Direct Plan - Growth Option,63.87,**,AMC2,120468,AFDG-GR,2025-06-10 00:00:00+00:00,Axis Focused Fund,Growth,Direct,,Equity,Focused
ICICI Prudential Focused Equity Fund - Direct Plan - Growth,104.68,****,AMC14,120722,8073-GR,2025-06-10 00:00:00+00:00,ICICI Prudential Focused Equity Fund,Growth,Direct,,Equity,Focused
HSBC Focused Fund - Direct Growth,26.6777,Not Rated,AMC13,148411,HSHFEG-GR,2025-06-10 00:00:00+00:00,HSBC Focused Fund,Growth,Direct,,Equity,Focused
Canara Robeco Focused Equity Fund - Direct Plan - Growth Option,21.08,Not Rated,AMC6,148883,CAFEDG-GR,2025-06-10 00:00:00+00:00,Canara Robeco Focused Equity Fund,Growth,Direct,,Equity,Focused
Edelweiss Focused Fund - Direct Plan - Growth,17.288,Not Rated,AMC9,150376,EDFCD1-GR,2025-06-10 00:00:00+00:00,Edelweiss Focused Fund,Growth,Direct,,Equity,Focused
IDBI Nifty Next 50 Index Fund Growth Direct,36.1645,*,AMC15,118348,NJG1-GR,2023-07-27 00:00:00+00:00,IDBI Nifty Next 50 Index Fund,Growth,Direct,,Equity,Index
Bandhan Nifty 50 Index Fund-Direct Plan-Growth,55.4531,****,AMC16,118482,D257-GR,2025-06-10 00:00:00+00:00,Bandhan Nifty 50 Index Fund,Growth,Direct,,Equity,Index
Nippon India Index Fund - NIFTY 50 Plan - Direct Plan Growth Plan - Growth Option,45.6971,***,AMC31,118741,NFAG-GR,2025-06-10 00:00:00+00:00,Nippon India Index Fund - NIFTY 50 Plan,Growth,Direct,,Equity,Index
Nippon India Index Fund - BSE SENSEX Plan - Direct Plan Growth Plan - Growth Option,44.2859,****,AMC31,118791,SFAG-GR,2025-06-10 00:00:00+00:00,Nippon India Index Fund - BSE SENSEX Plan,Growth,Direct,,Equity,Index
HDFC Nifty 50 Index Fund - Direct Plan,242.5537,***,AMC12,119063,INNPT-GR,2025-06-10 00:00:00+00:00,HDFC Nifty 50 Index Fund,Growth,Direct,,Equity,Index
Aditya Birla Sun Life Nifty 50 Index Fund - Growth - Direct Plan,258.7444,***,AMC1,119648,BS241GZ-GR,2025-06-10 00:00:00+00:00,Aditya Birla Sun Life Nifty 50 Index Fund,Growth,Direct,,Equity,Index
ICICI Prudential BSE Sensex Index Fund - Direct Plan - Cumulative Option,27.1894,****,AMC14,141841,IC9209-GR,2025-06-10 00:00:00+00:00,ICICI Prudential BSE Sensex Index Fund,Growth,Direct,,Equity,Index
DSP NIFTY 50 Index Fund - Direct Plan - Growth,24.452,***,AMC8,146376,DS866-GR,2025-06-10 00:00:00+00:00,DSP NIFTY 50 Index Fund,Growth,Direct,,Equity,Index
Motilal Oswal Nifty 500 Index Fund - Direct Plan,26.9563,***,AMC26,147625,MONTGD-GR,2025-06-10 00:00:00+00:00,Motilal Oswal Nifty 500 Index Fund,Growth,Direct,,Equity,Index
Axis NIFTY 100 Index Fund - Direct Plan - Growth Option,22.8458,***,AMC2,147666,AXNIDG-GR,2025-06-10 00:00:00+00:00,Axis Nifty 100 Index Fund,Growth,Direct,,Equity,Index
Motilal Oswal NIFTY 50 Index Fund - Direct plan - Growth,21.6069,****,AMC26,147794,MONIGD-GR,2025-06-10 00:00:00+00:00,Motilal Oswal Nifty 50 Index Fund,Growth,Direct,,Equity,Index
Motilal Oswal NIFTY Next 50 Index Fund - Direct plan - Growth,24.5478,**,AMC26,147796,MONNGD-GR,2025-06-10 00:00:00+00:00,Motilal Oswal Nifty Next 50 Index Fund,Growth,Direct,,Equity,Index
Nippon India NIFTY Smallcap 250 Index Fund - Direct Plan - Growth Option,34.691,Not Rated,AMC31,148519,RLNSAG-GR,2025-06-10 00:00:00+00:00,Nippon India Nifty Smallcap 250 Index Fund,Growth,Direct,,Equity,Index
HDFC NIFTY50 Equal weight Index Fund - Direct Plan - Growth Option,17.7506,Not Rated,AMC12,149107,HDNEWDG-GR,2025-06-10 00:00:00+00:00,HDFC NIFTY50 Equal weight Index Fund,Growth,Direct,,Equity,Index
Bandhan NIFTY 100 Index Fund - Direct Plan - Growth,15.2877,Not Rated,AMC16,149832,IDD359-GR,2025-06-10 00:00:00+00:00,Bandhan Nifty 100 Index Fund,Growth,Direct,,Equity,Index
DSP Nifty Midcap 150 Quality 50 Index Fund - Direct - Growth,15.2294,Not Rated,AMC8,150428,DS887-GR,2025-06-10 00:00:00+00:00,DSP Nifty Midcap 150 Quality 50 Index Fund,Growth,Direct,,Equity,Index
Motilal Oswal BSE Quality Index Fund-Direct plan,17.2878,Not Rated,AMC26,150521,MOS4GD-GR,2025-06-10 00:00:00+00:00,Motilal Oswal BSE Quality Index Fund,Growth,Direct,,Equity,Index
Bandhan Nifty100 Low Volatility 30 Index Fund - Growth - Direct Plan,15.5222,Not Rated,AMC16,150636,IDD365-GR,2025-06-10 00:00:00+00:00,Bandhan Nifty100 Low Volatility 30 Index Fund,Growth,Direct,,Equity,Index
ICICI Prudential Nifty Auto Index Fund - Direct Plan - Growth,18.9891,Not Rated,AMC14,150643,IC9703-GR,2025-06-10 00:00:00+00:00,ICICI Prudential Nifty Auto Index Fund,Growth,Direct,,Equity,Index
Tata Nifty Midcap 150 Momentum 50 Index Fund - Growth - Direct Plan,18.8369,Not Rated,AMC36,150738,TANMGZ-GR,2025-06-10 00:00:00+00:00,Tata Nifty Midcap 150 Momentum 50 Index Fund,Growth,Direct,,Equity,Index
Edelweiss Nifty Smallcap 250 Index Fund - Direct Plan - Growth,18.1921,Not Rated,AMC9,150892,EDSID1-GR,2025-06-10 00:00:00+00:00,Edelweiss Nifty Smallcap 250 Index Fund,Growth,Direct,,Equity,Index
Motilal Oswal Nifty Microcap 250 Index Fund- Direct- Growth Option,17.7672,,AMC26,151814,MOMPGD-GR,2025-06-10 00:00:00+00:00,Motilal Oswal Nifty Microcap 250 Index Fund,Growth,Direct,,Equity,Index
Kotak BSE Housing Index Fund - Direct Plan - Growth Option,13.789,,AMC21,152039,KO1195D-GR,2025-06-10 00:00:00+00:00,Kotak BSE Housing Index Fund,Growth,Direct,,Equity,Index
Zerodha Nifty LargeMidcap 250 Index Fund - Direct Plan - Growth option,14.0145,,AMC48,152156,ZEZN250-GR,2025-06-10 00:00:00+00:00,Zerodha Nifty LargeMidcap 250 Index Fund,Growth,Direct,,Equity,Index
SBI Nifty50 Equal Weight Index Fund - Direct Plan - Growth,11.6914,,AMC33,152370,SBD684G-GR,2025-06-10 00:00:00+00:00,SBI Nifty50 Equal Weight Index Fund,Growth,Direct,,Equity,Index
Axis BSE Sensex Index Fund - Direct Plan - Growth,11.4262,,AMC2,152422,AXSPDG-GR,2025-06-10 00:00:00+00:00,Axis BSE Sensex Index Fund,Growth,Direct,,Equity,Index
Groww Nifty Smallcap 250 Index Fund - Direct Plan - Growth,11.6705,,AMC18,152431,INNSG1-GR,2025-06-10 00:00:00+00:00,Groww Nifty Smallcap 250 Index Fund,Growth,Direct,,Equity,Index
ICICI Prudential Nifty LargeMidcap 250 Index Fund - Direct Plan - Growth,12.2639,,AMC14,152482,IC9747-GR,2025-06-10 00:00:00+00:00,ICICI Prudential Nifty LargeMidcap 250 Index Fund,Growth,Direct,,Equity,Index
HDFC NIFTY Reality Index Fund - Direct Plan,11.5162,,AMC12,152521,HDHRIDG-GR,2025-06-10 00:00:00+00:00,HDFC NIFTY Reality Index Fund,Growth,Direct,,Equity,Index
Tata Nifty500 Multicap India Manufacturing 50 30 20 Index Fund -Direct Plan-Growth,11.1794,,AMC36,152588,TAMNGZ-GR,2025-06-10 00:00:00+00:00,Tata Nifty500 Multicap India Manufacturing 50 30 20 Index Fund,Growth,Direct,,Equity,Index
HDFC Nifty100 Low Volatility 30 Index Fund - Direct Plan,10.2215,,AMC12,152713,HDHLVDG-GR,2025-06-10 00:00:00+00:00,HDFC Nifty100 Low Volatility 30 Index Fund,Growth,Direct,,Equity,Index
Bandhan BSE Healthcare Index Fund Direct Plan - Growth,9.9905,,AMC16,152843,IDD401-GR,2025-06-10 00:00:00+00:00,Bandhan BSE Healthcare Index Fund,Growth,Direct,,Equity,Index
Kotak Nifty India Tourism Index Fund-Direct-Growth Option,9.943,,AMC21,152870,KO1235D-GR,2025-06-10 00:00:00+00:00,Kotak Nifty India Tourism Index Fund,Growth,Direct,,Equity,Index
Nippon India Nifty 500 Momentum 50 Index Fund - Direct Plan - Growth Option,8.576,,AMC31,152881,RLMTAG-GR,2025-06-10 00:00:00+00:00,Nippon India Nifty 500 Momentum 50 Index Fund,Growth,Direct,,Equity,Index
Tata Nifty Capital Markets Index Fund - Direct Plan Growth Option,12.8342,,AMC36,152951,TACMGZ-GR,2025-06-10 00:00:00+00:00,Tata Nifty Capital Markets Index Fund,Growth,Direct,,Equity,Index
Motilal Oswal Nifty MidSmall Financial Services Index Fund - Direct Plan- Growth,12.5014,,AMC26,153027,MOFSGD-GR,2025-06-10 00:00:00+00:00,Motilal Oswal Nifty MidSmall Financial Services Index Fund,Growth,Direct,,Equity,Index
HDFC Nifty India Digital Index Fund - Growth Option - Direct,9.1188,,AMC12,153097,HDHIDDG-GR,2025-06-10 00:00:00+00:00,HDFC Nifty India Digital Index Fund,Growth,Direct,,Equity,Index
Bandhan Nifty 200 Quality 30 Index Fund - Direct Plan - Growth,9.8202,,AMC16,153114,IDD407-GR,2025-06-10 00:00:00+00:00,Bandhan Nifty 200 Quality 30 Index Fund,Growth,Direct,,Equity,Index
DSP BSE SENSEX Next 30 Index Fund - Direct - Growth,11.1239,,AMC8,153219,DS919-GR,2025-06-10 00:00:00+00:00,DSP BSE SENSEX Next 30 Index Fund,Growth,Direct,,Equity,Index
UTI Nifty Midsmallcap 400 Momentum Quality 100 Index Fund - Direct Plan - Growth Option,11.7826,,AMC39,153272,UTMDG1-GR,2025-06-10 00:00:00+00:00,UTI Nifty Midsmallcap 400 Momentum Quality 100 Index Fund,Growth,Direct,,Equity,Index
DSP Nifty Private Bank Index Fund - Direct - Growth,11.5111,,AMC8,153348,DS922-GR,2025-06-10 00:00:00+00:00,DSP Nifty Private Bank Index Fund,Growth,Direct,,Equity,Index
Kotak Nifty Commodities Index Fund-Direct Growth,10.978,,AMC21,153353,KO1255D-GR,2025-06-10 00:00:00+00:00,Kotak Nifty Commodities Index Fund,Growth,Direct,,Equity,Index
SBI Nifty200 Quality 30 Index Fund-Direct Plan- Growth,10.2031,,AMC33,153555,SBD700G-GR,2025-06-10 00:00:00+00:00,SBI Nifty200 Quality 30 Index Fund,Growth,Direct,,Equity,Index
Tata BSE Sensex Index Fund - Direct Plan,218.3339,****,AMC36,119287,TAISAZ-GR,2025-06-10 00:00:00+00:00,Tata BSE Sensex Index Fund,Growth,Direct,,Equity,Index
UTI Nifty 50 Index Fund - Growth Option- Direct,174.3516,***,AMC39,120716,UTNID2-GR,2025-06-10 00:00:00+00:00,UTI Nifty 50 Index Fund,Growth,Direct,,Equity,Index
Motilal Oswal NIFTY Smallcap 250 Index Fund- Direct Plan,39.1714,*,AMC26,147623,MOSIGD-GR,2025-06-10 00:00:00+00:00,Motilal Oswal Nifty Smallcap 250 Index Fund,Growth,Direct,,Equity,Index
Aditya Birla Sun Life NIFTY Smallcap 50 Index Fund-Direct Growth,22.2939,Not Rated,AMC1,148815,BS69Y-GR,2025-06-10 00:00:00+00:00,Aditya Birla Sun Life Nifty Smallcap 50 Index Fund,Growth,Direct,,Equity,Index
Aditya Birla Sun Life Nifty 50 Equal Weight Index Fund-Direct Growth,18.1477,Not Rated,AMC1,148962,BS79Y-GR,2025-06-10 00:00:00+00:00,Aditya Birla Sun Life Nifty 50 Equal Weight Index Fund,Growth,Direct,,Equity,Index
Edelweiss Nifty 100 Quality 30 Index Fund Direct Plan Growth,14.6404,Not Rated,AMC9,149254,EDQUD1-GR,2025-06-10 00:00:00+00:00,Edelweiss Nifty 100 Quality 30 Index Fund,Growth,Direct,,Equity,Index
Navi Nifty Next 50 Index Fund- Direct Plan- Growth,16.2922,Not Rated,AMC10,149447,ESNNGD-GR,2025-06-10 00:00:00+00:00,Navi Nifty Next 50 Index Fund,Growth,Direct,,Equity,Index
Axis Nifty Smallcap 50 Index Fund - Direct Plan - Growth Option,19.349,Not Rated,AMC2,149894,AXNSDG-GR,2025-06-10 00:00:00+00:00,Axis Nifty Smallcap 50 Index Fund,Growth,Direct,,Equity,Index
ICICI Prudential Nifty50 Equal Weight Index Fund- Direct Plan - Growth,16.3393,Not Rated,AMC14,150639,IC9701-GR,2025-06-10 00:00:00+00:00,ICICI Prudential Nifty50 Equal Weight Index Fund,Growth,Direct,,Equity,Index
HSBC NIFTY 50 Index Fund - Direct Growth,29.3372,Not Rated,AMC13,151157,HSLNIGD-GR,2025-06-10 00:00:00+00:00,HSBC NIFTY 50 Index Fund,Growth,Direct,,Equity,Index
UTI Nifty 500 Value 50 Index Fund - Direct Plan - Growth Option,19.5596,,AMC39,151739,UTNVG1-GR,2025-06-10 00:00:00+00:00,UTI Nifty 500 Value 50 Index Fund,Growth,Direct,,Equity,Index
Bandhan Nifty IT Index Fund - Direct Plan - Growth,12.8113,,AMC16,152041,IDD383-GR,2025-06-10 00:00:00+00:00,Bandhan Nifty IT Index Fund,Growth,Direct,,Equity,Index
Tata Nifty200 Alpha 30 Index Fund - Direct -Growth,8.7755,,AMC36,152836,TAALGZ-GR,2025-06-10 00:00:00+00:00,Tata Nifty200 Alpha 30 Index Fund,Growth,Direct,,Equity,Index
Baroda BNP Paribas Nifty200 Momentum 30 Index Fund - Direct Plan - Growth Option,8.4333,,AMC45,152931,BPNMDG-GR,2025-06-10 00:00:00+00:00,Baroda BNP Paribas Nifty200 Momentum 30 Index Fund,Growth,Direct,,Equity,Index
ICICI Prudential Nifty200 Value 30 Index Fund - Direct Plan - Growth,9.6146,,AMC14,152936,IC9753-GR,2025-06-10 00:00:00+00:00,ICICI Prudential Nifty200 Value 30 Index Fund,Growth,Direct,,Equity,Index
Mirae Asset Nifty LargeMidcap 250 Index Fund - Direct Plan - Growth,10.3707,,AMC25,152976,MALMD1-GR,2025-06-10 00:00:00+00:00,Mirae Asset Nifty LargeMidcap 250 Index Fund,Growth,Direct,,Equity,Index
Motilal Oswal Nifty MidSmall Healthcare Index Fund- Direct Plan-Growth,10.2703,,AMC26,153023,MOHIGD-GR,2025-06-10 00:00:00+00:00,Motilal Oswal Nifty MidSmall Healthcare Index Fund,Growth,Direct,,Equity,Index
Aditya Birla Sun Life BSE India Infrastructure Index Fund-Direct Growth,9.7098,,AMC1,153081,BS135Y-GR,2025-06-10 00:00:00+00:00,Aditya Birla Sun Life BSE India Infrastructure Index Fund,Growth,Direct,,Equity,Index
ICICI Prudential Nifty 500 Index Fund - Direct Plan - Growth,10.4821,,AMC14,153161,IC9757-GR,2025-06-10 00:00:00+00:00,ICICI Prudential Nifty 500 Index Fund,Growth,Direct,,Equity,Index
Bandhan Nifty Alpha Low Volatility 30 Index Fund - Direct Plan - Growth,10.2742,,AMC16,153213,IDD408-GR,2025-06-10 00:00:00+00:00,Bandhan Nifty Alpha Low Volatility 30 Index Fund,Growth,Direct,,Equity,Index
Kotak Nifty SmallCap 250 Index Fund- Direct - Growth,11.37,,AMC21,153223,KO1249D-GR,2025-06-10 00:00:00+00:00,Kotak Nifty SmallCap 250 Index Fund,Growth,Direct,,Equity,Index
Groww Nifty India Railways PSU Index Fund - Direct Plan - Growth,10.9107,,AMC18,153230,INRIG1-GR,2025-06-10 00:00:00+00:00,Groww Nifty India Railways PSU Index Fund,Growth,Direct,,Equity,Index
HDFC Nifty100 Quality 30 Index Fund - Direct Plan,10.7914,,AMC12,153264,HDHNQDG-GR,2025-06-10 00:00:00+00:00,HDFC Nifty100 Quality 30 Index Fund,Growth,Direct,,Equity,Index
Nippon India Nifty 500 Quality 50 Index Fund - Direct Plan - Growth Option,11.27,,AMC31,153470,RLQIAG-GR,2025-06-10 00:00:00+00:00,Nippon India Nifty 500 Quality 50 Index Fund,Growth,Direct,,Equity,Index
Nippon India Nifty 500 Low Volatility 50 Index Fund - Direct Plan - Growth Option,10.4608,,AMC31,153474,RLLVAG-GR,2025-06-10 00:00:00+00:00,Nippon India Nifty 500 Low Volatility 50 Index Fund,Growth,Direct,,Equity,Index
Tata Nifty 50 Index Fund -Direct Plan,168.7,***,AMC36,119288,TAINAZ-GR,2025-06-10 00:00:00+00:00,Tata Nifty 50 Index Fund,Growth,Direct,,Equity,Index
ICICI Prudential Nifty 50 Index Fund - Direct Plan Cumulative Option,262.1797,***,AMC14,120620,8189-GR,2025-06-10 00:00:00+00:00,ICICI Prudential Nifty 50 Index Fund,Growth,Direct,,Equity,Index
UTI NIFTY Next 50 Index Fund - Direct Plan - Growth Option,25.3669,**,AMC39,143341,UTNYG1-GR,2025-06-10 00:00:00+00:00,UTI Nifty Next 50 Index Fund,Growth,Direct,,Equity,Index
DSP NIFTY Next 50 Index Fund - Direct Plan - Growth,27.0751,**,AMC8,146381,DS869-GR,2025-06-10 00:00:00+00:00,DSP NIFTY Next 50 Index Fund,Growth,Direct,,Equity,Index
Motilal Oswal NIFTY Bank Index Fund - Direct Plan,20.8776,**,AMC26,147620,MOBIGD-GR,2025-06-10 00:00:00+00:00,Motilal Oswal Nifty Bank Index Fund,Growth,Direct,,Equity,Index
Motilal Oswal NIFTY Midcap 150 Index Fund - Direct Plan,39.5278,***,AMC26,147622,MOMIGD-GR,2025-06-10 00:00:00+00:00,Motilal Oswal Nifty Midcap 150 Index Fund,Growth,Direct,,Equity,Index
Nippon India NIFTY 50 Value 20 Index Fund - Direct Plan - Growth Option,19.0991,Not Rated,AMC31,148721,RLNVAG-GR,2025-06-10 00:00:00+00:00,Nippon India Nifty 50 Value 20 Index Fund,Growth,Direct,,Equity,Index
Nippon India NIFTY Midcap 150 Index Fund - Direct Plan - Growth Option,25.2676,Not Rated,AMC31,148726,RLNPAG-GR,2025-06-10 00:00:00+00:00,Nippon India Nifty Midcap 150 Index Fund,Growth,Direct,,Equity,Index
Aditya Birla Sun Life NIFTY Midcap 150 Index Fund-Direct Growth,24.7025,Not Rated,AMC1,148807,BS70Y-GR,2025-06-10 00:00:00+00:00,Aditya Birla Sun Life Nifty Midcap 150 Index Fund,Growth,Direct,,Equity,Index
Edelweiss Nifty 50 Index Fund Direct Plan Growth,14.6718,Not Rated,AMC9,149250,EDNID1-GR,2025-06-10 00:00:00+00:00,Edelweiss Nifty 50 Index Fund,Growth,Direct,,Equity,Index
ICICI Prudential Nifty Smallcap 250 Index Fund - Direct Plan - Growth,17.9716,Not Rated,AMC14,149283,IC9658-GR,2025-06-10 00:00:00+00:00,ICICI Prudential Nifty Smallcap 250 Index Fund,Growth,Direct,,Equity,Index
ICICI Prudential Nifty Midcap 150 Index Fund - Direct Plan - Growth,19.521,Not Rated,AMC14,149389,IC9662-GR,2025-06-10 00:00:00+00:00,ICICI Prudential Nifty Midcap 150 Index Fund,Growth,Direct,,Equity,Index
Axis Nifty Next 50 Index Fund - Direct Plan - Growth,16.9395,Not Rated,AMC2,149466,AXN6DG-GR,2025-06-10 00:00:00+00:00,Axis Nifty Next 50 Index Fund,Growth,Direct,,Equity,Index
UTI BSE Sensex Index Fund - Direct Plan - Growth Option,14.7161,Not Rated,AMC39,149803,UTSIG1-GR,2025-06-10 00:00:00+00:00,UTI BSE Sensex Index Fund,Growth,Direct,,Equity,Index
Navi Nifty Bank Index Fund- Direct Plan- Growth,14.8125,Not Rated,AMC10,149804,ESNBGD-GR,2025-06-10 00:00:00+00:00,Navi Nifty Bank Index Fund,Growth,Direct,,Equity,Index
ICICI Prudential Nifty Bank Index Fund - Direct Plan Growth,16.1929,Not Rated,AMC14,149858,IC9675-GR,2025-06-10 00:00:00+00:00,ICICI Prudential Nifty Bank Index Fund,Growth,Direct,,Equity,Index
HDFC Nifty 100 Equal Weight Index Fund - Direct Plan - Growth Option,16.6466,Not Rated,AMC12,149870,HD200DG-GR,2025-06-10 00:00:00+00:00,HDFC Nifty 100 Equal Weight Index Fund,Growth,Direct,,Equity,Index
Navi Nifty Midcap 150 Index Fund Direct Plan- Growth,20.6964,Not Rated,AMC10,149892,ESNMGD-GR,2025-06-10 00:00:00+00:00,Navi Nifty Midcap 150 Index Fund,Growth,Direct,,Equity,Index
Motilal Oswal BSE Low Volatility Index Fund-Direct plan,16.6548,Not Rated,AMC26,149919,MOS1GD-GR,2025-06-10 00:00:00+00:00,Motilal Oswal BSE Low Volatility Index Fund,Growth,Direct,,Equity,Index
ICICI Prudential Nifty 200 Momentum 30 Index Fund - Direct Plan - Growth,17.2411,Not Rated,AMC14,150452,IC9684-GR,2025-06-10 00:00:00+00:00,ICICI Prudential Nifty 200 Momentum 30 Index Fund,Growth,Direct,,Equity,Index
SBI Nifty Midcap 150 Index Fund - Direct Plan - Growth,19.0224,Not Rated,AMC33,150673,SBD661G-GR,2025-06-10 00:00:00+00:00,SBI Nifty Midcap 150 Index Fund,Growth,Direct,,Equity,Index
ICICI Prudential Nifty Pharma Index Fund - Direct Plan - Growth,16.9249,Not Rated,AMC14,150930,IC9711-GR,2025-06-10 00:00:00+00:00,ICICI Prudential Nifty Pharma Index Fund,Growth,Direct,,Equity,Index
Kotak Nifty Smallcap 50 Index Fund - Direct Plan - Growth,21.31,Not Rated,AMC21,151649,KO293D-GR,2025-06-10 00:00:00+00:00,Kotak Nifty Smallcap 50 Index Fund,Growth,Direct,,Equity,Index
HDFC NIFTY Midcap 150 Index Fund - Growth Option - Direct Plan,18.6601,Not Rated,AMC12,151724,HDMC1DG-GR,2025-06-10 00:00:00+00:00,HDFC NIFTY Midcap 150 Index Fund,Growth,Direct,,Equity,Index
HDFC BSE 500 Index Fund - Growth Option - Direct Plan,15.673,Not Rated,AMC12,151728,HDSP5DG-GR,2025-06-10 00:00:00+00:00,HDFC BSE 500 Index Fund,Growth,Direct,,Equity,Index
SBI BSE Sensex Index Fund - Direct Plan - Growth,13.4493,,AMC33,151769,SBD681G-GR,2025-06-10 00:00:00+00:00,SBI BSE Sensex Index Fund,Growth,Direct,,Equity,Index
Axis Nifty IT Index Fund - Direct Plan - Growth,13.1989,,AMC2,151785,AXNTDG-GR,2025-06-10 00:00:00+00:00,Axis Nifty IT Index Fund,Growth,Direct,,Equity,Index
Kotak Nifty Financial Services Ex-Bank Index Fund - Direct Plan - Growth option,15.977,,AMC21,151911,KO299D-GR,2025-06-10 00:00:00+00:00,Kotak Nifty Financial Services Ex-Bank Index Fund,Growth,Direct,,Equity,Index
LIC MF Nifty Next 50 Index Fund-Direct Plan-Growth,55.8519,,AMC23,151937,LCNJG1-GR,2025-06-10 00:00:00+00:00,LIC MF Nifty Next 50 Index Fund,Growth,Direct,,Equity,Index
Bandhan Nifty Alpha 50 Index Fund - Direct Plan - Growth,14.1723,,AMC16,152177,IDD387-GR,2025-06-10 00:00:00+00:00,Bandhan Nifty Alpha 50 Index Fund,Growth,Direct,,Equity,Index
Nippon India Nifty Bank Index Fund - Direct Plan - Growth Option,12.1279,,AMC31,152389,RLBXAG-GR,2025-06-10 00:00:00+00:00,Nippon India Nifty Bank Index Fund,Growth,Direct,,Equity,Index
Tata Nifty Auto Index Fund - Direct Plan - Growth,10.7405,,AMC36,152557,TAAIGZ-GR,2025-06-10 00:00:00+00:00,Tata Nifty Auto Index Fund,Growth,Direct,,Equity,Index
Tata Nifty Financial Services Index Fund - Direct Plan - Growth,12.5497,,AMC36,152577,TANFGZ-GR,2025-06-10 00:00:00+00:00,Tata Nifty Financial Services Index Fund,Growth,Direct,,Equity,Index
Groww Nifty Non-Cyclical Consumer Index Fund - Direct Plan Growth,10.8977,,AMC18,152637,INNCG1-GR,2025-06-10 00:00:00+00:00,Groww Nifty Non-Cyclical Consumer Index Fund,Growth,Direct,,Equity,Index
Kotak NIFTY 100 Low Volatility 30 Index Fund - Direct plan - Growth option,10.6502,,AMC21,152663,KO1227D-GR,2025-06-10 00:00:00+00:00,Kotak NIFTY 100 Low Volatility 30 Index Fund,Growth,Direct,,Equity,Index
Bandhan Nifty Bank Index Fund - Direct Plan - Growth,11.0446,,AMC16,152793,IDD400-GR,2025-06-10 00:00:00+00:00,Bandhan Nifty Bank Index Fund,Growth,Direct,,Equity,Index
Nippon India Nifty 500 Equal Weight Index Fund - Direct Plan - Growth Option,9.6251,,AMC31,152842,RLEWAG-GR,2025-06-10 00:00:00+00:00,Nippon India Nifty 500 Equal Weight Index Fund,Growth,Direct,,Equity,Index
UTI Nifty200 Quality 30 Index Fund - Direct Plan - Growth Option,9.1,,AMC39,152859,UTNTG1-GR,2025-06-10 00:00:00+00:00,UTI Nifty200 Quality 30 Index Fund,Growth,Direct,,Equity,Index
Motilal Oswal Nifty 500 Momentum 50 Index Fund-Direct Plan-Growth,8.5448,,AMC26,152875,MOMNGD-GR,2025-06-10 00:00:00+00:00,Motilal Oswal Nifty 500 Momentum 50 Index Fund,Growth,Direct,,Equity,Index
Mirae Asset Nifty Total Market Index Fund - Direct Plan - Growth,10.3466,,AMC25,152968,MATMD1-GR,2025-06-10 00:00:00+00:00,Mirae Asset Nifty Total Market Index Fund,Growth,Direct,,Equity,Index
Mirae Asset Nifty 50 Index Fund - Direct Plan - Growth,10.3387,,AMC25,152972,MANID1-GR,2025-06-10 00:00:00+00:00,Mirae Asset Nifty 50 Index Fund,Growth,Direct,,Equity,Index
Bandhan Nifty 500 Momentum 50 Index Fund Direct Plan-Growth,9.2266,,AMC16,153003,IDD406-GR,2025-06-10 00:00:00+00:00,Bandhan Nifty 500 Momentum 50 Index Fund,Growth,Direct,,Equity,Index
Motilal Oswal Nifty MidSmall IT and Telecom Index Fund - Direct Plan- Growth,9.9962,,AMC26,153029,MOITGD-GR,2025-06-10 00:00:00+00:00,Motilal Oswal Nifty MidSmall IT and Telecom Index Fund,Growth,Direct,,Equity,Index
Angel One Nifty Total Market Index Fund Direct Plan Growth Option,11.771,,AMC50,153330,AOAOIDG-GR,2025-06-10 00:00:00+00:00,Angel One Nifty Total Market Index Fund,Growth,Direct,,Equity,Index
Kotak Nifty Midcap 150 Index Fund-Direct Plan-Growth,11.242,,AMC21,153401,KO1259D-GR,2025-06-10 00:00:00+00:00,Kotak Nifty Midcap 150 Index Fund,Growth,Direct,,Equity,Index
HDFC Nifty Top 20 Equal Weight Index Fund - Direct,10.4943,,AMC12,153405,HDHNEDG-GR,2025-06-10 00:00:00+00:00,HDFC Nifty Top 20 Equal Weight Index Fund,Growth,Direct,,Equity,Index
SBI BSE PSU Bank Index Fund- Direct Plan- Growth,11.6406,,AMC33,153432,SBD698G-GR,2025-06-10 00:00:00+00:00,SBI BSE PSU Bank Index Fund,Growth,Direct,,Equity,Index
Kotak Nifty Top 10 Equal Weight Index Fund-Direct Plan-Growth,10.306,,AMC21,153461,KO1263D-GR,2025-06-10 00:00:00+00:00,Kotak Nifty Top 10 Equal Weight Index Fund,Growth,Direct,,Equity,Index
Edelweiss BSE Internet Economy Index Fund - Direct Plan - Growth,10.6731,,AMC9,153497,EDBED1-GR,2025-06-10 00:00:00+00:00,Edelweiss BSE Internet Economy Index Fund,Growth,Direct,,Equity,Index
Sundaram Smart NIFTY 100 Equal Weight Fund Direct Plan - Growth,18.6214,**,AMC35,140453,SUNEWDG-GR,2021-12-31 00:00:00+00:00,Sundaram Smart NIFTY 100 Equal Weight Fund,Growth,Direct,,Equity,Index
Principal NIFTY 100 Equal Weight Fund - Direct Plan - Growth Option,111.7174,**,AMC28,119488,PCXFZG-GR,2021-12-30 00:00:00+00:00,Principal Nifty 100 Equal Weight Fund,Growth,Direct,,Equity,Index
Franklin India Index Fund- NSE NIFTY 50 Index Fund - Direct - Growth,211.9299,***,AMC11,118581,463-GR,2025-06-10 00:00:00+00:00,Franklin India Index Fund- NSE NIFTY 50 Index Fund,Growth,Direct,,Equity,Index
Taurus Nifty 50 Index Fund - Direct Plan - Growth,50.7413,Not Rated,AMC37,118881,TRNIG1-GR,2025-06-10 00:00:00+00:00,Taurus Nifty 50 Index Fund,Growth,Direct,,Equity,Index
HDFC BSE Sensex Index Fund - Direct Plan,779.2307,****,AMC12,119065,INSPT-GR,2025-06-10 00:00:00+00:00,HDFC BSE Sensex Index Fund,Growth,Direct,,Equity,Index
SBI NIFTY Index Fund - Direct Plan - Growth,231.8949,***,AMC33,119827,SBD055A-GR,2025-06-10 00:00:00+00:00,SBI Nifty Index Fund,Growth,Direct,,Equity,Index
DSP Nifty 50 Equal Weight Index Fund - Direct Plan - Growth,26.1504,***,AMC8,141877,DS842-GR,2025-06-10 00:00:00+00:00,DSP Nifty 50 Equal Weight Index Fund,Growth,Direct,,Equity,Index
SBI NIFTY Next 50 Index Fund - Direct Plan - Growth,18.9604,Not Rated,AMC33,148945,SBD631G-GR,2025-06-10 00:00:00+00:00,SBI Nifty Next 50 Index Fund,Growth,Direct,,Equity,Index
Navi Nifty 50 Index Fund-Direct Plan-Growth,16.3433,Not Rated,AMC10,149039,ESNIGD-GR,2025-06-10 00:00:00+00:00,Navi Nifty 50 Index Fund,Growth,Direct,,Equity,Index
HDFC NIFTY Next 50 Index Fund - Direct Plan - Growth Option,16.1755,Not Rated,AMC12,149288,HDNNIDG-GR,2025-06-10 00:00:00+00:00,HDFC NIFTY Next 50 Index Fund,Growth,Direct,,Equity,Index
Edelweiss NIFTY Large Midcap 250 Index Fund - Direct Plan Growth,17.0451,Not Rated,AMC9,149343,EDLMD1-GR,2025-06-10 00:00:00+00:00,Edelweiss NIFTY Large Midcap 250 Index Fund,Growth,Direct,,Equity,Index
Axis Nifty 50 Index Fund - Direct Plan - Growth,15.0582,Not Rated,AMC2,149373,AXN5DG-GR,2025-06-10 00:00:00+00:00,Axis Nifty 50 Index Fund,Growth,Direct,,Equity,Index
Aditya Birla Sun Life Nifty Next 50 Index Fund-Direct Growth,17.005,Not Rated,AMC1,149838,BS101Y-GR,2025-06-10 00:00:00+00:00,Aditya Birla Sun Life Nifty Next 50 Index Fund,Growth,Direct,,Equity,Index
HDFC NIFTY 100 Index Fund - Direct Plan - Growth Option,15.2329,Not Rated,AMC12,149868,HD100DG-GR,2025-06-10 00:00:00+00:00,HDFC NIFTY 100 Index Fund,Growth,Direct,,Equity,Index
UTI BSE Low Volatility Index Fund - Direct Plan  - Growth Option,16.7811,Not Rated,AMC39,149881,UTLIG1-GR,2025-06-10 00:00:00+00:00,UTI BSE Low Volatility Index Fund,Growth,Direct,,Equity,Index
Axis Nifty Midcap 50 Index Fund - Direct Plan - Growth Option,20.3146,Not Rated,AMC2,149936,AXNMDG-GR,2025-06-10 00:00:00+00:00,Axis Nifty Midcap 50 Index Fund,Growth,Direct,,Equity,Index
Motilal Oswal BSE Financials ex Bank 30 Index Fund Direct Growth,17.4692,Not Rated,AMC26,150443,MOS2GD-GR,2025-06-10 00:00:00+00:00,Motilal Oswal BSE Financials ex Bank 30 Index Fund,Growth,Direct,,Equity,Index
ICICI Prudential Nifty IT Index Fund - Direct Plan - Growth,13.3369,Not Rated,AMC14,150468,IC9689-GR,2025-06-10 00:00:00+00:00,ICICI Prudential Nifty IT Index Fund,Growth,Direct,,Equity,Index
Nippon India Nifty Alpha Low Volatility 30 Index Fund - Direct Plan - Growth Option,16.1856,Not Rated,AMC31,150487,RLNNAG-GR,2025-06-10 00:00:00+00:00,Nippon India Nifty Alpha Low Volatility 30 Index Fund,Growth,Direct,,Equity,Index
SBI Nifty Smallcap 250 Index Fund - Direct Plan - Growth,19.0992,Not Rated,AMC33,150677,SBD662G-GR,2025-06-10 00:00:00+00:00,SBI Nifty Smallcap 250 Index Fund,Growth,Direct,,Equity,Index
Edelweiss Nifty Next 50 Index Fund - Direct Plan - Growth,15.9193,Not Rated,AMC9,150899,EDNXD1-GR,2025-06-10 00:00:00+00:00,Edelweiss Nifty Next 50 Index Fund,Growth,Direct,,Equity,Index
Edelweiss Nifty Midcap150 Momentum 50 Index Fund - Direct Plan - Growth,18.864,Not Rated,AMC9,150902,EDMDD1-GR,2025-06-10 00:00:00+00:00,Edelweiss Nifty Midcap150 Momentum 50 Index Fund,Growth,Direct,,Equity,Index
HSBC NIFTY Next 50 Index Fund - Direct Growth,30.0637,Not Rated,AMC13,151160,HSLNNGD-GR,2025-06-10 00:00:00+00:00,HSBC NIFTY Next 50 Index Fund,Growth,Direct,,Equity,Index
HDFC NIFTY Smallcap 250 Index Fund - Growth Option - Direct Plan,19.0795,Not Rated,AMC12,151727,HDSC2DG-GR,2025-06-10 00:00:00+00:00,HDFC NIFTY Smallcap 250 Index Fund,Growth,Direct,,Equity,Index
Bandhan Nifty Smallcap 250 Index Fund - Direct Plan - Growth,12.6922,,AMC16,152264,IDD389-GR,2025-06-10 00:00:00+00:00,Bandhan Nifty Smallcap 250 Index Fund,Growth,Direct,,Equity,Index
Nippon India Nifty IT Index Fund - Direct Plan - Growth Option,10.2961,,AMC31,152392,RLIXAG-GR,2025-06-10 00:00:00+00:00,Nippon India Nifty IT Index Fund,Growth,Direct,,Equity,Index
Tata Nifty Realty Index Fund - Direct Plan - Growth,10.5346,,AMC36,152570,TARIGZ-GR,2025-06-10 00:00:00+00:00,Tata Nifty Realty Index Fund,Growth,Direct,,Equity,Index
Tata Nifty500 Multicap Infrastructure 50 30 20 Index Fund - Direct Plan - Growth,10.8808,,AMC36,152595,TANIGZ-GR,2025-06-10 00:00:00+00:00,Tata Nifty500 Multicap Infrastructure 50 30 20 Index Fund,Growth,Direct,,Equity,Index
Axis Nifty Bank Index Fund - Direct Plan - Growth Option,11.6026,,AMC2,152629,AXNBDG-GR,2025-06-10 00:00:00+00:00,Axis Nifty Bank Index Fund,Growth,Direct,,Equity,Index
DSP Nifty Bank Index Fund - Direct - Growth,11.5737,,AMC8,152654,DS914-GR,2025-06-10 00:00:00+00:00,DSP Nifty Bank Index Fund,Growth,Direct,,Equity,Index
Motilal Oswal Nifty India Defence Index Fund Direct Plan Growth,11.7846,,AMC26,152712,MODIGD-GR,2025-06-10 00:00:00+00:00,Motilal Oswal Nifty India Defence Index Fund,Growth,Direct,,Equity,Index
Bandhan Nifty Total Market Index Fund - Direct Plan - Growth,10.1915,,AMC16,152716,IDD399-GR,2025-06-10 00:00:00+00:00,Bandhan Nifty Total Market Index Fund,Growth,Direct,,Equity,Index
Axis Nifty 500 Index Fund - Direct Plan - Growth Option,10.1611,,AMC2,152731,AXNFDG-GR,2025-06-10 00:00:00+00:00,Axis Nifty 500 Index Fund,Growth,Direct,,Equity,Index
Kotak Nifty Midcap 50 Index Fund-Direct Plan- Growth,10.284,,AMC21,152767,KO1233D-GR,2025-06-10 00:00:00+00:00,Kotak Nifty Midcap 50 Index Fund,Growth,Direct,,Equity,Index
DSP Nifty Top 10 Equal Weight Index Fund - Direct - Growth,10.1706,,AMC8,152814,DS915-GR,2025-06-10 00:00:00+00:00,DSP Nifty Top 10 Equal Weight Index Fund,Growth,Direct,,Equity,Index
Bandhan Nifty Midcap 150 Index Fund-Direct Plan-Growth,9.9465,,AMC16,152855,IDD404-GR,2025-06-10 00:00:00+00:00,Bandhan Nifty Midcap 150 Index Fund,Growth,Direct,,Equity,Index
HDFC NIFTY LargeMidcap 250 Index Fund - Growth Option - Direct,9.9824,,AMC12,152889,HDHLMDG-GR,2025-06-10 00:00:00+00:00,HDFC NIFTY LargeMidcap 250 Index Fund,Growth,Direct,,Equity,Index
SBI Nifty 500 Index Fund- Direct Plan- Growth,9.6512,,AMC33,152908,SBD692G-GR,2025-06-10 00:00:00+00:00,SBI Nifty 500 Index Fund,Growth,Direct,,Equity,Index
Edelweiss Nifty500 Multicap Momentum Quality 50 Index Fund - Direct - Growth,9.5551,,AMC9,152985,EDMQD1-GR,2025-06-10 00:00:00+00:00,Edelweiss Nifty500 Multicap Momentum Quality 50 Index Fund,Growth,Direct,,Equity,Index
Baroda BNP Paribas Nifty Midcap 150 Index Fund - Direct Plan - Growth Option,10.5508,,AMC45,153000,BPN3DG-GR,2025-06-10 00:00:00+00:00,Baroda BNP Paribas Nifty Midcap 150 Index Fund,Growth,Direct,,Equity,Index
Motilal Oswal Nifty MidSmall India Consumption Index Fund - Direct Plan- Growth,10.2703,,AMC26,153025,MOICGD-GR,2025-06-10 00:00:00+00:00,Motilal Oswal Nifty MidSmall India Consumption Index Fund,Growth,Direct,,Equity,Index
Nippon India Nifty Realty Index Fund-Direct Plan- Growth Option,9.5055,,AMC31,153060,RLRNAG-GR,2025-06-10 00:00:00+00:00,Nippon India Nifty Realty Index Fund,Growth,Direct,,Equity,Index
UTI Nifty Midcap 150 Index Fund - Direct Plan - Growth Option,10.493,,AMC39,153089,UTNRG1-GR,2025-06-10 00:00:00+00:00,UTI Nifty Midcap 150 Index Fund,Growth,Direct,,Equity,Index
Tata BSE Select Business Groups Index Fund - Direct Growth,9.9298,,AMC36,153132,TASBGZ-GR,2025-06-10 00:00:00+00:00,Tata BSE Select Business Groups Index Fund,Growth,Direct,,Equity,Index
Motilal Oswal Nifty Capital Market Index Fund - Direct Plan - Growth,11.1745,,AMC26,153138,MOCMGD-GR,2025-06-10 00:00:00+00:00,Motilal Oswal Nifty Capital Market Index Fund,Growth,Direct,,Equity,Index
Kotak Nifty 100 Equal Weight Index Fund - Direct Plan - Growth,10.508,,AMC21,153146,KO1245D-GR,2025-06-10 00:00:00+00:00,Kotak Nifty 100 Equal Weight Index Fund,Growth,Direct,,Equity,Index
Kotak Nifty 50 Equal Weight Index Fund - Direct Plan - Growth,10.699,,AMC21,153150,KO1247D-GR,2025-06-10 00:00:00+00:00,Kotak Nifty 50 Equal Weight Index Fund,Growth,Direct,,Equity,Index
SBI Nifty Bank Index Fund-Direct Plan- Growth,11.2515,,AMC33,153250,SBD695G-GR,2025-06-10 00:00:00+00:00,SBI Nifty Bank Index Fund,Growth,Direct,,Equity,Index
Bandhan Nifty Next 50 Index Fund - Direct Plan - Growth,12.0583,,AMC16,153350,IDD409-GR,2025-06-10 00:00:00+00:00,Bandhan Nifty Next 50 Index Fund,Growth,Direct,,Equity,Index
Navi Nifty Smallcap 250 Momentum quality index fund- Direct Plan,12.1365,,AMC10,153362,ESSMGDG-GR,2025-06-10 00:00:00+00:00,Navi Nifty Smallcap 250 Momentum quality index fund,Growth,Direct,,Equity,Index
ICICI Prudential Nifty200 Quality 30 Index Fund - Direct Plan - Growth,10.0532,,AMC14,153546,IC9769-GR,2025-06-10 00:00:00+00:00,ICICI Prudential Nifty200 Quality 30 Index Fund,Growth,Direct,,Equity,Index
IDBI NIFTY 50  Index Fund Growth Direct,39.4042,***,AMC15,118347,NIG1-GR,2023-07-27 00:00:00+00:00,IDBI NIFTY 50 Index Fund,Growth,Direct,,Equity,Index
LIC MF Nifty 50 Index Fund-Direct Plan-Growth,149.1575,***,AMC23,120307,LCING1-DGR,2025-06-10 00:00:00+00:00,LIC MF Nifty 50 Index Fund,Growth,Direct,,Equity,Index
LIC MF BSE Sensex Index Fund-Direct Plan-Growth,165.0219,****,AMC23,120308,LCIFG1-DGR,2025-06-10 00:00:00+00:00,LIC MF BSE Sensex Index Fund,Growth,Direct,,Equity,Index
ICICI Prudential NIFTY Next 50 Index Fund - Direct Plan -  Growth,63.6605,*,AMC14,120684,8107-GR,2025-06-10 00:00:00+00:00,ICICI Prudential Nifty Next 50 Index Fund,Growth,Direct,,Equity,Index
UTI NIFTY 200 Momentum 30 Index Fund - Direct Plan - Growth Option,21.9277,Not Rated,AMC39,148703,UTNMG1-GR,2025-06-10 00:00:00+00:00,UTI Nifty200 Momentum 30 Index Fund,Growth,Direct,,Equity,Index
Kotak NIFTY Next 50 Index Fund - Direct Plan - Growth Option,20.0165,Not Rated,AMC21,148745,KO494D-GR,2025-06-10 00:00:00+00:00,Kotak Nifty Next 50 Index Fund,Growth,Direct,,Equity,Index
Kotak Nifty 50 Index Fund - Direct Plan-Growth,16.452,Not Rated,AMC21,148978,KO496D-GR,2025-06-10 00:00:00+00:00,Kotak Nifty 50 Index Fund,Growth,Direct,,Equity,Index
Sundaram Nifty 100 Equal Weight Fund  - Direct Plan - Growth Option,184.0036,**,AMC35,149483,SUNHZG-GR,2025-06-10 00:00:00+00:00,Sundaram Nifty 100 Equal Weight Fund,Growth,Direct,,Equity,Index
Motilal Oswal Nifty 200 Momentum 30 Index Fund-Direct Plan,15.8574,Not Rated,AMC26,149800,MON2GD-GR,2025-06-10 00:00:00+00:00,Motilal Oswal Nifty 200 Momentum 30 Index Fund,Growth,Direct,,Equity,Index
UTI Nifty Midcap 150 Quality 50 Index Fund - Direct Plan - Growth Option,14.7994,Not Rated,AMC39,150313,UTMQG1-GR,2025-06-10 00:00:00+00:00,UTI Nifty Midcap 150 Quality 50 Index Fund,Growth,Direct,,Equity,Index
Navi Nifty India Manufacturing Index Fund- Direct Plan- Growth,17.4438,Not Rated,AMC10,150515,PLMIGD-GR,2025-06-10 00:00:00+00:00,Navi Nifty India Manufacturing Index Fund,Growth,Direct,,Equity,Index
Motilal Oswal BSE Enhanced Value Index Fund-Direct plan,25.4272,Not Rated,AMC26,150518,MOS3GD-GR,2025-06-10 00:00:00+00:00,Motilal Oswal BSE Enhanced Value Index Fund,Growth,Direct,,Equity,Index
Bandhan NIFTY200 Momentum 30 Index Fund - Growth - Direct Plan,16.2194,Not Rated,AMC16,150591,IDD363-GR,2025-06-10 00:00:00+00:00,Bandhan Nifty200 Momentum 30 Index Fund,Growth,Direct,,Equity,Index
UTI Nifty50 Equal Weight Index Fund - Direct Plan - Growth Option,14.4797,,AMC39,151762,UTNWG1-GR,2025-06-10 00:00:00+00:00,UTI Nifty50 Equal Weight Index Fund,Growth,Direct,,Equity,Index
UTI BSE Housing Index Fund - Direct Plan - Growth Option,14.812,,AMC39,151764,UTSBG1-GR,2025-06-10 00:00:00+00:00,UTI BSE Housing Index Fund,Growth,Direct,,Equity,Index
Kotak Nifty 200 Momentum 30 Index Fund - Direct Plan - Growth Option,15.093,,AMC21,151781,KO295D-GR,2025-06-10 00:00:00+00:00,Kotak Nifty 200 Momentum 30 Index Fund,Growth,Direct,,Equity,Index
Navi BSE Sensex Index Fund - Direct Plan - Growth,12.7081,,AMC10,152062,ESNSBDG-GR,2025-06-10 00:00:00+00:00,Navi BSE Sensex Index Fund,Growth,Direct,,Equity,Index
Groww Nifty Total Market Index Fund - Direct Plan - Growth,13.9345,,AMC18,152092,INNIG1-GR,2025-06-10 00:00:00+00:00,Groww Nifty Total Market Index Fund,Growth,Direct,,Equity,Index
DSP Nifty Smallcap250 Quality 50 Index Fund - Direct - Growth,12.3699,,AMC8,152243,DS905-GR,2025-06-10 00:00:00+00:00,DSP Nifty Smallcap250 Quality 50 Index Fund,Growth,Direct,,Equity,Index
Baroda BNP Paribas Nifty 50 Index Fund - Direct Plan - Growth option,11.7141,,AMC45,152329,BPNFDG-GR,2025-06-10 00:00:00+00:00,Baroda BNP Paribas Nifty 50 Index Fund,Growth,Direct,,Equity,Index
ICICI Prudential Nifty50 Value 20 Index Fund - Direct Plan - Growth,10.9325,,AMC14,152365,IC9745-GR,2025-06-10 00:00:00+00:00,ICICI Prudential Nifty50 Value 20 Index Fund,Growth,Direct,,Equity,Index
HDFC Nifty200 Momentum 30 Index Fund - Direct Plan,10.627,,AMC12,152430,HDHNMDG-GR,2025-06-10 00:00:00+00:00,HDFC Nifty200 Momentum 30 Index Fund,Growth,Direct,,Equity,Index
Navi NiftyIT Index Fund - Direct Plan- Growth,11.2095,,AMC10,152535,ESITGDG-GR,2025-06-10 00:00:00+00:00,Navi NiftyIT Index Fund,Growth,Direct,,Equity,Index
Tata Nifty MidSmall Healthcare Index Fund - Direct Plan - Growth,12.4774,,AMC36,152564,TAMSGZ-GR,2025-06-10 00:00:00+00:00,Tata Nifty MidSmall Healthcare Index Fund,Growth,Direct,,Equity,Index
Edelweiss Nifty Alpha Low Volatility 30 Index Fund - Direct Plan - Growth,10.0983,,AMC9,152616,EDLVD1-GR,2025-06-10 00:00:00+00:00,Edelweiss Nifty Alpha Low Volatility 30 Index Fund,Growth,Direct,,Equity,Index
Tata Nifty India Tourism Index Fund - Direct - Growth,10.5667,,AMC36,152742,TATOGZ-GR,2025-06-10 00:00:00+00:00,Tata Nifty India Tourism Index Fund,Growth,Direct,,Equity,Index
Kotak BSE PSU Index Fund - Direct Plan - Growth,8.996,,AMC21,152755,KO1231D-GR,2025-06-10 00:00:00+00:00,Kotak BSE PSU Index Fund,Growth,Direct,,Equity,Index
HDFC NIFTY500 Multicap 50 25 25 Index Fund - Direct Plan,9.9764,,AMC12,152778,HDHMUDG-GR,2025-06-10 00:00:00+00:00,HDFC NIFTY500 Multicap 50 25 25 Index Fund,Growth,Direct,,Equity,Index
Aditya Birla Sun Life Nifty India Defence Index Fund-Direct Growth,12.8726,,AMC1,152798,BS129Y-GR,2025-06-10 00:00:00+00:00,Aditya Birla Sun Life Nifty India Defence Index Fund,Growth,Direct,,Equity,Index
UTI Nifty Private Bank Index Fund - Direct Plan - Growth Option,10.3869,,AMC39,152864,UTNUG1-GR,2025-06-10 00:00:00+00:00,UTI Nifty Private Bank Index Fund,Growth,Direct,,Equity,Index
Kotak Nifty Midcap 150 Momentum 50 Index Fund-Direct Plan-Growth,9.66,,AMC21,152916,KO1239D-GR,2025-06-10 00:00:00+00:00,Kotak Nifty Midcap 150 Momentum 50 Index Fund,Growth,Direct,,Equity,Index
Axis Nifty500 Value 50 Index Fund - Direct Plan - Growth Option,10.0153,,AMC2,152949,AXNVDG-GR,2025-06-10 00:00:00+00:00,Axis Nifty500 Value 50 Index Fund,Growth,Direct,,Equity,Index
Bandhan Nifty 500 Value 50 Index Fund Direct Plan - Growth,9.9514,,AMC16,152990,IDD405-GR,2025-06-10 00:00:00+00:00,Bandhan Nifty 500 Value 50 Index Fund,Growth,Direct,,Equity,Index
SBI Nifty India Consumption Index Fund- Direct Plan- Growth,10.0955,,AMC33,153015,SBD693G-GR,2025-06-10 00:00:00+00:00,SBI Nifty India Consumption Index Fund,Growth,Direct,,Equity,Index
Nippon India Nifty Auto Index Fund - Direct Plan- Growth Option,10.0698,,AMC31,153064,RLANAG-GR,2025-06-10 00:00:00+00:00,Nippon India Nifty Auto Index Fund,Growth,Direct,,Equity,Index
UTI Nifty Alpha Low-Volatility 30 Index Fund - Direct Plan - Growth Option,9.7997,,AMC39,153086,UTNAG1-GR,2025-06-10 00:00:00+00:00,UTI Nifty Alpha Low-Volatility 30 Index Fund,Growth,Direct,,Equity,Index
Axis Nifty500 Momentum 50 Index Fund - Direct Plan - Growth Option,11.3593,,AMC2,153244,AXNYDG-GR,2025-06-10 00:00:00+00:00,Axis Nifty500 Momentum 50 Index Fund,Growth,Direct,,Equity,Index
UTI Nifty India Manufacturing Index Fund - Direct Plan - Growth Option,11.186,,AMC39,153270,UTNZG1-GR,2025-06-10 00:00:00+00:00,UTI Nifty India Manufacturing Index Fund,Growth,Direct,,Equity,Index
Kotak BSE Sensex Index Fund- Direct - Growth,10.889,,AMC21,153286,KO1251D-GR,2025-06-10 00:00:00+00:00,Kotak BSE Sensex Index Fund,Growth,Direct,,Equity,Index
SBI Nifty IT Index Fund - Direct Plan - Growth,9.5108,,AMC33,153320,SBD696G-GR,2025-06-10 00:00:00+00:00,SBI Nifty IT Index Fund,Growth,Direct,,Equity,Index
Tata BSE Quality Index Fund Direct Plan Growth Option,11.2878,,AMC36,153420,TAQIGZ-GR,2025-06-10 00:00:00+00:00,Tata BSE Quality Index Fund,Growth,Direct,,Equity,Index
Bajaj Finserv Nifty Next 50 Index Fund - Direct - Growth,10.9711,,AMC46,153479,BJNNDG-GR,2025-06-10 00:00:00+00:00,Bajaj Finserv Nifty Next 50 Index Fund,Growth,Direct,,Equity,Index
Bajaj Finserv Nifty 50 Index Fund - Direct - Growth,10.1565,,AMC46,153506,BJNFDG-GR,2025-06-10 00:00:00+00:00,Bajaj Finserv Nifty 50 Index Fund,Growth,Direct,,Equity,Index
Angel One Nifty 50 Index Fund-Direct-Growth,10.2142,,AMC50,153529,AONFIDG-GR,2025-06-10 00:00:00+00:00,Angel One Nifty 50 Index Fund,Growth,Direct,,Equity,Index
Principal Emerging Bluechip Fund - Direct Plan - Growth Option,197.96,****,AMC28,119441,PCEBZG-GR,2021-12-30 00:00:00+00:00,Principal Emerging Bluechip Fund,Growth,Direct,,Equity,Large & Mid Cap
Franklin India Equity Advantage Fund - Direct - Growth,210.3243,**,AMC11,118510,473-GR,2025-06-10 00:00:00+00:00,Franklin India Equity Advantage Fund,Growth,Direct,,Equity,Large & Mid Cap
Tata Large & MId Cap Fund -Direct Plan Growth,604.9023,****,AMC36,119202,TAEOGZ-GR,2025-06-10 00:00:00+00:00,Tata Large & Mid Cap Fund,Growth,Direct,,Equity,Large & Mid Cap
DSP Large & Mid Cap Fund - Direct Plan - Growth,694.466,***,AMC8,119218,DS770-GR,2025-06-10 00:00:00+00:00,DSP Large & Mid Cap Fund,Growth,Direct,,Equity,Large & Mid Cap
Bank of India Large & Mid Cap Equity Fund Direct Plan-Growth,101.56,**,AMC5,119350,BXBA063-GR,2025-06-10 00:00:00+00:00,Bank of India Large & Mid Cap Equity Fund,Growth,Direct,,Equity,Large & Mid Cap
Union Large & Midcap Fund - Direct Plan - Growth Option,27.35,***,AMC38,147750,UNLMDG-GR,2025-06-10 00:00:00+00:00,Union Large & Midcap Fund,Growth,Direct,,Equity,Large & Mid Cap
ITI Large & Midcap Fund - Direct Plan - Growth,10.0931,,AMC41,152821,ITLMG1-GR,2025-06-10 00:00:00+00:00,ITI Large & Midcap Fund,Growth,Direct,,Equity,Large & Mid Cap
SBI Large & Midcap Fund -Direct Plan -Growth,666.6391,*****,AMC33,119721,SBD017G-GR,2025-06-09 00:00:00+00:00,SBI Large & Midcap Fund,Growth,Direct,,Equity,Large & Mid Cap
Bandhan Core Equity Fund-Direct Plan-Growth,156.083,***,AMC16,118419,D201-GR,2025-06-10 00:00:00+00:00,Bandhan Core Equity Fund,Growth,Direct,,Equity,Large & Mid Cap
Mirae Asset Large & Midcap Fund - Direct Plan - Growth,168.679,*****,AMC25,118834,MAFEBD1-GR,2025-06-10 00:00:00+00:00,Mirae Asset Large & Midcap Fund,Growth,Direct,,Equity,Large & Mid Cap
Kotak Equity Opportunities Fund - Growth - Direct,390.614,****,AMC21,120158,KO108D-GR,2025-06-10 00:00:00+00:00,Kotak Equity Opportunities Fund,Growth,Direct,,Equity,Large & Mid Cap
Navi Large & Midcap Fund- Direct Plan- Growth Option,42.5951,***,AMC10,135677,PLMCGDG-GR,2025-06-10 00:00:00+00:00,Navi Large & Midcap Fund,Growth,Direct,,Equity,Large & Mid Cap
Mahindra Manulife Large & Mid Cap Fund - Direct Plan -Growth,30.0152,****,AMC24,147840,MHMNYDG-GR,2025-06-10 00:00:00+00:00,Mahindra Manulife Large & Mid Cap Fund,Growth,Direct,,Equity,Large & Mid Cap
PGIM India Large and Midcap Fund - Direct Plan - Growth Option,12.75,,AMC7,152382,PRLMG1-GR,2025-06-10 00:00:00+00:00,PGIM India Large and Midcap Fund,Growth,Direct,,Equity,Large & Mid Cap
ICICI Prudential Large & Mid Cap Fund - Direct Plan - Growth,1123.18,****,AMC14,120596,8002-GR,2025-06-10 00:00:00+00:00,ICICI Prudential Large & Mid Cap Fund,Growth,Direct,,Equity,Large & Mid Cap
Axis Growth Opportunities Fund - Direct Plan - Growth,35.8,***,AMC2,145110,AXOGDG-GR,2025-06-09 00:00:00+00:00,Axis Growth Opportunities Fund,Growth,Direct,,Equity,Large & Mid Cap
Nippon India Vision Fund - Direct Plan Growth Plan - Growth Option,1568.758,*,AMC31,118678,GSAG-GR,2025-06-10 00:00:00+00:00,Nippon India Vision Fund,Growth,Direct,,Equity,Large & Mid Cap
Invesco India Large & Mid Cap Fund - Direct Plan - Growth,118.27,***,AMC19,120357,RGGFD1-GR,2025-06-10 00:00:00+00:00,Invesco India Large & Mid Cap Fund,Growth,Direct,,Equity,Large & Mid Cap
UTI Large & Mid Cap Fund - Direct Plan - Growth Option,191.8215,***,AMC39,120665,UTMGD2-GR,2025-06-10 00:00:00+00:00,UTI Large & Mid Cap Fund,Growth,Direct,,Equity,Large & Mid Cap
HSBC Large & Mid Cap Fund - Direct Growth,28.9289,**,AMC13,146772,HSHLEG-GR,2025-06-10 00:00:00+00:00,HSBC Large & Mid Cap Fund,Growth,Direct,,Equity,Large & Mid Cap
Baroda BNP Paribas Large and Mid Cap Fund- Direct Plan -Growth Option,29.084,Not Rated,AMC45,148474,BPLMD2-GR,2025-06-10 00:00:00+00:00,Baroda BNP Paribas Large and Mid Cap Fund,Growth,Direct,,Equity,Large & Mid Cap
Bajaj Finserv Large and Mid Cap Fund- Direct Plan- Growth,12.539,,AMC46,152408,BJLMDG-GR,2025-06-10 00:00:00+00:00,Bajaj Finserv Large and Mid Cap Fund,Growth,Direct,,Equity,Large & Mid Cap
Helios Large & Mid Cap Fund - Direct Plan - Growth Option,10.59,,AMC47,152941,HOHLMDG-GR,2025-06-10 00:00:00+00:00,Helios Large & Mid Cap Fund,Growth,Direct,,Equity,Large & Mid Cap
Canara Robeco Emerging Equities - Direct Plan - Growth Option,296.19,***,AMC6,118278,CAEQDG-GR,2025-06-10 00:00:00+00:00,Canara Robeco Emerging Equities,Growth,Direct,,Equity,Large & Mid Cap
Aditya Birla Sun Life Equity Advantage Fund - Growth - Direct Plan,1010.45,*,AMC1,119436,BS201GZ-GR,2025-06-10 00:00:00+00:00,Aditya Birla Sun Life Equity Advantage Fund,Growth,Direct,,Equity,Large & Mid Cap
Sundaram Large and Midcap Fund Direct Plan - Growth,95.2236,***,AMC35,119566,SUEMGPD-GR,2025-06-10 00:00:00+00:00,Sundaram Large and Mid Cap Fund,Growth,Direct,,Equity,Large & Mid Cap
Quant Large & Mid Cap Fund - Growth Option-Direct Plan,129.1486,*****,AMC29,120826,QUHYDG-GR,2025-06-10 00:00:00+00:00,Quant Large & Mid Cap Fund,Growth,Direct,,Equity,Large & Mid Cap
HDFC Large and Mid Cap Fund - Growth Option - Direct Plan,357.873,***,AMC12,130498,HDGFG1G-GR,2025-06-10 00:00:00+00:00,HDFC Large and Mid Cap Fund,Growth,Direct,,Equity,Large & Mid Cap
LIC MF Large & Mid Cap Fund-Direct Plan-Growth,45.2409,***,AMC23,133710,LCMCG1-GR,2025-06-10 00:00:00+00:00,LIC MF Large & Midcap Fund,Growth,Direct,,Equity,Large & Mid Cap
Edelweiss Large & Mid Cap Fund - Direct Plan - Growth Option,102.394,****,AMC9,140175,EDEFD1-GR,2025-06-10 00:00:00+00:00,Edelweiss Large & Mid Cap Fund,Growth,Direct,,Equity,Large & Mid Cap
Motilal Oswal Large and Midcap Fund - Direct Plan Growth,37.0443,****,AMC26,147704,MOLMGD-GR,2025-06-10 00:00:00+00:00,Motilal Oswal Large & Midcap Fund,Growth,Direct,,Equity,Large & Mid Cap
Whiteoak Capital Large & Mid Cap Fund Direct Plan Growth,13.326,,AMC40,152226,YED108G-GR,2025-06-10 00:00:00+00:00,Whiteoak Capital Large & Mid Cap Fund,Growth,Direct,,Equity,Large & Mid Cap
Sahara Growth Fund-Growth- Direct,120.2339,Not Rated,AMC32,120289,,2020-03-27 00:00:00+00:00,Sahara Growth Fund,Growth,Direct,,Equity,Large Cap
Bandhan Large Cap Fund-Direct Plan-Growth,87.731,***,AMC16,118479,D207-GR,2025-06-10 00:00:00+00:00,Bandhan Large Cap Fund,Growth,Direct,,Equity,Large Cap
SBI Blue Chip Fund-Direct Plan -Growth,102.3533,***,AMC33,119598,SBD103G-GR,2025-06-10 00:00:00+00:00,SBI Blue Chip Fund,Growth,Direct,,Equity,Large Cap
JM Large Cap Fund Direct - Growth Option,175.0566,*****,AMC20,120490,JMEFDG-GR,2025-06-10 00:00:00+00:00,JM Large Cap Fund,Growth,Direct,,Equity,Large Cap
Mahindra Manulife Large Cap Fund - Direct Plan -Growth,25.9446,****,AMC24,146549,MHMPBDG-GR,2025-06-10 00:00:00+00:00,Mahindra Manulife Large Cap Fund,Growth,Direct,,Equity,Large Cap
ITI Large Cap Fund - Direct Plan - Growth Option,19.6062,Not Rated,AMC41,148353,ITLCG1-GR,2025-06-10 00:00:00+00:00,ITI Large Cap Fund,Growth,Direct,,Equity,Large Cap
WhiteOak Capital Large Cap Fund Direct Plan Growth,15.432,Not Rated,AMC40,150797,YED103G-GR,2025-06-10 00:00:00+00:00,WhiteOak Capital Large Cap Fund,Growth,Direct,,Equity,Large Cap
Samco Large Cap Fund - Direct Plan - Growth Option,10.02,,AMC43,153239,SALCDG-GR,2025-06-10 00:00:00+00:00,Samco Large Cap Fund,Growth,Direct,,Equity,Large Cap
BNP Paribas Large Cap Fund - Direct Plan - Growth Option,146.7578,*****,AMC4,119893,BN70G-GR,2022-03-13 00:00:00+00:00,BNP Paribas Large Cap Fund,Growth,Direct,,Equity,Large Cap
DSP Large Cap Fund - Direct Plan - Growth,521.033,*,AMC8,119250,DS776-GR,2025-06-10 00:00:00+00:00,DSP Large Cap Fund,Growth,Direct,,Equity,Large Cap
Kotak Bluechip Fund - Growth - Direct,658.227,*****,AMC21,120152,KO13D-GR,2025-06-10 00:00:00+00:00,Kotak Bluechip Fund,Growth,Direct,,Equity,Large Cap
Sundaram Large Cap Fund Direct Plan - Growth,22.752,*****,AMC35,148507,SUBCDG-GR,2025-06-10 00:00:00+00:00,Sundaram Large Cap Fund,Growth,Direct,,Equity,Large Cap
Principal Large Cap Fund - Direct Growth,14.81,Not Rated,AMC28,148524,PCLAZG-GR,2021-12-30 00:00:00+00:00,Principal Large Cap Fund,Growth,Direct,,Equity,Large Cap
Groww Largecap Fund - Direct Plan - Growth Option,51.01,**,AMC18,119133,INBCG1-GR,2025-06-10 00:00:00+00:00,Groww Largecap Fund,Growth,Direct,,Equity,Large Cap
PGIM India Large Cap Fund - Direct Plan - Growth,403.18,**,AMC7,138312,PRFED1-GR,2025-06-10 00:00:00+00:00,PGIM India Large Cap Fund,Growth,Direct,,Equity,Large Cap
Union Largecap Fund - Direct Plan - Growth Option,24.98,**,AMC38,141248,UNFLFGD-GR,2025-06-10 00:00:00+00:00,Union Largecap Fund,Growth,Direct,,Equity,Large Cap
Baroda Large cap Fund - Plan B Direct - Growth Option,21.9588,**,AMC3,119367,BO111-GR,2022-03-13 00:00:00+00:00,Baroda Large Cap Fund,Growth,Direct,,Equity,Large Cap
Canara Robeco Blue Chip Equity Fund - Direct Plan - Growth Option,72.92,*****,AMC6,118269,CALCDG-GR,2025-06-10 00:00:00+00:00,Canara Robeco Bluechip Equity Fund,Growth,Direct,,Equity,Large Cap
Franklin India Bluechip Fund- Direct - Growth,1128.6118,**,AMC11,118531,419-GR,2025-06-10 00:00:00+00:00,Franklin India Bluechip Fund,Growth,Direct,,Equity,Large Cap
Nippon India Large Cap Fund - Direct Plan Growth Plan - Growth Option,101.2256,***,AMC31,118632,EAAG-GR,2025-06-10 00:00:00+00:00,Nippon India Large Cap Fund,Growth,Direct,,Equity,Large Cap
Mirae Asset Large Cap Fund - Direct Plan - Growth,126.964,***,AMC25,118825,MAFIOD1-GR,2025-06-10 00:00:00+00:00,Mirae Asset Large Cap Fund,Growth,Direct,,Equity,Large Cap
Taurus Large Cap Fund - Direct Plan - Growth,166.49,*,AMC37,118870,TRBEG1-GR,2025-06-10 00:00:00+00:00,Taurus Large Cap Fund,Growth,Direct,,Equity,Large Cap
HDFC Large Cap Fund - Growth Option - Direct Plan,1228.573,***,AMC12,119018,44T-GR,2025-06-10 00:00:00+00:00,HDFC Large Cap Fund,Growth,Direct,,Equity,Large Cap
Tata Large Cap Fund -Direct Plan Growth,577.9731,***,AMC36,119160,TAPEFZ-GR,2025-06-10 00:00:00+00:00,Tata Large Cap Fund,Growth,Direct,,Equity,Large Cap
LIC MF Large Cap Fund-Direct Plan-Growth,64.3877,**,AMC23,120267,LCGFG1-DGR,2025-06-10 00:00:00+00:00,LIC MF Large Cap Fund,Growth,Direct,,Equity,Large Cap
Axis Bluechip Fund - Direct Plan - Growth,69.37,***,AMC2,120465,AXEFDG-GR,2025-06-10 00:00:00+00:00,Axis Bluechip Fund,Growth,Direct,,Equity,Large Cap
ICICI Prudential Bluechip Fund - Direct Plan - Growth,120.72,*****,AMC14,120586,8042-GR,2025-06-10 00:00:00+00:00,ICICI Prudential Bluechip Fund,Growth,Direct,,Equity,Large Cap
Quant Large Cap Fund - Growth Option - Direct Plan,15.6025,Not Rated,AMC29,150440,QULCDG-GR,2025-06-10 00:00:00+00:00,Quant Large Cap Fund,Growth,Direct,,Equity,Large Cap
Motilal Oswal Large Cap Direct Plan Growth,14.0931,,AMC26,152354,MOLCGD-GR,2025-06-10 00:00:00+00:00,Motilal Oswal Large Cap Fund,Growth,Direct,,Equity,Large Cap
IDBI India Top 100 Equity Fund Growth Direct,49.56,****,AMC15,118344,IEG1-GR,2023-07-27 00:00:00+00:00,IDBI India Top 100 Equity Fund,Growth,Direct,,Equity,Large Cap
Navi Large Cap Equity Fund-Direct Plan-Growth Option,35.4395,***,AMC10,119148,PLPL56-GR,2022-07-15 00:00:00+00:00,Navi Large Cap Equity Fund,Growth,Direct,,Equity,Large Cap
Edelweiss Large Cap Fund - Direct Plan-Growth option,96.69,*****,AMC9,118617,EGDG-GR,2025-06-10 00:00:00+00:00,Edelweiss Large Cap Fund,Growth,Direct,,Equity,Large Cap
Aditya Birla Sun Life Frontline Equity Fund - Growth - Direct Plan,582.48,***,AMC1,119528,BS92Z-GR,2025-06-10 00:00:00+00:00,Aditya Birla Sun Life Frontline Equity Fund,Growth,Direct,,Equity,Large Cap
HSBC Large Cap Fund - Direct Growth,518.7992,**,AMC13,120030,HEFG-GR,2025-06-10 00:00:00+00:00,HSBC Large Cap Fund,Growth,Direct,,Equity,Large Cap
Invesco India Largecap Fund - Direct Plan - Growth,83.25,****,AMC19,120392,RGBLD1-GR,2025-06-10 00:00:00+00:00,Invesco India Largecap Fund,Growth,Direct,,Equity,Large Cap
UTI Large Cap Fund-Growth Option - Direct,300.7981,***,AMC39,120656,UTMRD2-GR,2025-06-10 00:00:00+00:00,UTI Large Cap Fund,Growth,Direct,,Equity,Large Cap
Bank of India Bluechip Fund Direct Plan Growth,16.8,Not Rated,AMC5,148980,BABCDG-GR,2025-06-10 00:00:00+00:00,Bank of India Bluechip Fund,Growth,Direct,,Equity,Large Cap
Baroda BNP Paribas Large Cap Fund - Direct Plan - Growth Option,254.8164,*****,AMC45,150187,BPLCDG-GR,2025-06-10 00:00:00+00:00,Baroda BNP Paribas Large Cap Fund,Growth,Direct,,Equity,Large Cap
Bajaj Finserv Large Cap Fund - Direct Plan - Growth,10.108,,AMC46,152783,BJLCDG-GR,2025-06-10 00:00:00+00:00,Bajaj Finserv Large Cap Fund,Growth,Direct,,Equity,Large Cap
IDBI Midcap Fund Growth Direct,20.81,*,AMC15,140461,IBMCG1-GR,2023-07-27 00:00:00+00:00,IDBI Midcap Fund,Growth,Direct,,Equity,Mid Cap
Invesco India Midcap Fund - Direct Plan - Growth Option,212.98,***,AMC19,120403,RGMCD1-GR,2025-06-10 00:00:00+00:00,Invesco India Midcap Fund,Growth,Direct,,Equity,Mid Cap
Axis Midcap Fund - Direct Plan - Growth,131.99,****,AMC2,120505,MCDG-GR,2025-06-10 00:00:00+00:00,Axis Midcap Fund,Growth,Direct,,Equity,Mid Cap
LIC MF Mid Cap Fund-Direct Plan-Growth,33.3574,,AMC23,152002,LCIMG1-GR,2025-06-10 00:00:00+00:00,LIC MF Mid Cap Fund,Growth,Direct,,Equity,Mid Cap
Baroda Mid-cap Fund- Plan B Direct - Growth Option,17.8351,****,AMC3,119392,BO121-GR,2022-03-13 00:00:00+00:00,Baroda Mid-cap Fund,Growth,Direct,,Equity,Mid Cap
Tata Mid Cap Growth Fund - Direct Plan Growth,486.8048,***,AMC36,119178,TAGROGZ-GR,2025-06-10 00:00:00+00:00,Tata Mid Cap Growth Fund,Growth,Direct,,Equity,Mid Cap
Aditya Birla Sun Life Midcap Fund - Growth - Direct Plan,885.1,*,AMC1,119620,BS251GZ-GR,2025-06-10 00:00:00+00:00,Aditya Birla Sun Life Mid Cap Fund,Growth,Direct,,Equity,Mid Cap
UTI Mid Cap Fund-Growth Option- Direct,339.8158,***,AMC39,120726,UTMCD2-GR,2025-06-10 00:00:00+00:00,UTI Mid Cap Fund,Growth,Direct,,Equity,Mid Cap
HSBC Mid Cap Fund - Direct - Growth,9.6118,Not Rated,AMC13,149154,HSHMFG-GR,2022-11-25 00:00:00+00:00,HSBC Mid Cap Fund,Growth,Direct,,Equity,Mid Cap
Sundaram Mid Cap Fund Direct Plan - Growth,1508.2542,**,AMC35,119581,SU04PD-GR,2025-06-10 00:00:00+00:00,Sundaram Mid Cap Fund,Growth,Direct,,Equity,Mid Cap
SBI Magnum Midcap Fund - Direct Plan - Growth,266.9411,****,AMC33,119716,SBD091G-GR,2025-06-10 00:00:00+00:00,SBI Magnum Midcap Fund,Growth,Direct,,Equity,Mid Cap
Kotak Emerging Equity Scheme - Growth - Direct,154.78,****,AMC21,119775,KO123D-GR,2025-06-10 00:00:00+00:00,Kotak Emerging Equity Fund,Growth,Direct,,Equity,Mid Cap
ICICI Prudential Midcap Fund - Direct Plan -  Growth,337.93,***,AMC14,120381,8182-GR,2025-06-10 00:00:00+00:00,ICICI Prudential Midcap Fund,Growth,Direct,,Equity,Mid Cap
Quant Mid Cap Fund - Growth Option - Direct Plan,248.9619,*****,AMC29,120841,QUOFDG-GR,2025-06-10 00:00:00+00:00,Quant Mid Cap Fund,Growth,Direct,,Equity,Mid Cap
Edelweiss Mid Cap Fund - Direct Plan - Growth Option,118.635,****,AMC9,140228,EDMSD1-GR,2025-06-10 00:00:00+00:00,Edelweiss Mid Cap Fund,Growth,Direct,,Equity,Mid Cap
Mirae Asset Midcap Fund- Direct Growth Fund,38.848,****,AMC25,147445,MAMCD1-GR,2025-06-10 00:00:00+00:00,Mirae Asset Midcap Fund,Growth,Direct,,Equity,Mid Cap
Union Midcap Fund - Direct Plan - Growth Option,51.17,***,AMC38,148073,UNMFDG-GR,2025-06-10 00:00:00+00:00,Union Midcap Fund,Growth,Direct,,Equity,Mid Cap
ITI Mid Cap Cap Fund - Direct Plan - Growth Option,23.3618,Not Rated,AMC41,148733,ITMDG1-GR,2025-06-10 00:00:00+00:00,ITI Mid Cap Fund,Growth,Direct,,Equity,Mid Cap
WhiteOak Capital Mid Cap Fund Direct Plan Growth,19.93,Not Rated,AMC40,150584,YED101G-GR,2025-06-10 00:00:00+00:00,WhiteOak Capital Mid Cap Fund,Growth,Direct,,Equity,Mid Cap
BNP Paribas Mid Cap Fund - Direct Plan - Growth Option,63.1554,***,AMC4,120002,BN71G-GR,2022-03-13 00:00:00+00:00,BNP Paribas Mid Cap Fund,Growth,Direct,,Equity,Mid Cap
Nippon India Growth Fund - Direct Plan Growth Plan - Growth Option,4592.6031,****,AMC31,118668,GFAG-GR,2025-06-10 00:00:00+00:00,Nippon India Growth Fund,Growth,Direct,,Equity,Mid Cap
HDFC Mid-Cap Opportunities Fund - Growth Option - Direct Plan,213.109,***,AMC12,118989,MCOGT-GR,2025-06-10 00:00:00+00:00,HDFC Mid-Cap Opportunities Fund,Growth,Direct,,Equity,Mid Cap
DSP Midcap Fund - Direct Plan - Growth,162.865,**,AMC8,119071,DS782-GR,2025-06-10 00:00:00+00:00,DSP Midcap Fund,Growth,Direct,,Equity,Mid Cap
Baroda BNP Paribas Mid Cap Fund - Direct Plan - Growth Option,119.7071,***,AMC45,150212,BPMCDG-GR,2025-06-10 00:00:00+00:00,Baroda BNP Paribas Mid Cap Fund,Growth,Direct,,Equity,Mid Cap
Bandhan Midcap Fund - Growth - Direct Plan,18.115,Not Rated,AMC16,150404,IDD361-GR,2025-06-10 00:00:00+00:00,Bandhan Midcap Fund,Growth,Direct,,Equity,Mid Cap
Principal Midcap Fund - Direct Plan- Growth,18.39,Not Rated,AMC28,147778,PCMCZG-GR,2021-12-30 00:00:00+00:00,Principal Midcap Fund,Growth,Direct,,Equity,Mid Cap
Sahara Midcap Fund-Growth Option - Direct,67.0164,Not Rated,AMC32,120297,,2020-04-03 00:00:00+00:00,Sahara Midcap Fund,Growth,Direct,,Equity,Mid Cap
Franklin India Prima Fund - Direct - Growth,3111.6757,**,AMC11,118533,417-GR,2025-06-10 00:00:00+00:00,Franklin India Prima Fund,Growth,Direct,,Equity,Mid Cap
Taurus Mid Cap Fund - Direct Plan - Growth,130.54,***,AMC37,118872,TRDSG1-GR,2025-06-10 00:00:00+00:00,Taurus Mid Cap Fund,Growth,Direct,,Equity,Mid Cap
PGIM India Midcap Opportunities Fund - Direct Plan - Growth Option,75.04,*****,AMC7,125307,PRMOG1-GR,2025-06-10 00:00:00+00:00,PGIM India Midcap Opportunities Fund,Growth,Direct,,Equity,Mid Cap
Motilal Oswal Midcap Fund-Direct Plan-Growth Option,116.3026,*****,AMC26,127042,MOFMGD-GR,2025-06-10 00:00:00+00:00,Motilal Oswal Midcap Fund,Growth,Direct,,Equity,Mid Cap
Mahindra Manulife Mid Cap Fund - Direct Plan -Growth,37.7173,***,AMC24,142110,MHEBYDG-GR,2025-06-10 00:00:00+00:00,Mahindra Manulife Mid Cap Fund,Growth,Direct,,Equity,Mid Cap
JM Midcap Fund - Direct - Growth,20.0817,Not Rated,AMC20,150815,JMMDDG-GR,2025-06-10 00:00:00+00:00,JM Midcap Fund,Growth,Direct,,Equity,Mid Cap
Canara Robeco Mid Cap Fund- Direct Plan- Growth Option,17.81,Not Rated,AMC6,150817,CAMDDG-GR,2025-06-10 00:00:00+00:00,Canara Robeco Mid Cap Fund,Growth,Direct,,Equity,Mid Cap
HSBC Midcap Fund - Direct Growth,437.336,**,AMC13,151036,HS17D-GR,2025-06-10 00:00:00+00:00,HSBC Midcap Fund,Growth,Direct,,Equity,Mid Cap
Helios Mid Cap Fund - Direct Plan - Growth Option,11.78,,AMC47,153326,HOHMCDG-GR,2025-06-10 00:00:00+00:00,Helios Mid Cap Fund,Growth,Direct,,Equity,Mid Cap
Bandhan Core Equity Fund-Direct Plan-Growth,156.083,***,AMC16,118419,D201-GR,2025-06-10 00:00:00+00:00,Bandhan Core Equity Fund,Growth,Direct,,Equity,Mid Cap
Mirae Asset Large & Midcap Fund - Direct Plan - Growth,168.679,*****,AMC25,118834,MAFEBD1-GR,2025-06-10 00:00:00+00:00,Mirae Asset Large & Midcap Fund,Growth,Direct,,Equity,Mid Cap
Kotak Equity Opportunities Fund - Growth - Direct,390.614,****,AMC21,120158,KO108D-GR,2025-06-10 00:00:00+00:00,Kotak Equity Opportunities Fund,Growth,Direct,,Equity,Mid Cap
Navi Large & Midcap Fund- Direct Plan- Growth Option,42.5951,***,AMC10,135677,PLMCGDG-GR,2025-06-10 00:00:00+00:00,Navi Large & Midcap Fund,Growth,Direct,,Equity,Mid Cap
Mahindra Manulife Large & Mid Cap Fund - Direct Plan -Growth,30.0152,****,AMC24,147840,MHMNYDG-GR,2025-06-10 00:00:00+00:00,Mahindra Manulife Large & Mid Cap Fund,Growth,Direct,,Equity,Mid Cap
PGIM India Large and Midcap Fund - Direct Plan - Growth Option,12.75,,AMC7,152382,PRLMG1-GR,2025-06-10 00:00:00+00:00,PGIM India Large and Midcap Fund,Growth,Direct,,Equity,Mid Cap
Principal Emerging Bluechip Fund - Direct Plan - Growth Option,197.96,****,AMC28,119441,PCEBZG-GR,2021-12-30 00:00:00+00:00,Principal Emerging Bluechip Fund,Growth,Direct,,Equity,Mid Cap
Franklin India Equity Advantage Fund - Direct - Growth,210.3243,**,AMC11,118510,473-GR,2025-06-10 00:00:00+00:00,Franklin India Equity Advantage Fund,Growth,Direct,,Equity,Mid Cap
Tata Large & MId Cap Fund -Direct Plan Growth,604.9023,****,AMC36,119202,TAEOGZ-GR,2025-06-10 00:00:00+00:00,Tata Large & Mid Cap Fund,Growth,Direct,,Equity,Mid Cap
DSP Large & Mid Cap Fund - Direct Plan - Growth,694.466,***,AMC8,119218,DS770-GR,2025-06-10 00:00:00+00:00,DSP Large & Mid Cap Fund,Growth,Direct,,Equity,Mid Cap
Bank of India Large & Mid Cap Equity Fund Direct Plan-Growth,101.56,**,AMC5,119350,BXBA063-GR,2025-06-10 00:00:00+00:00,Bank of India Large & Mid Cap Equity Fund,Growth,Direct,,Equity,Mid Cap
Union Large & Midcap Fund - Direct Plan - Growth Option,27.35,***,AMC38,147750,UNLMDG-GR,2025-06-10 00:00:00+00:00,Union Large & Midcap Fund,Growth,Direct,,Equity,Mid Cap
ITI Large & Midcap Fund - Direct Plan - Growth,10.0931,,AMC41,152821,ITLMG1-GR,2025-06-10 00:00:00+00:00,ITI Large & Midcap Fund,Growth,Direct,,Equity,Mid Cap
SBI Large & Midcap Fund -Direct Plan -Growth,666.6391,*****,AMC33,119721,SBD017G-GR,2025-06-09 00:00:00+00:00,SBI Large & Midcap Fund,Growth,Direct,,Equity,Mid Cap
ICICI Prudential Large & Mid Cap Fund - Direct Plan - Growth,1123.18,****,AMC14,120596,8002-GR,2025-06-10 00:00:00+00:00,ICICI Prudential Large & Mid Cap Fund,Growth,Direct,,Equity,Mid Cap
Axis Growth Opportunities Fund - Direct Plan - Growth,35.8,***,AMC2,145110,AXOGDG-GR,2025-06-09 00:00:00+00:00,Axis Growth Opportunities Fund,Growth,Direct,,Equity,Mid Cap
Nippon India Vision Fund - Direct Plan Growth Plan - Growth Option,1568.758,*,AMC31,118678,GSAG-GR,2025-06-10 00:00:00+00:00,Nippon India Vision Fund,Growth,Direct,,Equity,Mid Cap
Invesco India Large & Mid Cap Fund - Direct Plan - Growth,118.27,***,AMC19,120357,RGGFD1-GR,2025-06-10 00:00:00+00:00,Invesco India Large & Mid Cap Fund,Growth,Direct,,Equity,Mid Cap
UTI Large & Mid Cap Fund - Direct Plan - Growth Option,191.8215,***,AMC39,120665,UTMGD2-GR,2025-06-10 00:00:00+00:00,UTI Large & Mid Cap Fund,Growth,Direct,,Equity,Mid Cap
HSBC Large & Mid Cap Fund - Direct Growth,28.9289,**,AMC13,146772,HSHLEG-GR,2025-06-10 00:00:00+00:00,HSBC Large & Mid Cap Fund,Growth,Direct,,Equity,Mid Cap
Baroda BNP Paribas Large and Mid Cap Fund- Direct Plan -Growth Option,29.084,Not Rated,AMC45,148474,BPLMD2-GR,2025-06-10 00:00:00+00:00,Baroda BNP Paribas Large and Mid Cap Fund,Growth,Direct,,Equity,Mid Cap
Bajaj Finserv Large and Mid Cap Fund- Direct Plan- Growth,12.539,,AMC46,152408,BJLMDG-GR,2025-06-10 00:00:00+00:00,Bajaj Finserv Large and Mid Cap Fund,Growth,Direct,,Equity,Mid Cap
Helios Large & Mid Cap Fund - Direct Plan - Growth Option,10.59,,AMC47,152941,HOHLMDG-GR,2025-06-10 00:00:00+00:00,Helios Large & Mid Cap Fund,Growth,Direct,,Equity,Mid Cap
Canara Robeco Emerging Equities - Direct Plan - Growth Option,296.19,***,AMC6,118278,CAEQDG-GR,2025-06-10 00:00:00+00:00,Canara Robeco Emerging Equities,Growth,Direct,,Equity,Mid Cap
Aditya Birla Sun Life Equity Advantage Fund - Growth - Direct Plan,1010.45,*,AMC1,119436,BS201GZ-GR,2025-06-10 00:00:00+00:00,Aditya Birla Sun Life Equity Advantage Fund,Growth,Direct,,Equity,Mid Cap
Sundaram Large and Midcap Fund Direct Plan - Growth,95.2236,***,AMC35,119566,SUEMGPD-GR,2025-06-10 00:00:00+00:00,Sundaram Large and Mid Cap Fund,Growth,Direct,,Equity,Mid Cap
Quant Large & Mid Cap Fund - Growth Option-Direct Plan,129.1486,*****,AMC29,120826,QUHYDG-GR,2025-06-10 00:00:00+00:00,Quant Large & Mid Cap Fund,Growth,Direct,,Equity,Mid Cap
HDFC Large and Mid Cap Fund - Growth Option - Direct Plan,357.873,***,AMC12,130498,HDGFG1G-GR,2025-06-10 00:00:00+00:00,HDFC Large and Mid Cap Fund,Growth,Direct,,Equity,Mid Cap
LIC MF Large & Mid Cap Fund-Direct Plan-Growth,45.2409,***,AMC23,133710,LCMCG1-GR,2025-06-10 00:00:00+00:00,LIC MF Large & Midcap Fund,Growth,Direct,,Equity,Mid Cap
Edelweiss Large & Mid Cap Fund - Direct Plan - Growth Option,102.394,****,AMC9,140175,EDEFD1-GR,2025-06-10 00:00:00+00:00,Edelweiss Large & Mid Cap Fund,Growth,Direct,,Equity,Mid Cap
Motilal Oswal Large and Midcap Fund - Direct Plan Growth,37.0443,****,AMC26,147704,MOLMGD-GR,2025-06-10 00:00:00+00:00,Motilal Oswal Large & Midcap Fund,Growth,Direct,,Equity,Mid Cap
Whiteoak Capital Large & Mid Cap Fund Direct Plan Growth,13.326,,AMC40,152226,YED108G-GR,2025-06-10 00:00:00+00:00,Whiteoak Capital Large & Mid Cap Fund,Growth,Direct,,Equity,Mid Cap
BNP Paribas Multi Cap Fund - Direct Plan - Growth Option,83.9294,Not Rated,AMC4,119988,BN62G-GR,2022-03-13 00:00:00+00:00,BNP Paribas Multi Cap Fund,Growth,Direct,,Equity,Multi - Cap
Invesco India Multicap Fund - Direct Plan - Growth Option,157.74,Not Rated,AMC19,120413,RGMSD1-GR,2025-06-10 00:00:00+00:00,Invesco India Multicap Fund,Growth,Direct,,Equity,Multi - Cap
ICICI Prudential Multicap Fund - Direct Plan -  Growth,890.83,Not Rated,AMC14,120599,8030-GR,2025-06-10 00:00:00+00:00,ICICI Prudential Multicap Fund,Growth,Direct,,Equity,Multi - Cap
Quant Active Fund-Growth Option-Direct Plan,695.338,Not Rated,AMC29,120823,QUGFDG-GR,2025-06-10 00:00:00+00:00,Quant Active Fund,Growth,Direct,,Equity,Multi - Cap
ITI Multi Cap Fund - Direct Plan - Growth Option,26.797,Not Rated,AMC41,147183,ITMCD1-GR,2025-06-10 00:00:00+00:00,ITI Multi-Cap Fund,Growth,Direct,,Equity,Multi - Cap
Aditya Birla Sun Life Multi-Cap Fund-Direct Growth,20.77,Not Rated,AMC1,148921,BS71Y-GR,2025-06-10 00:00:00+00:00,Aditya Birla Sun Life Multi-Cap Fund,Growth,Direct,,Equity,Multi - Cap
Axis Multicap Fund - Direct Growth,18.66,Not Rated,AMC2,149383,AXMTDG-GR,2025-06-10 00:00:00+00:00,Axis Multicap Fund,Growth,Direct,,Equity,Multi - Cap
Canara Robeco Multi Cap Fund - Direct Plan - Growth Option,14.96,,AMC6,151824,CAMFDG-GR,2025-06-10 00:00:00+00:00,Canara Robeco Multi Cap Fund,Growth,Direct,,Equity,Multi - Cap
WhiteOak Capital Multi Cap Fund Direct Plan Growth,15.29,,AMC40,152071,YED106G-GR,2025-06-10 00:00:00+00:00,WhiteOak Capital Multi Cap Fund,Growth,Direct,,Equity,Multi - Cap
Edelweiss Multi Cap Fund - Direct Plan - Growth,15.3872,,AMC9,152094,EDMUD1-GR,2025-06-10 00:00:00+00:00,Edelweiss Multi Cap Fund,Growth,Direct,,Equity,Multi - Cap
DSP Multicap Fund - Direct - Growth,12.372,,AMC8,152310,DS908-GR,2025-06-10 00:00:00+00:00,DSP Multicap Fund,Growth,Direct,,Equity,Multi - Cap
Mahindra Manulife Multi Cap Fund - Direct Plan -Growth,41.008,Not Rated,AMC24,141226,MHMBYDG-GR,2025-06-10 00:00:00+00:00,Mahindra Manulife Multi Cap Fund,Growth,Direct,,Equity,Multi - Cap
Bandhan Multi Cap Fund - Growth - Direct Plan,18.088,Not Rated,AMC16,149303,IDD357-GR,2025-06-10 00:00:00+00:00,Bandhan Multi Cap Fund,Growth,Direct,,Equity,Multi - Cap
SBI Multicap Fund- Direct Plan- Growth option,17.5312,Not Rated,AMC33,149882,SBD652G-GR,2025-06-10 00:00:00+00:00,SBI Multicap Fund,Growth,Direct,,Equity,Multi - Cap
Union Multicap Fund - Direct Plan - Growth Option,16.17,Not Rated,AMC38,150858,UNMCDG-GR,2025-06-10 00:00:00+00:00,Union Multicap Fund,Growth,Direct,,Equity,Multi - Cap
HSBC Multi Cap Fund - Direct - Growth,19.197,Not Rated,AMC13,151290,HSHMCDG-GR,2025-06-10 00:00:00+00:00,HSBC Multi Cap Fund,Growth,Direct,,Equity,Multi - Cap
Mirae Asset Multicap Fund - Direct Plan - Growth,14.687,,AMC25,151810,MAMPD1-GR,2025-06-10 00:00:00+00:00,Mirae Asset Multicap Fund,Growth,Direct,,Equity,Multi - Cap
Motilal Oswal Multi Cap Fund-Direct Plan Growth,13.619,,AMC26,152651,MOMMGD-GR,2025-06-10 00:00:00+00:00,Motilal Oswal Multi Cap Fund,Growth,Direct,,Equity,Multi - Cap
UTI Multi Cap Fund - Direct Plan - Growth Option,10.2702,,AMC39,153515,UTMAG1-GR,2025-06-10 00:00:00+00:00,UTI Multi Cap Fund,Growth,Direct,,Equity,Multi - Cap
Sundaram Equity Fund Direct Plan - Growth,17.3254,Not Rated,AMC35,147587,SUSEFDG-GR,2021-12-31 00:00:00+00:00,Sundaram Equity Fund,Growth,Direct,,Equity,Multi - Cap
Principal Multi Cap Growth Fund-Direct Plan - Growth Option,256.09,Not Rated,AMC28,119452,PCGFZG-GR,2021-12-30 00:00:00+00:00,Principal Multi Cap Growth Fund,Growth,Direct,,Equity,Multi - Cap
Sahara R.E.A.L Fund - Growth Fund- Direct,16.8006,Not Rated,AMC32,120361,,2020-03-27 00:00:00+00:00,Sahara R.E.A.L Fund,Growth,Direct,,Equity,Multi - Cap
Nippon India Multi Cap Fund - Direct Plan Growth Plan - Growth Option,329.7877,Not Rated,AMC31,118650,EOAG-GR,2025-06-10 00:00:00+00:00,Nippon India Multi Cap Fund,Growth,Direct,,Equity,Multi - Cap
Kotak Multicap Fund-Direct Plan-Growth,19.995,Not Rated,AMC21,149185,KO1155D-GR,2025-06-10 00:00:00+00:00,Kotak Multicap Fund,Growth,Direct,,Equity,Multi - Cap
HDFC Multi Cap Fund - Growth Option - Direct Plan,19.863,Not Rated,AMC12,149368,HDHMCDG-GR,2025-06-10 00:00:00+00:00,HDFC Multi Cap Fund,Growth,Direct,,Equity,Multi - Cap
Bank of India Multi Cap Fund Direct Plan - Growth,18.23,Not Rated,AMC5,151443,BAMLDG-GR,2025-06-10 00:00:00+00:00,Bank of India Multi Cap Fund,Growth,Direct,,Equity,Multi - Cap
Groww Multicap Fund - Direct - Growth,10.2597,,AMC18,153034,INMUG1-GR,2025-06-10 00:00:00+00:00,Groww Multicap Fund,Growth,Direct,,Equity,Multi - Cap
Tata Multicap Fund - Direct Plan - Growth,14.7853,Not Rated,AMC36,151232,TAMLGZ-GR,2025-06-10 00:00:00+00:00,Tata Multicap Fund,Growth,Direct,,Equity,Multi - Cap
NAVI Nifty 500 Multicap 50-25-25 Direct Plan,10.0379,,AMC10,152751,ESMNGDG-GR,2025-06-10 00:00:00+00:00,NAVI Nifty 500 Multicap 50-25-25,Growth,Direct,,Equity,Multi - Cap
PGIM India Multi Cap Fund - Direct Plan - Growth Option,9.8,,AMC7,152815,PRMCG1-GR,2025-06-10 00:00:00+00:00,PGIM India Multi Cap Fund,Growth,Direct,,Equity,Multi - Cap
Samco Multi Cap Fund - Direct Plan - Growth,9.81,,AMC43,152847,SAMCDG-GR,2025-06-10 00:00:00+00:00,Samco Multi Cap Fund,Growth,Direct,,Equity,Multi - Cap
Bajaj Finserv Multi Cap Fund - Direct - Growth,11.371,,AMC46,153309,BJMCDG-GR,2025-06-10 00:00:00+00:00,Bajaj Finserv Multi Cap Fund,Growth,Direct,,Equity,Multi - Cap
Sahara Wealth Plus Fund-Fixed Pricing Option-Direct-Growth,33.1545,Not Rated,AMC32,120340,,2020-03-27 00:00:00+00:00,Sahara Wealth Plus Fund,Growth,Direct,,Equity,Multi - Cap
Sahara Wealth Plus Fund-Variable Pricing Option-Direct-Growth,38.7232,Not Rated,AMC32,120345,,2020-03-27 00:00:00+00:00,Sahara Wealth Plus Fund,Growth,Direct,,Equity,Multi - Cap
Baroda BNP Paribas Multi Cap Fund - Direct Plan - Growth Option,319.8635,Not Rated,AMC45,119354,BO107-GR,2025-06-10 00:00:00+00:00,Baroda BNP Paribas Multi Cap Fund,Growth,Direct,,Equity,Multi - Cap
Sundaram Multi Cap Fund -Direct Plan - Growth Option,421.1086,Not Rated,AMC35,149669,SUMGZG-GR,2025-06-10 00:00:00+00:00,Sundaram Multi Cap Fund,Growth,Direct,,Equity,Multi - Cap
LIC MF Multi Cap Fund-Direct Growth,17.8375,Not Rated,AMC23,150659,LCMKG1-GR,2025-06-10 00:00:00+00:00,LIC MF Multi Cap Fund,Growth,Direct,,Equity,Multi - Cap
Franklin India Multi Cap Fund - Direct - Growth,10.2734,,AMC11,152739,FR978-GR,2025-06-10 00:00:00+00:00,Franklin India Multi Cap Fund,Growth,Direct,,Equity,Multi - Cap
SBI Banking & Financial Services Fund - Direct Plan - Growth,47.3582,*****,AMC33,133859,SBD464G-GR,2025-06-10 00:00:00+00:00,SBI Banking & Financial Services Fund,Growth,Direct,,Equity,Sector Specific - Banks & Financial Services
Helios Financial Services Fund - Direct Plan - Growth Option,11.74,,AMC47,152679,HOHFSDG-GR,2025-06-10 00:00:00+00:00,Helios Financial Services Fund,Growth,Direct,,Equity,Sector Specific - Banks & Financial Services
HSBC Financial Services Fund - Direct Growth,11.7844,,AMC13,153266,HSHFSDG-GR,2025-06-10 00:00:00+00:00,HSBC Financial Services Fund,Growth,Direct,,Equity,Sector Specific - Banks & Financial Services
Sahara Banking & Financial Services Fund- Growth - Direct,46.5124,Not Rated,AMC32,120373,,2020-03-27 00:00:00+00:00,Sahara Banking & Financial Services Fund,Growth,Direct,,Equity,Sector Specific - Banks & Financial Services
ICICI Prudential Banking and Financial Services Fund - Direct Plan -  Growth,151.48,***,AMC14,120244,8044-GR,2025-06-10 00:00:00+00:00,ICICI Prudential Banking & Financial Services Fund,Growth,Direct,,Equity,Sector Specific - Banks & Financial Services
UTI Banking and Financial Services Fund - Direct Plan - Growth Option,219.1834,*,AMC39,120733,UTBKD2-GR,2025-06-10 00:00:00+00:00,UTI Banking and Financial Services Fund,Growth,Direct,,Equity,Sector Specific - Banks & Financial Services
Aditya Birla Sun Life Banking and Financial Services Fund - Direct Plan - Growth,69.08,**,AMC1,125597,BS1180Y-GR,2025-06-10 00:00:00+00:00,Aditya Birla Sun Life Banking & Financial Services Fund,Growth,Direct,,Equity,Sector Specific - Banks & Financial Services
HDFC Banking and Financial Services Fund - Growth Option - Direct Plan,18.274,Not Rated,AMC12,148986,HDBFDGR-GR,2025-06-10 00:00:00+00:00,HDFC Banking and Financial Services Fund,Growth,Direct,,Equity,Sector Specific - Banks & Financial Services
Quant BFSI Fund - Growth Option - Direct Plan,17.5435,,AMC29,151791,QUBSDG-GR,2025-06-10 00:00:00+00:00,Quant BFSI Fund,Growth,Direct,,Equity,Sector Specific - Banks & Financial Services
Groww Banking & Financial Services Fund - Direct Plan - Growth,12.0829,,AMC18,152254,INBSG1-GR,2025-06-10 00:00:00+00:00,Groww Banking & Financial Services Fund,Growth,Direct,,Equity,Sector Specific - Banks & Financial Services
Taurus Banking & Financial Services Fund - Direct Plan - Growth,61.31,****,AMC37,118868,TRTBG1-GR,2025-06-10 00:00:00+00:00,Taurus Banking & Financial Services Fund,Growth,Direct,,Equity,Sector Specific - Banks & Financial Services
Invesco India Financial Services Fund - Direct Plan - Growth,166.02,***,AMC19,120385,RGBFD1-GR,2025-06-10 00:00:00+00:00,Invesco India Financial Services Fund,Growth,Direct,,Equity,Sector Specific - Banks & Financial Services
Mirae Asset Banking and Financial Services Fund Direct Growth,22.196,Not Rated,AMC25,148623,MABFD1-GR,2025-06-10 00:00:00+00:00,Mirae Asset Banking and Financial Services Fund,Growth,Direct,,Equity,Sector Specific - Banks & Financial Services
Kotak Banking & Financial Services Fund - Direct Plan - Growth,16.175,Not Rated,AMC21,151384,KO286D-GR,2025-06-10 00:00:00+00:00,Kotak Banking & Financial Services Fund,Growth,Direct,,Equity,Sector Specific - Banks & Financial Services
IDBI Banking & Financial Services Fund - Direct Plan Growth,16.34,**,AMC15,143353,IBFSG1G-GR,2023-07-27 00:00:00+00:00,IDBI Banking & Financial Services Fund,Growth,Direct,,Equity,Sector Specific - Banks & Financial Services
Baroda BNP Paribas Banking and Financial Services Fund - Direct - Growth Option,54.2564,**,AMC45,119333,BO101-GR,2025-06-10 00:00:00+00:00,Baroda BNP Paribas Banking and Financial Services Fund,Growth,Direct,,Equity,Sector Specific - Banks & Financial Services
LIC MF Banking and Financial Services Fund-Direct Plan-Growth,23.9907,**,AMC23,134017,LCBKG1-GR,2025-06-10 00:00:00+00:00,LIC MF Banking & Financial Services Fund,Growth,Direct,,Equity,Sector Specific - Banks & Financial Services
ITI Banking and Financial Services Fund - Direct Plan - Growth Option,16.34,Not Rated,AMC41,149321,ITBAG1-GR,2025-06-10 00:00:00+00:00,ITI Banking and Financial Services Fund,Growth,Direct,,Equity,Sector Specific - Banks & Financial Services
WhiteOak Capital Banking & Financial Services Fund - Direct Growth,12.796,,AMC40,152321,YED109G-GR,2025-06-10 00:00:00+00:00,WhiteOak Capital Banking & Financial Services Fund,Growth,Direct,,Equity,Sector Specific - Banks & Financial Services
Nippon India Banking & Financial Services Fund - Direct Plan Growth Plan - Growth Option,698.6462,***,AMC31,118589,BFAG-GR,2025-06-10 00:00:00+00:00,Nippon India Banking & Financial Services Fund,Growth,Direct,,Equity,Sector Specific - Banks & Financial Services
Sundaram Financial Services Opportunities Fund Direct Plan - Growth,120.4177,****,AMC35,119597,SU98PD-GR,2025-06-10 00:00:00+00:00,Sundaram Financial Services Opportunities Fund,Growth,Direct,,Equity,Sector Specific - Banks & Financial Services
Tata Banking and Financial Services Fund-Direct Plan-Growth,50.7885,****,AMC36,135793,TABSGZ-GR,2025-06-10 00:00:00+00:00,Tata Banking and Financial Services Fund,Growth,Direct,,Equity,Sector Specific - Banks & Financial Services
Bandhan Financial Services Fund - Direct Plan - Growth,15.392,,AMC16,151816,IDD381-GR,2025-06-10 00:00:00+00:00,Bandhan Financial Services Fund,Growth,Direct,,Equity,Sector Specific - Banks & Financial Services
DSP Banking & Financial Services Fund - Direct - Growth,13.74,,AMC8,152206,DS902-GR,2025-06-10 00:00:00+00:00,DSP Banking & Financial Services Fund,Growth,Direct,,Equity,Sector Specific - Banks & Financial Services
HDFC Defence Fund - Growth Option - Direct Plan,26.289,,AMC12,151750,HDHDDGR-GR,2025-06-10 00:00:00+00:00,HDFC Defence Fund,Growth,Direct,,Equity,Sector Specific - Defence
ICICI Prudential FMCG Fund - Direct Plan -  Growth,531.52,Not Rated,AMC14,120587,8011-GR,2025-06-09 00:00:00+00:00,ICICI Prudential FMCG Fund,Growth,Direct,,Equity,Sector Specific - FMCG
ITI Pharma and Healthcare Fund - Direct Plan - Growth Option,17.4266,Not Rated,AMC41,149268,ITPHG1-GR,2025-06-10 00:00:00+00:00,ITI Pharma and Healthcare Fund,Growth,Direct,,Equity,Sector Specific - Pharma
Quant Healthcare Fund - Growth Option - Direct Plan,16.0445,,AMC29,151853,QUHCDG-GR,2025-06-10 00:00:00+00:00,Quant Healthcare Fund,Growth,Direct,,Equity,Sector Specific - Pharma
PGIM India Healthcare Fund - Direct Plan - Growth Option,9.85,,AMC7,153039,PRHCG1-GR,2025-06-10 00:00:00+00:00,PGIM India Healthcare Fund,Growth,Direct,,Equity,Sector Specific - Pharma
SBI Healthcare Opportunities Fund - Direct Plan -Growth,485.5417,Not Rated,AMC33,119783,SBD035G-GR,2025-06-09 00:00:00+00:00,SBI Healthcare Opportunities Fund,Growth,Direct,,Equity,Sector Specific - Pharma
Nippon India Pharma Fund - Direct Plan Growth Plan - Growth Option,570.6346,Not Rated,AMC31,118759,PHAG-GR,2025-06-10 00:00:00+00:00,Nippon India Pharma Fund,Growth,Direct,,Equity,Sector Specific - Pharma
ICICI Prudential Pharma Healthcare and Diagnostics (P.H.D) Fund - Direct Plan - Cumulative Option,42.34,Not Rated,AMC14,143874,IC9333-GR,2025-06-10 00:00:00+00:00,ICICI Prudential Pharma Healthcare and Diagnostics (P.H.D) Fund,Growth,Direct,,Equity,Sector Specific - Pharma
UTI Healthcare Fund - Direct Plan - Growth Option,317.6332,Not Rated,AMC39,120782,UTGPD2-GR,2025-06-10 00:00:00+00:00,UTI Healthcare Fund,Growth,Direct,,Equity,Sector Specific - Pharma
Kotak Healthcare Fund - Direct Plan - Growth Option,13.534,,AMC21,152214,KO1205D-GR,2025-06-10 00:00:00+00:00,Kotak Healthcare Fund,Growth,Direct,,Equity,Sector Specific - Pharma
DSP Healthcare Fund - Direct Plan - Growth,42.271,Not Rated,AMC8,145454,DS860-GR,2025-06-09 00:00:00+00:00,DSP Healthcare Fund,Growth,Direct,,Equity,Sector Specific - Pharma
IDBI Healthcare Fund - Direct Plan - Growth,20.15,Not Rated,AMC15,146517,IBHCG1-GR,2023-07-27 00:00:00+00:00,IDBI Healthcare Fund,Growth,Direct,,Equity,Sector Specific - Pharma
Mirae Asset Healthcare Fund Direct Growth,41.852,Not Rated,AMC25,143783,MAHCD1-GR,2025-06-10 00:00:00+00:00,Mirae Asset Healthcare Fund,Growth,Direct,,Equity,Sector Specific - Pharma
Aditya Birla Sun Life Pharma and Healthcare Fund-Direct-Growth,33.21,Not Rated,AMC1,147409,BS60Y-GR,2025-06-10 00:00:00+00:00,Aditya Birla Sun Life Pharma & Healthcare Fund,Growth,Direct,,Equity,Sector Specific - Pharma
Bajaj Finserv Healthcare Fund - Direct - Growth,9.675,,AMC46,153157,BJHCDG-GR,2025-06-10 00:00:00+00:00,Bajaj Finserv Healthcare Fund,Growth,Direct,,Equity,Sector Specific - Pharma
Tata India Pharma & Healthcare Fund-Direct Plan-Growth,34.6192,Not Rated,AMC36,135810,TAIPHGZ-GR,2025-06-10 00:00:00+00:00,Tata India Pharma & Healthcare Fund,Growth,Direct,,Equity,Sector Specific - Pharma
LIC MF Healthcare Fund-Direct Plan-Growth,31.3525,,AMC23,152024,LCHCG1-GR,2025-06-10 00:00:00+00:00,LIC MF Healthcare Fund,Growth,Direct,,Equity,Sector Specific - Pharma
HDFC Pharma and Healthcare Fund - Growth Option - Direct Plan,16.847,,AMC12,152082,HDHPDGR-GR,2025-06-10 00:00:00+00:00,HDFC Pharma and Healthcare Fund,Growth,Direct,,Equity,Sector Specific - Pharma
WhiteOak Capital Pharma and Heathcare Fund Direct Plan Growth,13.57,,AMC40,152349,YED110G-GR,2025-06-10 00:00:00+00:00,WhiteOak Capital Pharma and Heathcare Fund,Growth,Direct,,Equity,Sector Specific - Pharma
SBI Technology Opportunities Fund - Direct Plan - Growth,245.4447,Not Rated,AMC33,120578,SBD034G-GR,2025-06-09 00:00:00+00:00,SBI Technology Opportunities Fund,Growth,Direct,,Equity,Sector Specific - Technology
Tata Digital India Fund-Direct Plan-Growth,56.3562,Not Rated,AMC36,135800,TADIFGZ-GR,2025-06-10 00:00:00+00:00,Tata Digital India Fund,Growth,Direct,,Equity,Sector Specific - Technology
HDFC Technology Fund - Growth Option - Direct Plan,14.156,,AMC12,152059,HDHIDGR-GR,2025-06-10 00:00:00+00:00,HDFC Technology Fund,Growth,Direct,,Equity,Sector Specific - Technology
ICICI Prudential Technology Fund - Direct Plan -  Growth,222.38,Not Rated,AMC14,120594,8019-GR,2025-06-09 00:00:00+00:00,ICICI Prudential Technology Fund,Growth,Direct,,Equity,Sector Specific - Technology
Quant Teck Fund - Growth Option - Direct Plan,13.333,,AMC29,152067,QUTKDG-GR,2025-06-10 00:00:00+00:00,Quant Teck Fund,Growth,Direct,,Equity,Sector Specific - Technology
Kotak Technology Fund - Direct Plan - Growth Option,11.769,,AMC21,152462,KO1215D-GR,2025-06-09 00:00:00+00:00,Kotak Technology Fund,Growth,Direct,,Equity,Sector Specific - Technology
Invesco India Technology Fund - Direct - Growth,9.8,,AMC19,152863,RGTFD1-GR,2025-06-10 00:00:00+00:00,Invesco India Technology Fund,Growth,Direct,,Equity,Sector Specific - Technology
Motilal Oswal Digital India Fund - Direct Plan - Growth,10.3629,,AMC26,152964,MODFGD-GR,2025-06-10 00:00:00+00:00,Motilal Oswal Digital India Fund,Growth,Direct,,Equity,Sector Specific - Technology
Franklin India Technology Fund - Direct - Growth,562.8598,Not Rated,AMC11,118537,413-GR,2025-06-09 00:00:00+00:00,Franklin India Technology Fund,Growth,Direct,,Equity,Sector Specific - Technology
Aditya Birla Sun Life Digital India Fund - Growth - Direct Plan,192.61,Not Rated,AMC1,120539,BS16Z-GR,2025-06-09 00:00:00+00:00,Aditya Birla Sun Life Digital India Fund,Growth,Direct,,Equity,Sector Specific - Technology
WhiteOak Capital Digital Bharat Fund Direct Plan Growth,10.479,,AMC40,152915,YED113G-GR,2025-06-10 00:00:00+00:00,WhiteOak Capital Digital Bharat Fund,Growth,Direct,,Equity,Sector Specific - Technology
Edelweiss Technology Fund - Direct Plan - Growth,11.6682,,AMC9,152437,EDTCD1-GR,2025-06-09 00:00:00+00:00,Edelweiss Technology Fund,Growth,Direct,,Equity,Sector Specific - Technology
Bandhan Transportation and Logistics Fund - Growth - Direct Plan,17.924,Not Rated,AMC16,150716,IDD367-GR,2025-06-10 00:00:00+00:00,Bandhan Transportation and Logistics Fund,Growth,Direct,,Equity,Sector Specific - Transportation
UTI Transportation and Logistics Fund-Growth Option- Direct,296.6789,Not Rated,AMC39,120731,UTASD2-GR,2025-06-10 00:00:00+00:00,UTI-Transportation and Logistics Fund,Growth,Direct,,Equity,Sector Specific - Transportation
HDFC Transportation and Logistics Fund - Growth Option - Direct Plan,15.827,,AMC12,151901,HDHTDGR-GR,2025-06-10 00:00:00+00:00,HDFC Transportation and Logistics Fund,Growth,Direct,,Equity,Sector Specific - Transportation
ICICI Prudential Transportation and Logistics Fund - Direct Plan - Growth,19.04,Not Rated,AMC14,150685,IC9705-GR,2025-06-10 00:00:00+00:00,ICICI Prudential Transportation and Logistics Fund,Growth,Direct,,Equity,Sector Specific - Transportation
Aditya Birla Sun Life Transportation and Logistics Fund-Direct Growth,14.08,,AMC1,152158,BS125Y-GR,2025-06-10 00:00:00+00:00,Aditya Birla Sun Life Transportation and Logistics Fund,Growth,Direct,,Equity,Sector Specific - Transportation
SBI Automotive Opportunities Fund - Direct Plan - Growth,9.7835,,AMC33,152657,SBD687G-GR,2025-06-10 00:00:00+00:00,SBI Automotive Opportunities Fund,Growth,Direct,,Equity,Sector Specific - Transportation
Groww Nifty EV & New Age Automotive ETF FOF- Direct Plan - Growth,9.1271,,AMC18,152770,INEVG1-GR,2025-06-10 00:00:00+00:00,Groww Nifty EV & New Age Automotive ETF FOF,Growth,Direct,,Equity,Sector Specific - Transportation
Kotak Transportation & Logistics Fund-Direct Growth,10.371,,AMC21,153118,KO1243D-GR,2025-06-10 00:00:00+00:00,Kotak Transportation & Logistics Fund,Growth,Direct,,Equity,Sector Specific - Transportation
ICICI Prudential Nifty EV & New Age Automotive ETF FOF - Direct Plan - Growth,11.3051,,AMC14,153394,IC9765-GR,2025-06-10 00:00:00+00:00,ICICI Prudential Nifty EV & New Age Automotive ETF FOF,Growth,Direct,,Equity,Sector Specific - Transportation
IDBI Small Cap Fund - Growth Direct,22.78,***,AMC15,141475,IBSCG1G-GR,2023-07-27 00:00:00+00:00,IDBI Small Cap Fund,Growth,Direct,,Equity,Small Cap
Nippon India Small Cap Fund - Direct Plan Growth Plan - Growth Option,191.3794,****,AMC31,118778,SCAG-GR,2025-06-10 00:00:00+00:00,Nippon India Small Cap Fund,Growth,Direct,,Equity,Small Cap
Sundaram Small Cap Fund Direct Plan - Growth,288.2758,**,AMC35,119589,SU72PD-GR,2025-06-10 00:00:00+00:00,Sundaram Small Cap Fund,Growth,Direct,,Equity,Small Cap
Axis Small Cap Fund - Direct Plan - Growth,123.59,*****,AMC2,125354,AXSCDG-GR,2025-06-10 00:00:00+00:00,Axis Small Cap Fund,Growth,Direct,,Equity,Small Cap
SBI Small Cap Fund - Direct Plan - Growth,196.3203,****,AMC33,125497,SBD346G-GR,2025-06-10 00:00:00+00:00,SBI Small Cap Fund,Growth,Direct,,Equity,Small Cap
Invesco India Smallcap Fund - Direct Plan - Growth,46.5,***,AMC19,145137,RGSCD1-GR,2025-06-10 00:00:00+00:00,Invesco India Smallcap Fund,Growth,Direct,,Equity,Small Cap
LIC MF Small Cap Fund-Direct Plan-Growth,33.9684,,AMC23,152004,LCSCG1-GR,2025-06-10 00:00:00+00:00,LIC MF Small Cap Fund,Growth,Direct,,Equity,Small Cap
Motilal Oswal Small Cap Fund - Direct - Growth,14.3282,,AMC26,152237,MOSCGD-GR,2025-06-10 00:00:00+00:00,Motilal Oswal Small Cap Fund,Growth,Direct,,Equity,Small Cap
Franklin India Smaller Companies Fund - Direct - Growth,198.3333,**,AMC11,118525,478-GR,2025-06-10 00:00:00+00:00,Franklin India Smaller Companies Fund,Growth,Direct,,Equity,Small Cap
DSP Small Cap Fund - Direct Plan - Growth,219.225,**,AMC8,119212,DS788-GR,2025-06-10 00:00:00+00:00,DSP Small Cap Fund,Growth,Direct,,Equity,Small Cap
Kotak-Small Cap Fund - Growth - Direct,308.514,****,AMC21,120164,KO104D-GR,2025-06-10 00:00:00+00:00,Kotak Small Cap Fund,Growth,Direct,,Equity,Small Cap
HDFC Small Cap Fund - Growth Option - Direct Plan,158.075,***,AMC12,130503,HDACG1G-GR,2025-06-10 00:00:00+00:00,HDFC Small Cap Fund,Growth,Direct,,Equity,Small Cap
Edelweiss Small Cap Fund - Direct Plan - Growth,48.576,****,AMC9,146196,EDSCD1-GR,2025-06-10 00:00:00+00:00,Edelweiss Small Cap Fund,Growth,Direct,,Equity,Small Cap
PGIM India Small Cap Fund - Direct Plan- Growth Option,16.89,Not Rated,AMC7,149019,PRSCG1-GR,2025-06-10 00:00:00+00:00,PGIM India Small Cap Fund,Growth,Direct,,Equity,Small Cap
Quantum Small Cap Fund - Direct Plan Growth Option,12.99,,AMC30,152107,QTSCGP-GR,2025-06-10 00:00:00+00:00,Quantum Small Cap Fund,Growth,Direct,,Equity,Small Cap
Baroda BNP Paribas Small Cap Fund - Direct Plan - Growth option,13.4608,,AMC45,152128,BPSCDG-GR,2025-06-10 00:00:00+00:00,Baroda BNP Paribas Small Cap Fund,Growth,Direct,,Equity,Small Cap
JM Small Cap Fund Direct - Growth,10.3644,,AMC20,152614,JMSCDG-GR,2025-06-10 00:00:00+00:00,JM Small Cap Fund,Growth,Direct,,Equity,Small Cap
HSBC Small Cap Equity Fund - Growth Direct,90.7368,**,AMC13,120069,HMEG-GR,2022-11-25 00:00:00+00:00,HSBC Small Cap Equity Fund,Growth,Direct,,Equity,Small Cap
Aditya Birla Sun Life Small Cap Fund - Growth - Direct Plan,98.3401,*,AMC1,119556,BS295GZ-GR,2025-06-10 00:00:00+00:00,Aditya Birla Sun Life Small Cap Fund,Growth,Direct,,Equity,Small Cap
ICICI Prudential Smallcap Fund - Direct Plan - Growth,98.22,***,AMC14,120591,8034-GR,2025-06-10 00:00:00+00:00,ICICI Prudential Smallcap Fund,Growth,Direct,,Equity,Small Cap
Bank of India Small Cap Fund Direct Plan Growth,52.25,****,AMC5,145678,BASCDG-GR,2025-06-10 00:00:00+00:00,Bank of India Small Cap Fund,Growth,Direct,,Equity,Small Cap
UTI Small Cap Fund - Direct Plan - Growth Option,28.0779,Not Rated,AMC39,148618,UTSPG1-GR,2025-06-10 00:00:00+00:00,UTI Small Cap Fund,Growth,Direct,,Equity,Small Cap
Mirae Asset Small Cap Fund - Direct Plan - Growth,11.285,,AMC25,153196,MASCD1-GR,2025-06-10 00:00:00+00:00,Mirae Asset Small Cap Fund,Growth,Direct,,Equity,Small Cap
Quant Small Cap Fund - Growth Option - Direct Plan,278.3564,*****,AMC29,120828,QUIBDG-GR,2025-06-10 00:00:00+00:00,Quant Small Cap Fund,Growth,Direct,,Equity,Small Cap
Union Small Cap Fund - Direct Plan - Growth Option,52.69,***,AMC38,129649,UNSMFGD-GR,2025-06-10 00:00:00+00:00,Union Small Cap Fund,Growth,Direct,,Equity,Small Cap
ITI Small Cap Fund - Direct Plan - Growth Option,32.0833,*,AMC41,147919,ITSCG1-GR,2025-06-10 00:00:00+00:00,ITI Small Cap Fund,Growth,Direct,,Equity,Small Cap
Mahindra Manulife Small Cap Fund - Direct Plan - Growth,20.1015,Not Rated,AMC24,150915,MHMSCDG-GR,2025-06-10 00:00:00+00:00,Mahindra Manulife Small Cap Fund,Growth,Direct,,Equity,Small Cap
HSBC Small Cap Fund - Direct Growth,92.6402,***,AMC13,151130,HSLEBDG-GR,2025-06-10 00:00:00+00:00,HSBC Small Cap Fund,Growth,Direct,,Equity,Small Cap
Principal Small Cap Fund - Direct Plan - Growth Option,25.73,Not Rated,AMC28,147131,PCSCZG-GR,2021-12-30 00:00:00+00:00,Principal Small Cap Fund,Growth,Direct,,Equity,Small Cap
Tata Small Cap Fund-Direct Plan-Growth,45.0931,****,AMC36,145206,TASCFGZ-GR,2025-06-10 00:00:00+00:00,Tata Small Cap Fund,Growth,Direct,,Equity,Small Cap
Canara Robeco Small Cap Fund - Direct Plan - Growth Option,43.24,*****,AMC6,146130,CASCDG-GR,2025-06-10 00:00:00+00:00,Canara Robeco Small Cap Fund,Growth,Direct,,Equity,Small Cap
Bandhan Small Cap Fund - Direct Plan-Growth,51.468,**,AMC16,147946,IDD340-GR,2025-06-10 00:00:00+00:00,Bandhan Small Cap Fund,Growth,Direct,,Equity,Small Cap
TRUST MF Small Cap Fund -Direct Plan-Growth,10.39,,AMC42,152939,TSSCDG-GR,2025-06-10 00:00:00+00:00,TRUST MF Small Cap Fund,Growth,Direct,,Equity,Small Cap
ICICI Prudential Retirement Fund - Pure Equity - Direct Plan - Growth Option,35.78,*****,AMC14,146349,IC9489-GR,2025-06-10 00:00:00+00:00,ICICI Prudential Retirement Fund - Pure Equity Plan,Growth,Direct,,Equity,Solution Oriented - Retirement
Aditya Birla Sun Life Retirement Fund-The 30s Plan-Direct Growth,22.002,**,AMC1,146575,BS55Y-GR,2025-06-10 00:00:00+00:00,Aditya Birla Sun Life Retirement Fund - The 30s Plan,Growth,Direct,,Equity,Solution Oriented - Retirement
Axis Retirement Fund - Aggressive Plan - Direct Growth,20.37,*,AMC2,147825,AXRADG-GR,2025-06-10 00:00:00+00:00,Axis Retirement Fund - Aggressive Plan,Growth,Direct,,Equity,Solution Oriented - Retirement
Nippon India Retirement Fund- Wealth Creation Scheme- Direct Plan- Growth Plan - Growth Option,32.3301,*,AMC31,133568,RLRWAG-GR,2025-06-10 00:00:00+00:00,Nippon India Retirement Fund - Wealth Creation Scheme,Growth,Direct,,Equity,Solution Oriented - Retirement
PGIM India Retirement Fund - Direct Plan - Growth Option,12.29,,AMC7,152537,PRRFG1-GR,2025-06-10 00:00:00+00:00,PGIM India Retirement Fund,Growth,Direct,,Equity,Solution Oriented - Retirement
HDFC Retirement Savings Fund - Equity Plan - Growth Option - Direct Plan,57.534,*****,AMC12,136094,HDHREDP-GR,2025-06-10 00:00:00+00:00,HDFC Retirement Savings Fund - Equity Plan,Growth,Direct,,Equity,Solution Oriented - Retirement
SBI Retirement Benefit Fund - Aggressive Plan - Direct Plan - Growth,21.3165,Not Rated,AMC33,148683,SBD623G-GR,2025-06-10 00:00:00+00:00,SBI Retirement Benefit Fund - Aggressive Plan,Growth,Direct,,Equity,Solution Oriented - Retirement
Union Retirement Fund - Direct Plan - Growth Option,16.17,Not Rated,AMC38,150554,UNRFDG-GR,2025-06-10 00:00:00+00:00,Union Retirement Fund,Growth,Direct,,Equity,Solution Oriented - Retirement
IDBI Equity Advantage Fund - Growth Direct,48.72,**,AMC15,123637,TSG1-GR,2023-07-27 00:00:00+00:00,IDBI Equity Advantage Fund,Growth,Direct,,Equity,Tax Savings
DSP ELSS Tax Saver Fund - Direct Plan - Growth,155.847,****,AMC8,119242,DS739-GR,2025-06-10 00:00:00+00:00,DSP ELSS Tax Saver Fund,Growth,Direct,,Equity,Tax Savings
JM ELSS Tax Saver Fund Direct - Growth Option,54.7743,***,AMC20,120494,TGDG-GR,2025-06-10 00:00:00+00:00,JM ELSS Tax Saver Fund,Growth,Direct,,Equity,Tax Savings
ICICI Prudential ELSS Tax Saver Fund - Direct Plan -  Growth,1027.76,***,AMC14,120592,8000-GR,2025-06-10 00:00:00+00:00,ICICI Prudential ELSS Tax Saver Fund,Growth,Direct,,Equity,Tax Savings
UTI ELSS Tax Saver Fund- Direct Plan - Growth Option,231.4687,***,AMC39,120715,UTETD2-GR,2025-06-10 00:00:00+00:00,UTI ELSS Tax Saver Fund,Growth,Direct,,Equity,Tax Savings
Quant ELSS Tax Saver Fund - Growth Option - Direct Plan,411.6302,*****,AMC29,120847,QUTPDG-GR,2025-06-10 00:00:00+00:00,Quant ELSS Tax Saver Fund,Growth,Direct,,Equity,Tax Savings
ITI ELSS Tax Saver Fund - Direct Plan - Growth Option,27.9772,**,AMC41,147541,ITELG1-GR,2025-06-10 00:00:00+00:00,ITI ELSS Tax Saver Fund,Growth,Direct,,Equity,Tax Savings
Canara Robeco ELSS Tax Saver Fund - Direct Plan - Growth Option,196.88,*****,AMC6,118285,CAETDG-GR,2025-06-10 00:00:00+00:00,Canara Robeco ELSS Tax Saver Fund,Growth,Direct,,Equity,Tax Savings
Franklin India ELSS Tax Saver Fund - Direct - Growth,1662.6995,***,AMC11,118540,FR415-GR,2025-06-10 00:00:00+00:00,Franklin India ELSS Tax Saver Fund,Growth,Direct,,Equity,Tax Savings
Kotak ELSS Tax Saver Fund-Growth - Direct,135.377,****,AMC21,119773,KO144D-GR,2025-06-10 00:00:00+00:00,Kotak ELSS Tax Saver Fund,Growth,Direct,,Equity,Tax Savings
HSBC Tax Saver Equity Fund - Growth Direct,106.6509,Not Rated,AMC13,120079,HTSEG-GR,2025-06-10 00:00:00+00:00,HSBC Tax Saver Equity Fund,Growth,Direct,,Equity,Tax Savings
Groww ELSS Tax Saver Fund- Direct Plan- Growth Option,22.49,**,AMC18,141808,INTSG1-GR,2025-06-10 00:00:00+00:00,Groww ELSS Tax Saver Fund,Growth,Direct,,Equity,Tax Savings
Samco ELSS Tax Saver Fund - Direct Plan - Growth Option,14.37,Not Rated,AMC43,150838,SAELDG-GR,2025-06-10 00:00:00+00:00,Samco ELSS Tax Saver Fund,Growth,Direct,,Equity,Tax Savings
360 ONE ELSS Tax Saver Nifty 50 Index Fund - Direct Plan - Growth,14.0851,Not Rated,AMC17,151165,IIITDG-GR,2025-06-10 00:00:00+00:00,360 ONE ELSS Tax Saver Nifty 50 Index Fund,Growth,Direct,,Equity,Tax Savings
Bajaj Finserv ELSS Tax Saver Fund - Direct - Growth,11.382,,AMC46,153201,BJTFDG-GR,2025-06-10 00:00:00+00:00,Bajaj Finserv ELSS Tax Saver Fund,Growth,Direct,,Equity,Tax Savings
SaharaTax Gain-Growth- direct,56.7813,Not Rated,AMC32,120291,,2020-04-03 00:00:00+00:00,Sahara Tax Gain Fund,Growth,Direct,,Equity,Tax Savings
Nippon India Tax Saver Fund - Direct Plan Growth Plan - Growth Option,141.7353,*,AMC31,118803,TSAG-GR,2025-06-10 00:00:00+00:00,Nippon India Tax Saver (ELSS) Fund,Growth,Direct,,Equity,Tax Savings
Taurus ELSS Tax Saver Fund - Direct Plan - Growth,204.4,***,AMC37,118866,TRLTG1-GR,2025-06-10 00:00:00+00:00,Taurus ELSS Tax Saver Fund,Growth,Direct,TMFLTDP-DR,Equity,Tax Savings
HDFC ELSS Tax saver - Growth Option - Direct Plan,1514.891,***,AMC12,119060,32T-GR,2025-06-10 00:00:00+00:00,HDFC ELSS Tax saver,Growth,Direct,,Equity,Tax Savings
Union ELSS Tax Saver Fund - Direct Plan - Growth Option,69.88,****,AMC38,119307,UNTSGD-GR,2025-06-10 00:00:00+00:00,Union ELSS Tax Saver Fund,Growth,Direct,,Equity,Tax Savings
Sundaram Diversified Equity (ELSS) Direct Plan - Growth,232.6309,Not Rated,AMC35,119549,SU14PD-GR,2025-06-10 00:00:00+00:00,Sundaram Diversified Equity,Growth,Direct,,Equity,Tax Savings
SBI Long Term Equity Fund - Direct Plan -Growth,474.877,***,AMC33,119723,SBD018G-GR,2025-06-10 00:00:00+00:00,SBI Long Term Equity Fund,Growth,Direct,,Equity,Tax Savings
Motilal Oswal ELSS Tax Saver Fund - Direct Plan - Growth Option,60.4169,***,AMC26,133386,MOLTGD-GR,2025-06-10 00:00:00+00:00,Motilal Oswal ELSS Tax Saver Fund,Growth,Direct,,Equity,Tax Savings
Parag Parikh ELSS Tax Saver Fund- Direct Growth,34.4942,*****,AMC27,147481,PPTSFGZ-GR,2025-06-10 00:00:00+00:00,Parag Parikh ELSS Tax Saver Fund,Growth,Direct,,Equity,Tax Savings
HSBC ELSS Tax Saver Fund - Direct Growth,147.432,**,AMC13,151078,HSFTAGD-GR,2025-06-10 00:00:00+00:00,HSBC ELSS Tax Saver Fund,Growth,Direct,,Equity,Tax Savings
NJ ELSS Tax Saver Scheme Direct Growth,15.04,Not Rated,AMC44,151611,NJTSDG-GR,2025-06-10 00:00:00+00:00,NJ ELSS Tax Saver Scheme,Growth,Direct,,Equity,Tax Savings
Quantum ELSS Tax Saver Fund - Direct Plan Growth Option,131.25,***,AMC30,111549,QMFTS-GR,2025-06-10 00:00:00+00:00,Quantum ELSS Tax Saver Fund,Growth,Direct,,Equity,Tax Savings
Bank of India ELSS Tax Saver-Direct Plan- Growth,190.01,****,AMC5,119351,BXBA079-GR,2025-06-10 00:00:00+00:00,Bank of India ELSS Tax Saver,Growth,Direct,,Equity,Tax Savings
Aditya Birla Sun Life ELSS Tax Saver Fund - Growth - Direct Plan,67.3,*,AMC1,119544,BS02GZ-GR,2025-06-10 00:00:00+00:00,Aditya Birla Sun Life ELSS Tax Saver Fund,Growth,Direct,,Equity,Tax Savings
Axis ELSS Tax Saver Fund - Direct Plan - Growth Option,108.8321,**,AMC2,120503,TSDG-GR,2025-06-10 00:00:00+00:00,Axis ELSS Tax Saver Fund,Growth,Direct,,Equity,Tax Savings
Tata ELSS Tax Saver Fund-Growth-Direct Plan,50.8613,***,AMC36,132756,TATSFGZ-GR,2025-06-10 00:00:00+00:00,Tata ELSS Tax Saver Fund,Growth,Direct,,Equity,Tax Savings
Mirae Asset ELSS Tax Saver Fund-Direct Plan -Growth,55.149,*****,AMC25,135781,MATSD1-GR,2025-06-10 00:00:00+00:00,Mirae Asset ELSS Tax Saver Fund,Growth,Direct,,Equity,Tax Savings
Mahindra Manulife ELSS Tax Saver Fund - Direct Plan -Growth,33.4713,****,AMC24,139781,MHMKYDG-GR,2025-06-10 00:00:00+00:00,Mahindra Manulife ELSS Tax Saver Fund,Growth,Direct,,Equity,Tax Savings
Baroda BNP Paribas ELSS Tax Saver Fund - Direct Plan - Growth Option,106.6492,**,AMC45,150159,BPTADG-GR,2025-06-10 00:00:00+00:00,Baroda BNP Paribas ELSS Tax Saver Fund,Growth,Direct,,Equity,Tax Savings
WhiteOak Capital ELSS Tax Saver Fund Direct Plan Growth,18.212,Not Rated,AMC40,150587,YED102G-GR,2025-06-10 00:00:00+00:00,WhiteOak Capital ELSS Tax Saver Fund,Growth,Direct,,Equity,Tax Savings
Zerodha ELSS Tax Saver Nifty LargeMidcap 250 Index Fund - Direct Plan - Growth option,14.0308,,AMC48,152157,ZEZELSS-GR,2025-06-10 00:00:00+00:00,Zerodha ELSS Tax Saver Nifty LargeMidcap 250 Index Fund,Growth,Direct,,Equity,Tax Savings
BNP Paribas Long Term Equity Fund - Direct Plan - Growth Option,60.6707,***,AMC4,120147,BN69G-GR,2022-03-13 00:00:00+00:00,BNP Paribas Long Term Equity Fund,Growth,Direct,,Equity,Tax Savings
Baroda ELSS 96 Plan BDirect -Growth Option,75.3119,***,AMC3,134045,BP96D2-GR,2022-03-13 00:00:00+00:00,Baroda ELSS 96,Growth,Direct,,Equity,Tax Savings
Principal Tax Savings Fund - Direct Plan,338.54,***,AMC28,119489,PCTFZG-GR,2021-12-30 00:00:00+00:00,Principal Tax Savings Fund,Growth,Direct,,Equity,Tax Savings
Bandhan ELSS Tax Saver Fund-Direct Plan-Growth,174.596,****,AMC16,118473,D223-GR,2025-06-10 00:00:00+00:00,Bandhan ELSS Tax Saver Fund,Growth,Direct,,Equity,Tax Savings
Edelweiss ELSS Tax Saver Fund- Direct Plan-Growth Option,130.77,***,AMC9,118620,ESDG-GR,2025-06-10 00:00:00+00:00,Edelweiss ELSS Tax Saver Fund,Growth,Direct,,Equity,Tax Savings
LIC MF ELSS Tax Saver Fund-Direct Plan-Growth,175.9078,**,AMC23,120270,LCTPG1-GR,2025-06-10 00:00:00+00:00,LIC MF ELSS Tax Saver Fund,Growth,Direct,,Equity,Tax Savings
Invesco India ELSS Tax Saver Fund - Direct Plan - Growth,150.15,***,AMC19,120416,RGTPD1-GR,2025-06-10 00:00:00+00:00,Invesco India ELSS Tax Saver Fund,Growth,Direct,,Equity,Tax Savings
PGIM India ELSS Tax Saver Fund - Direct Plan - Growth Option,39.92,****,AMC7,135601,PRTFG1-GR,2025-06-10 00:00:00+00:00,PGIM India ELSS Tax Saver Fund,Growth,Direct,,Equity,Tax Savings
Navi ELSS Tax Saver Fund- Direct Plan- Growth Option,34.571,Not Rated,AMC10,135654,PLLAGD-GR,2025-06-10 00:00:00+00:00,Navi ELSS Tax Saver Fund,Growth,Direct,,Equity,Tax Savings
Shriram ELSS Tax Saver Fund - Direct Growth,23.5848,***,AMC34,145819,SH105D-GR,2025-06-10 00:00:00+00:00,Shriram ELSS Tax Saver Fund,Growth,Direct,,Equity,Tax Savings
Sundaram ELSS Tax Saver Fund  - Direct Plan Growth,542.1087,***,AMC35,149570,SUTFZG-GR,2025-06-10 00:00:00+00:00,Sundaram ELSS Tax Saver Fund,Growth,Direct,,Equity,Tax Savings
Navi ELSS Tax Saver Nifty 50 Index Fund - Direct Plan Growth,15.0784,Not Rated,AMC10,151471,ESETGD-GR,2025-06-10 00:00:00+00:00,Navi ELSS Tax Saver Nifty 50 Index Fund,Growth,Direct,,Equity,Tax Savings
ICICI Prudential Rural Opportunities Fund - Direct Plan - Growth,11.03,,AMC14,153184,IC9759-GR,2025-06-10 00:00:00+00:00,ICICI Prudential Rural Opportunities Fund,Growth,Direct,,Equity,Thematic - Agriculture & Food
Invesco India Business Cycle Fund - Direct Plan - Growth,12.21,,AMC19,153291,RGBCD1-GR,2025-06-10 00:00:00+00:00,Invesco India Business Cycle Fund,Growth,Direct,,Equity,Thematic - Business Cycles
ICICI Prudential Business Cycle Fund Direct Plan Growth,25.62,Not Rated,AMC14,148651,IC9641-GR,2025-06-09 00:00:00+00:00,ICICI Prudential Business Cycle Fund,Growth,Direct,,Equity,Thematic - Business Cycles
SBI Equity Minimum Variance Fund - Direct Plan - Growth,24.4465,Not Rated,AMC33,146643,SBD575G-GR,2025-06-10 00:00:00+00:00,SBI Equity Minimum Variance Fund,Growth,Direct,,Equity,Thematic - Business Cycles
Aditya Birla Sun Life Special Opportunities Fund-Direct-Growth,26.17,Not Rated,AMC1,148539,BS67Y-GR,2025-06-10 00:00:00+00:00,Aditya Birla Sun Life Special Opportunities Fund,Growth,Direct,,Equity,Thematic - Business Cycles
Baroda BNP Paribas Business Cycle Fund - Direct Plan - Growth,16.5422,Not Rated,AMC45,149141,BPBCD2-GR,2025-06-10 00:00:00+00:00,Baroda BNP Paribas Business Cycle Fund,Growth,Direct,,Equity,Thematic - Business Cycles
WhiteOak Capital Special Opportunities Fund - Direct Growth,13.068,,AMC40,152644,YED111G-GR,2025-06-10 00:00:00+00:00,WhiteOak Capital Special Opportunities Fund,Growth,Direct,,Equity,Thematic - Business Cycles
SBI Innovative Opportunities Fund - Direct Plan - Growth,9.7121,,AMC33,152776,SBD691G-GR,2025-06-10 00:00:00+00:00,SBI Innovative Opportunities Fund,Growth,Direct,,Equity,Thematic - Business Cycles
Bank of India Business Cycle Fund - Direct Plan - Growth,9.34,,AMC5,152789,BABSDG-GR,2025-06-10 00:00:00+00:00,Bank of India Business Cycle Fund,Growth,Direct,,Equity,Thematic - Business Cycles
Aditya Birla Sun Life Conglomerate Fund-Direct Growth,10.86,,AMC1,153124,BS136Y-GR,2025-06-10 00:00:00+00:00,Aditya Birla Sun Life Conglomerate Fund,Growth,Direct,,Equity,Thematic - Business Cycles
Franklin India Opportunities Fund - Direct - Growth,276.0277,Not Rated,AMC11,118539,425-GR,2025-06-10 00:00:00+00:00,Franklin India Opportunities Fund,Growth,Direct,,Equity,Thematic - Business Cycles
Kotak Business Cycle Fund - Direct Plan - Growth,16.704,Not Rated,AMC21,150624,KO274D-GR,2025-06-10 00:00:00+00:00,Kotak Business Cycle Fund,Growth,Direct,,Equity,Thematic - Business Cycles
HDFC Business Cycle Fund - Growth Option - Direct Plan,15.074,Not Rated,AMC12,150805,HDHBDGR-GR,2025-06-10 00:00:00+00:00,HDFC Business Cycle Fund,Growth,Direct,,Equity,Thematic - Business Cycles
Axis Business Cycles Fund - Direct Plan - Growth,17.03,Not Rated,AMC2,151368,AXBCDG-GR,2025-06-10 00:00:00+00:00,Axis Business Cycles Fund,Growth,Direct,,Equity,Thematic - Business Cycles
Samco Special Opportunities Fund - Direct Plan - Growth,8.8,,AMC43,152586,SASODG-GR,2025-06-10 00:00:00+00:00,Samco Special Opportunities Fund,Growth,Direct,,Equity,Thematic - Business Cycles
Kotak Special Opportunities Fund - Direct Plan - Growth Option,9.791,,AMC21,152702,KO1229D-GR,2025-06-10 00:00:00+00:00,Kotak Special Opportunities Fund,Growth,Direct,,Equity,Thematic - Business Cycles
Motilal Oswal Business Cycle Fund - Direct Plan- Growth,12.4429,,AMC26,152796,MOBCGD-GR,2025-06-10 00:00:00+00:00,Motilal Oswal Business Cycle Fund,Growth,Direct,,Equity,Thematic - Business Cycles
Shriram Multi Sector Rotation Fund - Direct Plan Growth Option,7.9955,,AMC34,153076,SH110D-GR,2025-06-10 00:00:00+00:00,Shriram Multi Sector Rotation Fund,Growth,Direct,,Equity,Thematic - Business Cycles
WhiteOak Capital Quality Equity Fund Direct Plan Growth,10.601,,AMC40,153189,YED115G-GR,2025-06-10 00:00:00+00:00,WhiteOak Capital Quality Equity Fund,Growth,Direct,,Equity,Thematic - Business Cycles
Aditya Birla Sun Life Business Cycle Fund-Direct Growth,15.95,Not Rated,AMC1,149295,BS90Y-GR,2025-06-09 00:00:00+00:00,Aditya Birla Sun Life Business Cycle Fund,Growth,Direct,,Equity,Thematic - Business Cycles
HSBC Business Cycles Fund - Direct Growth,48.3603,Not Rated,AMC13,151142,HSLBCDG-GR,2025-06-10 00:00:00+00:00,HSBC Business Cycles Fund,Growth,Direct,,Equity,Thematic - Business Cycles
Mahindra Manulife Business Cycle Fund - Direct Plan - Growth,15.1839,,AMC24,152045,MHBCFDG-GR,2025-06-10 00:00:00+00:00,Mahindra Manulife Business Cycle Fund,Growth,Direct,,Equity,Thematic - Business Cycles
Union Business Cycle Fund - Direct Plan - Growth Option,11.32,,AMC38,152409,UNBCDG-GR,2025-06-10 00:00:00+00:00,Union Business Cycle Fund,Growth,Direct,,Equity,Thematic - Business Cycles
Edelweiss Business Cycle Fund - Direct Plan - Growth,9.1062,,AMC9,152710,EDCYD1-GR,2025-06-10 00:00:00+00:00,Edelweiss Business Cycle Fund,Growth,Direct,,Equity,Thematic - Business Cycles
DSP Business Cycle Fund - Direct - Growth,10.1,,AMC8,153121,DS916-GR,2025-06-10 00:00:00+00:00,DSP Business Cycle Fund,Growth,Direct,,Equity,Thematic - Business Cycles
ICICI Prudential India Opportunities Fund - Direct Plan - Cumulative Option,38.96,Not Rated,AMC14,145897,IC9453-GR,2025-06-10 00:00:00+00:00,ICICI Prudential India Opportunities Fund,Growth,Direct,,Equity,Thematic - Business Cycles
Tata Business Cycle Fund-Direct Plan-Growth,20.0988,Not Rated,AMC36,149071,TABCGZ-GR,2025-06-10 00:00:00+00:00,Tata Business Cycle Fund,Growth,Direct,,Equity,Thematic - Business Cycles
Quant Business Cycle Fund - Growth Option - Direct Plan,16.8618,,AMC29,151757,QUBCDG-GR,2025-06-10 00:00:00+00:00,Quant Business Cycle Fund,Growth,Direct,,Equity,Thematic - Business Cycles
Sundaram Business Cycle Fund Direct Plan Growth,11.1052,,AMC35,152677,SUBUDG-GR,2025-06-10 00:00:00+00:00,Sundaram Business Cycle Fund,Growth,Direct,,Equity,Thematic - Business Cycles
HSBC India Export Opportunities Fund - Direct Growth,9.7668,,AMC13,152829,HSHEODG-GR,2025-06-10 00:00:00+00:00,HSBC India Export Opportunities Fund,Growth,Direct,,Equity,Thematic - Business Cycles
Bandhan Business Cycle Fund - Direct Plan - Growth,10.132,,AMC16,152878,IDD402-GR,2025-06-10 00:00:00+00:00,Bandhan Business Cycle Fund,Growth,Direct,,Equity,Thematic - Business Cycles
ICICI Prudential Equity Minimum Variance Fund - Direct Plan - Growth,10.57,,AMC14,153070,IC9755-GR,2025-06-10 00:00:00+00:00,ICICI Prudential Equity Minimum Variance Fund,Growth,Direct,,Equity,Thematic - Business Cycles
ICICI Prudential Quality Fund - Direct Plan - Growth,10.24,,AMC14,153458,IC9767-GR,2025-06-10 00:00:00+00:00,ICICI Prudential Quality Fund,Growth,Direct,,Equity,Thematic - Business Cycles
ICICI Prudential Silver ETF Fund Of Fund - Direct Plan - Growth,16.7765,Not Rated,AMC14,149775,IC9673-GR,2025-06-10 00:00:00+00:00,ICICI Prudential Silver ETF Fund Of Fund,Growth,Direct,,Equity,Thematic - Commodities
Aditya Birla Sun Life Silver ETF FOF-Direct Growth,17.0334,Not Rated,AMC1,149780,BS100Y-GR,2025-06-10 00:00:00+00:00,Aditya Birla Sun Life Silver ETF FOF,Growth,Direct,,Equity,Thematic - Commodities
Axis Silver Fund of Fund- Direct Plan-Growth Option,18.8149,Not Rated,AMC2,150615,AXSVDG-GR,2025-06-10 00:00:00+00:00,Axis Silver FOF,Growth,Direct,,Equity,Thematic - Commodities
Motilal Oswal Gold and Silver ETFs Fund of Funds-Direct Plan,18.2745,Not Rated,AMC26,150642,MOMGGD-GR,2025-06-10 00:00:00+00:00,Motilal Oswal Gold and Silver ETFs FOF,Growth,Direct,,Equity,Thematic - Commodities
Tata Silver ETF Fund of Fund Direct Plan Growth Option,14.6242,,AMC36,152293,TASLGZ-GR,2025-06-10 00:00:00+00:00,Tata Silver ETF FOF,Growth,Direct,,Equity,Thematic - Commodities
SBI Magnum Comma Fund - Direct Plan - Growth,112.1442,Not Rated,AMC33,119705,SBD094G-GR,2025-06-10 00:00:00+00:00,SBI Magnum Comma Fund,Growth,Direct,,Equity,Thematic - Commodities
Nippon India Silver ETF FOF- Direct Plan-Growth Option,16.7366,Not Rated,AMC31,149760,RLSOAG-GR,2025-06-10 00:00:00+00:00,Nippon India Silver ETF FOF,Growth,Direct,,Equity,Thematic - Commodities
SBI Silver ETF Fund of Fund- Direct Plan - Growth,11.5397,,AMC33,152735,SBD689G-GR,2025-06-10 00:00:00+00:00,SBI Silver ETF FOF,Growth,Direct,,Equity,Thematic - Commodities
Edelweiss Gold and Silver ETF FOF - Direct Plan - Growth,18.388,Not Rated,AMC9,150581,EDGFD1-GR,2025-06-09 00:00:00+00:00,Edelweiss Gold and Silver ETF FOF,Growth,Direct,,Equity,Thematic - Commodities
ICICI Prudential Commodities Fund - Direct Plan - Growth Option,44.75,Not Rated,AMC14,147662,IC9600-GR,2025-06-10 00:00:00+00:00,ICICI Prudential Commodities Fund,Growth,Direct,,Equity,Thematic - Commodities
HDFC Silver ETF Fund of Fund - Growth Option - Direct Plan,18.1752,Not Rated,AMC12,150737,HDSLFDG-GR,2025-06-10 00:00:00+00:00,HDFC Silver ETF FOF,Growth,Direct,,Equity,Thematic - Commodities
Kotak Silver ETF Fund of Fund - Direct Plan - Growth Option,14.493,Not Rated,AMC21,151603,KO290D-GR,2025-06-10 00:00:00+00:00,Kotak Silver ETF Fund of Fund,Growth,Direct,,Equity,Thematic - Commodities
UTI Silver ETF Fund of Fund - Direct Plan - Growth Option,13.9977,,AMC39,151731,UTSEG1-GR,2025-06-10 00:00:00+00:00,UTI Silver ETF Fund of Fund,Growth,Direct,,Equity,Thematic - Commodities
Quant Commodities Fund - Growth Option - Direct Plan,13.6152,,AMC29,152255,QUCODG-GR,2025-06-10 00:00:00+00:00,Quant Commodities Fund,Growth,Direct,,Equity,Thematic - Commodities
DSP Silver ETF Fund of Fund - Direct - Growth,11.3491,,AMC8,153487,DS925-GR,2025-06-10 00:00:00+00:00,DSP Silver ETF FOF,Growth,Direct,,Equity,Thematic - Commodities
Nippon India Consumption Fund - Direct Plan Growth Plan - Growth Option,221.5494,*****,AMC31,118724,MEAG-GR,2025-06-10 00:00:00+00:00,Nippon India Consumption Fund,Growth,Direct,,Equity,Thematic - Consumption
Tata India Consumer Fund-Direct Plan-Growth,50.561,**,AMC36,135805,TAICFGZ-GR,2025-06-10 00:00:00+00:00,Tata India Consumer Fund,Growth,Direct,,Equity,Thematic - Consumption
ICICI Prudential BHARAT Consumption Fund - Direct Plan - Growth Option,26.93,***,AMC14,146951,IC9551-GR,2025-06-10 00:00:00+00:00,ICICI Prudential Bharat Consumption Fund,Growth,Direct,,Equity,Thematic - Consumption
Quant Consumption Fund - Growth Option - Direct Plan,10.5338,,AMC29,152336,QUCNDG-GR,2025-06-10 00:00:00+00:00,Quant Consumption Fund,Growth,Direct,,Equity,Thematic - Consumption
ITI Bharat Consumption Fund - Direct Plan - Growth,11.1961,,AMC41,153260,ITCFG1-GR,2025-06-10 00:00:00+00:00,ITI Bharat Consumption Fund,Growth,Direct,,Equity,Thematic - Consumption
Aditya Birla Sun Life India Gennext Fund - Growth - Direct Plan,245.24,***,AMC1,119591,BS291GZ-GR,2025-06-10 00:00:00+00:00,Aditya Birla Sun Life India GenNext Fund,Growth,Direct,,Equity,Thematic - Consumption
Sundaram Consumption Fund Direct Plan - Growth,106.7385,**,AMC35,119595,SU92PD-GR,2025-06-10 00:00:00+00:00,Sundaram Consumption Fund,Growth,Direct,,Equity,Thematic - Consumption
HDFC Non-Cyclical Consumer Fund - Growth Option - Direct Plan,14.373,,AMC12,151804,HDHCDGR-GR,2025-06-10 00:00:00+00:00,HDFC Non-Cyclical Consumer Fund,Growth,Direct,,Equity,Thematic - Consumption
SBI Consumption Opportunities Fund - Direct Plan - Growth,351.7161,****,AMC33,120575,SBD033G-GR,2025-06-10 00:00:00+00:00,SBI Consumption Opportunities Fund,Growth,Direct,,Equity,Thematic - Consumption
UTI India Consumer Fund - Direct Plan - Growth Option,61.6583,*,AMC39,120780,UTLSD2-GR,2025-06-10 00:00:00+00:00,UTI India Consumer Fund,Growth,Direct,,Equity,Thematic - Consumption
Mahindra Manulife Consumption Fund - Direct Plan -Growth,24.9422,Not Rated,AMC24,145356,MHMRBDG-GR,2025-06-10 00:00:00+00:00,Mahindra Manulife Consumption Fund,Growth,Direct,,Equity,Thematic - Consumption
Canara Robeco Consumer Trends Fund - Direct Plan - Growth Option,127.39,****,AMC6,118273,CACFDG-GR,2025-06-10 00:00:00+00:00,Canara Robeco Consumer Trends Fund,Growth,Direct,,Equity,Thematic - Consumption
Mirae Asset Great Consumer Fund - Direct Plan - Growth,108.62,***,AMC25,118837,MAFICD1-GR,2025-06-10 00:00:00+00:00,Mirae Asset Great Consumer Fund,Growth,Direct,,Equity,Thematic - Consumption
Axis Consumption Fund Direct Plan - Growth,9.42,,AMC2,152805,AXCNDG-GR,2025-06-10 00:00:00+00:00,Axis Consumption Fund,Growth,Direct,,Equity,Thematic - Consumption
Bank of India Consumption Fund - Direct - Growth,10.65,,AMC5,153139,BACFDG-GR,2025-06-10 00:00:00+00:00,Bank of India Consumption Fund,Growth,Direct,,Equity,Thematic - Consumption
Edelweiss Consumption Fund - Direct - Growth,11.0679,,AMC9,153214,EDCND1-GR,2025-06-10 00:00:00+00:00,Edelweiss Consumption Fund,Growth,Direct,,Equity,Thematic - Consumption
Baroda BNP Paribas India Consumption Fund - Direct Plan - Growth Option,34.3394,***,AMC45,150266,BPICDG-GR,2025-06-10 00:00:00+00:00,Baroda BNP Paribas India Consumption Fund,Growth,Direct,,Equity,Thematic - Consumption
HSBC Consumption Fund - Direct Growth,14.6638,,AMC13,152032,HSHCODG-GR,2025-06-10 00:00:00+00:00,HSBC Consumption Fund,Growth,Direct,,Equity,Thematic - Consumption
Kotak Consumption Fund - Direct plan - Growth Option,13.667,,AMC21,152169,KO1201D-GR,2025-06-10 00:00:00+00:00,Kotak Consumption Fund,Growth,Direct,,Equity,Thematic - Consumption
Bajaj Finserv Consumption Fund - Direct - Growth,9.747,,AMC46,153075,BJCFDG-GR,2025-06-10 00:00:00+00:00,Bajaj Finserv Consumption Fund,Growth,Direct,,Equity,Thematic - Consumption
Mirae Asset Nifty India New Age Consumption ETF Fund of Fund - Direct Plan - Growth,9.617,,AMC25,153192,MAACD1-GR,2025-06-10 00:00:00+00:00,Mirae Asset Nifty India New Age Consumption ETF FoF,Growth,Direct,,Equity,Thematic - Consumption
Kotak India EQ Contra Fund - Growth - Direct,175.688,****,AMC21,119769,KO124D-GR,2025-06-10 00:00:00+00:00,Kotak India EQ Contra Fund,Growth,Direct,,Equity,Thematic - Contra
Invesco India Contra Fund - Direct Plan - Growth,158.38,****,AMC19,120348,RGCFD1-GR,2025-06-10 00:00:00+00:00,Invesco India Contra Fund,Growth,Direct,,Equity,Thematic - Contra
SBI Contra Fund - Direct Plan - Growth,419.018,*****,AMC33,119835,SBD036G-GR,2025-06-09 00:00:00+00:00,SBI Contra Fund,Growth,Direct,,Equity,Thematic - Contra
Templeton India Equity Income Fund - Direct - Growth,151.5097,Not Rated,AMC11,118527,480-GR,2025-06-09 00:00:00+00:00,Templeton India Equity Income Fund,Growth,Direct,,Equity,Thematic - Dividend Yield
UTI Dividend Yield Fund-Growth-Direct,189.7506,Not Rated,AMC39,120749,UTDYD2-GR,2025-06-10 00:00:00+00:00,UTI Dividend Yield Fund,Growth,Direct,,Equity,Thematic - Dividend Yield
Sundaram Dividend Yield Fund- Direct Plan - Growth Option,147.6353,Not Rated,AMC35,149700,SUDYZG-GR,2025-06-10 00:00:00+00:00,Sundaram Dividend Yield Fund,Growth,Direct,,Equity,Thematic - Dividend Yield
Aditya Birla Sun Life Dividend Yield Fund - Growth - Direct Plan,493.54,Not Rated,AMC1,119507,BS261GZ-GR,2025-06-09 00:00:00+00:00,Aditya Birla Sun Life Dividend Yield Fund,Growth,Direct,,Equity,Thematic - Dividend Yield
Principal Dividend Yield Fund - Direct Plan - Growth Option,89.55,Not Rated,AMC28,119438,PCDYZG-GR,2021-12-30 00:00:00+00:00,Principal Dividend Yield Fund,Growth,Direct,,Equity,Thematic - Dividend Yield
SBI Dividend Yield Fund - Direct Plan - Growth,15.4712,Not Rated,AMC33,151478,SBD676G-GR,2025-06-10 00:00:00+00:00,SBI Dividend Yield Fund,Growth,Direct,,Equity,Thematic - Dividend Yield
LIC MF Dividend Yield Fund-Direct Plan-Growth,33.87,,AMC23,152022,LCDYG1-GR,2025-06-10 00:00:00+00:00,LIC MF Dividend Yield Fund,Growth,Direct,,Equity,Thematic - Dividend Yield
ICICI Prudential Dividend Yield Equity Fund Direct Plan Growth Option,58.15,Not Rated,AMC14,129312,8573-GR,2025-06-10 00:00:00+00:00,ICICI Prudential Dividend Yield Equity Fund,Growth,Direct,,Equity,Thematic - Dividend Yield
HDFC Dividend Yield Fund - Growth Option Direct Plan,26.488,Not Rated,AMC12,148609,HDDYDGR-GR,2025-06-10 00:00:00+00:00,HDFC Dividend Yield Fund,Growth,Direct,,Equity,Thematic - Dividend Yield
Tata Dividend Yield Fund-Direct Plan-Growth,19.4392,Not Rated,AMC36,148947,TAYFGZ-GR,2025-06-10 00:00:00+00:00,Tata Dividend Yield Fund,Growth,Direct,,Equity,Thematic - Dividend Yield
IDBI Dividend Yield Fund - Direct Plan - Growth,20.41,Not Rated,AMC15,145750,IBDYG1-GR,2023-07-27 00:00:00+00:00,IDBI Dividend Yield Fund,Growth,Direct,,Equity,Thematic - Dividend Yield
Baroda BNP Paribas Dividend Yield Fund - Direct Plan - Growth Option,9.6989,,AMC45,152810,BPYFDG-GR,2025-06-10 00:00:00+00:00,Baroda BNP Paribas Dividend Yield Fund,Growth,Direct,,Equity,Thematic - Dividend Yield
Mirae Asset Nifty 100 ESG Sector Leaders Fund of Fund Direct Growth,18.891,Not Rated,AMC25,148574,MASLD1-GR,2025-06-10 00:00:00+00:00,Mirae Asset Nifty 100 ESG Sector Leaders FOF,Growth,Direct,,Equity,Thematic - ESG
SBI ESG Exclusionary Strategy Fund - Direct Plan -Growth,263.4295,Not Rated,AMC33,119709,SBD007G-GR,2025-06-10 00:00:00+00:00,SBI ESG Exclusionary Strategy Fund,Growth,Direct,,Equity,Thematic - ESG
Quantum ESG Best in Class Strategy Fund - Direct Plan - Growth Option,25.46,Not Rated,AMC30,147372,QTESGP-GR,2025-06-10 00:00:00+00:00,Quantum ESG Best in Class Strategy Fund,Growth,Direct,,Equity,Thematic - ESG
WhiteOak Capital ESG Best-In-Class Strategy Fund Direct Plan Growth,10.595,,AMC40,152962,YED114G-GR,2025-06-10 00:00:00+00:00,WhiteOak Capital ESG Best-In-Class Strategy Fund,Growth,Direct,,Equity,Thematic - ESG
Axis ESG Integration Strategy Fund - Direct Plan - Growth Option,22.92,Not Rated,AMC2,147928,AXEEDG-GR,2025-06-09 00:00:00+00:00,Axis ESG Integration Strategy Fund,Growth,Direct,,Equity,Thematic - ESG
Aditya Birla Sun Life ESG Integration Strategy Fund-Direct Plan-Growth,19.06,Not Rated,AMC1,148637,BS68Y-GR,2025-06-10 00:00:00+00:00,Aditya Birla Sun Life ESG Integration Strategy Fund,Growth,Direct,,Equity,Thematic - ESG
ICICI Prudential ESG Exclusionary Strategy Fund - Direct Plan - Growth,23.8,Not Rated,AMC14,148516,IC9637-GR,2025-06-10 00:00:00+00:00,ICICI Prudential ESG Exclusionary Strategy Fund,Growth,Direct,,Equity,Thematic - ESG
Quant ESG Equity Fund - Growth Option - Direct Plan,36.3065,Not Rated,AMC29,148564,QUEFG1-GR,2025-06-10 00:00:00+00:00,Quant ESG Equity Fund,Growth,Direct,,Equity,Thematic - ESG
Kotak ESG Exclusionary Strategy Fund - Direct Plan - Growth Option,18.35,Not Rated,AMC21,148606,KO489D-GR,2025-06-10 00:00:00+00:00,Kotak ESG Exclusionary Strategy Fund,Growth,Direct,,Equity,Thematic - ESG
Invesco India ESG Integration Strategy Fund - Direct Plan - Growth,19.18,Not Rated,AMC19,148751,RGEGD1-GR,2025-06-10 00:00:00+00:00,Invesco India ESG Integration Strategy Fund,Growth,Direct,,Equity,Thematic - ESG
Tata Resources & Energy Fund-Direct Plan-Growth,52.599,Not Rated,AMC36,135813,TAREFGZ-GR,2025-06-10 00:00:00+00:00,Tata Resources & Energy Fund,Growth,Direct,,Equity,Thematic - Energy
SBI Energy Opportunities Fund - Direct Plan - Growth,10.8481,,AMC33,152417,SBD686G-GR,2025-06-10 00:00:00+00:00,SBI Energy Opportunities Fund,Growth,Direct,,Equity,Thematic - Energy
Kotak Energy Opportunities Fund-Direct-Growth,10.401,,AMC21,153447,KO1261D-GR,2025-06-10 00:00:00+00:00,Kotak Energy Opportunities Fund,Growth,Direct,,Equity,Thematic - Energy
ICICI Prudential Strategic Metal and Energy Equity Fund of Fund - Direct Plan Growth,17.8088,Not Rated,AMC14,149455,IC9671-GR,2025-06-09 00:00:00+00:00,ICICI Prudential Strategic Metal and Energy Equity Fund of Fund,Growth,Direct,,Equity,Thematic - Energy
Sahara Power & Natural resources Fund- Growth - Direct,16.5008,Not Rated,AMC32,120371,,2020-03-27 00:00:00+00:00,Sahara Power & Natural Resources Fund,Growth,Direct,,Equity,Thematic - Energy
DSP Natural Resources and New Energy Fund - Direct Plan - Growth,98.742,Not Rated,AMC8,119028,DS785-GR,2025-06-06 00:00:00+00:00,DSP Natural Resources and New Energy Fund,Growth,Direct,,Equity,Thematic - Energy
ICICI Prudential Energy Opportunities Fund - Direct Plan - Growth,10.31,,AMC14,152728,IC9751-GR,2025-06-10 00:00:00+00:00,ICICI Prudential Energy Opportunities Fund,Growth,Direct,,Equity,Thematic - Energy
Baroda BNP Paribas Energy Opportunities Fund - Direct Plan - Growth Option,11.5317,,AMC45,153225,BPEODG-GR,2025-06-10 00:00:00+00:00,Baroda BNP Paribas Energy Opportunities Fund,Growth,Direct,,Equity,Thematic - Energy
Edelweiss Recently Listed IPO Fund Direct Plan Growth,27.9072,Not Rated,AMC9,142388,EDMODG-GR,2025-06-10 00:00:00+00:00,Edelweiss Recently Listed IPO Fund,Growth,Direct,,Equity,Thematic - IPO
Tata Infrastructure Fund -Direct Plan Growth,191.14,***,AMC36,119243,TAINFGZ-GR,2025-06-10 00:00:00+00:00,Tata Infrastructure Fund,Growth,Direct,,Equity,Thematic - Infrastructure
Aditya Birla Sun Life Infrastructure Fund - Growth - Direct Plan,104.66,**,AMC1,119514,BS293GZ-GR,2025-06-10 00:00:00+00:00,Aditya Birla Sun Life Infrastructure Fund,Growth,Direct,,Equity,Thematic - Infrastructure
Kotak Infrastructure & Economic Reform Fund- Direct Plan- Growth Option,78.067,****,AMC21,133801,KO03GD-GR,2025-06-10 00:00:00+00:00,Kotak Infrastructure and Economic Reform Fund,Growth,Direct,,Equity,Thematic - Infrastructure
Sahara Infrastructure Fund -Variable Pricing Option-Direct-Growth,22.7307,Not Rated,AMC32,120355,,2020-04-03 00:00:00+00:00,Sahara Infrastructure Fund,Growth,Direct,,Equity,Thematic - Infrastructure
SBI Infrastructure Fund -  Direct Plan - Growth,54.3122,****,AMC33,119700,SBD144G-GR,2025-06-10 00:00:00+00:00,SBI Infrastructure Fund,Growth,Direct,,Equity,Thematic - Infrastructure
UTI Infrastructure Fund-Growth Option- Direct,149.8734,**,AMC39,120728,UTIND2-GR,2025-06-10 00:00:00+00:00,UTI Infrastructure Fund,Growth,Direct,,Equity,Thematic - Infrastructure
HSBC Infrastructure Fund - Direct Growth,53.7866,**,AMC13,151040,HS416D-GR,2025-06-10 00:00:00+00:00,HSBC Infrastructure Fund,Growth,Direct,,Equity,Thematic - Infrastructure
Motilal Oswal Infrastructure Fund-Direct-Growth,11.2949,,AMC26,153484,MOIFGD-GR,2025-06-10 00:00:00+00:00,Motilal Oswal Infrastructure Fund,Growth,Direct,,Equity,Thematic - Infrastructure
HSBC Infrastructure Equity Fund - Growth Direct,30.6449,*,AMC13,120034,HAFG-GR,2022-11-25 00:00:00+00:00,HSBC Infrastructure Equity Fund,Growth,Direct,,Equity,Thematic - Infrastructure
Sahara Infrastructure Fund -Fixed Pricing Option-Direct-Growth,21.2123,Not Rated,AMC32,120353,,2020-04-03 00:00:00+00:00,Sahara Infrastructure Fund,Growth,Direct,,Equity,Thematic - Infrastructure
Bandhan Infrastructure Fund-Direct Plan-Growth,59.833,**,AMC16,118469,D265-GR,2025-06-10 00:00:00+00:00,Bandhan Infrastructure Fund,Growth,Direct,,Equity,Thematic - Infrastructure
Franklin Build India Fund - Direct - Growth,163.2957,***,AMC11,118557,489-GR,2025-06-10 00:00:00+00:00,Franklin Build India Fund,Growth,Direct,,Equity,Thematic - Infrastructure
HDFC Infrastructure Fund - Growth Option - Direct Plan,53.23,*,AMC12,118979,INFGT-DP,2025-06-10 00:00:00+00:00,HDFC Infrastructure Fund,Growth,Direct,,Equity,Thematic - Infrastructure
ICICI Prudential Infrastructure Fund - Direct Plan -  Growth,214.91,*****,AMC14,120621,8184-GR,2025-06-10 00:00:00+00:00,ICICI Prudential Infrastructure Fund,Growth,Direct,,Equity,Thematic - Infrastructure
Quant Infrastructure Fund - Growth Option-Direct Plan,41.9363,*****,AMC29,120833,QUISDG-GR,2025-06-10 00:00:00+00:00,Quant Infrastructure Fund,Growth,Direct,,Equity,Thematic - Infrastructure
Tata Housing Opportunities Fund - Direct Plan - Growth,16.1982,Not Rated,AMC36,150532,TAHOGZ-GR,2025-06-10 00:00:00+00:00,Tata Housing Opportunities Fund,Growth,Direct,,Equity,Thematic - Infrastructure
Taurus Infrastructure Fund - Direct Plan - Growth,73.56,***,AMC37,118879,TRITG1-GR,2025-06-10 00:00:00+00:00,Taurus Infrastructure Fund,Growth,Direct,,Equity,Thematic - Infrastructure
LIC MF Infrastructure Fund-Direct Plan-Growth,57.6109,***,AMC23,120351,LCIRG1-DGR,2025-06-10 00:00:00+00:00,LIC MF Infrastructure Fund,Growth,Direct,,Equity,Thematic - Infrastructure
Sundaram Infrastructure Advantage Fund Direct Plan - Growth,101.6125,**,AMC35,129212,SU82PD-GR,2025-06-10 00:00:00+00:00,Sundaram Infrastructure Advantage Fund,Growth,Direct,,Equity,Thematic - Infrastructure
HDFC Housing Opportunities Fund  - Growth Option - Direct Plan,24.318,Not Rated,AMC12,141924,HDHO1GT-GR,2025-06-10 00:00:00+00:00,HDFC Housing Opportunities Fund,Growth,Direct,,Equity,Thematic - Infrastructure
ICICI Prudential Housing Opportunities Fund - Direct Plan Growth,17.96,Not Rated,AMC14,150310,IC9682-GR,2025-06-10 00:00:00+00:00,ICICI Prudential Housing Opportunities Fund,Growth,Direct,,Equity,Thematic - Infrastructure
Canara Robeco Infrastructure Fund - Direct Plan - Growth Option,181.35,***,AMC6,118267,CAINDG-GR,2025-06-10 00:00:00+00:00,Canara Robeco Infrastructure Fund,Growth,Direct,,Equity,Thematic - Infrastructure
Nippon India Power & Infra Fund - Direct Plan Growth Plan - Growth Option,378.5064,***,AMC31,118763,PSAG-GR,2025-06-10 00:00:00+00:00,Nippon India Power & Infra Fund,Growth,Direct,,Equity,Thematic - Infrastructure
DSP India T.I.G.E.R. Fund - Direct Plan - Growth,341.273,***,AMC8,119247,DS779-GR,2025-06-10 00:00:00+00:00,DSP India T.I.G.E.R. Fund,Growth,Direct,,Equity,Thematic - Infrastructure
Bank of India Manufacturing & Infrastructure Fund-Direct Plan-Growth,65.81,****,AMC5,119364,BXBA066-GR,2025-06-10 00:00:00+00:00,Bank of India Manufacturing & Infrastructure Fund,Growth,Direct,,Equity,Thematic - Infrastructure
Invesco India Infrastructure Fund - Direct Pan - Growth Option,78.46,****,AMC19,120405,RGISD1-GR,2025-06-10 00:00:00+00:00,Invesco India Infrastructure Fund,Growth,Direct,,Equity,Thematic - Infrastructure
UTI Innovation Fund - Direct Plan - Growth Option,11.9852,,AMC39,152087,UTFIG1G-GR,2025-06-10 00:00:00+00:00,UTI Innovation Fund,Growth,Direct,,Equity,Thematic - Innovation
Tata India Innovation Fund- Direct Growth,9.8129,,AMC36,153055,TAINGZ-GR,2025-06-10 00:00:00+00:00,Tata India Innovation Fund,Growth,Direct,,Equity,Thematic - Innovation
Union Innovation & Opportunities Fund - Direct Plan - Growth Option,14.15,,AMC38,151905,UNIODG-GR,2025-06-10 00:00:00+00:00,Union Innovation & Opportunities Fund,Growth,Direct,,Equity,Thematic - Innovation
Bandhan Innovation Fund - Direct Plan - Growth,12.927,,AMC16,152607,IDD397-GR,2025-06-10 00:00:00+00:00,Bandhan Innovation Fund,Growth,Direct,,Equity,Thematic - Innovation
Motilal Oswal Innovation Opportunities Fund - Direct Plan- Growth,12.2692,,AMC26,153258,MOIOGD-GR,2025-06-10 00:00:00+00:00,Motilal Oswal Innovation Opportunities Fund,Growth,Direct,,Equity,Thematic - Innovation
Axis Innovation Fund - Direct Plan - Growth Option,19.62,Not Rated,AMC2,148634,AXSSDG-GR,2025-06-09 00:00:00+00:00,Axis Innovation Fund,Growth,Direct,,Equity,Thematic - Innovation
ICICI Prudential Innovation Fund - Direct Plan - Growth,18.72,Not Rated,AMC14,151580,IC9741-GR,2025-06-09 00:00:00+00:00,ICICI Prudential Innovation Fund,Growth,Direct,,Equity,Thematic - Innovation
Kotak Pioneer Fund- Direct Plan- Growth Option,33.639,Not Rated,AMC21,147727,KO487D-GR,2025-06-09 00:00:00+00:00,Kotak Pioneer Fund,Growth,Direct,,Equity,Thematic - Innovation
Nippon India Innovation Fund-Direct Plan-Growth Option,14.3874,,AMC31,152033,RLITAG-GR,2025-06-10 00:00:00+00:00,Nippon India Innovation Fund,Growth,Direct,,Equity,Thematic - Innovation
Baroda BNP Paribas Innovation Fund Direct plan - Growth Option,12.3838,,AMC45,152470,BPIVDG-GR,2025-06-10 00:00:00+00:00,Baroda BNP Paribas Innovation Fund,Growth,Direct,,Equity,Thematic - Innovation
SBI Magnum Global Fund - Direct Plan -Growth,405.4655,Not Rated,AMC33,119711,SBD021G-GR,2025-06-10 00:00:00+00:00,SBI Magnum Global Fund,Growth,Direct,,Equity,Thematic - MNC
Kotak MNC Fund-Direct Plan-Growth,10.139,,AMC21,152910,KO1241D-GR,2025-06-10 00:00:00+00:00,Kotak MNC Fund,Growth,Direct,,Equity,Thematic - MNC
UTI MNC Fund - Growth Option - Direct,431.0378,Not Rated,AMC39,120682,UTMFD2-GR,2025-06-10 00:00:00+00:00,UTI MNC Fund,Growth,Direct,,Equity,Thematic - MNC
HDFC MNC Fund - Growth Option - Direct Plan,13.608,Not Rated,AMC12,151458,HDHMDGR-GR,2025-06-10 00:00:00+00:00,HDFC MNC Fund,Growth,Direct,,Equity,Thematic - MNC
Aditya Birla Sun Life MNC Fund - Growth - Direct Plan,1507.83,Not Rated,AMC1,119646,BS221GZ-GR,2025-06-09 00:00:00+00:00,Aditya Birla Sun Life MNC Fund,Growth,Direct,,Equity,Thematic - MNC
ICICI Prudential MNC Fund - Direct Plan - Growth Option,30.14,Not Rated,AMC14,147346,IC9594-GR,2025-06-09 00:00:00+00:00,ICICI Prudential MNC Fund,Growth,Direct,,Equity,Thematic - MNC
HDFC Manufacturing fund - Growth Option - Direct Plan,10.716,,AMC12,152600,HDHFDGR-GR,2025-06-10 00:00:00+00:00,HDFC Manufacturing fund,Growth,Direct,,Equity,Thematic - Manufacturing
ICICI Prudential Manufacturing Fund - Direct Plan - Cumulative Option,37.44,Not Rated,AMC14,145075,IC9392-GR,2025-06-10 00:00:00+00:00,ICICI Prudential Manufacturing Fund,Growth,Direct,,Equity,Thematic - Manufacturing
Axis India Manufacturing Fund - Direct Plan - Growth,13.98,,AMC2,152202,AXIMDG-GR,2025-06-10 00:00:00+00:00,Axis India Manufacturing Fund,Growth,Direct,,Equity,Thematic - Manufacturing
Mahindra Manulife Manufacturing Fund - Direct Plan - Growth,9.8777,,AMC24,152672,MHMMFDG-GR,2025-06-10 00:00:00+00:00,Mahindra Manulife Manufacturing Fund,Growth,Direct,,Equity,Thematic - Manufacturing
Invesco India Manufacturing Fund - Direct - Growth,10.28,,AMC19,152756,RGMGD1-GR,2025-06-10 00:00:00+00:00,Invesco India Manufacturing Fund,Growth,Direct,,Equity,Thematic - Manufacturing
Motilal Oswal Manufacturing Fund - Direct Plan- Growth,11.4031,,AMC26,152760,MOMTGD-GR,2025-06-10 00:00:00+00:00,Motilal Oswal Manufacturing Fund,Growth,Direct,,Equity,Thematic - Manufacturing
LIC MF Manufacturing Fund-Direct Plan-Growth,10.0647,,AMC23,152920,LCMFG1-GR,2025-06-10 00:00:00+00:00,LIC MF Manufacturing Fund,Growth,Direct,,Equity,Thematic - Manufacturing
Mirae Asset Nifty India Manufacturing ETF FOF - Direct Plan - Growth,18.33,Not Rated,AMC25,149790,MAMFD1-GR,2025-06-10 00:00:00+00:00,Mirae Asset Nifty India Manufacturing ETF FOF,Growth,Direct,,Equity,Thematic - Manufacturing
Quant Manufacturing Fund - Growth Option - Direct Plan,15.4148,,AMC29,151916,QUMFDG-GR,2025-06-10 00:00:00+00:00,Quant Manufacturing Fund,Growth,Direct,,Equity,Thematic - Manufacturing
Aditya Birla Sun Life Manufacturing Equity Fund - Direct Plan - Growth,35.04,Not Rated,AMC1,133516,BS250Y-GR,2025-06-10 00:00:00+00:00,Aditya Birla Sun Life Manufacturing Equity Fund,Growth,Direct,,Equity,Thematic - Manufacturing
Kotak Manufacture in India Fund - Direct Plan Growth,19.548,Not Rated,AMC21,149841,KO265D-GR,2025-06-10 00:00:00+00:00,Kotak Manufacture in India Fund,Growth,Direct,,Equity,Thematic - Manufacturing
Canara Robeco Manufacturing Fund - Direct Plan - Growth Option,12.52,,AMC6,152450,CAMNDG-GR,2025-06-10 00:00:00+00:00,Canara Robeco Manufacturing Fund,Growth,Direct,,Equity,Thematic - Manufacturing
Baroda BNP Paribas Manufacturing Fund - Direct Plan - Growth Option,9.7632,,AMC45,152697,BPMFDG-GR,2025-06-10 00:00:00+00:00,Baroda BNP Paribas Manufacturing Fund,Growth,Direct,,Equity,Thematic - Manufacturing
Union Active Momentum Fund - Direct Plan - Growth Option,8.88,,AMC38,153109,UNAMDG-GR,2025-06-10 00:00:00+00:00,Union Active Momentum Fund,Growth,Direct,,Equity,Thematic - Momentum
Quant Momentum Fund - Growth Option - Direct Plan,14.9659,,AMC29,152189,QUMODG-GR,2025-06-10 00:00:00+00:00,Quant Momentum Fund,Growth,Direct,,Equity,Thematic - Momentum
Motilal Oswal Active Momentum Fund- Direct-Growth,11.1011,,AMC26,153364,MOAMGD-GR,2025-06-10 00:00:00+00:00,Motilal Oswal Active Momentum Fund,Growth,Direct,,Equity,Thematic - Momentum
Samco Active Momentum Fund - Direct Plan - Growth Option,14.66,,AMC43,151753,SAAMDG-GR,2025-06-10 00:00:00+00:00,Samco Active Momentum Fund,Growth,Direct,,Equity,Thematic - Momentum
Axis Momentum Fund - Direct Plan - Growth Option,9.3,,AMC2,153083,AXMFDG-GR,2025-06-10 00:00:00+00:00,Axis Momentum Fund,Growth,Direct,,Equity,Thematic - Momentum
Nippon India Active Momentum Fund-Direct Plan - Growth Option,11.6093,,AMC31,153274,RLAMAG-GR,2025-06-10 00:00:00+00:00,Nippon India Active Momentum Fund,Growth,Direct,,Equity,Thematic - Momentum
Quant PSU Fund - Growth Option - Direct Plan,10.7299,,AMC29,152415,QUPUDG-GR,2025-06-10 00:00:00+00:00,Quant PSU Fund,Growth,Direct,,Equity,Thematic - PSU
Aditya Birla Sun Life PSU Equity Fund-Direct Plan-Growth,36.81,Not Rated,AMC1,147844,BS66Y-GR,2025-06-10 00:00:00+00:00,Aditya Birla Sun Life PSU Equity Fund,Growth,Direct,,Equity,Thematic - PSU
SBI PSU Fund - Direct Plan - Growth,35.8824,Not Rated,AMC33,119732,SBD192G-GR,2025-06-10 00:00:00+00:00,SBI PSU Fund,Growth,Direct,,Equity,Thematic - PSU
Invesco India PSU Equity Fund - Direct Plan - Growth,77.57,Not Rated,AMC19,120395,RGPSD1-GR,2025-06-10 00:00:00+00:00,Invesco India PSU Equity Fund,Growth,Direct,,Equity,Thematic - PSU
ICICI Prudential PSU Equity Fund - Direct Plan - Growth,21.76,Not Rated,AMC14,150539,IC9691-GR,2025-06-10 00:00:00+00:00,ICICI Prudential PSU Equity Fund,Growth,Direct,,Equity,Thematic - PSU
Nippon India Quant Fund - Direct Plan Growth Plan - Growth Option,76.9092,Not Rated,AMC31,118769,QDPG-GR,2025-06-10 00:00:00+00:00,Nippon India Quant Fund,Growth,Direct,,Equity,Thematic - Quant
DSP Quant Fund - Direct Plan - Growth,22.414,Not Rated,AMC8,147306,DS872-GR,2025-06-10 00:00:00+00:00,DSP Quant Fund,Growth,Direct,,Equity,Thematic - Quant
ICICI Prudential Quant Fund Direct Plan Growth,23.56,Not Rated,AMC14,148600,IC9639-GR,2025-06-10 00:00:00+00:00,ICICI Prudential Quant Fund,Growth,Direct,,Equity,Thematic - Quant
UTI Quant Fund - Direct Plan - Growth Option,10.8017,,AMC39,153204,UTFDG1-GR,2025-06-10 00:00:00+00:00,UTI Quant Fund,Growth,Direct,,Equity,Thematic - Quant
Aditya Birla Sun Life Quant Fund - Direct Growth,9.61,,AMC1,152684,BS128Y-GR,2025-06-10 00:00:00+00:00,Aditya Birla Sun Life Quant Fund,Growth,Direct,,Equity,Thematic - Quant
Motilal Oswal Quant Fund - Direct - Growth,10.5561,,AMC26,152694,MOMQGD-GR,2025-06-10 00:00:00+00:00,Motilal Oswal Quant Fund,Growth,Direct,,Equity,Thematic - Quant
SBI Quant Fund- Direct Plan- Growth,9.7965,,AMC33,153154,SBD694G-GR,2025-06-10 00:00:00+00:00,SBI Quant Fund,Growth,Direct,,Equity,Thematic - Quant
Quant Quantamental Fund - Growth Option - Direct Plan,24.6034,Not Rated,AMC29,148925,QUQMDG-GR,2025-06-10 00:00:00+00:00,Quant Quantamental Fund,Growth,Direct,,Equity,Thematic - Quant
360 ONE Quant Fund Direct Growth,20.5416,Not Rated,AMC17,149318,IIIQDG-GR,2025-06-10 00:00:00+00:00,360 ONE Quant Fund,Growth,Direct,,Equity,Thematic - Quant
Axis Quant Fund - Direct Plan - Growth,16.75,Not Rated,AMC2,148993,AXQFDG-GR,2025-06-10 00:00:00+00:00,Axis Quant Fund,Growth,Direct,,Equity,Thematic - Quant
Kotak Quant Fund - Direct Plan - Growth Option,14.792,,AMC21,151881,KO297D-GR,2025-06-10 00:00:00+00:00,Kotak Quant Fund,Growth,Direct,,Equity,Thematic - Quant
Tata Quant Fund-Direct Plan-Growth,0.0,Not Rated,AMC36,147864,TAQFGZ-GR,2025-04-01 00:00:00+00:00,Tata Quant Fund,Growth,Direct,,Equity,Thematic - Quant
ICICI Prudential Exports & Services Fund - Direct Plan - Growth,179.97,Not Rated,AMC14,120688,8194-GR,2025-06-09 00:00:00+00:00,ICICI Prudential Exports and Services Fund,Growth,Direct,,Equity,Thematic - Service Industries
Sundaram Services Fund Direct Plan - Growth,38.126,Not Rated,AMC35,144835,SUSSFDG-GR,2025-06-09 00:00:00+00:00,Sundaram Services Fund,Growth,Direct,,Equity,Thematic - Service Industries
Tata Ethical Fund -Direct Plan Growth,439.0721,Not Rated,AMC36,119172,TASSFZ-GR,2025-06-10 00:00:00+00:00,Tata Ethical Fund,Growth,Direct,,Equity,Thematic - Shariah
Taurus Ethical Fund - Direct Plan - Growth,143.78,Not Rated,AMC37,118876,TREFG1-GR,2025-06-10 00:00:00+00:00,Taurus Ethical Fund,Growth,Direct,,Equity,Thematic - Shariah
Quantum Ethical Fund - Direct Plan Growth Option,10.04,,AMC30,153094,QTETGP-GR,2025-06-10 00:00:00+00:00,Quantum Ethical Fund,Growth,Direct,,Equity,Thematic - Shariah
Union Value Fund - Direct Plan - Growth Option,29.75,**,AMC38,145473,UNVDGD-GR,2025-06-10 00:00:00+00:00,Union Value Fund,Growth,Direct,,Equity,Value Fund
IDBI Long Term Value Fund-Direct Plan- Growth,18.64,**,AMC15,144455,IBLVG1-GR,2023-07-27 00:00:00+00:00,IDBI Long Term Value Fund,Growth,Direct,,Equity,Value Fund
Sahara Star Value Fund-Growth - Direct,19.7852,Not Rated,AMC32,120386,,2020-03-27 00:00:00+00:00,Sahara Star Value Fund,Growth,Direct,,Equity,Value Fund
UTI Value Fund- Direct Plan - Growth Option,183.7445,****,AMC39,120751,UTOPD2-GR,2025-06-10 00:00:00+00:00,UTI Value Fund,Growth,Direct,,Equity,Value Fund
Quant Value Fund - Growth Option  - Direct Plan,20.8635,Not Rated,AMC29,149335,QUVFDG-GR,2025-06-10 00:00:00+00:00,Quant Value Fund,Growth,Direct,,Equity,Value Fund
Aditya Birla Sun Life Pure Value Fund - Growth - Direct Plan,142.9061,*,AMC1,119659,BS296GZ-GR,2025-06-10 00:00:00+00:00,Aditya Birla Sun Life Pure Value Fund,Growth,Direct,,Equity,Value Fund
Canara Robeco Value Fund - Direct Plan - Growth Option,19.51,Not Rated,AMC6,149085,CAVFDG-GR,2025-06-10 00:00:00+00:00,Canara Robeco Value Fund,Growth,Direct,,Equity,Value Fund
Templeton India Value Fund - Direct - Growth,799.2289,***,AMC11,118494,452-GR,2025-06-10 00:00:00+00:00,Templeton India Value Fund,Growth,Direct,,Equity,Value Fund
Tata Equity P/E Fund -Direct Plan Growth Option,395.7096,**,AMC36,119231,TAEPEGZ-GR,2025-06-10 00:00:00+00:00,Tata Equity P/E Fund,Growth,Direct,,Equity,Value Fund
JM Value Fund Direct - Growth Option,111.3917,***,AMC20,120486,BADG-GR,2025-06-10 00:00:00+00:00,JM Value Fund,Growth,Direct,,Equity,Value Fund
Groww Value Fund - Direct Plan - Growth Option,32.312,**,AMC18,135341,INVDDG-GR,2025-06-10 00:00:00+00:00,Groww Value Fund,Growth,Direct,,Equity,Value Fund
Axis Value Fund - Direct Plan - Growth,19.43,Not Rated,AMC2,149166,AXVFDG-GR,2025-06-10 00:00:00+00:00,Axis Value Fund,Growth,Direct,,Equity,Value Fund
HSBC Value Fund - Direct Growth,124.0455,***,AMC13,151113,HSFIVGD-GR,2025-06-10 00:00:00+00:00,HSBC Value Fund,Growth,Direct,,Equity,Value Fund
ICICI Prudential Value Discovery Fund - Direct Plan - Growth,514.76,****,AMC14,120323,8176-GR,2025-06-09 00:00:00+00:00,ICICI Prudential Value Discovery Fund,Growth,Direct,,Equity,Value Fund
DSP Value Fund - Direct Plan - Growth,22.035,Not Rated,AMC8,148595,DS875-GR,2025-06-06 00:00:00+00:00,DSP Value Fund,Growth,Direct,,Equity,Value Fund
Quantum Value Fund - Direct Plan Growth Option,131.75,**,AMC30,103490,QMFEF-GP,2025-06-10 00:00:00+00:00,Quantum Value Fund,Growth,Direct,,Equity,Value Fund
Bandhan Sterling Value Fund-Direct Plan-Growth,168.066,****,AMC16,118481,D215-GR,2025-06-10 00:00:00+00:00,Bandhan Sterling Value Fund,Growth,Direct,,Equity,Value Fund
Nippon India Value Fund - Direct Plan Growth Plan,247.812,***,AMC31,118784,SEAG-GR,2025-06-10 00:00:00+00:00,Nippon India Value Fund,Growth,Direct,,Equity,Value Fund
HDFC Value Fund - Growth Option - Direct Plan,824.324,**,AMC12,118935,62T-GR,2025-06-10 00:00:00+00:00,HDFC Value Fund,Growth,Direct,,Equity,Value Fund
ITI Value Fund- Direct plan-Growth Option,18.0689,Not Rated,AMC41,148972,ITVFG1-GR,2025-06-10 00:00:00+00:00,ITI Value Fund,Growth,Direct,,Equity,Value Fund
Baroda BNP Paribas Value Fund - Direct Plan - Growth option,14.3352,,AMC45,151755,BPVFDG-GR,2025-06-10 00:00:00+00:00,Baroda BNP Paribas Value Fund,Growth,Direct,,Equity,Value Fund
LIC MF Value Fund-Direct Plan-Growth,26.0052,,AMC23,152018,LCLVG1-GR,2025-06-10 00:00:00+00:00,LIC MF Value Fund,Growth,Direct,,Equity,Value Fund
Mahindra Manulife Value Fund - Direct Plan - Growth,11.5408,,AMC24,153303,MHMVFDG-GR,2025-06-10 00:00:00+00:00,Mahindra Manulife Value Fund,Growth,Direct,,Equity,Value Fund
Bandhan Government Securities Fund - Constant Maturity Plan -Direct Plan-Growth,46.7003,Not Rated,AMC16,118387,DGSG-GR,2025-06-10 00:00:00+00:00,Bandhan G-Sec-Constant Maturity Plan,Growth,Direct,,Fixed Income,10 Y Gilt
SBI Magnum Constant Maturity Fund - Direct Plan - Growth,66.5097,Not Rated,AMC33,120137,SBD038-GR,2025-06-10 00:00:00+00:00,SBI Magnum Constant Maturity Fund,Growth,Direct,,Fixed Income,10 Y Gilt
ICICI Prudential Constant Maturity Gilt Fund - Direct Plan - Growth,25.3667,Not Rated,AMC14,131061,IC8698-GR,2025-06-10 00:00:00+00:00,ICICI Prudential Constant Maturity Gilt Fund,Growth,Direct,,Fixed Income,10 Y Gilt
DSP 10Y G-Sec Fund - Direct Plan - Growth,22.451,Not Rated,AMC8,131301,DS820-GR,2025-06-10 00:00:00+00:00,DSP 10Y G-Sec Fund,Growth,Direct,,Fixed Income,10 Y Gilt
UTI Gilt Fund with 10 year Constant Duration - Direct Plan - Growth Option,12.8294,Not Rated,AMC39,150410,UTGFG1-GR,2025-06-10 00:00:00+00:00,UTI Gilt Fund with 10 year Constant Duration,Growth,Direct,,Fixed Income,10 Y Gilt
Franklin India Banking & PSU Debt Fund - Direct - Growth,23.4995,**,AMC11,129008,FR704-GR,2025-06-10 00:00:00+00:00,Franklin India Banking & PSU Debt Fund,Growth,Direct,,Fixed Income,Banking & PSU Fund
Edelweiss Banking and PSU Debt Fund - Direct Plan - Growth Option,25.6489,**,AMC9,140286,EDPSD1-GR,2025-06-10 00:00:00+00:00,Edelweiss Banking and PSU Debt Fund,Growth,Direct,,Fixed Income,Banking & PSU Fund
TRUST MF Banking & PSU Fund - Direct Growth,1300.3937,**,AMC42,148656,TSBFDG-GR,2025-06-10 00:00:00+00:00,TRUST MF Banking & PSU Fund,Growth,Direct,,Fixed Income,Banking & PSU Fund
Indiabulls Banking & PSU Debt Fund-Direct Plan- Growth,1129.7294,**,AMC18,147217,INBFG1-GR,2021-03-04 00:00:00+00:00,Indiabulls Banking & PSU Debt Fund,Growth,Direct,,Fixed Income,Banking & PSU Fund
SBI Banking & PSU Fund - Direct Plan - Growth,3324.7512,**,AMC33,125503,SBD348G-GR,2025-06-10 00:00:00+00:00,SBI Banking and PSU Fund,Growth,Direct,,Fixed Income,Banking & PSU Fund
Baroda BNP Paribas Banking and PSU Bond Fund- Direct Plan -Growth Option,12.9872,**,AMC45,148628,BPBPD2-GR,2025-06-10 00:00:00+00:00,Baroda BNP Paribas Banking and PSU Bond Fund,Growth,Direct,,Fixed Income,Banking & PSU Fund
Canara Robeco Banking and PSU Debt Fund- Direct Plan- Growth Option,12.184,Not Rated,AMC6,150505,CABPDG-GR,2025-06-10 00:00:00+00:00,Canara Robeco Banking and PSU Debt  Fund,Growth,Direct,,Fixed Income,Banking & PSU Fund
Sundaram Banking and PSU Debt Fund Direct Plan - Growth,43.7966,**,AMC35,119625,SU153DP-GR,2025-06-10 00:00:00+00:00,Sundaram Banking & PSU Debt Fund,Growth,Direct,,Fixed Income,Banking & PSU Fund
ICICI Prudential Banking and PSU Debt Fund - Direct Plan -  Growth,34.1819,*****,AMC14,120256,8104-GR,2025-06-10 00:00:00+00:00,ICICI Prudential Banking & PSU Debt Fund,Growth,Direct,,Fixed Income,Banking & PSU Fund
LIC MF Banking & PSU Fund-Direct Plan-Growth,37.7238,***,AMC23,120338,LCLPG1-DGR,2025-06-10 00:00:00+00:00,LIC MF Banking & PSU Fund,Growth,Direct,,Fixed Income,Banking & PSU Fund
Axis Banking & PSU Debt Fund - Direct Plan - Growth Option,2726.1875,****,AMC2,120438,BDDG-GR,2025-06-10 00:00:00+00:00,Axis Banking & PSU Debt Fund,Growth,Direct,,Fixed Income,Banking & PSU Fund
Invesco India Banking and PSU Fund - Direct Plan -  Growth Option,2435.265,*,AMC19,120444,RGBDD1-GR,2025-06-10 00:00:00+00:00,Invesco India Banking and PSU Fund,Growth,Direct,,Fixed Income,Banking & PSU Fund
Kotak Banking and PSU Debt Direct - Growth,68.4025,***,AMC21,123693,KO01D-GR,2025-06-10 00:00:00+00:00,Kotak Banking and PSU Debt Fund,Growth,Direct,,Fixed Income,Banking & PSU Fund
Bajaj Finserv Banking and PSU Fund-Direct Plan- Growth,11.5716,,AMC46,152162,BJBPDG-GR,2025-06-10 00:00:00+00:00,Bajaj Finserv Banking and PSU Fund,Growth,Direct,,Fixed Income,Banking & PSU Fund
Aditya Birla Sun Life Banking & PSU Debt Fund- Direct Plan-Growth,382.0665,****,AMC1,119550,BS85NGZ-GR,2025-06-10 00:00:00+00:00,Aditya Birla Sun Life Banking & PSU Debt Fund,Growth,Direct,,Fixed Income,Banking & PSU Fund
Bandhan Banking & PSU Debt Fund - Direct Growth,25.3797,*****,AMC16,121279,D280-GR,2025-06-10 00:00:00+00:00,Bandhan Banking & PSU Debt Fund,Growth,Direct,,Fixed Income,Banking & PSU Fund
DSP Banking & PSU Debt Fund - Direct Plan - Growth,25.0167,***,AMC8,124175,DS802-GR,2025-06-10 00:00:00+00:00,DSP Banking & PSU Debt Fund,Growth,Direct,,Fixed Income,Banking & PSU Fund
ITI Banking & PSU Debt Fund - Direct Plan - Growth Option,13.3767,*****,AMC41,148534,ITBSG1-GR,2025-06-10 00:00:00+00:00,ITI Banking & PSU Debt Fund,Growth,Direct,,Fixed Income,Banking & PSU Fund
HSBC Banking and PSU Debt Fund - Direct Growth,25.6355,*,AMC13,151107,HSLFSGD-GR,2025-06-10 00:00:00+00:00,HSBC Banking and PSU Debt Fund,Growth,Direct,,Fixed Income,Banking & PSU Fund
TATA Banking & PSU Debt Fund-Direct Plan-Growth,13.4926,***,AMC36,147636,TABPGZ-GR,2024-06-14 00:00:00+00:00,TATA Banking & PSU Debt Fund,Growth,Direct,,Fixed Income,Banking & PSU Fund
PGIM India Banking and PSU Debt fund- Direct Plan-Growth,22.3443,***,AMC7,138564,PRBPD1-GR,2023-09-29 00:00:00+00:00,PGIM India Banking & PSU Debt Fund,Growth,Direct,,Fixed Income,Banking & PSU Fund
UTI Banking & PSU Debt Fund - Direct Plan - Growth Option,22.3707,Not Rated,AMC39,126940,UTBPG1-GR,2025-06-10 00:00:00+00:00,UTI Banking & PSU Debt Fund,Growth,Direct,,Fixed Income,Banking & PSU Fund
HDFC Banking and PSU Debt Fund - Growth Option - Direct Plan,24.0473,****,AMC12,128629,HBPGT-GR,2025-06-10 00:00:00+00:00,HDFC Banking and PSU Debt Fund,Growth,Direct,,Fixed Income,Banking & PSU Fund
Nippon India Banking  & PSU Debt Fund- Direct Plan-Growth Plan- Growth Option,21.634,****,AMC31,134547,RLBPAG-GR,2025-06-10 00:00:00+00:00,Nippon India Banking & PSU Debt Fund,Growth,Direct,,Fixed Income,Banking & PSU Fund
Mirae Asset Banking and PSU Fund Direct Growth,13.3006,***,AMC25,148419,MABPD1-GR,2025-06-10 00:00:00+00:00,Mirae Asset Banking and PSU Fund,Growth,Direct,,Fixed Income,Banking & PSU Fund
HSBC Corporate Bond Fund - Direct Plan - Growth,10.8159,**,AMC13,148492,HSHCBG-GR,2022-11-25 00:00:00+00:00,HSBC Corporate Bond Fund,Growth,Direct,,Fixed Income,Corporate Bond Fund
Edelweiss Corporate Bond Fund - Direct Plan - Growth Option,13.8398,*,AMC9,140333,EDCDD1-GR,2021-05-20 00:00:00+00:00,Edelweiss Corporate Bond Fund,Growth,Direct,,Fixed Income,Corporate Bond Fund
Sundaram Corporate Bond Fund Direct Plan - Growth,41.6745,****,AMC35,119621,SU157DP-GR,2025-06-10 00:00:00+00:00,Sundaram Corporate Bond Fund,Growth,Direct,,Fixed Income,Corporate Bond Fund
Invesco India Corporate Bond Fund - Direct Plan - Growth,3419.5411,***,AMC19,120497,RGAID1-GR,2025-06-10 00:00:00+00:00,Invesco India Corporate Bond Fund,Growth,Direct,,Fixed Income,Corporate Bond Fund
Bandhan Corporate Bond Fund - Direct Growth,19.8508,***,AMC16,135916,IDD303-GR,2025-06-10 00:00:00+00:00,Bandhan Corp Bond Fund,Growth,Direct,,Fixed Income,Corporate Bond Fund
DSP Corporate Bond Fund - Direct - Growth,16.2665,**,AMC8,144646,DS850-GR,2025-06-10 00:00:00+00:00,DSP Corporate Bond Fund,Growth,Direct,,Fixed Income,Corporate Bond Fund
HSBC Corporate Bond Fund - Direct Growth,78.1502,*,AMC13,150996,HS02D-GR,2025-06-10 00:00:00+00:00,HSBC Corporate Bond Fund,Growth,Direct,,Fixed Income,Corporate Bond Fund
BNP Paribas Corporate Bond Fund - Direct Plan - Growth Option,23.3944,*,AMC4,119984,BN61G-GR,2022-03-13 00:00:00+00:00,BNP Paribas Corporate Bond Fund,Growth,Direct,,Fixed Income,Corporate Bond Fund
Nippon India Corporate Bond Fund - Direct Plan Growth Plan - Growth Option,63.2287,*****,AMC31,118814,IDPG-GR,2025-06-10 00:00:00+00:00,Nippon India Corporate Bond Fund,Growth,Direct,,Fixed Income,Corporate Bond Fund
HDFC Corporate Bond Fund - Growth Option - Direct Plan,33.3672,***,AMC12,118987,MTOGT-GR,2025-06-10 00:00:00+00:00,HDFC Corporate Bond Fund,Growth,Direct,,Fixed Income,Corporate Bond Fund
ICICI Prudential Corporate Bond Fund - Direct Plan - Growth,31.302,*****,AMC14,120692,8078-GR,2025-06-10 00:00:00+00:00,ICICI Prudential Corporate Bond Fund,Growth,Direct,,Fixed Income,Corporate Bond Fund
Kotak Corporate Bond Fund- Direct Plan- Growth Option,3954.4844,***,AMC21,133791,KO208GD-GR,2025-06-10 00:00:00+00:00,Kotak Corporate Bond Fund,Growth,Direct,,Fixed Income,Corporate Bond Fund
Axis Corporate Bond Fund - Direct Plan Growth,18.1439,*****,AMC2,141588,AXCODG-GR,2025-06-10 00:00:00+00:00,Axis Corporate Bond Fund,Growth,Direct,,Fixed Income,Corporate Bond Fund
UTI Corporate Bond Fund - Direct Plan - Growth Option,16.8144,***,AMC39,144339,UTCEG1-GR,2025-06-10 00:00:00+00:00,UTI Corporate Bond Fund,Growth,Direct,,Fixed Income,Corporate Bond Fund
Mirae Asset Corporate Bond Fund Direct Growth Plan,13.0576,***,AMC25,148755,MACBD1-GR,2025-06-10 00:00:00+00:00,Mirae Asset Corporate Bond Fund,Growth,Direct,,Fixed Income,Corporate Bond Fund
TRUST MF Corporate Bond Fund-Direct Plan-Growth,1206.7528,Not Rated,AMC42,151320,TSCBGP-GR,2025-06-10 00:00:00+00:00,TRUST MF Corporate Bond Fund,Growth,Direct,,Fixed Income,Corporate Bond Fund
Tata Corporate Bond Fund-Direct Plan-Growth,12.6651,Not Rated,AMC36,149361,TACBFGZ-GR,2025-06-10 00:00:00+00:00,Tata Corporate Bond Fund,Growth,Direct,,Fixed Income,Corporate Bond Fund
Tata Corporate Bond Fund- Direct Plan-Growth,1480.3342,*,AMC36,119104,TATMHGZ-GR,2019-12-13 00:00:00+00:00,Tata Corporate Bond Fund,Growth,Direct,,Fixed Income,Corporate Bond Fund
Aditya Birla Sun Life Corporate Bond Fund - Growth - Direct Plan,115.1272,****,AMC1,119533,BS32Z-GR,2025-06-10 00:00:00+00:00,Aditya Birla Sun Life Corporate Bond Fund,Growth,Direct,,Fixed Income,Corporate Bond Fund
Canara Robeco Corporate Bond Fund - Direct Plan - Growth Option,23.3039,***,AMC6,126685,CAMODG-GR,2025-06-10 00:00:00+00:00,Canara Robeco Corporate Bond Fund,Growth,Direct,,Fixed Income,Corporate Bond Fund
PGIM India Corporate Bond Fund - Direct Plan - Growth,48.2515,****,AMC7,138330,PRFBD1-GR,2025-06-10 00:00:00+00:00,PGIM India Corporate Bond Fund,Growth,Direct,,Fixed Income,Corporate Bond Fund
Union Corporate Bond Fund - Direct Plan - Growth Option,15.6951,**,AMC38,143241,UNCBGD-GR,2025-06-10 00:00:00+00:00,Union Corporate Bond Fund,Growth,Direct,,Fixed Income,Corporate Bond Fund
Baroda BNP Paribas Corporate Bond Fund - Direct Plan - Growth Option,29.2965,**,AMC45,150237,BPCBDG-GR,2025-06-10 00:00:00+00:00,Baroda BNP Paribas Corporate Bond Fund,Growth,Direct,,Fixed Income,Corporate Bond Fund
Principal Corporate Bond Fund - Direct Plan -Growth Option,33.4982,* *,AMC28,119479,PCMPZG-GR,2019-05-29 00:00:00+00:00,Principal Corporate Bond Fund,Growth,Direct,,Fixed Income,Corporate Bond Fund
Franklin India Corporate Debt Fund - Direct - Growth,108.0434,***,AMC11,118569,612-GR,2025-06-10 00:00:00+00:00,Franklin India Corporate Debt Fund,Growth,Direct,,Fixed Income,Corporate Bond Fund
SBI Corporate Bond Fund - Direct Plan - Growth,16.0319,***,AMC33,146215,SBD566G-GR,2025-06-10 00:00:00+00:00,SBI Corporate Bond Fund,Growth,Direct,,Fixed Income,Corporate Bond Fund
IDBI Credit Risk Fund Growth Direct,17.5556,***,AMC15,127181,IBOFG1G-GR,2023-07-27 00:00:00+00:00,IDBI Credit Risk Fund,Growth,Direct,,Fixed Income,Credit Risk Fund
Sundaram Short Term Credit Risk Fund - Direct Plan - Growth Option,27.7073,**,AMC35,119632,SU24PD-GR,2020-12-29 00:00:00+00:00,Sundaram Short Term Credit Risk Fund,Growth,Direct,,Fixed Income,Credit Risk Fund
Invesco India Credit Risk Fund - Direct Plan - Growth,2149.426,**,AMC19,130722,RGCBD1-GR,2025-06-10 00:00:00+00:00,Invesco India Credit Risk Fund,Growth,Direct,,Fixed Income,Credit Risk Fund
Baroda BNP Paribas Credit Risk Fund -Direct-Growth Option,24.4007,*****,AMC45,133488,BPCOD2-GR,2025-06-10 00:00:00+00:00,Baroda BNP Paribas Credit Risk Fund,Growth,Direct,,Fixed Income,Credit Risk Fund
Bandhan Credit Risk Fund-Direct Plan-Growth,17.8032,**,AMC16,140603,IDD313-GR,2025-06-10 00:00:00+00:00,Bandhan Credit Risk Fund,Growth,Direct,,Fixed Income,Credit Risk Fund
HSBC Credit Risk Fund - Direct Growth,34.9928,***,AMC13,151045,HS228D-GR,2025-06-10 00:00:00+00:00,HSBC Credit Risk Fund,Growth,Direct,,Fixed Income,Credit Risk Fund
PGIM India Credit Risk Fund - Direct Plan - Growth,16.8236,**,AMC7,138898,PRCDD1-GR,2022-01-21 00:00:00+00:00,PGIM India Credit Risk Fund,Growth,Direct,,Fixed Income,Credit Risk Fund
Principal Credit Risk Fund - Direct Plan - Growth Option,3231.0113,***,AMC28,119450,PCFRZG-GR,2020-09-04 00:00:00+00:00,Principal Credit Risk Fund,Growth,Direct,,Fixed Income,Credit Risk Fund
Kotak Credit Risk Fund - Growth - Direct,33.084,**,AMC21,119741,KO190D-GR,2025-06-10 00:00:00+00:00,Kotak Credit Risk Fund,Growth,Direct,,Fixed Income,Credit Risk Fund
SBI Credit Risk Fund - Direct Plan -Growth,49.2306,***,AMC33,119798,SBD080B-GR,2025-06-10 00:00:00+00:00,SBI Credit Risk Fund,Growth,Direct,,Fixed Income,Credit Risk Fund
Franklin India Credit Risk Fund - Direct - Growth,25.565,Not Rated,AMC11,118553,494-GR,2023-06-11 00:00:00+00:00,Franklin India Credit Risk Fund,Growth,Direct,,Fixed Income,Credit Risk Fund
Nippon India Credit Risk Fund - Direct Plan - Growth Plan,38.4489,****,AMC31,118780,SDAG-GR,2025-06-10 00:00:00+00:00,Nippon India Credit Risk Fund,Growth,Direct,,Fixed Income,Credit Risk Fund
ICICI Prudential Credit Risk Fund - Direct Plan - Growth,35.0306,****,AMC14,120711,8110-GR,2025-06-10 00:00:00+00:00,ICICI Prudential Credit Risk Fund,Growth,Direct,,Fixed Income,Credit Risk Fund
UTI Credit Risk Fund - Direct Plan - Growth Option,19.2676,**,AMC39,120764,UTCOD2-GR,2025-06-10 00:00:00+00:00,UTI Credit Risk Fund,Growth,Direct,,Fixed Income,Credit Risk Fund
Axis Credit Risk Fund - Direct Plan - Growth,23.9336,****,AMC2,130314,AXIODG-GR,2025-06-10 00:00:00+00:00,Axis Credit Risk Fund,Growth,Direct,,Fixed Income,Credit Risk Fund
Bank of India Credit Risk  Fund - Direct Plan,12.4742,Not Rated,AMC5,133868,BACSDG-GR,2025-06-10 00:00:00+00:00,Bank of India Credit Risk Fund,Growth,Direct,,Fixed Income,Credit Risk Fund
DSP Credit Risk Fund - Direct Plan - Growth,54.1047,****,AMC8,119082,DS749-GR,2025-06-10 00:00:00+00:00,DSP Credit Risk Fund,Growth,Direct,,Fixed Income,Credit Risk Fund
HDFC Credit Risk Debt Fund - Growth Option - Direct Plan,25.9764,***,AMC12,128051,CDOGT-GR,2025-06-10 00:00:00+00:00,HDFC Credit Risk Debt Fund,Growth,Direct,,Fixed Income,Credit Risk Fund
Aditya Birla Sun Life Credit Risk Fund - Direct Plan - Growth,24.4074,****,AMC1,134387,BS380Y-GR,2025-06-10 00:00:00+00:00,Aditya Birla Sun Life Credit Risk Fund,Growth,Direct,,Fixed Income,Credit Risk Fund
IDBI Dynamic Bond Fund Growth Direct,19.9218,***,AMC15,116811,DBG1-GR,2022-12-07 00:00:00+00:00,IDBI Dynamic Bond Fund,Growth,Direct,,Fixed Income,Dynamic Bond
Franklin India Dynamic Accrual Fund - Direct - Growth,84.0329,Not Rated,AMC11,118495,444-GR,2022-08-07 00:00:00+00:00,Franklin India Dynamic Accrual Fund,Growth,Direct,,Fixed Income,Dynamic Bond
Principal Dynamic Bond Fund - Direct Plan - Growth Option,33.645,**,AMC28,119461,PCIIZG-GR,2020-09-04 00:00:00+00:00,Principal Dynamic Bond Fund,Growth,Direct,,Fixed Income,Dynamic Bond
Canara Robeco Dynamic Bond Fund - Direct Plan - Growth Option,32.3769,***,AMC6,118284,CADBDG-GR,2025-06-10 00:00:00+00:00,Canara Robeco Dynamic Bond Fund,Growth,Direct,,Fixed Income,Dynamic Bond
Bandhan Income Plus Arbitrage Fund of Funds-Direct Plan-Growth,45.968,***,AMC16,118410,D51-GR,2025-06-10 00:00:00+00:00,Bandhan Income Plus Arbitrage Fund of Funds,Growth,Direct,,Fixed Income,Dynamic Bond
SBI Dynamic Bond Fund - Direct Plan - Growth,39.1474,****,AMC33,119671,SBD074G-GR,2025-06-10 00:00:00+00:00,SBI Dynamic Bond Fund,Growth,Direct,,Fixed Income,Dynamic Bond
Kotak Dynamic Bond Fund - Growth - Direct,40.8909,***,AMC21,119755,KO197D-GR,2025-06-10 00:00:00+00:00,Kotak Dynamic Bond Fund,Growth,Direct,,Fixed Income,Dynamic Bond
360 ONE Dynamic Bond Fund Direct Plan Growth,23.9439,****,AMC17,122715,DDG-GR,2025-06-10 00:00:00+00:00,360 ONE Dynamic Bond Fund,Growth,Direct,,Fixed Income,Dynamic Bond
HDFC Income Plus Arbitrage Active FOF - Growth Option - Direct Plan,42.8551,****,AMC12,130543,HDMAG1G-GR,2025-06-10 00:00:00+00:00,HDFC Income Plus Arbitrage Active FOF,Growth,Direct,,Fixed Income,Dynamic Bond
Baroda BNP Paribas Dynamic Bond Fund - Direct Plan - Growth Option,51.0032,***,AMC45,150180,BPFLDG-GR,2025-06-10 00:00:00+00:00,Baroda BNP Paribas Dynamic Bond Fund,Growth,Direct,,Fixed Income,Dynamic Bond
ICICI Prudential Debt Management Fund (FOF) - Direct Plan - Growth,46.8698,****,AMC14,120702,8166-GR,2025-06-09 00:00:00+00:00,ICICI Prudential Debt Management Fund (FOF),Growth,Direct,,Fixed Income,Dynamic Bond
Axis Income Plus Arbitrage Active FOF - Direct Plan - Growth Option,14.6871,****,AMC2,147889,AXASDG-GR,2025-06-09 00:00:00+00:00,Axis Income Plus Arbitrage Active FOF,Growth,Direct,,Fixed Income,Dynamic Bond
JM Dynamic Bond Fund - Direct - Growth Option,44.5638,****,AMC20,120435,FFD4-GR,2025-06-10 00:00:00+00:00,JM Dynamic Bond Fund,Growth,Direct,,Fixed Income,Dynamic Bond
ICICI Prudential All Seasons Bond Fund - Direct Plan - Growth,39.9803,*****,AMC14,120603,8145-GR,2025-06-10 00:00:00+00:00,ICICI Prudential All Seasons Bond Fund,Growth,Direct,,Fixed Income,Dynamic Bond
UTI Dynamic Bond Fund - Direct Plan - Growth Option,33.7528,Not Rated,AMC39,120762,UTDBD2-GR,2025-06-10 00:00:00+00:00,UTI Dynamic Bond Fund,Growth,Direct,,Fixed Income,Dynamic Bond
Mirae Asset Dynamic Bond Fund -Direct Plan -Growth,17.7017,**,AMC25,140769,MADBDG-GR,2025-06-10 00:00:00+00:00,Mirae Asset Dynamic Bond Fund,Growth,Direct,,Fixed Income,Dynamic Bond
Mahindra Manulife Dynamic Bond Fund - Direct Plan - Growth,15.4555,**,AMC24,144403,MHCRYDG-GR,2025-06-10 00:00:00+00:00,Mahindra Manulife Dynamic Bond Fund,Growth,Direct,,Fixed Income,Dynamic Bond
ITI Dynamic Bond Fund - Direct Plan - Growth Option,13.131,*****,AMC41,149029,ITDBG1-GR,2025-06-10 00:00:00+00:00,ITI Dynamic Bond Fund,Growth,Direct,,Fixed Income,Dynamic Bond
Tata Dynamic Bond Fund- Direct Plan-Growth,38.2366,****,AMC36,119097,TADAGZ-GR,2022-09-23 00:00:00+00:00,Tata Dynamic Bond Fund,Growth,Direct,,Fixed Income,Dynamic Bond
Baroda Dynamic Bond Fund - Plan B Direct - Growth Option,19.9314,*,AMC3,119337,BO103-GR,2022-03-13 00:00:00+00:00,Baroda Dynamic Bond Fund,Growth,Direct,,Fixed Income,Dynamic Bond
HDFC Dynamic Debt Fund - Growth Option - Direct Plan,98.9933,****,AMC12,119075,12T-GR,2025-06-10 00:00:00+00:00,HDFC Dynamic Debt Fund,Growth,Direct,,Fixed Income,Dynamic Bond
Groww Dynamic Bond Fund - Direct Plan - Growth option,1529.2832,***,AMC18,145589,INDBG1-GR,2025-06-10 00:00:00+00:00,Groww Dynamic Bond Fund,Growth,Direct,,Fixed Income,Dynamic Bond
Baroda BNP Paribas Income Plus Arbitrage Active FOF Direct Growth,10.0251,,AMC45,153536,BPIADG-GR,2025-06-10 00:00:00+00:00,Baroda BNP Paribas Income Plus Arbitrage Active FOF,Growth,Direct,,Fixed Income,Dynamic Bond
HSBC Income Plus Arbitrage Active FOF - Growth Direct,22.7303,**,AMC13,129197,HSHMSCG-GR,2025-06-09 00:00:00+00:00,HSBC Income Plus Arbitrage Active FOF,Growth,Direct,,Fixed Income,Dynamic Bond
HSBC Flexi Debt Fund - Growth Direct,31.3835,**,AMC13,120048,HFDIG-GR,2022-11-25 00:00:00+00:00,HSBC Flexi Debt Fund,Growth,Direct,,Fixed Income,Dynamic Bond
Bandhan Dynamic Bond Fund-Direct Plan-Growth,37.6191,**,AMC16,118416,D82-GR,2025-06-10 00:00:00+00:00,Bandhan Dynamic Bond Fund,Growth,Direct,,Fixed Income,Dynamic Bond
Nippon India Dynamic Bond Fund - Direct Plan Growth Plan - Growth Option,40.4429,*,AMC31,118747,NIAG-GR,2025-06-10 00:00:00+00:00,Nippon India Dynamic Bond Fund,Growth,Direct,,Fixed Income,Dynamic Bond
DSP Strategic Bond Fund - Direct Plan - Growth,3595.6695,***,AMC8,119239,DS791-GR,2025-06-10 00:00:00+00:00,DSP Strategic Bond Fund,Growth,Direct,,Fixed Income,Dynamic Bond
Aditya Birla Sun Life Dynamic Bond Fund - Growth - Direct Plan,49.8618,*****,AMC1,119505,BS321GZ-GR,2025-06-10 00:00:00+00:00,Aditya Birla Sun Life Dynamic Bond Fund,Growth,Direct,,Fixed Income,Dynamic Bond
PGIM India Dynamic Bond Fund - Direct Plan-Growth Option,2995.5401,***,AMC7,120084,PRBFG1-GR,2025-06-10 00:00:00+00:00,PGIM India Dynamic Bond Fund,Growth,Direct,,Fixed Income,Dynamic Bond
Axis Dynamic Bond Fund - Direct Plan - Growth Option,32.6378,**,AMC2,120451,DBDG-GR,2025-06-10 00:00:00+00:00,Axis Dynamic Bond Fund,Growth,Direct,,Fixed Income,Dynamic Bond
Kotak Income Plus Arbitrage FOF-Direct Plan-Growth,12.3592,Not Rated,AMC21,150822,KO280D-GR,2025-06-10 00:00:00+00:00,Kotak Income Plus Arbitrage FOF,Growth,Direct,,Fixed Income,Dynamic Bond
HSBC Dynamic Bond Fund - Direct Growth,32.1752,***,AMC13,151087,HSSTIGD-GR,2025-06-10 00:00:00+00:00,HSBC Dynamic Bond Fund,Growth,Direct,,Fixed Income,Dynamic Bond
BNP Paribas Flexi Debt Fund - Direct Plan - Growth Option,39.7255,**,AMC4,119992,BN63G-GR,2022-03-13 00:00:00+00:00,BNP Paribas Flexi Debt Fund,Growth,Direct,,Fixed Income,Dynamic Bond
Quant Dynamic Bond-Growth Option-Direct Plan,65.4718,**,AMC29,120830,QUIPDG-GR,2021-02-12 00:00:00+00:00,Quant Dynamic Bond,Growth,Direct,,Fixed Income,Dynamic Bond
Union Dynamic Bond Fund - Direct Plan - Growth Option,24.6574,*,AMC38,119311,UNDBGD-GR,2025-06-10 00:00:00+00:00,Union Dynamic Bond Fund,Growth,Direct,,Fixed Income,Dynamic Bond
ICICI Prudential Income Plus Arbitrage Active FOF - Direct Plan - Growth,66.871,*****,AMC14,120313,8153-GR,2025-06-10 00:00:00+00:00,ICICI Prudential Income Plus Arbitrage Active FOF,Growth,Direct,,Fixed Income,Dynamic Bond
Quantum Dynamic Bond Fund - Direct Plan Growth Option,21.9089,***,AMC30,134494,QDBGP-GR,2025-06-10 00:00:00+00:00,Quantum Dynamic Bond Fund,Growth,Direct,,Fixed Income,Dynamic Bond
UTI Income Plus Arbitrage Active Fund of Fund - Direct Plan - Growth Option,10.1869,,AMC39,153442,UTFOG1-GR,2025-06-10 00:00:00+00:00,UTI Income Plus Arbitrage Active Fund of Fund,Growth,Direct,,Fixed Income,Dynamic Bond
SBI Income Plus Arbitrage Active FOF- Direct Plan- Growth,10.0681,,AMC33,153498,SBD699G-GR,2025-06-10 00:00:00+00:00,SBI Income Plus Arbitrage Active FOF,Growth,Direct,,Fixed Income,Dynamic Bond
Tata Income Plus Arbitrage Active FOF - Direct Plan Growth Option,10.0228,,AMC36,153513,TAAAGZ-GR,2025-06-10 00:00:00+00:00,Tata Income Plus Arbitrage Active FOF,Growth,Direct,,Fixed Income,Dynamic Bond
DSP Income Plus Arbitrage Fund of Fund - Direct Plan - Growth,22.5163,Not Rated,AMC8,130493,DS815-GR,2025-06-09 00:00:00+00:00,DSP Income Plus Arbitrage FoF,Growth,Direct,,Fixed Income,Dynamic Bond
Aditya Birla Sun Life Debt Plus Arbitrage FoF Scheme - Direct Plan - Growth Option,39.6421,***,AMC1,131898,BS104Y-GR,2025-06-09 00:00:00+00:00,Aditya Birla Sun Life Debt Plus Arbitrage FoF Scheme,Growth,Direct,,Fixed Income,Dynamic Bond
IIFL Dynamic Bond Fund Direct Plan Quarterly Dividend,20.8863,,AMC17,122717,DDDQ-DP,2024-12-05 00:00:00+00:00,IIFL Dynamic Bond Fund,Dividend,Direct,DDDRQ-DR,Fixed Income,Dynamic Bond
Nippon India Floating Rate Fund  - Direct Plan Growth Plan - Growth Option,47.6827,***,AMC31,118656,FRAG-GR,2025-06-10 00:00:00+00:00,Nippon India Floating Rate Fund,Growth,Direct,,Fixed Income,Floater Fund
SBI Floating Rate Debt Fund - Direct Plan - Growth,13.4224,***,AMC33,148550,SBD620G-GR,2025-06-10 00:00:00+00:00,SBI Floating Rate Debt Fund,Growth,Direct,,Fixed Income,Floater Fund
DHFL Pramerica Floating Rate Fund - Direct Plan - Growth,10.9731,Not Rated,AMC7,138509,PRTID1-GR,2019-06-22 00:00:00+00:00,DHFL Pramerica Floating Rate Fund,Growth,Direct,,Fixed Income,Floater Fund
HDFC Floating Rate Debt Fund - Direct Plan - Growth Option,50.9969,****,AMC12,118961,ISWGT-GR,2025-06-10 00:00:00+00:00,HDFC Floating Rate Debt Fund,Growth,Direct,,Fixed Income,Floater Fund
ICICI Prudential Floating Interest Fund - Direct Plan - Growth,463.0187,**,AMC14,120425,8089-GR,2025-06-10 00:00:00+00:00,ICICI Prudential Floating Interest Fund,Growth,Direct,,Fixed Income,Floater Fund
Bandhan Floating Rate Fund  - Direct Plan Growth,13.1917,***,AMC16,148711,IDD342-GR,2025-06-10 00:00:00+00:00,Bandhan Floating Rate Fund,Growth,Direct,,Fixed Income,Floater Fund
DSP Floater Fund - Direct Plan - Growth,13.3731,*,AMC8,148771,DS878-GR,2025-06-10 00:00:00+00:00,DSP Floater Fund,Growth,Direct,,Fixed Income,Floater Fund
Axis Floater Fund - Direct Plan - Growth,1324.3325,***,AMC2,149049,AXRFDG-GR,2025-06-10 00:00:00+00:00,Axis Floater Fund,Growth,Direct,,Fixed Income,Floater Fund
Aditya Birla Sun Life Floating Rate Fund-Direct Plan-Growth,357.4543,*****,AMC1,122646,BS152GZ-GR,2025-06-10 00:00:00+00:00,Aditya Birla Sun Life Floating Rate Fund,Growth,Direct,,Fixed Income,Floater Fund
Baroda BNP Paribas Floater Fund - Direct Plan - Growth Option,11.2381,,AMC45,151735,BPFTDG-GR,2024-09-10 00:00:00+00:00,Baroda BNP Paribas Floater Fund,Growth,Direct,,Fixed Income,Floater Fund
Franklin India Floating Rate Fund - Direct - Growth,44.5969,****,AMC11,118508,FR498-GR,2025-06-10 00:00:00+00:00,Franklin India Floating Rate Fund,Growth,Direct,,Fixed Income,Floater Fund
UTI Floater Fund - Direct Plan - Growth Option,1567.0541,***,AMC39,145295,UTFNG1-GR,2025-06-10 00:00:00+00:00,UTI Floater Fund,Growth,Direct,,Fixed Income,Floater Fund
Kotak Floating Rate Fund-Direct Plan-Growth Option,1548.6317,**,AMC21,147269,KO482D-GR,2025-06-10 00:00:00+00:00,Kotak Floating Rate Fund,Growth,Direct,,Fixed Income,Floater Fund
Tata Floating Rate Fund -Direct Plan-Growth,13.0141,****,AMC36,149007,TAFRGZ-GR,2025-06-10 00:00:00+00:00,Tata Floating Rate Fund,Growth,Direct,,Fixed Income,Floater Fund
IDBI Gilt Fund Growth Direct,19.2056,*,AMC15,118341,GLG1-GR,2022-12-07 00:00:00+00:00,IDBI Gilt Fund,Growth,Direct,,Fixed Income,Gilt Fund
JM G-Sec Fund - (Direct) - Growth Option,63.7467,* *,AMC20,120421,GSDG-GR,2019-09-07 00:00:00+00:00,JM G-Sec Fund,Growth,Direct,,Fixed Income,Gilt Fund
Canara Robeco Gilt Fund - Direct Plan - Growth Option,81.2916,***,AMC6,118299,CAGLDG-GR,2025-06-10 00:00:00+00:00,Canara Robeco Gilt Fund,Growth,Direct,,Fixed Income,Gilt Fund
Nippon India Gilt Securities Fund - Direct Plan Growth Plan - Growth Option,42.977,***,AMC31,118672,GLAG-GR,2025-06-10 00:00:00+00:00,Nippon India Gilt Securities Fund,Growth,Direct,,Fixed Income,Gilt Fund
Kotak Gilt-Investment Regular-Growth - Direct,108.9982,****,AMC21,119759,KO02D-GR,2025-06-10 00:00:00+00:00,Kotak Gilt Fund,Growth,Direct,,Fixed Income,Gilt Fund
Invesco India Gilt Fund - Direct  Plan - Growth,3139.7595,*,AMC19,120520,RGGLD1-GR,2025-06-10 00:00:00+00:00,Invesco India Gilt Fund,Growth,Direct,,Fixed Income,Gilt Fund
Bandhan CRISIL IBX Gilt April 2028 Index Fund Direct Plan-Growth,13.1273,Not Rated,AMC16,148792,IDD351-GR,2025-06-10 00:00:00+00:00,Bandhan CRISIL IBX Gilt April 2028 Index Fund,Growth,Direct,,Fixed Income,Gilt Fund
HSBC CRISIL IBX 50:50 Gilt Plus SDL Apr 2028 Index Fund - Direct - Growth,12.5508,Not Rated,AMC13,149966,HSHCXG-GR,2025-06-10 00:00:00+00:00,HSBC CRISIL IBX 50:50 Gilt Plus SDL Apr 2028 Index Fund,Growth,Direct,,Fixed Income,Gilt Fund
Tata CRISIL IBX GILT Index- APRIL 2026 Index Fund - Direct Plan - Growth,12.2193,Not Rated,AMC36,150692,TACIGZ-GR,2025-06-10 00:00:00+00:00,Tata CRISIL IBX GILT Index- APRIL 2026 Index Fund,Growth,Direct,,Fixed Income,Gilt Fund
Aditya Birla Sun Life CRISIL IBX 50 50 Gilt Plus SDL Apr 2028 Index Fund-Direct Growth,12.5683,Not Rated,AMC1,150702,BS114Y-GR,2025-06-10 00:00:00+00:00,Aditya Birla Sun Life CRISIL IBX 50 50 Gilt Plus SDL Apr 2028 Index Fund,Growth,Direct,,Fixed Income,Gilt Fund
ICICI Prudential Nifty G-Sec Dec 2030 Index Fund - Direct Plan - Growth,12.7462,Not Rated,AMC14,150733,IC9707-GR,2025-06-10 00:00:00+00:00,ICICI Prudential Nifty G-Sec Dec 2030 Index Fund,Growth,Direct,,Fixed Income,Gilt Fund
Mirae Asset CRISIL IBX Gilt Index - April 2033 Index Fund - Direct Plan - Growth,12.8417,Not Rated,AMC25,150792,MACID1-GR,2025-06-10 00:00:00+00:00,Mirae Asset CRISIL IBX Gilt Index - April 2033 Index Fund,Growth,Direct,,Fixed Income,Gilt Fund
Edelweiss CRISIL IBX 50 50 Gilt Plus SDL Sep 2028 Index Fund - Direct Plan - Growth,12.5113,Not Rated,AMC9,150807,EDG8D1-GR,2025-06-10 00:00:00+00:00,Edelweiss CRISIL IBX 50 50 Gilt Plus SDL Sep 2028 Index Fund,Growth,Direct,,Fixed Income,Gilt Fund
HDFC Nifty G-Sec Dec 2026 Index Fund - Growth Option - Direct Plan,12.2138,Not Rated,AMC12,150845,HDNGSDG-GR,2025-06-10 00:00:00+00:00,HDFC Nifty G-Sec Dec 2026 Index Fund,Growth,Direct,,Fixed Income,Gilt Fund
HDFC Nifty G-Sec Jun 2027 Index Fund - Growth Option - Direct Plan,12.1821,Not Rated,AMC12,151181,HDHJDGR-GR,2025-06-10 00:00:00+00:00,HDFC Nifty G-Sec Jun 2027 Index Fund,Growth,Direct,,Fixed Income,Gilt Fund
Bandhan CRISIL IBX GILT APRIL 2032 Index Fund - Direct Growth,12.47,Not Rated,AMC16,151408,IDD377-GR,2025-06-10 00:00:00+00:00,Bandhan CRISIL IBX Gilt April 2032 Index Fund,Growth,Direct,,Fixed Income,Gilt Fund
Bajaj Finserv Gilt Fund - Direct - Growth,1041.6384,,AMC46,153206,BJGFDG-GR,2025-06-10 00:00:00+00:00,Bajaj Finserv Gilt Fund,Growth,Direct,,Fixed Income,Gilt Fund
Motilal Oswal Nifty G-sec May 2029 Index Fund- Direct Plan Growth Option,10.4561,Not Rated,AMC26,151551,MONGGD-GR,2023-09-01 00:00:00+00:00,Motilal Oswal Nifty G-sec May 2029 Index Fund,Growth,Direct,,Fixed Income,Gilt Fund
LIC MF Gilt Fund-Direct Plan-Growth,65.6805,***,AMC23,120282,LCGLG1-DGR,2025-06-10 00:00:00+00:00,LIC MF Gilt Fund,Growth,Direct,,Fixed Income,Gilt Fund
Axis Gilt Fund - Direct Plan - Growth Option,27.3031,****,AMC2,120447,CMDG-GR,2025-06-10 00:00:00+00:00,Axis Gilt Fund,Growth,Direct,,Fixed Income,Gilt Fund
SBI CRISIL IBX Gilt Index - June 2036 Fund - Direct Plan - Growth,12.8901,Not Rated,AMC33,150681,SBD663G-GR,2025-06-10 00:00:00+00:00,SBI CRISIL IBX Gilt Index - June 2036 Fund,Growth,Direct,,Fixed Income,Gilt Fund
Bandhan CRISIL IBX 90:10 SDL Plus GILT - NOV 2026 Index Fund - Direct Growth,12.202,Not Rated,AMC16,150868,IDD371-GR,2025-06-10 00:00:00+00:00,Bandhan CRISIL IBX 90:10 SDL Plus Gilt - Nov 2026 Index Fund,Growth,Direct,,Fixed Income,Gilt Fund
Nippon India Nifty G-Sec Sep 2027 Maturity Index Fund-Direct Plan-Growth Option,12.1541,Not Rated,AMC31,150906,RLNKAG-GR,2025-06-10 00:00:00+00:00,Nippon India Nifty G-Sec Sep 2027 Maturity Index Fund,Growth,Direct,,Fixed Income,Gilt Fund
Quant Gilt Fund - Growth Option - Direct Plan,12.1362,Not Rated,AMC29,151228,QUGGDG-GR,2025-06-10 00:00:00+00:00,Quant Gilt Fund,Growth,Direct,,Fixed Income,Gilt Fund
Axis CRISIL IBX 50 50 Gilt Plus SDL June 2028 Index Fund - Direct Plan - Growth,12.1875,Not Rated,AMC2,151300,AXCTDG-GR,2025-06-10 00:00:00+00:00,Axis CRISIL IBX 50 50 Gilt Plus SDL June 2028 Index Fund,Growth,Direct,,Fixed Income,Gilt Fund
Edelweiss CRISIL IBX 50 50 Gilt Plus SDL Short Duration Index fund - Direct Plan - Growth,12.1552,Not Rated,AMC9,151365,EDSDD1-GR,2025-06-10 00:00:00+00:00,Edelweiss CRISIL IBX 50 50 Gilt Plus SDL Short Duration Index fund,Growth,Direct,,Fixed Income,Gilt Fund
PGIM India CRISIL IBX Gilt Index - Apr 2028 Fund - Direct Plan Growth Option,12.1368,Not Rated,AMC7,151407,PRCGG1-GR,2025-06-10 00:00:00+00:00,PGIM India CRISIL IBX Gilt Index - Apr 2028 Fund,Growth,Direct,,Fixed Income,Gilt Fund
AXIS CRISIL IBX 50 50 Gilt Plus SDL September 2027 Index Fund- Direct Plan-Growth,12.118,Not Rated,AMC2,151435,AXCLDG-GR,2025-06-10 00:00:00+00:00,Axis CRISIL IBX 50 50 Gilt Plus SDL September 2027 Index Fund,Growth,Direct,,Fixed Income,Gilt Fund
Aditya Birla Sun Life Crisil IBX Gilt Apr 2028 Index Fund-Direct Growth,11.9608,Not Rated,AMC1,151577,BS121Y-GR,2025-06-10 00:00:00+00:00,Aditya Birla Sun Life Crisil IBX Gilt Apr 2028 Index Fund,Growth,Direct,,Fixed Income,Gilt Fund
Invesco India Nifty G-sec Jul 2027 Index Fund - Direct - Growth,1195.7247,Not Rated,AMC19,151593,RG2TD1-GR,2025-06-10 00:00:00+00:00,Invesco India Nifty G-sec Jul 2027 Index Fund,Growth,Direct,,Fixed Income,Gilt Fund
Aditya Birla Sun Life Crisil IBX Gilt June 2027 Index Fund-Direct Growth,10.9575,,AMC1,152659,BS127Y-GR,2025-06-10 00:00:00+00:00,Aditya Birla Sun Life Crisil IBX Gilt June 2027 Index Fund,Growth,Direct,,Fixed Income,Gilt Fund
Groww Gilt Fund - Direct - Growth,9.9107,,AMC18,153477,INGLG1-GR,2025-06-10 00:00:00+00:00,Groww Gilt Fund,Growth,Direct,,Fixed Income,Gilt Fund
Bandhan Government Securities Fund-  Investment Plan-Direct Plan-Growth,38.0226,**,AMC16,118464,D86-GR,2025-06-10 00:00:00+00:00,Bandhan G-Sec-Invest,Growth,Direct,,Fixed Income,Gilt Fund
DSP Gilt Fund - Direct Plan - Growth,102.2197,****,AMC8,119099,DS707-GR,2025-06-10 00:00:00+00:00,DSP Gilt Fund,Growth,Direct,,Fixed Income,Gilt Fund
HDFC Gilt Fund - Growth Option - Direct Plan,58.4702,**,AMC12,119116,GLGT-GR,2025-06-10 00:00:00+00:00,HDFC Gilt Fund,Growth,Direct,,Fixed Income,Gilt Fund
SBI Magnum Gilt Fund - Direct Plan - Growth,70.1182,*****,AMC33,119707,SBD040A-GR,2025-06-10 00:00:00+00:00,SBI Magnum Gilt Fund,Growth,Direct,,Fixed Income,Gilt Fund
ICICI Prudential Gilt Fund - Direct Plan - Growth,111.2061,*****,AMC14,120590,8015-GR,2025-06-10 00:00:00+00:00,ICICI Prudential Gilt Fund,Growth,Direct,,Fixed Income,Gilt Fund
Edelweiss Government Securities Fund - Direct Plan - Growth Option,26.1522,*****,AMC9,140298,EDGSD1-GR,2025-06-10 00:00:00+00:00,Edelweiss Government Securities Fund,Growth,Direct,,Fixed Income,Gilt Fund
Bandhan CRISIL IBX Gilt June 2027 Index Fund Direct Plan-Growth,13.0162,Not Rated,AMC16,148789,IDD349-GR,2025-06-10 00:00:00+00:00,Bandhan CRISIL IBX Gilt June 2027 Index Fund,Growth,Direct,,Fixed Income,Gilt Fund
Edelweiss CRISIL IBX 50 50 Gilt Plus SDL April 2037 Index Fund - Direct Plan - Growth,12.9749,Not Rated,AMC9,150671,EDG7D1-GR,2025-06-10 00:00:00+00:00,Edelweiss CRISIL IBX 50 50 Gilt Plus SDL April 2037 Index Fund,Growth,Direct,,Fixed Income,Gilt Fund
SBI CRISIL IBX Gilt Index - April 2029 Fund - Direct Plan - Growth,12.6529,Not Rated,AMC33,150706,SBD664G-GR,2025-06-10 00:00:00+00:00,SBI CRISIL IBX Gilt Index - April 2029 Fund,Growth,Direct,,Fixed Income,Gilt Fund
Bandhan CRISIL IBX 90:10 SDL Plus GILT SEP27 Index Fund - Direct Growth,12.3011,Not Rated,AMC16,150888,IDD375-GR,2025-06-10 00:00:00+00:00,Bandhan CRISIL IBX 90:10 SDL Plus Gilt - Sep 2027 Index Fund,Growth,Direct,,Fixed Income,Gilt Fund
Nippon India Nifty G-Sec Jun 2036 Maturity Index Fund-Direct Plan-Growth Option,12.62,Not Rated,AMC31,150920,RLNQAG-GR,2025-06-10 00:00:00+00:00,Nippon India Nifty G-Sec Jun 2036 Maturity Index Fund,Growth,Direct,,Fixed Income,Gilt Fund
HSBC CRISIL IBX Gilt June 2027 Index Fund - Direct - Growth,11.9628,Not Rated,AMC13,151479,HSHCIDG-GR,2025-06-10 00:00:00+00:00,HSBC CRISIL IBX Gilt June 2027 Index Fund,Growth,Direct,,Fixed Income,Gilt Fund
Kotak Nifty G-Sec July 2033 Index Fund - Direct Plan - Growth,11.873,,AMC21,152098,KO1199D-GR,2025-06-10 00:00:00+00:00,Kotak Nifty G-Sec July 2033 Index Fund,Growth,Direct,,Fixed Income,Gilt Fund
Franklin India Government Securities Fund - Direct - Growth,64.3031,**,AMC11,118498,471-GR,2025-06-10 00:00:00+00:00,Franklin India Government Securities Fund,Growth,Direct,,Fixed Income,Gilt Fund
Aditya Birla Sun Life Government Securities Fund - Growth - Direct Plan,87.0749,***,AMC1,119605,BS402AZ-GR,2025-06-10 00:00:00+00:00,Aditya Birla Sun Life Government Securities Fund,Growth,Direct,,Fixed Income,Gilt Fund
Tata Gilt Securities Fund- Direct Plan - Growth,87.9654,**,AMC36,119953,TAGFGZ-GR,2025-06-10 00:00:00+00:00,Tata Gilt Securities Fund,Growth,Direct,,Fixed Income,Gilt Fund
UTI Gilt Fund - Direct Plan - Growth Option,65.1924,***,AMC39,120792,UTGLD2-GR,2025-06-10 00:00:00+00:00,UTI Gilt Fund,Growth,Direct,,Fixed Income,Gilt Fund
PGIM India Gilt Fund - Direct Plan - Growth,32.7571,***,AMC7,138472,PRGFD1-GR,2025-06-10 00:00:00+00:00,PGIM India Gilt Fund,Growth,Direct,,Fixed Income,Gilt Fund
Union Gilt Fund - Direct Plan - Growth Option,12.3857,Not Rated,AMC38,150407,UNGDG-GR,2025-06-10 00:00:00+00:00,Union Gilt Fund,Growth,Direct,,Fixed Income,Gilt Fund
Aditya Birla Sun Life CRISIL IBX Gilt-April 2026 Index Fund-Direct Growth,12.2035,Not Rated,AMC1,150698,BS113Y-GR,2025-06-10 00:00:00+00:00,Aditya Birla Sun Life CRISIL IBX Gilt- April 2026 Index Fund,Growth,Direct,,Fixed Income,Gilt Fund
HDFC Nifty G-Sec July 2031 Index Fund - Growth Option - Direct Plan,12.7192,Not Rated,AMC12,150847,HDNJSDG-GR,2025-06-10 00:00:00+00:00,HDFC Nifty G-Sec July 2031 Index Fund,Growth,Direct,,Fixed Income,Gilt Fund
HSBC Gilt Fund - Direct Growth,75.8079,***,AMC13,151014,HS44D-GR,2025-06-10 00:00:00+00:00,HSBC Gilt Fund,Growth,Direct,,Fixed Income,Gilt Fund
Tata Nifty G-Sec Dec 2029 Index Fund - Direct Plan - Growth,12.3745,Not Rated,AMC36,151273,TAN29GZ-GR,2025-06-10 00:00:00+00:00,Tata Nifty G-Sec Dec 2029 Index Fund,Growth,Direct,,Fixed Income,Gilt Fund
DSP CRISIL SDL Plus G-Sec Apr 2033 50 50 Index Fund - Direct - Growth,12.524,Not Rated,AMC8,151329,DS890-GR,2025-06-10 00:00:00+00:00,DSP CRISIL SDL Plus G-Sec Apr 2033 50 50 Index Fund,Growth,Direct,,Fixed Income,Gilt Fund
Nippon India Nifty G-Sec Oct 2028 Maturity Index Fund-Direct Plan-Growth Option,12.2259,Not Rated,AMC31,151440,RLNWAG-GR,2025-06-10 00:00:00+00:00,Nippon India Nifty G-Sec Oct 2028 Maturity Index Fund,Growth,Direct,,Fixed Income,Gilt Fund
HDFC Nifty G-Sec Apr 2029 Index Fund - Growth Option - Direct Plan,12.3047,Not Rated,AMC12,151495,HDHGADG-GR,2025-06-10 00:00:00+00:00,HDFC Nifty G-Sec Apr 2029 Index Fund,Growth,Direct,,Fixed Income,Gilt Fund
HDFC NIFTY SDL Plus G-Sec Jun 2027 40 60 Index Fund - Growth Option - Direct Plan,11.965,Not Rated,AMC12,151570,HDHGPDG-GR,2025-06-10 00:00:00+00:00,HDFC NIFTY SDL Plus G-Sec Jun 2027 40 60 Index Fund,Growth,Direct,,Fixed Income,Gilt Fund
Invesco India Nifty G-sec Sep 2032 Index Fund - Direct - Growth,1231.5757,Not Rated,AMC19,151597,RG1TD1-GR,2025-06-10 00:00:00+00:00,Invesco India Nifty G-sec Sep 2032 Index Fund,Growth,Direct,,Fixed Income,Gilt Fund
Baroda BNP Paribas Gilt Fund - Direct Plan - Growth Option,47.1035,**,AMC45,119341,BO105-GR,2025-06-10 00:00:00+00:00,Baroda BNP Paribas Gilt Fund,Growth,Direct,,Fixed Income,Gilt Fund
Kotak Gilt-Investment  Provident Fund and Trust-Growth - Direct,111.6397,****,AMC21,119757,KO102D-GR,2025-06-10 00:00:00+00:00,Kotak Gilt Fund,Growth,Direct,,Fixed Income,Gilt Fund
Motilal Oswal 5 Year G-Sec Fund Of Fund Direct -Growth,12.6517,Not Rated,AMC26,149240,MOGSGD-GR,2025-06-10 00:00:00+00:00,Motilal Oswal 5 Year G-Sec Fund Of Fund,Growth,Direct,,Fixed Income,Gilt Fund
DSP Nifty SDL Plus G-Sec Jun 2028 30:70 Index Fund - Direct - Growth,12.5454,Not Rated,AMC8,149970,DS884-GR,2025-06-10 00:00:00+00:00,DSP Nifty SDL Plus G-Sec Jun 2028 30:70 Index Fund,Growth,Direct,,Fixed Income,Gilt Fund
Edelweiss CRISIL IBX 50 50 Gilt Plus SDL June 2027 Index Fund - Direct Plan - Growth,12.3871,Not Rated,AMC9,150727,EDL7D1-GR,2025-06-10 00:00:00+00:00,Edelweiss CRISIL IBX 50 50 Gilt Plus SDL June 2027 Index Fund,Growth,Direct,,Fixed Income,Gilt Fund
Bandhan CRISIL IBX GILT APRIL 2026 Index Fund - Direct Plan - Growth,12.1839,Not Rated,AMC16,150746,IDD369-GR,2025-06-10 00:00:00+00:00,Bandhan CRISIL IBX Gilt April 2026 Index Fund,Growth,Direct,,Fixed Income,Gilt Fund
Aditya Birla Sun Life CRISIL IBX Gilt-Apr-2029 Index Fund-Direct Growth,12.6963,Not Rated,AMC1,150778,BS115Y-GR,2025-06-10 00:00:00+00:00,Aditya Birla Sun Life CRISIL IBX Gilt-Apr 2029 Index Fund,Growth,Direct,,Fixed Income,Gilt Fund
Nippon India Nifty SDL Plus G-Sec - Jun 2028 Maturity 70 30 Index Fund-Direct Plan-Growth Option,12.3585,Not Rated,AMC31,150824,RLNJAG-GR,2025-06-10 00:00:00+00:00,Nippon India Nifty SDL Plus G-Sec - Jun 2028 Maturity 70 30 Index Fund,Growth,Direct,,Fixed Income,Gilt Fund
Bandhan CRISIL IBX 90:10 SDL Plus GILT APRIL 2032 Index Fund - Direct Growth,12.6458,Not Rated,AMC16,150871,IDD373-GR,2025-06-10 00:00:00+00:00,Bandhan CRISIL IBX 90:10 SDL Plus Gilt - April 2032 Index Fund,Growth,Direct,,Fixed Income,Gilt Fund
HDFC Nifty G-Sec Sep 2032 Index Fund - Growth Option - Direct Plan,12.5856,Not Rated,AMC12,151183,HDHSDGR-GR,2025-06-10 00:00:00+00:00,HDFC Nifty G-Sec Sep 2032 Index Fund,Growth,Direct,,Fixed Income,Gilt Fund
Tata Nifty G Sec Dec 2026 Index Fund-Direct Plan-Growth,12.0292,Not Rated,AMC36,151301,TAN26GZ-GR,2025-06-10 00:00:00+00:00,Tata Nifty G Sec Dec 2026 Index Fund,Growth,Direct,,Fixed Income,Gilt Fund
DSP Nifty SDL Plus G-Sec Sep 2027 50 50 Index Fund - Direct - Growth,12.1453,Not Rated,AMC8,151373,DS893-GR,2025-06-10 00:00:00+00:00,DSP Nifty SDL Plus G-Sec Sep 2027 50 50 Index Fund,Growth,Direct,,Fixed Income,Gilt Fund
Nippon India Nifty SDL Plus G-Sec-Jun 2029 Maturity 70 30 Index Fund-Direct Plan-Growth Option,12.2725,Not Rated,AMC31,151390,RLNUAG-GR,2025-06-10 00:00:00+00:00,Nippon India Nifty SDL Plus G-Sec-Jun 2029 Maturity 70 30 Index Fund,Growth,Direct,,Fixed Income,Gilt Fund
HDFC Nifty G-Sec Jun 2036 Index Fund - Growth Option - Direct Plan,12.5061,Not Rated,AMC12,151489,HDHGJDG-GR,2025-06-10 00:00:00+00:00,HDFC Nifty G-Sec Jun 2036 Index Fund,Growth,Direct,,Fixed Income,Gilt Fund
Aditya Birla Sun Life Crisil IBX Gilt Apr 2033 Index Fund-Direct Growth,11.6028,,AMC1,152267,BS126Y-GR,2025-06-10 00:00:00+00:00,Aditya Birla Sun Life Crisil IBX Gilt Apr 2033 Index Fund,Growth,Direct,,Fixed Income,Gilt Fund
Bandhan CRISIL-IBX 10 90 Gilt Plus SDL Index - Dec 2029 Fund-Direct Plan-Growth,10.4617,,AMC16,153389,IDD410-GR,2025-06-10 00:00:00+00:00,Bandhan CRISIL-IBX 10 90 Gilt Plus SDL Index - Dec 2029 Fund,Growth,Direct,,Fixed Income,Gilt Fund
Aditya Birla Sun Life US Treasury 3-10 Year Bond ETFs Fund Of Funds-Direct Growth,11.2967,,AMC1,152150,BS124Y-GR,2025-06-09 00:00:00+00:00,Aditya Birla Sun Life US Treasury 3-10 Year Bond ETFs FoF,Growth,Direct,,Fixed Income,Global - FOF
Aditya Birla Sun Life US Treasury 1-3 Year Bond ETFs Fund Of Funds-Direct Growth,11.1275,,AMC1,152140,BS123Y-GR,2025-06-09 00:00:00+00:00,Aditya Birla Sun Life US Treasury 1-3 Year Bond ETFs FoF,Growth,Direct,,Fixed Income,Global - FOF
Axis US Treasury Dynamic Bond ETF Fund of Fund - Direct Plan - Growth Option,10.5775,,AMC2,152240,AXUFDG-GR,2025-06-09 00:00:00+00:00,Axis US Treasury Dynamic Bond ETF FoF,Growth,Direct,,Fixed Income,Global - FOF
DSP US Treasury Fund of Fund - Direct - Growth,10.8229,,AMC8,152528,DS911-GR,2025-06-09 00:00:00+00:00,DSP US Treasury FoF,Growth,Direct,,Fixed Income,Global - FOF
Bandhan US Treasury Bond 0-1 Year Fund of Fund - Direct Plan - Growth,11.5123,Not Rated,AMC16,151548,IDD379-GR,2025-06-10 00:00:00+00:00,Bandhan US Treasury Bond 0-1 Year Fund of Fund,Growth,Direct,,Fixed Income,Global - FOF
IDBI Liquid Fund Growth Direct,2475.0029,***,AMC15,118345,LFG1-GR,2023-07-27 00:00:00+00:00,IDBI Liquid Fund,Growth,Direct,,Fixed Income,Liquid
Sundaram Money Fund Direct Plan - Growth,44.5103,***,AMC35,119686,SU232DG-GR,2021-12-31 00:00:00+00:00,Sundaram Money Fund,Growth,Direct,,Fixed Income,Liquid
Sahara Liquid Fund-Fixed Pricing - Direct -Growth option,3024.287,,AMC32,120262,,2020-03-27 00:00:00+00:00,Sahara Liquid Fund,Growth,Direct,,Fixed Income,Liquid
Mirae Asset Cash Management Fund - Direct Plan - Growth,2777.1611,***,AMC25,118859,MAFCFD1-GR,2025-06-10 00:00:00+00:00,Mirae Asset Cash Management Fund,Growth,Direct,,Fixed Income,Liquid
HDFC Liquid Fund - Growth Option - Direct Plan,5163.0605,**,AMC12,119091,HDLFGTN-GR,2025-06-10 00:00:00+00:00,HDFC Liquid Fund,Growth,Direct,,Fixed Income,Liquid
Groww Liquid Fund - Direct Plan - Growth Option,2548.5318,*,AMC18,119135,INLFG1-GR,2025-06-10 00:00:00+00:00,Groww Liquid Fund,Growth,Direct,,Fixed Income,Liquid
WhiteOak Capital Liquid Fund- Direct plan-Growth Option,1408.5662,*,AMC40,145971,YELGD-GR,2025-06-10 00:00:00+00:00,WhiteOak Capital Liquid Fund,Growth,Direct,,Fixed Income,Liquid
Bajaj Finserv Liquid Fund - Direct Plan - Growth,1147.5317,,AMC46,151833,BJLFDG-GR,2025-06-10 00:00:00+00:00,Bajaj Finserv Liquid Fund,Growth,Direct,,Fixed Income,Liquid
Shriram Liquid Fund - Direct Plan Growth Option,1039.9334,,AMC34,153035,SH207D-GR,2025-06-10 00:00:00+00:00,Shriram Liquid Fund,Growth,Direct,,Fixed Income,Liquid
Bandhan Liquid Fund -Direct Plan-Growth,3175.0809,***,AMC16,118364,DFCCG-GR,2025-06-10 00:00:00+00:00,Bandhan Liquid Fund,Growth,Direct,,Fixed Income,Liquid
Nippon India Liquid Fund - Direct Plan Growth Plan - Growth Option,6434.685,***,AMC31,118701,LFAG-GR,2025-06-10 00:00:00+00:00,Nippon India Liquid Fund,Growth,Direct,,Fixed Income,Liquid
DSP Liquidity Fund - Direct Plan - Growth,3758.8515,***,AMC8,119125,DS798-GR,2025-06-10 00:00:00+00:00,DSP Liquidity Fund,Growth,Direct,,Fixed Income,Liquid
Union Liquid Fund - Direct Plan - Growth Option,2535.5325,****,AMC38,119303,UNLGRD-GR,2025-06-10 00:00:00+00:00,Union Liquid Fund,Growth,Direct,,Fixed Income,Liquid
Bank of India Liquid Fund- Direct Plan- Growth,3027.9098,****,AMC5,119369,BXBA072-GR,2025-06-10 00:00:00+00:00,Bank of India Liquid Fund,Growth,Direct,,Fixed Income,Liquid
UTI Liquid Cash Plan - Direct Plan - Growth Option,4309.2068,****,AMC39,120304,UTCPD2-GR,2025-06-10 00:00:00+00:00,UTI Liquid Cash Plan,Growth,Direct,,Fixed Income,Liquid
JM Liquid Fund Direct - Growth Option,71.7995,****,AMC20,120406,JMLFDG-GR,2025-06-10 00:00:00+00:00,JM Liquid Fund,Growth,Direct,,Fixed Income,Liquid
PGIM India Liquid Fund - Direct Plan - Growth,342.9883,***,AMC7,138299,PRCFD1-GR,2025-06-10 00:00:00+00:00,PGIM India Liquid Fund,Growth,Direct,,Fixed Income,Liquid
Parag Parikh Liquid Fund- Direct Plan- Growth,1454.9021,*,AMC27,143269,PPLFGZ-GR,2025-06-10 00:00:00+00:00,Parag Parikh Liquid Fund,Growth,Direct,,Fixed Income,Liquid
Sundaram Liquid Fund- Direct Plan - Growth Option,2323.0691,****,AMC35,149664,SULFZG-GR,2025-06-10 00:00:00+00:00,Sundaram Liquid Fund,Growth,Direct,,Fixed Income,Liquid
Taurus Liquid Fund-Direct Plan-SI Growth Option,1990.1202,*,AMC37,118893,TRLFG1-GR,2020-11-03 00:00:00+00:00,Taurus Liquid Fund,Growth,Direct,,Fixed Income,Liquid
Quantum Liquid Fund - Direct Plan Growth Option,35.1368,**,AMC30,103734,QMFLFGPG-GR,2025-06-10 00:00:00+00:00,Quantum Liquid Fund,Growth,Direct,,Fixed Income,Liquid
Aditya Birla Sun Life Liquid Fund - Growth - Direct Plan,424.5126,****,AMC1,119568,BS153GZ-GR,2025-06-10 00:00:00+00:00,Aditya Birla Sun Life Liquid Fund,Growth,Direct,,Fixed Income,Liquid
Tata Liquid Fund- Direct Plan-Growth,4149.5136,***,AMC36,119861,TAMONGZ-GR,2025-06-10 00:00:00+00:00,Tata Liquid Fund,Growth,Direct,,Fixed Income,Liquid
Axis Liquid Fund - Direct Plan - Growth Option,2923.3158,****,AMC2,120389,CFDG-GR,2025-06-10 00:00:00+00:00,Axis Liquid Fund,Growth,Direct,,Fixed Income,Liquid
Invesco India Liquid Fund - Direct Plan - Growth,3608.8132,***,AMC19,120537,RGLFD1-GR,2025-06-10 00:00:00+00:00,Invesco India Liquid Fund,Growth,Direct,,Fixed Income,Liquid
BNP Paribas Liquid Fund -- Direct Plan - Growth Option,3271.5995,****,AMC4,130479,BN627DG-GR,2022-03-13 00:00:00+00:00,BNP Paribas Liquid Fund,Growth,Direct,,Fixed Income,Liquid
Sahara Liquid Fund-Variable Pricing -Direct - Growth option,3348.2894,Not Rated,AMC32,120280,,2020-03-27 00:00:00+00:00,Sahara Liquid Fund,Growth,Direct,,Fixed Income,Liquid
Kotak Liquid - Growth - Direct,5311.5575,**,AMC21,119766,KO462D-GR,2025-06-10 00:00:00+00:00,Kotak Liquid Fund,Growth,Direct,,Fixed Income,Liquid
SBI Liquid Fund - Direct Plan -Growth,4111.4179,***,AMC33,119800,SBD72SG-GR,2025-06-10 00:00:00+00:00,SBI Liquid Fund,Growth,Direct,,Fixed Income,Liquid
ICICI Prudential Liquid Fund - Direct Plan - Growth,389.1477,**,AMC14,120197,8096-GR,2025-06-10 00:00:00+00:00,ICICI Prudential Liquid Fund,Growth,Direct,,Fixed Income,Liquid
Quant Liquid Fund - Growth Option - Direct Plan,42.2435,*****,AMC29,120837,QULFDG-GR,2025-06-10 00:00:00+00:00,Quant Liquid Fund,Growth,Direct,,Fixed Income,Liquid
360 ONE Liquid Fund Direct Plan  Growth,2016.6001,**,AMC17,125345,IFLDG-GR,2025-06-10 00:00:00+00:00,360 ONE Liquid Fund,Growth,Direct,,Fixed Income,Liquid
ITI Liquid Fund - Direct Plan - Growth Option,1367.332,**,AMC41,147157,ITLFG1-GR,2025-06-10 00:00:00+00:00,ITI Liquid Fund,Growth,Direct,,Fixed Income,Liquid
Principal Cash Management Fund - Direct Plan - Growth Option,1862.0809,**,AMC28,119468,PCLFZG-GR,2021-12-30 00:00:00+00:00,Principal Cash Management Fund,Growth,Direct,,Fixed Income,Liquid
Canara Robeco Liquid Fund - Direct Plan - Growth Option,3151.0001,**,AMC6,118305,CALIDG-GR,2025-06-10 00:00:00+00:00,Canara Robeco Liquid Fund,Growth,Direct,,Fixed Income,Liquid
Franklin India Liquid Fund - Super Instittutional - Direct - Growth,3950.9606,***,AMC11,118577,FR474-GR,2025-06-10 00:00:00+00:00,Franklin India Liquid Fund,Growth,Direct,,Fixed Income,Liquid
Navi Liquid Fund-Direct Plan-Growth Option,28.5499,*****,AMC10,119164,ESLQGD-GR,2025-06-10 00:00:00+00:00,Navi Liquid Fund,Growth,Direct,,Fixed Income,Liquid
Baroda BNP Paribas Liquid Fund - Direct Plan - Growth Option,3030.9788,*****,AMC45,119415,BPLQD2-GR,2025-06-10 00:00:00+00:00,Baroda BNP Paribas Liquid Fund,Growth,Direct,,Fixed Income,Liquid
HSBC Liquid Fund -  Growth Direct,2620.1333,****,AMC13,120038,HCAPG-GR,2025-06-10 00:00:00+00:00,HSBC Liquid Fund,Growth,Direct,,Fixed Income,Liquid
LIC MF Liquid Fund-Direct Plan-Growth,4772.9622,***,AMC23,120249,LCLFG1-DGR,2025-06-10 00:00:00+00:00,LIC MF Liquid Fund,Growth,Direct,,Fixed Income,Liquid
Mahindra Manulife Liquid Fund - Direct Plan -Growth,1712.0333,*****,AMC24,139538,MHMLFDG-GR,2025-06-10 00:00:00+00:00,Mahindra Manulife Liquid Fund,Growth,Direct,,Fixed Income,Liquid
Edelweiss Liquid Fund - Direct Plan - Growth Option,3397.4888,****,AMC9,140196,EDILD1-GR,2025-06-10 00:00:00+00:00,Edelweiss Liquid Fund,Growth,Direct,,Fixed Income,Liquid
Motilal Oswal Liquid Fund - Direct Growth,13.8961,*,AMC26,145834,MOLFGD-GR,2025-06-10 00:00:00+00:00,Motilal Oswal Liquid Fund,Growth,Direct,,Fixed Income,Liquid
TRUST MF Liquid Fund-Direct Plan-Growth,1273.3565,**,AMC42,148841,TSLFDG-GR,2025-06-10 00:00:00+00:00,TRUST MF Liquid Fund,Growth,Direct,,Fixed Income,Liquid
Bandhan Bond Fund - Income Plan-Direct Plan-Growth,70.6461,**,AMC16,118394,DSSG-GR,2025-06-10 00:00:00+00:00,Bandhan Bond Fund - Income Plan,Growth,Direct,,Fixed Income,Long Duration Fund
ICICI Prudential Long Term Bond Fund - Direct Plan - Growth,98.8326,Not Rated,AMC14,120743,8007-GR,2025-06-10 00:00:00+00:00,ICICI Prudential Long Term Bond Fund,Growth,Direct,,Fixed Income,Long Duration Fund
Aditya Birla Sun Life CRISIL IBX SDL Jun 2032 Index Fund - Direct Growth,12.4883,Not Rated,AMC1,151427,BS119Y-GR,2025-06-10 00:00:00+00:00,Aditya Birla Sun Life CRISIL IBX SDL Jun 2032 Index Fund,Growth,Direct,,Fixed Income,Long Duration Fund
UTI Long Duration Fund - Direct Plan - Growth Option,12.1834,Not Rated,AMC39,151523,UTLDG1-GR,2025-06-10 00:00:00+00:00,UTI Long Duration Fund,Growth,Direct,,Fixed Income,Long Duration Fund
Bandhan Long Duration Fund - Direct Plan - Growth,11.0902,,AMC16,152520,IDD395-GR,2025-06-10 00:00:00+00:00,Bandhan Long Duration Fund,Growth,Direct,,Fixed Income,Long Duration Fund
Mirae Asset Long Duration Fund - Direct Plan - Growth,10.3816,,AMC25,153105,MALDD1-GR,2025-06-10 00:00:00+00:00,Mirae Asset Long Duration Fund,Growth,Direct,,Fixed Income,Long Duration Fund
UTI CRISIL SDL Maturity April 2033 Index Fund - Direct Plan - Growth Option,12.5616,Not Rated,AMC39,151185,UTSLG1-GR,2025-06-10 00:00:00+00:00,UTI CRISIL SDL Maturity April 2033 Index Fund,Growth,Direct,,Fixed Income,Long Duration Fund
SBI Long Duration Fund - Direct Plan - Growth,12.4905,Not Rated,AMC33,151214,SBD670G-GR,2025-06-10 00:00:00+00:00,SBI Long Duration Fund,Growth,Direct,,Fixed Income,Long Duration Fund
Franklin India Long Duration Fund - Direct - Growth,10.4327,,AMC11,153102,FR986-GR,2025-06-10 00:00:00+00:00,Franklin India Long Duration Fund,Growth,Direct,,Fixed Income,Long Duration Fund
Nippon India Nivesh Lakshya Fund- Direct Plan- Growth Option,18.3508,Not Rated,AMC31,143704,RLNLAG-GR,2025-06-10 00:00:00+00:00,Nippon India Nivesh Lakshya Fund,Growth,Direct,,Fixed Income,Long Duration Fund
HDFC Long Duration Debt Fund - Growth Option - Direct Plan,12.3526,Not Rated,AMC12,151313,HDHLDDG-GR,2025-06-10 00:00:00+00:00,HDFC Long Duration Debt Fund,Growth,Direct,,Fixed Income,Long Duration Fund
BHARAT Bond FOF - April 2031- Direct Plan- Growth Option,13.6228,Not Rated,AMC9,148450,EDO1D1-GR,2025-06-09 00:00:00+00:00,BHARAT Bond FOF - April 2031,Growth,Direct,,Fixed Income,Long Duration Fund
BHARAT Bond ETF FOF - April 2032 Direct Growth,12.8295,Not Rated,AMC9,149401,EDO2D1-GR,2025-06-09 00:00:00+00:00,BHARAT Bond ETF FOF - April 2032,Growth,Direct,,Fixed Income,Long Duration Fund
Kotak Nifty SDL Jul 2033 Index Fund Direct Plan Growth Option,12.499,Not Rated,AMC21,151420,KO288D-GR,2025-06-10 00:00:00+00:00,Kotak Nifty SDL Jul 2033 Index Fund,Growth,Direct,,Fixed Income,Long Duration Fund
Kotak Nifty SDL Apr 2032 Top 12 Equal Weight Index Fund-Direct Plan- Growth,12.9352,Not Rated,AMC21,149865,KO269D-GR,2025-06-10 00:00:00+00:00,Kotak Nifty SDL Apr  2027 Top 12 Equal Weight Index Fund,Growth,Direct,,Fixed Income,Long Duration Fund
Aditya Birla Sun Life Long Duration Fund-Direct Growth,13.0733,Not Rated,AMC1,150484,BS110Y-GR,2025-06-10 00:00:00+00:00,Aditya Birla Sun Life Long Duration Fund,Growth,Direct,,Fixed Income,Long Duration Fund
Axis Long Duration Fund - Direct Plan - Growth,1241.8544,Not Rated,AMC2,151179,AXLFDG-GR,2025-06-10 00:00:00+00:00,Axis Long Duration Fund,Growth,Direct,,Fixed Income,Long Duration Fund
Kotak Long Duration Fund - Direct Plan - Growth,11.061,,AMC21,152491,KO1219D-GR,2025-06-10 00:00:00+00:00,Kotak Long Duration Fund,Growth,Direct,,Fixed Income,Long Duration Fund
Axis CRISIL IBX SDL June 2034 Debt Index Fund - Direct Plan - Growth Option,11.3666,,AMC2,152515,AXCUDG-GR,2025-06-10 00:00:00+00:00,Axis CRISIL IBX SDL June 2034 Debt Index Fund,Growth,Direct,,Fixed Income,Long Duration Fund
BHARAT Bond FOF - April 2030 - Direct Plan - Growth Option,15.2029,Not Rated,AMC9,147857,EDFTD1-GR,2025-06-09 00:00:00+00:00,BHARAT Bond FOF - April 2030,Growth,Direct,,Fixed Income,Long Duration Fund
BHARAT Bond ETF FOF - April 2033 - Direct Plan - Growth,12.5563,Not Rated,AMC9,150989,EDO3D1-GR,2025-06-09 00:00:00+00:00,BHARAT Bond ETF FOF - April 2033,Growth,Direct,,Fixed Income,Long Duration Fund
Baroda Income Fund - Plan B (Direct) - Growth Option,28.3494,,AMC3,119362,,2019-01-11 00:00:00+00:00,Baroda Income Fund,Growth,Direct,,Fixed Income,Long Duration Fund
LIC MF Medium to Long Duration Fund-Direct Plan-Growth,78.4676,***,AMC23,120279,LCBFG1-GR,2025-06-10 00:00:00+00:00,LIC MF Medium to Long Duration Fund,Growth,Direct,,Fixed Income,Long Duration Fund
Tata Income Fund - Direct Plan - Growth,72.1992,***,AMC36,119876,TAIFGZ-GR,2022-09-23 00:00:00+00:00,Tata Income Fund,Growth,Direct,,Fixed Income,Long Duration Fund
HDFC Income Fund - Growth Option - Direct Plan,64.4596,***,AMC12,119069,IFGT-GR,2025-06-10 00:00:00+00:00,HDFC Income Fund,Growth,Direct,,Fixed Income,Long Duration Fund
JM Medium to Long Duration Fund Direct - Growth Option,69.4907,**,AMC20,120430,JMIFDG-GR,2025-06-10 00:00:00+00:00,JM Medium to Long Duration Fund,Growth,Direct,,Fixed Income,Long Duration Fund
SBI Magnum Income Fund-Direct Plan -Growth,76.2636,****,AMC33,119714,SBD028G-GR,2025-06-10 00:00:00+00:00,SBI Magnum Income Fund,Growth,Direct,,Fixed Income,Long Duration Fund
Canara Robeco Income Fund - Direct Plan - Growth Option,62.117,***,AMC6,118282,CAIFDG-GR,2025-06-10 00:00:00+00:00,Canara Robeco Income Fund,Growth,Direct,,Fixed Income,Long Duration Fund
Nippon India Income Fund - Direct Plan Growth Plan - Growth Option,100.3917,***,AMC31,118687,IFAG-GR,2025-06-10 00:00:00+00:00,Nippon India Income Fund,Growth,Direct,,Fixed Income,Long Duration Fund
Aditya Birla Sun Life Income Fund - Growth - Direct Plan,135.6345,****,AMC1,119657,BS301GZ-GR,2025-06-10 00:00:00+00:00,Aditya Birla Sun Life Income Fund,Growth,Direct,,Fixed Income,Long Duration Fund
Kotak Bond Fund - Growth - Direct,86.4181,***,AMC21,119735,KO06D-GR,2025-06-10 00:00:00+00:00,Kotak Bond Fund,Growth,Direct,,Fixed Income,Long Duration Fund
HSBC Medium to Long Duration Fund - Direct Growth,47.1423,*,AMC13,120059,HIIG-GR,2025-06-10 00:00:00+00:00,HSBC Medium to Long Duration Fund,Growth,Direct,,Fixed Income,Long Duration Fund
ICICI Prudential Bond Fund - Direct Plan - Growth,42.7414,***,AMC14,120619,8048-GR,2025-06-10 00:00:00+00:00,ICICI Prudential Bond Fund,Growth,Direct,,Fixed Income,Long Duration Fund
UTI Medium to Long Duration Fund-Growth - Direct,80.0749,*****,AMC39,120689,UTBND2-GR,2025-06-10 00:00:00+00:00,UTI Medium to Long Duration Fund,Growth,Direct,,Fixed Income,Long Duration Fund
Franklin India Medium to Long Duration Fund - Direct Growth,10.7242,,AMC11,152851,FR982-GR,2025-06-10 00:00:00+00:00,Franklin India Medium to Long Duration Fund,Growth,Direct,,Fixed Income,Long Duration Fund
PGIM India Low Duration Fund - Direct Plan - Growth,27.941,*,AMC7,138443,PROCD1-GR,2023-09-29 00:00:00+00:00,PGIM India Low Duration Fund,Growth,Direct,,Fixed Income,Low Duration Fund
Nippon India Low Duration Fund - Direct Plan Growth Plan - Growth Option,3967.5915,****,AMC31,118709,LDPG-GR,2025-06-10 00:00:00+00:00,Nippon India Low Duration Fund,Growth,Direct,,Fixed Income,Low Duration Fund
Aditya Birla Sun Life Low duration Fund - Growth - Direct Plan,726.5567,****,AMC1,119523,BS43NZ-GR,2025-06-10 00:00:00+00:00,Aditya Birla Sun Life Low Duration Fund,Growth,Direct,,Fixed Income,Low Duration Fund
SBI Magnum Low Duration Fund - Direct Plan - Growth,3632.342,***,AMC33,119812,SBD47RG-GR,2025-06-10 00:00:00+00:00,SBI Magnum Low Duration Fund,Growth,Direct,,Fixed Income,Low Duration Fund
DSP Low Duration Fund - Direct Plan - Growth,20.472,**,AMC8,133925,DS827-GR,2025-06-10 00:00:00+00:00,DSP Low Duration Fund,Growth,Direct,,Fixed Income,Low Duration Fund
Baroda BNP Paribas Low Duration Fund - Direct Plan - Growth Option,43.8461,***,AMC45,150169,BPLWDG-GR,2025-06-10 00:00:00+00:00,Baroda BNP Paribas Low Duration Fund,Growth,Direct,,Fixed Income,Low Duration Fund
Franklin India Low Duration Fund - Direct - Growth,28.6858,Not Rated,AMC11,118530,492-GR,2022-08-07 00:00:00+00:00,Franklin India Low Duration Fund,Growth,Direct,,Fixed Income,Low Duration Fund
Canara Robeco Savings Fund - Direct Plan - Growth Option,43.2967,**,AMC6,118291,CAFRDG-GR,2025-06-10 00:00:00+00:00,Canara Robeco Savings Fund,Growth,Direct,,Fixed Income,Low Duration Fund
Bandhan Low Duration Fund-Direct Plan-Growth,39.503,**,AMC16,118371,D65-GR,2025-06-10 00:00:00+00:00,Bandhan Low Duration Fund,Growth,Direct,,Fixed Income,Low Duration Fund
HDFC Low Duration  Fund - Direct Plan - Growth,62.5887,****,AMC12,118942,54T-GR,2025-06-10 00:00:00+00:00,HDFC Low Duration Fund,Growth,Direct,,Fixed Income,Low Duration Fund
Tata Treasury Advantage Fund - Direct Plan - Growth,4040.6849,***,AMC36,119863,TAFG1Z-GR,2025-06-10 00:00:00+00:00,Tata Treasury Advantage Fund,Growth,Direct,,Fixed Income,Low Duration Fund
Edelweiss Low Duration Fund - Direct Plan Growth,1024.5425,,AMC9,153416,EDLDD1-GR,2025-06-10 00:00:00+00:00,Edelweiss Low Duration Fund,Growth,Direct,,Fixed Income,Low Duration Fund
HDFC CRISIL-IBX Financial Services 3-6 Months Debt Index Fund - Direct Growth Plan,10.0764,,AMC12,153517,HDHIBDG-GR,2025-06-10 00:00:00+00:00,HDFC CRISIL-IBX Financial Services 3-6 Months Debt Index Fund,Growth,Direct,,Fixed Income,Low Duration Fund
Sundaram Low Duration Fund Direct Plan - Growth,30.2653,***,AMC35,119680,SU257DP-GR,2021-12-31 00:00:00+00:00,Sundaram Low Duration Fund,Growth,Direct,,Fixed Income,Low Duration Fund
Mirae Asset Low Duration Fund - Direct Plan - Growth,2457.2818,***,AMC25,118840,MAFLPD1-GR,2025-06-10 00:00:00+00:00,Mirae Asset Low Duration Fund,Growth,Direct,,Fixed Income,Low Duration Fund
UTI Low Duration Fund - Direct Plan - Growth Option,3602.9694,*****,AMC39,120735,UTBFD6-GR,2025-06-10 00:00:00+00:00,UTI Low Duration Fund,Growth,Direct,,Fixed Income,Low Duration Fund
Kotak Low Duration Fund- Direct Plan- Growth Option,3644.2919,***,AMC21,133810,KO205GD-GR,2025-06-10 00:00:00+00:00,Kotak Low Duration Fund,Growth,Direct,,Fixed Income,Low Duration Fund
HSBC Low Duration Fund - Direct Growth,30.252,**,AMC13,151117,HSFSIGD-GR,2025-06-10 00:00:00+00:00,HSBC Low Duration Fund,Growth,Direct,,Fixed Income,Low Duration Fund
Baroda Treasury Advantage Fund - Plan B Direct - Growth Option,1644.4708,*,AMC3,119410,BO128-GR,2022-03-13 00:00:00+00:00,Baroda Treasury Advantage Fund,Growth,Direct,,Fixed Income,Low Duration Fund
Principal Low Duration Fund - Direct Plan - Growth Option,2927.2173,**,AMC28,119448,PCFFZG-GR,2021-12-30 00:00:00+00:00,Principal Low Duration Fund,Growth,Direct,,Fixed Income,Low Duration Fund
Edelweiss Low Duration Fund - Direct Plan - Growth Option,2079.9246,**,AMC9,140220,EDTFD1-GR,2021-02-12 00:00:00+00:00,Edelweiss Low Duration Fund,Growth,Direct,,Fixed Income,Low Duration Fund
LIC MF Low Duration Fund-Direct Plan-Growth,42.8325,***,AMC23,120315,LCSTG1-DGR,2025-06-10 00:00:00+00:00,LIC MF Low Duration Fund,Growth,Direct,,Fixed Income,Low Duration Fund
ICICI Prudential Savings Fund - Direct Plan - Growth,550.8977,*,AMC14,120398,8086-GR,2025-06-10 00:00:00+00:00,ICICI Prudential Savings Fund,Growth,Direct,,Fixed Income,Low Duration Fund
Axis Treasury Advantage Fund - Direct Plan - Growth Option,3241.811,****,AMC2,120513,TADG-GR,2025-06-10 00:00:00+00:00,Axis Treasury Advantage Fund,Growth,Direct,,Fixed Income,Low Duration Fund
JM Low Duration Fund Direct - Growth,38.0432,*****,AMC20,143612,MMP4-GR,2025-06-10 00:00:00+00:00,JM Low Duration Fund,Growth,Direct,,Fixed Income,Low Duration Fund
Franklin India Low Duration Fund-Direct-Growth,10.2959,,AMC11,153368,492-GR,2025-06-10 00:00:00+00:00,Franklin India Low Duration Fund,Growth,Direct,,Fixed Income,Low Duration Fund
Kotak CRISIL-IBX Financial Services 3-6 Months Debt Index Fund-Direct-Growth,10.226,,AMC21,153372,KO1257D-GR,2025-06-10 00:00:00+00:00,Kotak CRISIL-IBX Financial Services 3-6 Months Debt Index Fund,Growth,Direct,,Fixed Income,Low Duration Fund
Bandhan CRISIL-IBX Financial Services 3-6 Months Debt Index Fund - Direct Plan - Growth,10.2177,,AMC16,153407,IDD412-GR,2025-06-10 00:00:00+00:00,Bandhan CRISIL-IBX Financial Services 3-6 Months Debt Index Fund,Growth,Direct,,Fixed Income,Low Duration Fund
ICICI Prudential CRISIL-IBX Financial Services 3-6 Months Debt Index Fund - Direct Plan - Growth,10.1997,,AMC14,153411,IC9763-GR,2025-06-10 00:00:00+00:00,ICICI Prudential CRISIL-IBX Financial Services 3-6 Months Debt Index Fund,Growth,Direct,,Fixed Income,Low Duration Fund
Aditya Birla Sun Life Crisil-IBX Financial Services 9-12 Months Debt Index Fund-Direct Growth,10.2412,,AMC1,153443,BS138Y-GR,2025-06-10 00:00:00+00:00,Aditya Birla Sun Life Crisil-IBX Financial Services 9-12 Months Debt Index Fund,Growth,Direct,,Fixed Income,Low Duration Fund
HSBC Low Duration Fund - Growth Direct,18.3965,*,AMC13,120066,HLPIG-GR,2022-11-25 00:00:00+00:00,HSBC Low Duration Fund,Growth,Direct,,Fixed Income,Low Duration Fund
BNP Paribas Low Duration Fund - Direct Plan - Growth Option,35.0507,***,AMC4,120008,BN65G-GR,2022-03-13 00:00:00+00:00,BNP Paribas Low Duration Fund,Growth,Direct,,Fixed Income,Low Duration Fund
Invesco India Low Duration Fund - Direct Plan - Growth,3938.5394,**,AMC19,120570,RGUSD1-GR,2025-06-10 00:00:00+00:00,Invesco India Low Duration Fund,Growth,Direct,,Fixed Income,Low Duration Fund
Mahindra Manulife Low Duration Fund - Direct Plan -Growth,1751.2316,***,AMC24,140613,MHMSYDG-GR,2025-06-10 00:00:00+00:00,Mahindra Manulife Low Duration Fund,Growth,Direct,,Fixed Income,Low Duration Fund
Sundaram Low Duration Fund- Direct Plan - Growth Option,3706.6292,*****,AMC35,149526,SUFFZG-GR,2025-06-10 00:00:00+00:00,Sundaram Low Duration Fund,Growth,Direct,,Fixed Income,Low Duration Fund
Aditya Birla Sun Life Crisil-IBX financial Services 3 to 6 months Debt Index Fund-Direct Growth,10.3968,,AMC1,153179,BS137Y-GR,2025-06-10 00:00:00+00:00,Aditya Birla Sun Life Crisil-IBX Financial Services 3 to 6 Months Debt Index Fund,Growth,Direct,,Fixed Income,Low Duration Fund
Sundaram Medium Duration Fund Direct Plan - Growth,77.2569,*,AMC35,119675,SU22PD-GR,2025-06-10 00:00:00+00:00,Sundaram Medium Duration Fund,Growth,Direct,,Fixed Income,Medium Duration Fund
Invesco India Medium Duration Fund - Direct - Growth,1283.8242,**,AMC19,149011,RGMDD1-GR,2025-06-10 00:00:00+00:00,Invesco India Medium Duration Fund,Growth,Direct,,Fixed Income,Medium Duration Fund
Aditya Birla Sun Life Nifty SDL Apr 2027 Index Fund-Direct Growth,12.4544,Not Rated,AMC1,149794,BS95Y-GR,2025-06-10 00:00:00+00:00,Aditya Birla Sun Life Nifty SDL Apr 2027 Index Fund,Growth,Direct,,Fixed Income,Medium Duration Fund
Axis CRISIL IBX SDL May 2027 Index Fund - Direct Plan - Growth,12.3623,Not Rated,AMC2,149873,AXCRDG-GR,2025-06-10 00:00:00+00:00,Axis CRISIL IBX SDL May 2027 Index Fund,Growth,Direct,,Fixed Income,Medium Duration Fund
Nippon India Nifty AAA CPSE Bond Plus SDL - Apr 2027 Maturity 60:40 Index Fund - Direct Plan - Growth Option,12.251,Not Rated,AMC31,150012,RLCNAG-GR,2025-06-10 00:00:00+00:00,Nippon India Nifty AAA CPSE Bond Plus SDL - Apr 2027 Maturity 60:40 Index Fund,Growth,Direct,,Fixed Income,Medium Duration Fund
SBI CRISIL IBX SDL Index - September 2027 Fund - Direct Plan - Growth,12.4203,Not Rated,AMC33,150711,SBD665G-GR,2025-06-10 00:00:00+00:00,SBI CRISIL IBX SDL Index - September 2027 Fund,Growth,Direct,,Fixed Income,Medium Duration Fund
Kotak Nifty SDL Plus AAA PSU Bond Jul 2028 60:40 Index Fund Direct Plan - Growth,12.4873,Not Rated,AMC21,150725,KO276D-GR,2025-06-10 00:00:00+00:00,Kotak Nifty SDL Plus AAA PSU Bond Jul 2028 60:40 Index Fund,Growth,Direct,,Fixed Income,Medium Duration Fund
ICICI Prudential Nifty SDL Sep 2026 Index Fund - Direct Plan - Growth,12.0716,Not Rated,AMC14,151211,IC9725-GR,2025-06-10 00:00:00+00:00,ICICI Prudential Nifty SDL Sep 2026 Index Fund,Growth,Direct,,Fixed Income,Medium Duration Fund
Kotak CRISIL -IBX AAA Financial Services Index Sep-2027 Fund-Direct Plan-Growth Option,10.7509,,AMC21,152869,KO1237D-GR,2025-06-10 00:00:00+00:00,Kotak CRISIL -IBX AAA Financial Services Index Sep-2027 Fund,Growth,Direct,,Fixed Income,Medium Duration Fund
Aditya Birla Sun Life Crisil-IBX AAA NBFC-HFC Index-Sep 2026 Fund-Direct Growth,10.6103,,AMC1,152947,BS130Y-GR,2025-06-10 00:00:00+00:00,Aditya Birla Sun Life Crisil-IBX AAA NBFC-HFC Index-Sep 2026 Fund,Growth,Direct,,Fixed Income,Medium Duration Fund
Nippon India CRISIL - IBX AAA Financial Services - Dec 2026 Index Fund - Direct Plan - Growth Option,10.5841,,AMC31,152992,RLIDAG-GR,2025-06-10 00:00:00+00:00,Nippon India CRISIL - IBX AAA Financial Services - Dec 2026 Index Fund,Growth,Direct,,Fixed Income,Medium Duration Fund
Kotak CRISIL - IBX AAA Bond Financial Services Index Dec 2026 Fund - Direct - Growth,10.3517,,AMC21,153313,KO1253D-GR,2025-06-10 00:00:00+00:00,Kotak CRISIL - IBX AAA Bond Financial Services Index Dec 2026 Fund,Growth,Direct,,Fixed Income,Medium Duration Fund
Axis CRISIL IBX 70:30 CPSE Plus SDL April 2025 Index Fund - Direct Plan - Growth,12.011,Not Rated,AMC2,149753,AXCSDG-GR,2025-04-30 00:00:00+00:00,Axis CRISIL IBX 70:30 CPSE Plus SDL April 2025 Index Fund,Growth,Direct,,Fixed Income,Medium Duration Fund
BHARAT Bond FOF- April 2025- Direct Pan- Growth Option,12.8931,Not Rated,AMC9,148446,EDO5D1-GR,2025-04-16 00:00:00+00:00,BHARAT Bond FOF - April 2025,Growth,Direct,,Fixed Income,Medium Duration Fund
HDFC Medium Term Debt Fund - Growth Option - Direct Plan,61.1427,***,AMC12,119081,30T-GR,2025-06-10 00:00:00+00:00,HDFC Medium Term Debt Fund,Growth,Direct,,Fixed Income,Medium Duration Fund
ICICI Prudential Medium Term Bond Fund - Direct Plan - Growth,49.243,****,AMC14,120670,8190-GR,2025-06-10 00:00:00+00:00,ICICI Prudential Medium Term Bond Fund,Growth,Direct,,Fixed Income,Medium Duration Fund
Edelweiss NIFTY PSU Bond Plus SDL Apr 2027 50:50 Index Fund - Direct Plan Growth,12.51,Not Rated,AMC9,149247,EDP7D1-GR,2025-06-10 00:00:00+00:00,Edelweiss NIFTY PSU Bond Plus SDL Apr 2027 50:50 Index Fund,Growth,Direct,,Fixed Income,Medium Duration Fund
Kotak Nifty SDL Apr  2027 Top 12 Equal Weight Index Fund-Direct Plan-Growth,12.3665,Not Rated,AMC21,149855,KO267D-GR,2025-06-10 00:00:00+00:00,Kotak Nifty SDL Apr  2027 Top 12 Equal Weight Index Fund,Growth,Direct,,Fixed Income,Medium Duration Fund
ICICI Prudential Nifty SDL Sep 2027 Index Fund - Direct Plan - Growth,12.4204,Not Rated,AMC14,149999,IC9680-GR,2025-06-10 00:00:00+00:00,ICICI Prudential Nifty SDL Sep 2027 Index Fund,Growth,Direct,,Fixed Income,Medium Duration Fund
Tata Nifty SDL Plus AAA PSU Bond Dec 60 40 Index Fund- Direct Plan-Growth,12.5461,Not Rated,AMC36,150326,TANSGZ-GR,2025-06-10 00:00:00+00:00,Tata Nifty SDL Plus AAA PSU Bond Dec 60 40 Index Fund,Growth,Direct,,Fixed Income,Medium Duration Fund
Aditya Birla Sun Life CRISIL IBX 60:40 SDL+AAA PSU-Apr 2027 Index Fund-Direct Growth,12.2727,Not Rated,AMC1,150353,BS109Y-GR,2025-06-10 00:00:00+00:00,Aditya Birla Sun Life CRISIL IBX 60:40 SDL+AAA PSU-Apr 2027 Index Fund,Growth,Direct,,Fixed Income,Medium Duration Fund
Mirae Asset Nifty AAA PSU Bond Plus SDL Apr 2026 50 50 Index Fund - Direct Plan - Growth,12.1742,Not Rated,AMC25,150788,MANPD1-GR,2025-06-10 00:00:00+00:00,Mirae Asset Nifty AAA PSU Bond Plus SDL Apr 2026 50 50 Index Fund,Growth,Direct,,Fixed Income,Medium Duration Fund
Axis Nifty SDL September 2026 Debt Index Fund - Direct Plan - Growth,12.1689,Not Rated,AMC2,150854,AXNLDG-GR,2025-06-10 00:00:00+00:00,Axis Nifty SDL September 2026 Debt Index Fund,Growth,Direct,,Fixed Income,Medium Duration Fund
Kotak Nifty SDL Jul 2026 Index Fund Direct Plan Growth,12.0477,Not Rated,AMC21,151218,KO283D-GR,2025-06-10 00:00:00+00:00,Kotak Nifty SDL Jul 2026 Index Fund,Growth,Direct,,Fixed Income,Medium Duration Fund
Baroda BNP Paribas Nifty SDL December 2026 Index Fund - Direct Plan - Growth Option,12.0649,Not Rated,AMC45,151283,BPNSDG-GR,2025-06-10 00:00:00+00:00,Baroda BNP Paribas Nifty SDL December 2026 Index Fund,Growth,Direct,,Fixed Income,Medium Duration Fund
Baroda BNP Paribas NIFTY SDL December 2028 Index Fund - Direct Plan - Growth Option,12.2285,Not Rated,AMC45,151574,BPN2DG-GR,2025-06-10 00:00:00+00:00,Baroda BNP Paribas NIFTY SDL December 2028 Index Fund,Growth,Direct,,Fixed Income,Medium Duration Fund
Kotak Nifty AAA Bond Jun 2025 HTM Index Fund - Direct Plan - Growth option,10.9216,,AMC21,152549,KO1223D-GR,2025-06-10 00:00:00+00:00,Kotak Nifty AAA Bond Jun 2025 HTM Index Fund,Growth,Direct,,Fixed Income,Medium Duration Fund
Axis CRISIL - IBX AAA NBFC June 2027 Index Fund - Direct Plan - Growth Option,10.6881,,AMC2,152887,AXCVDG-GR,2025-06-10 00:00:00+00:00,Axis CRISIL - IBX AAA NBFC June 2027 Index Fund,Growth,Direct,,Fixed Income,Medium Duration Fund
Axis CRISIL-IBX AAA Bond Financial Services - Sep 2027 Index Fund - Direct Plan - Growth Option,10.5761,,AMC2,153051,AXCWDG-GR,2025-06-10 00:00:00+00:00,Axis CRISIL-IBX AAA Bond Financial Services - Sep 2027 Index Fund,Growth,Direct,,Fixed Income,Medium Duration Fund
Axis CRISIL-IBX AAA Bond NBFC-HFC - Jun 2027 Index Fund - Direct Plan - Growth option,10.4873,,AMC2,153172,AXCXDG-GR,2025-06-10 00:00:00+00:00,Axis CRISIL-IBX AAA Bond NBFC-HFC - Jun 2027 Index Fund,Growth,Direct,,Fixed Income,Medium Duration Fund
Union Medium Duration Fund - Direct Plan -  Growth Option,12.5851,**,AMC38,148479,UNMDDG-GR,2025-01-29 00:00:00+00:00,Union Medium Duration Fund,Growth,Direct,,Fixed Income,Medium Duration Fund
Tata Medium Term Fund- Direct Plan- Growth,32.7645,****,AMC36,119127,TAIAGZ-GR,2022-09-23 00:00:00+00:00,Tata Medium Term Fund,Growth,Direct,,Fixed Income,Medium Duration Fund
DHFL Pramerica Medium Term Fund- Direct Plan- Growth,7.5528,* *,AMC7,138693,PRMTD1-GR,2019-06-22 00:00:00+00:00,DHFL Pramerica Medium Term Fund,Growth,Direct,,Fixed Income,Medium Duration Fund
Edelweiss NIFTY PSU Bond Plus SDL Apr 2026 50:50 Index Fund - Direct Plan - Growth,13.0489,Not Rated,AMC9,148795,EDP6D1-GR,2025-06-10 00:00:00+00:00,Edelweiss NIFTY PSU Bond Plus SDL Apr 2026 50:50 Index Fund,Growth,Direct,,Fixed Income,Medium Duration Fund
Aditya Birla Sun Life Nifty SDL Plus PSU Bond SEP 2026 60:40 Index Fund-Direct Growth,12.4161,Not Rated,AMC1,149199,BS80Y-GR,2025-06-10 00:00:00+00:00,Aditya Birla Sun Life Nifty SDL Plus PSU Bond SEP 2026 60:40 Index Fund,Growth,Direct,,Fixed Income,Medium Duration Fund
ICICI Prudential Nifty PSU Bond Plus SDL Sep 2027 40:60 Index Fund - Direct Plan Growth,12.5212,Not Rated,AMC14,149210,IC9649-GR,2025-06-10 00:00:00+00:00,ICICI Prudential Nifty PSU Bond Plus SDL Sep 2027 40:60 Index Fund,Growth,Direct,,Fixed Income,Medium Duration Fund
Axis Nifty AAA Bond Plus SDL Apr 2026 50:50 ETF FOF - Direct Plan - Growth Option,12.2491,Not Rated,AMC2,149243,AXABDG-GR,2025-06-10 00:00:00+00:00,Axis Nifty AAA Bond Plus SDL Apr 2026 50:50 ETF FOF,Growth,Direct,,Fixed Income,Medium Duration Fund
UTI CRISIL SDL Maturity June 2027 Index Fund - Direct Plan - Growth Option,12.1335,Not Rated,AMC39,151239,UTSHG1-GR,2025-06-10 00:00:00+00:00,UTI CRISIL SDL Maturity June 2027 Index Fund,Growth,Direct,,Fixed Income,Medium Duration Fund
HDFC Nifty SDL Oct 2026 Index Fund - Growth Option - Direct Plan,12.0214,Not Rated,AMC12,151456,HDHNSDG-GR,2025-06-10 00:00:00+00:00,HDFC Nifty SDL Oct 2026 Index Fund,Growth,Direct,,Fixed Income,Medium Duration Fund
Nippon India CRISIL - IBX AAA Financial Services - Jan 2028 Index Fund - Direct Plan - Growth Option,10.6427,,AMC31,152996,RLIJAG-GR,2025-06-10 00:00:00+00:00,Nippon India CRISIL - IBX AAA Financial Services - Dec 2026 Index Fund,Growth,Direct,,Fixed Income,Medium Duration Fund
Aditya Birla Sun Life Crisil-IBX AAA Financial Services Index-Sep 2027 Fund-Direct Growth,10.5762,,AMC1,153030,BS134Y-GR,2025-06-10 00:00:00+00:00,Aditya Birla Sun Life Crisil-IBX AAA Financial Services Index-Sep 2027 Fund,Growth,Direct,,Fixed Income,Medium Duration Fund
Baroda BNP Paribas Medium Duration Fund - Direct Plan - Growth Option,18.9403,**,AMC45,150241,BPMTDG-GR,2024-09-10 00:00:00+00:00,Baroda BNP Paribas Medium Duration Fund,Growth,Direct,,Fixed Income,Medium Duration Fund
Aditya Birla Sun Life CRISIL IBX AAA- Jun 2023 Index Fund-Direct Growth,10.7212,Not Rated,AMC1,149891,BS102Y-GR,2023-06-30 00:00:00+00:00,Aditya Birla Sun Life CRISIL IBX AAA - Jun 2023 Index Fund,Growth,Direct,,Fixed Income,Medium Duration Fund
BNP Paribas Medium Term Fund - Direct Plan - Growth Option,16.2233,**,AMC4,127305,BN623DG-GR,2022-03-13 00:00:00+00:00,BNP Paribas Medium Term Fund,Growth,Direct,,Fixed Income,Medium Duration Fund
Bandhan Bond Fund - Medium Term Plan-Direct Plan-Growth,49.9524,**,AMC16,118401,DMTG-GR,2025-06-10 00:00:00+00:00,Bandhan Bond Fund - Medium Term Plan,Growth,Direct,,Fixed Income,Medium Duration Fund
Axis Strategic Bond Fund - Direct Plan - Growth Option,30.8166,****,AMC2,120475,AXIFDG-GR,2025-06-10 00:00:00+00:00,Axis Strategic Bond Fund,Growth,Direct,,Fixed Income,Medium Duration Fund
Nippon India Strategic Debt Fund - Direct Plan - Growth Option,16.7304,****,AMC31,130050,RLCBAG-GR,2025-06-10 00:00:00+00:00,Nippon India Strategic Debt Fund,Growth,Direct,,Fixed Income,Medium Duration Fund
Edelweiss CRISIL PSU Plus SDL 50:50 Oct 2025 Index Fund - Direct Plan Growth,12.1184,Not Rated,AMC9,149950,EDP5D1-GR,2025-06-10 00:00:00+00:00,Edelweiss CRISIL PSU Plus SDL 50:50 Oct 2025 Index Fund,Growth,Direct,,Fixed Income,Medium Duration Fund
Mirae Asset Nifty SDL Jun 2027 Index Fund -Direct Plan - Growth,12.3863,Not Rated,AMC25,150358,MANJD1-GR,2025-06-10 00:00:00+00:00,Mirae Asset Nifty SDL Jun 2027 Index Fund,Growth,Direct,,Fixed Income,Medium Duration Fund
Aditya Birla Sun Life Nifty SDL Sep 2025 Index Fund-Direct Growth,12.1032,Not Rated,AMC1,150663,BS111Y-GR,2025-06-10 00:00:00+00:00,Aditya Birla Sun Life Nifty SDL Sep 2025 Index Fund,Growth,Direct,,Fixed Income,Medium Duration Fund
ICICI Prudential Nifty SDL Dec 2028 Index Fund - Direct Plan - Growth,12.6841,Not Rated,AMC14,150729,IC9709-GR,2025-06-10 00:00:00+00:00,ICICI Prudential Nifty SDL Dec 2028 Index Fund,Growth,Direct,,Fixed Income,Medium Duration Fund
Nippon India Nifty AAA PSU Bond Plus SDL - Sep 2026 Maturity 50 50 Index Fund-Direct Plan-Growth Option,12.205,Not Rated,AMC31,150754,RLNDAG-GR,2025-06-10 00:00:00+00:00,Nippon India Nifty AAA PSU Bond Plus SDL - Sep 2026 Maturity 50 50 Index Fund,Growth,Direct,,Fixed Income,Medium Duration Fund
Aditya Birla Sun Life CRISIL IBX 60 40 SDL + AAA PSU APR 2026 Index Fund-Direct Growth,12.0123,Not Rated,AMC1,150938,BS116Y-GR,2025-06-10 00:00:00+00:00,Aditya Birla Sun Life CRISIL IBX 60 40 SDL + AAA PSU APR 2026 Index Fund,Growth,Direct,,Fixed Income,Medium Duration Fund
UTI NIFTY SDL Plus AAA PSU Bond Apr 2026 75 25 Index Fund - Direct Plan - Growth Option,11.9398,Not Rated,AMC39,151364,UTNSG1-GR,2025-06-10 00:00:00+00:00,UTI NIFTY SDL Plus AAA PSU Bond Apr 2026 75 25 Index Fund,Growth,Direct,,Fixed Income,Medium Duration Fund
UTI NIFTY SDL Plus AAA PSU Bond Apr 2028- 75 25 Index Fund - Direct Plan - Growth Option,12.1802,Not Rated,AMC39,151487,UTNNG1-GR,2025-06-10 00:00:00+00:00,UTI NIFTY SDL Plus AAA PSU Bond Apr 2028- 75 25  Index Fund,Growth,Direct,,Fixed Income,Medium Duration Fund
Aditya Birla Sun Life Crisil-IBX AAA NBFC-HFC Index-Dec 2025 Fund-Direct Growth,10.5453,,AMC1,152958,BS131Y-GR,2025-06-10 00:00:00+00:00,Aditya Birla Sun Life Crisil-IBX AAA NBFC-HFC Index-Dec 2025 Fund,Growth,Direct,,Fixed Income,Medium Duration Fund
ICICI Prudential CRISIL-IBX AAA Bond Financial Services Index -Dec 2026 Fund- Direct Plan - Growth,10.3915,,AMC14,153236,IC9761-GR,2025-06-10 00:00:00+00:00,ICICI Prudential CRISIL-IBX AAA Bond Financial Services Index -Dec 2026 Fund,Growth,Direct,,Fixed Income,Medium Duration Fund
Edelweiss CRISIL IBX AAA Bond NBFC HFC Jun 2027 Index Fund - Direct Plan - Growth Option,10.3631,,AMC9,153335,EDN7D1-GR,2025-06-10 00:00:00+00:00,Edelweiss CRISIL IBX AAA Bond NBFC HFC Jun 2027 Index Fund,Growth,Direct,,Fixed Income,Medium Duration Fund
Aditya Birla Sun Life CRISIL IBX 60:40 SDL+AAA PSU-APR 2025 Index Fund-Direct Growth,11.9222,Not Rated,AMC1,150357,BS108Y-GR,2025-04-30 00:00:00+00:00,Aditya Birla Sun Life CRISIL IBX 60:40 SDL+AAA PSU-APR 2025 Index Fund,Growth,Direct,,Fixed Income,Medium Duration Fund
Aditya Birla Sun Life CRISIL IBX AAA Mar 2024 Index Fund-Direct Growth,10.8903,Not Rated,AMC1,151396,BS118Y-GR,2024-04-02 00:00:00+00:00,Aditya Birla Sun Life CRISIL IBX AAA Mar 2024 Index Fund,Growth,Direct,,Fixed Income,Medium Duration Fund
Kotak Nifty SDL Jul 2028 Index Fund - Direct Plan - Growth,10.4711,Not Rated,AMC21,151608,KO291D-GR,2023-11-21 00:00:00+00:00,Kotak Nifty SDL Jul 2028 Index Fund,Growth,Direct,,Fixed Income,Medium Duration Fund
BHARAT Bond FOF - April 2023 - Direct Plan - Growth Option,12.3105,Not Rated,AMC9,147851,EDFFD1-GR,2023-04-18 00:00:00+00:00,BHARAT Bond FOF - April 2023,Growth,Direct,,Fixed Income,Medium Duration Fund
Franklin India Income Opportunities Fund - Direct - Growth,26.5759,Not Rated,AMC11,118554,491-GR,2021-12-12 00:00:00+00:00,Franklin India Income Opportunities Fund,Growth,Direct,,Fixed Income,Medium Duration Fund
Indiabulls Income Fund - Direct Plan - Growth Option,19.0556,****,AMC18,121153,INIFDG-GR,2021-03-31 00:00:00+00:00,Indiabulls Income Fund,Growth,Direct,,Fixed Income,Medium Duration Fund
DSP Bond Fund - Direct Plan - Growth,87.3482,***,AMC8,118924,DS701-GR,2025-06-10 00:00:00+00:00,DSP Bond Fund,Growth,Direct,,Fixed Income,Medium Duration Fund
Aditya Birla Sun Life Medium Term Plan - Growth - Direct Plan,43.3689,*****,AMC1,119539,BS303GZ-GR,2025-06-10 00:00:00+00:00,Aditya Birla Sun Life Medium Term Plan,Growth,Direct,,Fixed Income,Medium Duration Fund
SBI Magnum Medium Duration Fund - Direct Plan - Growth,55.3203,****,AMC33,119824,SBD069G-GR,2025-06-10 00:00:00+00:00,SBI Magnum Medium Duration Fund,Growth,Direct,,Fixed Income,Medium Duration Fund
Kotak Medium Term Fund - Direct Growth,25.2794,***,AMC21,128006,KO48D-GR,2025-06-10 00:00:00+00:00,Kotak Medium Term Fund,Growth,Direct,,Fixed Income,Medium Duration Fund
UTI Medium Duration Fund - Direct Plan - Growth Option,19.6085,**,AMC39,134503,UTMZD2-GR,2025-06-10 00:00:00+00:00,UTI Medium Duration Fund,Growth,Direct,,Fixed Income,Medium Duration Fund
SBI CPSE Bond Plus SDL Sep 2026 50:50 Index Fund - Direct Plan - Growth,12.3179,Not Rated,AMC33,149474,SBD649G-GR,2025-06-10 00:00:00+00:00,SBI CPSE Bond Plus SDL Sep 2026 50:50 Index Fund,Growth,Direct,,Fixed Income,Medium Duration Fund
HSBC Medium Duration Fund - Direct Growth,22.3679,***,AMC13,151146,HSLRCDG-GR,2025-06-10 00:00:00+00:00,HSBC Medium Duration Fund,Growth,Direct,,Fixed Income,Medium Duration Fund
Aditya Birla Sun Life Nifty SDL SEP 2027 Index Fund-Direct Growth,12.1349,Not Rated,AMC1,151562,BS120Y-GR,2025-06-10 00:00:00+00:00,Aditya Birla Sun Life Nifty SDL SEP 2027 Index Fund,Growth,Direct,,Fixed Income,Medium Duration Fund
Mirae Asset Nifty SDL June 2028 Index Fund - Direct Plan - Growth,12.0953,Not Rated,AMC25,151691,MANSD1-GR,2025-06-10 00:00:00+00:00,Mirae Asset Nifty SDL June 2028 Index Fund,Growth,Direct,,Fixed Income,Medium Duration Fund
Edelweiss CRISIL IBX AAA Financial Services - Jan 2028 Index Fund - Direct - Growth,10.563,,AMC9,153115,EDCFD1-GR,2025-06-10 00:00:00+00:00,Edelweiss CRISIL IBX AAA Financial Services - Jan 2028 Index Fund,Growth,Direct,,Fixed Income,Medium Duration Fund
Baroda Income Fund - Plan B (Direct) - Growth Option,28.3494,,AMC3,119362,,2019-01-11 00:00:00+00:00,Baroda Income Fund,Growth,Direct,,Fixed Income,Medium to Long Duration Fund
LIC MF Medium to Long Duration Fund-Direct Plan-Growth,78.4676,***,AMC23,120279,LCBFG1-GR,2025-06-10 00:00:00+00:00,LIC MF Medium to Long Duration Fund,Growth,Direct,,Fixed Income,Medium to Long Duration Fund
Tata Income Fund - Direct Plan - Growth,72.1992,***,AMC36,119876,TAIFGZ-GR,2022-09-23 00:00:00+00:00,Tata Income Fund,Growth,Direct,,Fixed Income,Medium to Long Duration Fund
HDFC Income Fund - Growth Option - Direct Plan,64.4596,***,AMC12,119069,IFGT-GR,2025-06-10 00:00:00+00:00,HDFC Income Fund,Growth,Direct,,Fixed Income,Medium to Long Duration Fund
JM Medium to Long Duration Fund Direct - Growth Option,69.4907,**,AMC20,120430,JMIFDG-GR,2025-06-10 00:00:00+00:00,JM Medium to Long Duration Fund,Growth,Direct,,Fixed Income,Medium to Long Duration Fund
Canara Robeco Income Fund - Direct Plan - Growth Option,62.117,***,AMC6,118282,CAIFDG-GR,2025-06-10 00:00:00+00:00,Canara Robeco Income Fund,Growth,Direct,,Fixed Income,Medium to Long Duration Fund
Nippon India Income Fund - Direct Plan Growth Plan - Growth Option,100.3917,***,AMC31,118687,IFAG-GR,2025-06-10 00:00:00+00:00,Nippon India Income Fund,Growth,Direct,,Fixed Income,Medium to Long Duration Fund
SBI Magnum Income Fund-Direct Plan -Growth,76.2636,****,AMC33,119714,SBD028G-GR,2025-06-10 00:00:00+00:00,SBI Magnum Income Fund,Growth,Direct,,Fixed Income,Medium to Long Duration Fund
Aditya Birla Sun Life Income Fund - Growth - Direct Plan,135.6345,****,AMC1,119657,BS301GZ-GR,2025-06-10 00:00:00+00:00,Aditya Birla Sun Life Income Fund,Growth,Direct,,Fixed Income,Medium to Long Duration Fund
Kotak Bond Fund - Growth - Direct,86.4181,***,AMC21,119735,KO06D-GR,2025-06-10 00:00:00+00:00,Kotak Bond Fund,Growth,Direct,,Fixed Income,Medium to Long Duration Fund
HSBC Medium to Long Duration Fund - Direct Growth,47.1423,*,AMC13,120059,HIIG-GR,2025-06-10 00:00:00+00:00,HSBC Medium to Long Duration Fund,Growth,Direct,,Fixed Income,Medium to Long Duration Fund
ICICI Prudential Bond Fund - Direct Plan - Growth,42.7414,***,AMC14,120619,8048-GR,2025-06-10 00:00:00+00:00,ICICI Prudential Bond Fund,Growth,Direct,,Fixed Income,Medium to Long Duration Fund
UTI Medium to Long Duration Fund-Growth - Direct,80.0749,*****,AMC39,120689,UTBND2-GR,2025-06-10 00:00:00+00:00,UTI Medium to Long Duration Fund,Growth,Direct,,Fixed Income,Medium to Long Duration Fund
Franklin India Medium to Long Duration Fund - Direct Growth,10.7242,,AMC11,152851,FR982-GR,2025-06-10 00:00:00+00:00,Franklin India Medium to Long Duration Fund,Growth,Direct,,Fixed Income,Medium to Long Duration Fund
Quant Money Market Fund-Growth Option-Direct Plan,32.417,*,AMC29,120845,QUSTDG-GR,2021-02-12 00:00:00+00:00,Quant Money Market Fund,Growth,Direct,,Fixed Income,Money Market Fund
Tata Money Market Fund- Direct Plan- Growth,4807.357,*****,AMC36,119424,TALSGZ-GR,2025-06-10 00:00:00+00:00,Tata Money Market Fund,Growth,Direct,,Fixed Income,Money Market Fund
Indiabulls Savings Fund - Direct Plan - Growth Option,1176.2913,Not Rated,AMC18,144994,INSFG1-GR,2021-03-04 00:00:00+00:00,Indiabulls Savings Fund,Growth,Direct,,Fixed Income,Money Market Fund
Invesco India Money Market Fund - Direct Plan - Growth,3149.3532,**,AMC19,120507,RGCOD1-GR,2025-06-10 00:00:00+00:00,Invesco India Money Market Fund,Growth,Direct,,Fixed Income,Money Market Fund
PGIM India Money Market Fund - Direct Plan - Growth Option,1366.0993,****,AMC7,148161,PRMDD1-GR,2025-06-10 00:00:00+00:00,PGIM India Money Market Fund,Growth,Direct,,Fixed Income,Money Market Fund
Mirae Asset Money Market Fund Direct Growth,1277.2304,***,AMC25,149112,MAMMD1-GR,2025-06-10 00:00:00+00:00,Mirae Asset Money Market Fund,Growth,Direct,,Fixed Income,Money Market Fund
LIC MF Money Market Fund-Direct Growth,1202.2716,Not Rated,AMC23,150392,LCMMG1-GR,2025-06-10 00:00:00+00:00,LIC MF Money Market Fund,Growth,Direct,,Fixed Income,Money Market Fund
Bajaj Finserv Money Market Fund-Direct Plan-Growth,1160.2187,,AMC46,151889,BJMMDG-GR,2025-06-10 00:00:00+00:00,Bajaj Finserv Money Market Fund,Growth,Direct,,Fixed Income,Money Market Fund
Bandhan Money Manager Fund -Direct Plan-Growth,43.6233,***,AMC16,118384,DFRG-GR,2025-06-10 00:00:00+00:00,Bandhan Money Manager Fund,Growth,Direct,,Fixed Income,Money Market Fund
HDFC Money Market Fund - Growth Option - Direct Plan,5827.1891,***,AMC12,119092,HD53TN-GR,2025-06-10 00:00:00+00:00,HDFC Money Market Fund,Growth,Direct,,Fixed Income,Money Market Fund
Aditya Birla Sun Life Money Manager Fund - Growth - Direct Plan,374.5564,****,AMC1,119511,BS151GZ-GR,2025-06-10 00:00:00+00:00,Aditya Birla Sun Life Money Manager Fund,Growth,Direct,,Fixed Income,Money Market Fund
SBI Savings Fund - Direct Plan - Growth,44.4473,***,AMC33,119821,SBD079B-GR,2025-06-10 00:00:00+00:00,SBI Savings Fund,Growth,Direct,,Fixed Income,Money Market Fund
Axis Money Market Fund - Direct Plan - Growth Option,1443.3724,****,AMC2,147567,AXMMDG-GR,2025-06-10 00:00:00+00:00,Axis Money Market Fund,Growth,Direct,,Fixed Income,Money Market Fund
TRUST MF Money Market Fund-Direct Plan-Growth,1223.9806,Not Rated,AMC42,150513,TRMMDG-GR,2025-06-10 00:00:00+00:00,TRUST MF Money Market Fund,Growth,Direct,,Fixed Income,Money Market Fund
HSBC Money Market Fund - Direct Growth,27.668,**,AMC13,151054,HS128D-GR,2025-06-10 00:00:00+00:00,HSBC Money Market Fund,Growth,Direct,,Fixed Income,Money Market Fund
Bank of India Money Market Fund - Direct - Growth,10.3297,,AMC5,153294,BAMMDG-GR,2025-06-10 00:00:00+00:00,Bank of India Money Market Fund,Growth,Direct,,Fixed Income,Money Market Fund
Franklin India Money Market Fund - Direct - Growth,51.8213,***,AMC11,118506,451-GR,2025-06-10 00:00:00+00:00,Franklin India Money Market Fund,Growth,Direct,,Fixed Income,Money Market Fund
UTI MMF - Direct Plan - Growth Option,3119.4619,****,AMC39,120299,UTMMD2-GR,2025-06-10 00:00:00+00:00,UTI MMF,Growth,Direct,,Fixed Income,Money Market Fund
JM Money Market Fund Direct - Growth,28.7506,*,AMC20,143597,MMS4-GR,2020-09-25 00:00:00+00:00,JM Money Market Fund,Growth,Direct,,Fixed Income,Money Market Fund
Nippon India Money Market Fund - Direct Plan Growth Plan - Growth Option,4202.5782,*****,AMC31,118719,LQAG-GR,2025-06-10 00:00:00+00:00,Nippon India Money Market Fund,Growth,Direct,,Fixed Income,Money Market Fund
DSP Savings Fund - Direct Plan - Growth,54.182,**,AMC8,119106,DS723-GR,2025-06-10 00:00:00+00:00,DSP Savings Fund,Growth,Direct,,Fixed Income,Money Market Fund
Kotak Money Market Fund - Growth - Direct,4530.5129,***,AMC21,119746,KO252D-GR,2025-06-10 00:00:00+00:00,Kotak Money Market Fund,Growth,Direct,,Fixed Income,Money Market Fund
ICICI Prudential Money Market Fund Option - Direct Plan -  Growth,383.9658,***,AMC14,120211,8101-GR,2025-06-10 00:00:00+00:00,ICICI Prudential Money Market Fund,Growth,Direct,,Fixed Income,Money Market Fund
Edelweiss Money Market Fund - Direct Plan - Growth Option,31.3254,*,AMC9,140237,EDAID1-GR,2025-06-10 00:00:00+00:00,Edelweiss Money Market Fund,Growth,Direct,,Fixed Income,Money Market Fund
Sundaram Money Market Fund Direct Plan - Growth,15.084,***,AMC35,145050,SUSMMDG-GR,2025-06-10 00:00:00+00:00,Sundaram Money Market Fund,Growth,Direct,,Fixed Income,Money Market Fund
Baroda BNP Paribas Money Market Fund- Direct Plan - Growth,1397.4778,**,AMC45,147377,BPBMD2-GR,2025-06-10 00:00:00+00:00,Baroda BNP Paribas Money Market Fund,Growth,Direct,,Fixed Income,Money Market Fund
Union Money Market Fund - Direct Plan -  Growth Option,1264.409,***,AMC38,149117,UNMGD-GR,2025-06-10 00:00:00+00:00,Union Money Market Fund,Growth,Direct,,Fixed Income,Money Market Fund
Kotak Overnight Fund -Direct Plan-Growth Option,1377.5213,***,AMC21,146141,KO479D-GR,2025-06-10 00:00:00+00:00,Kotak Overnight Fund,Growth,Direct,,Fixed Income,Overnight Fund
Sundaram Overnight Fund Direct Plan - Growth,1371.9104,**,AMC35,146963,SUSODG-GR,2025-06-10 00:00:00+00:00,Sundaram Overnight Fund,Growth,Direct,,Fixed Income,Overnight Fund
HSBC Overnight Fund - Direct Growth,1351.2347,*****,AMC13,147287,HSHNOG-GR,2025-06-10 00:00:00+00:00,HSBC Overnight Fund,Growth,Direct,,Fixed Income,Overnight Fund
ITI Overnight Fund - Direct Plan - Growth Option,1309.1357,*,AMC41,147713,ITOFG1-GR,2025-06-10 00:00:00+00:00,ITI Overnight Fund,Growth,Direct,,Fixed Income,Overnight Fund
Mirae Asset Overnight Fund Direct Plan Growth,1324.1264,*****,AMC25,147736,MAOND1-GR,2025-06-10 00:00:00+00:00,Mirae Asset Overnight Fund,Growth,Direct,,Fixed Income,Overnight Fund
UTI Overnight Fund - Direct Plan - Growth Option,3534.4757,***,AMC39,120785,UTGED2-GR,2025-06-10 00:00:00+00:00,UTI Overnight Fund,Growth,Direct,,Fixed Income,Overnight Fund
ICICI Prudential Overnight Fund - Direct Plan - Growth,1391.4026,***,AMC14,145536,IC9693-GR,2025-06-10 00:00:00+00:00,ICICI Prudential Overnight Fund,Growth,Direct,,Fixed Income,Overnight Fund
Nippon India Overnight Fund - Direct Plan - Growth Option,138.6984,****,AMC31,145810,RLONAG-GR,2025-06-10 00:00:00+00:00,Nippon India Overnight Fund,Growth,Direct,,Fixed Income,Overnight Fund
DSP Overnight Fund - Direct Plan - Growth,1383.1057,****,AMC8,146062,DS863-GR,2025-06-10 00:00:00+00:00,DSP Overnight Fund,Growth,Direct,,Fixed Income,Overnight Fund
Baroda BNP Paribas Overnight Fund - Direct Plan - Growth,1356.182,***,AMC45,147196,BPOND2-GR,2025-06-10 00:00:00+00:00,Baroda BNP Paribas Overnight Fund,Growth,Direct,,Fixed Income,Overnight Fund
Franklin India Overnight Fund- Growth - Direct,1346.4146,**,AMC11,147214,FR866-GR,2025-06-10 00:00:00+00:00,Franklin India Overnight Fund,Growth,Direct,,Fixed Income,Overnight Fund
Edelweiss Overnight Fund - Direct Plan - Growth,1336.2266,*,AMC9,147570,EDOND1-GR,2025-06-10 00:00:00+00:00,Edelweiss Overnight Fund,Growth,Direct,,Fixed Income,Overnight Fund
Invesco India Overnight Fund - Direct Plan - Growth,1304.6657,***,AMC19,147883,RGOND1-GR,2025-06-10 00:00:00+00:00,Invesco India Overnight Fund,Growth,Direct,,Fixed Income,Overnight Fund
Samco Overnight Fund - Direct Plan - Growth Option,1181.8412,Not Rated,AMC43,150631,SAONDG-GR,2025-06-10 00:00:00+00:00,Samco Overnight Fund,Growth,Direct,,Fixed Income,Overnight Fund
Quant Overnight Fund - Growth Option - Direct Plan,11.8179,Not Rated,AMC29,151190,QUONDG-GR,2025-06-10 00:00:00+00:00,Quant Overnight Fund,Growth,Direct,,Fixed Income,Overnight Fund
Bajaj Finserv Overnight Fund - Direct Plan - Growth,1132.459,,AMC46,151849,BJONDG-GR,2025-06-10 00:00:00+00:00,Bajaj Finserv Overnight Fund,Growth,Direct,,Fixed Income,Overnight Fund
WhiteOak Capital Overnight Fund- Direct plan-Growth Option,1131.3343,*,AMC40,147593,YE1026-GR,2022-12-18 00:00:00+00:00,WhiteOak Capital Overnight Fund,Growth,Direct,,Fixed Income,Overnight Fund
SBI Overnight Fund - Direct Plan - Growth,4199.8886,**,AMC33,119833,SBD57G-GR,2025-06-10 00:00:00+00:00,SBI Overnight Fund,Growth,Direct,,Fixed Income,Overnight Fund
Bandhan Overnight Fund - Direct Plan - Growth,1377.1418,***,AMC16,146191,IDD335-GR,2025-06-10 00:00:00+00:00,Bandhan Overnight Fund,Growth,Direct,,Fixed Income,Overnight Fund
Tata Overnight Fund-Direct Plan-Growth,1362.7797,***,AMC36,146980,TAOFGZ-GR,2025-06-10 00:00:00+00:00,Tata Overnight Fund,Growth,Direct,,Fixed Income,Overnight Fund
LIC MF Overnight Fund-Direct Plan-Growth,1338.4734,****,AMC23,147515,LCONG1-GR,2025-06-10 00:00:00+00:00,LIC MF Overnight Fund,Growth,Direct,,Fixed Income,Overnight Fund
JM Overnight Fund - Direct - Growth,1310.1996,***,AMC20,147837,JMONDG-GR,2025-06-10 00:00:00+00:00,JM Overnight Fund,Growth,Direct,,Fixed Income,Overnight Fund
TRUST MF Overnight Fund-Direct Plan-Growth,1222.118,Not Rated,AMC42,149797,TSOFDG-GR,2025-06-10 00:00:00+00:00,TRUST MF Overnight Fund,Growth,Direct,,Fixed Income,Overnight Fund
Shriram Overnight Fund -  Direct Growth,11.9271,Not Rated,AMC34,150562,SH201D-GR,2025-06-10 00:00:00+00:00,Shriram Overnight Fund,Growth,Direct,,Fixed Income,Overnight Fund
BNP Paribas Overnight Fund - Direct Plan-Growth Option,1116.7619,***,AMC4,147125,BN633DG-GR,2022-03-13 00:00:00+00:00,BNP Paribas Overnight Fund,Growth,Direct,,Fixed Income,Overnight Fund
Aditya Birla Sun life Overnight Fund-Direct Plan-Growth,1396.6765,***,AMC1,145486,BS157GZ-GR,2025-06-10 00:00:00+00:00,Aditya Birla Sun Life Overnight Fund,Growth,Direct,,Fixed Income,Overnight Fund
Axis Overnight Fund - Direct Plan - Growth Option,1366.5194,****,AMC2,146675,AXONDG-GR,2025-06-10 00:00:00+00:00,Axis Overnight Fund,Growth,Direct,,Fixed Income,Overnight Fund
Union Overnight Fund - Direct Plan - Growth Option,1359.3264,***,AMC38,147003,UNOGRD-GR,2025-06-10 00:00:00+00:00,Union Overnight Fund,Growth,Direct,,Fixed Income,Overnight Fund
Canara Robeco Overnight Fund - Direct Plan - Growth Option,1333.5663,**,AMC6,147531,CAOFDG-GR,2025-06-10 00:00:00+00:00,Canara Robeco Overnight Fund,Growth,Direct,,Fixed Income,Overnight Fund
Mahindra Manulife Overnight Fund - Direct Plan -Growth,1336.588,****,AMC24,147564,MHMOFDG-GR,2025-06-10 00:00:00+00:00,Mahindra Manulife Overnight Fund,Growth,Direct,,Fixed Income,Overnight Fund
NJ Overnight Fund - Direct Plan - Growth Option,1195.7108,Not Rated,AMC44,150369,NJOVDG-GR,2025-06-10 00:00:00+00:00,NJ Overnight Fund,Growth,Direct,,Fixed Income,Overnight Fund
Helios Overnight Fund Direct Plan - Growth Option,1108.9581,,AMC47,152152,HOHOFDG-GR,2025-06-10 00:00:00+00:00,Helios Overnight Fund,Growth,Direct,,Fixed Income,Overnight Fund
Zerodha Overnight Fund - Direct Plan - Growth Option,10.1165,,AMC48,153436,ZEZOVER-GR,2025-06-10 00:00:00+00:00,Zerodha Overnight Fund,Growth,Direct,,Fixed Income,Overnight Fund
HDFC Overnight Fund - Growth Option - Direct Plan,3829.1551,**,AMC12,119110,HD57TN-GR,2025-06-10 00:00:00+00:00,HDFC Overnight Fund,Growth,Direct,,Fixed Income,Overnight Fund
Groww Overnight Fund- Direct Plan- Growth Option,1331.4311,*,AMC18,147450,INOFG1-GR,2025-06-10 00:00:00+00:00,Groww Overnight Fund,Growth,Direct,,Fixed Income,Overnight Fund
PGIM India Overnight Fund - Direct Plan - Growth Option,1332.4708,****,AMC7,147606,PROFD1-GR,2025-06-10 00:00:00+00:00,PGIM India Overnight Fund,Growth,Direct,,Fixed Income,Overnight Fund
Bank of India Overnight Fund Direct Plan Growth,1310.4567,*****,AMC5,147951,BAOVDG-GR,2025-06-10 00:00:00+00:00,Bank of India Overnight Fund,Growth,Direct,,Fixed Income,Overnight Fund
Navi Overnight Fund Direct Plan Growth,10.8419,,AMC10,151875,ESNOGDG-GR,2024-11-14 00:00:00+00:00,Navi Overnight Fund,Growth,Direct,,Fixed Income,Overnight Fund
PGIM India Short Duration Fund - Direct Plan - Growth,42.8534,***,AMC7,138270,PRSFD1-GR,2023-09-29 00:00:00+00:00,PGIM India Short Duration Fund,Growth,Direct,,Fixed Income,Short Duration Fund
JM Short Term Fund Direct - Growth Option,26.9629,**,AMC20,120471,JMSTDG-GR,2020-09-25 00:00:00+00:00,JM Short Term Fund,Growth,Direct,,Fixed Income,Short Duration Fund
Bandhan Bond Fund - Short Term-Direct Plan-Growth,61.3236,*,AMC16,118407,DSTG-GR,2025-06-10 00:00:00+00:00,Bandhan Bond Fund - Short Term Plan,Growth,Direct,,Fixed Income,Short Duration Fund
Bank of India Short Term Income Fund-Direct Plan- Growth,29.1289,Not Rated,AMC5,119382,BXBA068-GR,2025-06-10 00:00:00+00:00,Bank of India Short Term Income Fund,Growth,Direct,,Fixed Income,Short Duration Fund
Tata Short Term Bond Fund - Direct Plan - Growth,53.0938,***,AMC36,119949,TASTGZ-GR,2025-06-10 00:00:00+00:00,Tata Short Term Bond Fund,Growth,Direct,,Fixed Income,Short Duration Fund
Groww Short Duration Fund - Direct Plan - Growth Option,2397.8127,**,AMC18,123704,INSTDG-GR,2025-06-10 00:00:00+00:00,Groww Short Duration Fund,Growth,Direct,,Fixed Income,Short Duration Fund
Principal Short Term Debt Fund- Direct Plan - Growth Option,37.7058,**,AMC28,119462,PCISZG-GR,2021-12-30 00:00:00+00:00,Principal Short Term Debt Fund,Growth,Direct,,Fixed Income,Short Duration Fund
DSP Short Term Fund - Direct Plan - Growth,50.7526,**,AMC8,119226,DS711-GR,2025-06-10 00:00:00+00:00,DSP Short Term Fund,Growth,Direct,,Fixed Income,Short Duration Fund
ICICI Prudential Short Term Fund - Direct Plan - Growth Option,65.6873,****,AMC14,120754,8009-GR,2025-06-10 00:00:00+00:00,ICICI Prudential Short Term Fund,Growth,Direct,,Fixed Income,Short Duration Fund
Mahindra Manulife Short Duration Fund - Direct Plan -Growth,13.3032,***,AMC24,148729,MHMSTDG-GR,2025-06-10 00:00:00+00:00,Mahindra Manulife Short Duration Fund,Growth,Direct,,Fixed Income,Short Duration Fund
Sundaram Short Duration Fund - Direct Plan - Growth Option,48.0106,*****,AMC35,149587,SUISZG-GR,2025-06-10 00:00:00+00:00,Sundaram Short Duration Fund,Growth,Direct,,Fixed Income,Short Duration Fund
Union Short Duration Fund - Direct Plan - Growth Option,10.4256,,AMC38,153242,UNSDDG-GR,2025-06-10 00:00:00+00:00,Union Short Duration Fund,Growth,Direct,,Fixed Income,Short Duration Fund
Franklin India Short Term Income Plan - Direct - Growth,15097.536,Not Rated,AMC11,118565,436-GR,2025-05-02 00:00:00+00:00,Franklin India Short Term Income Plan,Growth,Direct,,Fixed Income,Short Duration Fund
IDBI Short Term Bond Fund Growth Direct,25.7972,****,AMC15,118349,STG1-GR,2023-07-27 00:00:00+00:00,IDBI Short Term Bond Fund,Growth,Direct,,Fixed Income,Short Duration Fund
Essel Short Term Fund-Direct Plan-Growth Option,21.7005,* * *,AMC10,119168,PLPL67-GR,2019-06-26 00:00:00+00:00,Essel Short Term Fund,Growth,Direct,,Fixed Income,Short Duration Fund
HDFC Short Term  Debt Fund - Growth Option - Direct Plan,33.1297,***,AMC12,119016,STOGT-GR,2025-06-10 00:00:00+00:00,HDFC Short Term Debt Fund,Growth,Direct,,Fixed Income,Short Duration Fund
Baroda BNP Paribas Short Duration Fund - Direct Plan - Growth Option,31.8436,***,AMC45,119400,BPSID2-GR,2025-06-10 00:00:00+00:00,Baroda BNP Paribas Short Duration Fund,Growth,Direct,,Fixed Income,Short Duration Fund
Invesco India Short Duration Fund - Direct Plan - Growth,3949.4356,**,AMC19,120560,RGSTD1-GR,2025-06-10 00:00:00+00:00,Invesco India Short Duration Fund,Growth,Direct,,Fixed Income,Short Duration Fund
TRUST MF Short Duration Fund-Direct Plan-Growth,1278.8459,**,AMC42,149076,TSSTDG-GR,2025-06-10 00:00:00+00:00,TRUST MF Short Duration Fund,Growth,Direct,,Fixed Income,Short Duration Fund
JM Short Duration Fund Direct - Growth,12.3443,Not Rated,AMC20,150545,JMSDDG-GR,2025-06-10 00:00:00+00:00,JM Short Duration Fund,Growth,Direct,,Fixed Income,Short Duration Fund
BNP Paribas Short Term Fund - Direct Plan - Growth Option,26.9804,***,AMC4,120131,BN68G-GR,2022-03-13 00:00:00+00:00,BNP Paribas Short Term Fund,Growth,Direct,,Fixed Income,Short Duration Fund
Sundaram Short Term Debt Fund Direct Plan - Growth,39.0994,**,AMC35,119664,SUDSGPD-GR,2021-12-31 00:00:00+00:00,Sundaram Short Term Debt Fund,Growth,Direct,,Fixed Income,Short Duration Fund
Aditya Birla Sun Life Short Term Fund - Growth - Direct Plan,51.5902,****,AMC1,119498,BS341GZ-GR,2025-06-10 00:00:00+00:00,Aditya Birla Sun Life Short Term Fund,Growth,Direct,,Fixed Income,Short Duration Fund
Kotak Bond Short Term Plan-Growth - Direct,57.5786,***,AMC21,119739,KO10D-GR,2025-06-10 00:00:00+00:00,Kotak Bond Short Term Fund,Growth,Direct,,Fixed Income,Short Duration Fund
SBI Short Term Debt Fund - Direct Plan -Growth,34.2153,***,AMC33,119816,SBD48IG-GR,2025-06-10 00:00:00+00:00,SBI Short Term Debt Fund,Growth,Direct,,Fixed Income,Short Duration Fund
HSBC Short Duration Fund - Growth Direct,35.6582,*,AMC13,120062,HISG-GR,2022-11-25 00:00:00+00:00,HSBC Short Duration Fund,Growth,Direct,,Fixed Income,Short Duration Fund
Edelweiss Short Term Fund - Direct Plan - Growth Option,17.1827,**,AMC9,140251,EDSTD1-GR,2020-07-01 00:00:00+00:00,Edelweiss Short Term Fund,Growth,Direct,,Fixed Income,Short Duration Fund
Union Short Term Fund - Direct Plan - Growth Option,1663.248,,AMC38,119318,,2019-01-18 00:00:00+00:00,Union Short Term Fund,Growth,Direct,,Fixed Income,Short Duration Fund
Canara Robeco Short Duration Fund - Direct Plan - Growth Option,27.7533,**,AMC6,118320,CACYDG-GR,2025-06-10 00:00:00+00:00,Canara Robeco Short Duration Fund,Growth,Direct,,Fixed Income,Short Duration Fund
Nippon India Short Term Fund - Direct Plan Growth Plan - Growth Option,57.5725,****,AMC31,118796,STAG-GR,2025-06-10 00:00:00+00:00,Nippon India Short Term Fund,Growth,Direct,,Fixed Income,Short Duration Fund
Axis Short Duration Fund - Direct Plan - Growth Option,33.8116,****,AMC2,120510,AXSTDG-GR,2025-06-10 00:00:00+00:00,Axis Short Duration Fund,Growth,Direct,,Fixed Income,Short Duration Fund
UTI Short Duration Fund - Direct Plan - Growth Option,33.8319,*****,AMC39,120718,UTSTD1-GR,2025-06-10 00:00:00+00:00,UTI Short Duration Fund,Growth,Direct,,Fixed Income,Short Duration Fund
Mirae Asset Short Duration Fund -Direct Plan- Growth,16.7422,***,AMC25,142641,MASTD1-GR,2025-06-10 00:00:00+00:00,Mirae Asset Short Duration Fund,Growth,Direct,,Fixed Income,Short Duration Fund
LIC MF Short Duration Fund-Direct Plan-Growth,15.6082,**,AMC23,145954,LCSDG1-GR,2025-06-10 00:00:00+00:00,LIC MF Short Duration Fund,Growth,Direct,,Fixed Income,Short Duration Fund
HSBC Short Duration Fund - Direct Growth,28.1489,**,AMC13,151067,HS133D-GR,2025-06-10 00:00:00+00:00,HSBC Short Duration Fund,Growth,Direct,,Fixed Income,Short Duration Fund
IDBI UST Growth Direct,2551.6314,***,AMC15,118350,USG1-GR,2023-07-27 00:00:00+00:00,IDBI Ultra Short Term Fund,Growth,Direct,,Fixed Income,Short Duration Fund
Navi Ultra Short Term Fund - Direct Plan-Growth Option,2401.2479,*,AMC10,119186,PUSGD-GR,2022-07-15 00:00:00+00:00,Navi Ultra Short Term Fund,Growth,Direct,,Fixed Income,Short Duration Fund
Bank of India Ultra Short Duration Fund- Direct Plan- Growth,3264.3315,**,AMC5,119379,BXBA081-GR,2025-06-10 00:00:00+00:00,Bank of India Ultra Short Duration Fund,Growth,Direct,,Fixed Income,Short Duration Fund
Kotak Savings Fund-Growth - Direct,44.8281,***,AMC21,119750,KO135D-GR,2025-06-10 00:00:00+00:00,Kotak Savings Fund,Growth,Direct,,Fixed Income,Short Duration Fund
PGIM India Ultra Short Duration Fund - Direct Plan - Growth,35.5442,***,AMC7,138358,PR2FD1-GR,2025-06-10 00:00:00+00:00,PGIM India Ultra Short Duration Fund,Growth,Direct,,Fixed Income,Short Duration Fund
HDFC Ultra Short Term Fund - Direct Plan-Growth Option,15.4479,****,AMC12,145034,HDUSTGT-GR,2025-06-10 00:00:00+00:00,HDFC Ultra Short Term Fund,Growth,Direct,,Fixed Income,Short Duration Fund
Mirae Asset Ultra Short Duration Fund Direct Growth,1319.2683,***,AMC25,148529,MAUSD1-GR,2025-06-10 00:00:00+00:00,Mirae Asset Ultra Short Duration Fund,Growth,Direct,,Fixed Income,Short Duration Fund
ITI Ultra Short Duration Fund - Direct Plan - Growth Option,1277.237,**,AMC41,148913,ITUSG1-GR,2025-06-10 00:00:00+00:00,ITI Ultra Short Duration Fund,Growth,Direct,,Fixed Income,Short Duration Fund
Franklin India Ultra Short Bond Fund - Super Institutional Plan - Direct - Growth,34.2355,Not Rated,AMC11,118560,485-GR,2022-08-07 00:00:00+00:00,Franklin India Ultra Short Bond Fund,Growth,Direct,,Fixed Income,Short Duration Fund
SBI Magnum Ultra Short Duration Fund - Direct Plan - Growth,6068.3279,**,AMC33,119828,SBD086G-GR,2025-06-10 00:00:00+00:00,SBI Magnum Ultra Short Duration Fund,Growth,Direct,,Fixed Income,Short Duration Fund
Invesco India Ultra Short Duration Fund - Direct Plan - Growth,2872.1377,***,AMC19,120541,RGMTD1-GR,2025-06-10 00:00:00+00:00,Invesco India Ultra Short Duration Fund,Growth,Direct,,Fixed Income,Short Duration Fund
UTI Ultra Short Duration Fund - Direct Plan - Growth Option,4536.9367,*****,AMC39,120746,UTFSD3-GR,2025-06-10 00:00:00+00:00,UTI Ultra Short Duration Fund,Growth,Direct,,Fixed Income,Short Duration Fund
Tata Ultra Short Term Fund-Direct Plan-Growth,14.8571,****,AMC36,146075,TAUSGZ-GR,2025-06-10 00:00:00+00:00,Tata Ultra Short Term Fund,Growth,Direct,,Fixed Income,Short Duration Fund
HSBC Ultra Short Duration Fund - Direct Growth,1370.1701,***,AMC13,147908,HSHSDOG-GR,2025-06-10 00:00:00+00:00,HSBC Ultra Short Duration Fund,Growth,Direct,,Fixed Income,Short Duration Fund
Principal Ultra Short Term Fund- Direct Plan -Growth Option,2320.0599,***,AMC28,119474,PCMMZG-GR,2021-12-30 00:00:00+00:00,Principal Ultra Short Term Fund,Growth,Direct,,Fixed Income,Short Duration Fund
Canara Robeco Ultra Short Term Fund - Direct Plan - Growth Option,4031.9385,**,AMC6,118317,CATADG-GR,2025-06-10 00:00:00+00:00,Canara Robeco Ultra Short Term Fund,Growth,Direct,,Fixed Income,Short Duration Fund
Nippon India Ultra Short Duration Fund- Direct Plan- Growth Option,4432.909,*****,AMC31,143494,CDPG-GR,2025-06-10 00:00:00+00:00,Nippon India Ultra Short Duration Fund,Growth,Direct,,Fixed Income,Short Duration Fund
Baroda BNP Paribas Ultra Short Duration Fund- Direct Plan- Growth,1559.1512,***,AMC45,143508,BPUSD2-GR,2025-06-10 00:00:00+00:00,Baroda BNP Paribas Ultra Short Duration Fund,Growth,Direct,,Fixed Income,Short Duration Fund
Sundaram Ultra Short Term Fund Direct Plan - Growth,11.3788,***,AMC35,147440,SUUSTDG-GR,2021-12-31 00:00:00+00:00,Sundaram Ultra Short Term Fund,Growth,Direct,,Fixed Income,Short Duration Fund
ICICI Prudential Ultra Short Term Fund - Direct Plan -  Growth,29.8968,****,AMC14,120676,8123-GR,2025-06-10 00:00:00+00:00,ICICI Prudential Ultra Short Term Fund,Growth,Direct,,Fixed Income,Short Duration Fund
Axis Ultra Short Duration Fund - Direct Plan Growth,15.5904,****,AMC2,144754,AXUSDG-GR,2025-06-10 00:00:00+00:00,Axis Ultra Short Duration Fund,Growth,Direct,,Fixed Income,Short Duration Fund
WhiteOak Capital Ultra Short Duration Fund- Direct plan-Growth Option,1406.5664,**,AMC40,147311,YE1009-GR,2025-06-10 00:00:00+00:00,WhiteOak Capital Ultra Short Duration Fund,Growth,Direct,,Fixed Income,Short Duration Fund
Indiabulls Ultra Short Term Fund - Direct Plan - Growth Option,2101.7877,****,AMC18,119143,INUSG1-GR,2021-03-31 00:00:00+00:00,Indiabulls Ultra Short Term Fund,Growth,Direct,,Fixed Income,Short Duration Fund
JM Ultra Short Duration Fund - Direct - Growth Option,27.5938,*,AMC20,120458,MMR4-GR,2020-09-25 00:00:00+00:00,JM Ultra Short Duration Fund,Growth,Direct,,Fixed Income,Short Duration Fund
DSP Ultra Short Fund - Direct Plan - Growth,3695.7395,***,AMC8,119205,DS742-GR,2025-06-10 00:00:00+00:00,DSP Ultra Short Fund,Growth,Direct,,Fixed Income,Short Duration Fund
Aditya Birla Sun Life Savings Fund - Growth - Direct Plan,557.0038,***,AMC1,119501,BS132GZ-GR,2025-06-10 00:00:00+00:00,Aditya Birla Sun Life Savings Fund,Growth,Direct,,Fixed Income,Short Duration Fund
Motilal Oswal Ultra Short Term Fund (MOFUSTF) -Direct Plan- Growth,17.3895,*,AMC26,124234,USGD-GRD,2025-06-10 00:00:00+00:00,Motilal Oswal Ultra Short Term Fund,Growth,Direct,,Fixed Income,Short Duration Fund
Bandhan Ultra Short Term Fund - Direct Plan Growth,15.375,**,AMC16,144173,IDD327-GR,2025-06-10 00:00:00+00:00,Bandhan Ultra Short Term Fund,Growth,Direct,,Fixed Income,Short Duration Fund
Mahindra Manulife Ultra Short Duration Fund - Direct Plan -Growth,1406.0221,****,AMC24,147731,MHMUSDG-GR,2025-06-10 00:00:00+00:00,Mahindra Manulife Ultra Short Duration Fund,Growth,Direct,,Fixed Income,Short Duration Fund
LIC MF Ultra Short Duration Fund-Direct Plan-Growth,1347.0853,*,AMC23,147772,LCUSG1-GR,2025-06-10 00:00:00+00:00,LIC MF Ultra Short Duration Fund,Growth,Direct,,Fixed Income,Short Duration Fund
Sundaram Ultra Short Duration Fund - Direct Plan -Growth Option,2922.9945,***,AMC35,149539,SUUTZG-GR,2025-06-10 00:00:00+00:00,Sundaram Ultra Short Duration Fund,Growth,Direct,,Fixed Income,Short Duration Fund
Franklin India Ultra Short Duration Fund - Direct - Growth,10.6397,,AMC11,152825,FR995-DR,2025-06-10 00:00:00+00:00,Franklin India Ultra Short Duration Fund,Growth,Direct,,Fixed Income,Short Duration Fund
UTI - Short Term Income Fund - Half Yearly Div Option - Direct,13.1692,,AMC39,131425,,2024-12-05 00:00:00+00:00,UTI - Short Term Income Fund,Dividend,Direct,,Fixed Income,Short Duration Fund
Aditya Birla Sun Life Retirement Fund-The 50s Plus-Debt Plan-Direct Plan-Growth,14.2893,*,AMC1,146943,BS58Y-GR,2025-06-10 00:00:00+00:00,Aditya Birla Sun Life Retirement Fund - The 50s Plus Plan,Growth,Direct,,Fixed Income,Solution Oriented - Retirement
ICICI Prudential Retirement Fund - Pure Debt - Direct Plan - Growth Option,16.341,***,AMC14,146727,IC9495-GR,2025-06-10 00:00:00+00:00,ICICI Prudential Retirement Fund - Pure Debt Plan,Growth,Direct,,Fixed Income,Solution Oriented - Retirement
Principal Ultra Short Term Fund- Direct Plan -Growth Option,2320.0599,***,AMC28,119474,PCMMZG-GR,2021-12-30 00:00:00+00:00,Principal Ultra Short Term Fund,Growth,Direct,,Fixed Income,Ultra Short Duration Fund
Canara Robeco Ultra Short Term Fund - Direct Plan - Growth Option,4031.9385,**,AMC6,118317,CATADG-GR,2025-06-10 00:00:00+00:00,Canara Robeco Ultra Short Term Fund,Growth,Direct,,Fixed Income,Ultra Short Duration Fund
Nippon India Ultra Short Duration Fund- Direct Plan- Growth Option,4432.909,*****,AMC31,143494,CDPG-GR,2025-06-10 00:00:00+00:00,Nippon India Ultra Short Duration Fund,Growth,Direct,,Fixed Income,Ultra Short Duration Fund
Baroda BNP Paribas Ultra Short Duration Fund- Direct Plan- Growth,1559.1512,***,AMC45,143508,BPUSD2-GR,2025-06-10 00:00:00+00:00,Baroda BNP Paribas Ultra Short Duration Fund,Growth,Direct,,Fixed Income,Ultra Short Duration Fund
Franklin India Ultra Short Bond Fund - Super Institutional Plan - Direct - Growth,34.2355,Not Rated,AMC11,118560,485-GR,2022-08-07 00:00:00+00:00,Franklin India Ultra Short Bond Fund,Growth,Direct,,Fixed Income,Ultra Short Duration Fund
SBI Magnum Ultra Short Duration Fund - Direct Plan - Growth,6068.3279,**,AMC33,119828,SBD086G-GR,2025-06-10 00:00:00+00:00,SBI Magnum Ultra Short Duration Fund,Growth,Direct,,Fixed Income,Ultra Short Duration Fund
Invesco India Ultra Short Duration Fund - Direct Plan - Growth,2872.1377,***,AMC19,120541,RGMTD1-GR,2025-06-10 00:00:00+00:00,Invesco India Ultra Short Duration Fund,Growth,Direct,,Fixed Income,Ultra Short Duration Fund
UTI Ultra Short Duration Fund - Direct Plan - Growth Option,4536.9367,*****,AMC39,120746,UTFSD3-GR,2025-06-10 00:00:00+00:00,UTI Ultra Short Duration Fund,Growth,Direct,,Fixed Income,Ultra Short Duration Fund
Tata Ultra Short Term Fund-Direct Plan-Growth,14.8571,****,AMC36,146075,TAUSGZ-GR,2025-06-10 00:00:00+00:00,Tata Ultra Short Term Fund,Growth,Direct,,Fixed Income,Ultra Short Duration Fund
HSBC Ultra Short Duration Fund - Direct Growth,1370.1701,***,AMC13,147908,HSHSDOG-GR,2025-06-10 00:00:00+00:00,HSBC Ultra Short Duration Fund,Growth,Direct,,Fixed Income,Ultra Short Duration Fund
IDBI UST Growth Direct,2551.6314,***,AMC15,118350,USG1-GR,2023-07-27 00:00:00+00:00,IDBI Ultra Short Term Fund,Growth,Direct,,Fixed Income,Ultra Short Duration Fund
Navi Ultra Short Term Fund - Direct Plan-Growth Option,2401.2479,*,AMC10,119186,PUSGD-GR,2022-07-15 00:00:00+00:00,Navi Ultra Short Term Fund,Growth,Direct,,Fixed Income,Ultra Short Duration Fund
Bank of India Ultra Short Duration Fund- Direct Plan- Growth,3264.3315,**,AMC5,119379,BXBA081-GR,2025-06-10 00:00:00+00:00,Bank of India Ultra Short Duration Fund,Growth,Direct,,Fixed Income,Ultra Short Duration Fund
Kotak Savings Fund-Growth - Direct,44.8281,***,AMC21,119750,KO135D-GR,2025-06-10 00:00:00+00:00,Kotak Savings Fund,Growth,Direct,,Fixed Income,Ultra Short Duration Fund
PGIM India Ultra Short Duration Fund - Direct Plan - Growth,35.5442,***,AMC7,138358,PR2FD1-GR,2025-06-10 00:00:00+00:00,PGIM India Ultra Short Duration Fund,Growth,Direct,,Fixed Income,Ultra Short Duration Fund
HDFC Ultra Short Term Fund - Direct Plan-Growth Option,15.4479,****,AMC12,145034,HDUSTGT-GR,2025-06-10 00:00:00+00:00,HDFC Ultra Short Term Fund,Growth,Direct,,Fixed Income,Ultra Short Duration Fund
Mirae Asset Ultra Short Duration Fund Direct Growth,1319.2683,***,AMC25,148529,MAUSD1-GR,2025-06-10 00:00:00+00:00,Mirae Asset Ultra Short Duration Fund,Growth,Direct,,Fixed Income,Ultra Short Duration Fund
ITI Ultra Short Duration Fund - Direct Plan - Growth Option,1277.237,**,AMC41,148913,ITUSG1-GR,2025-06-10 00:00:00+00:00,ITI Ultra Short Duration Fund,Growth,Direct,,Fixed Income,Ultra Short Duration Fund
Sundaram Ultra Short Term Fund Direct Plan - Growth,11.3788,***,AMC35,147440,SUUSTDG-GR,2021-12-31 00:00:00+00:00,Sundaram Ultra Short Term Fund,Growth,Direct,,Fixed Income,Ultra Short Duration Fund
ICICI Prudential Ultra Short Term Fund - Direct Plan -  Growth,29.8968,****,AMC14,120676,8123-GR,2025-06-10 00:00:00+00:00,ICICI Prudential Ultra Short Term Fund,Growth,Direct,,Fixed Income,Ultra Short Duration Fund
Axis Ultra Short Duration Fund - Direct Plan Growth,15.5904,****,AMC2,144754,AXUSDG-GR,2025-06-10 00:00:00+00:00,Axis Ultra Short Duration Fund,Growth,Direct,,Fixed Income,Ultra Short Duration Fund
WhiteOak Capital Ultra Short Duration Fund- Direct plan-Growth Option,1406.5664,**,AMC40,147311,YE1009-GR,2025-06-10 00:00:00+00:00,WhiteOak Capital Ultra Short Duration Fund,Growth,Direct,,Fixed Income,Ultra Short Duration Fund
Indiabulls Ultra Short Term Fund - Direct Plan - Growth Option,2101.7877,****,AMC18,119143,INUSG1-GR,2021-03-31 00:00:00+00:00,Indiabulls Ultra Short Term Fund,Growth,Direct,,Fixed Income,Ultra Short Duration Fund
JM Ultra Short Duration Fund - Direct - Growth Option,27.5938,*,AMC20,120458,MMR4-GR,2020-09-25 00:00:00+00:00,JM Ultra Short Duration Fund,Growth,Direct,,Fixed Income,Ultra Short Duration Fund
DSP Ultra Short Fund - Direct Plan - Growth,3695.7395,***,AMC8,119205,DS742-GR,2025-06-10 00:00:00+00:00,DSP Ultra Short Fund,Growth,Direct,,Fixed Income,Ultra Short Duration Fund
Aditya Birla Sun Life Savings Fund - Growth - Direct Plan,557.0038,***,AMC1,119501,BS132GZ-GR,2025-06-10 00:00:00+00:00,Aditya Birla Sun Life Savings Fund,Growth,Direct,,Fixed Income,Ultra Short Duration Fund
Motilal Oswal Ultra Short Term Fund (MOFUSTF) -Direct Plan- Growth,17.3895,*,AMC26,124234,USGD-GRD,2025-06-10 00:00:00+00:00,Motilal Oswal Ultra Short Term Fund,Growth,Direct,,Fixed Income,Ultra Short Duration Fund
Bandhan Ultra Short Term Fund - Direct Plan Growth,15.375,**,AMC16,144173,IDD327-GR,2025-06-10 00:00:00+00:00,Bandhan Ultra Short Term Fund,Growth,Direct,,Fixed Income,Ultra Short Duration Fund
Mahindra Manulife Ultra Short Duration Fund - Direct Plan -Growth,1406.0221,****,AMC24,147731,MHMUSDG-GR,2025-06-10 00:00:00+00:00,Mahindra Manulife Ultra Short Duration Fund,Growth,Direct,,Fixed Income,Ultra Short Duration Fund
LIC MF Ultra Short Duration Fund-Direct Plan-Growth,1347.0853,*,AMC23,147772,LCUSG1-GR,2025-06-10 00:00:00+00:00,LIC MF Ultra Short Duration Fund,Growth,Direct,,Fixed Income,Ultra Short Duration Fund
Sundaram Ultra Short Duration Fund - Direct Plan -Growth Option,2922.9945,***,AMC35,149539,SUUTZG-GR,2025-06-10 00:00:00+00:00,Sundaram Ultra Short Duration Fund,Growth,Direct,,Fixed Income,Ultra Short Duration Fund
Franklin India Ultra Short Duration Fund - Direct - Growth,10.6397,,AMC11,152825,FR995-DR,2025-06-10 00:00:00+00:00,Franklin India Ultra Short Duration Fund,Growth,Direct,,Fixed Income,Ultra Short Duration Fund
HSBC Brazil Fund - Growth Direct,7.8523,Not Rated,AMC13,120035,HSHBFG-GR,2025-06-06 00:00:00+00:00,HSBC Brazil Fund,Growth,Direct,,Global,Country Specific - Brazil
Edelweiss Greater China Equity Off-shore Fund - Direct Plan - Growth Option,46.245,Not Rated,AMC9,140243,EDGCD1-GR,2025-06-09 00:00:00+00:00,Edelweiss Gr China Eq Off-Shore Fund,Growth,Direct,,Global,Country Specific - China
Axis Greater China Equity Fund of Fund - Direct Plan - Growth Option,8.32,Not Rated,AMC2,148699,AXGCDG-GR,2025-06-09 00:00:00+00:00,Axis Greater China Equity Fund of Fund,Growth,Direct,,Global,Country Specific - China
Nippon India Japan Equity Fund- Direct Plan- Growth Plan- Growth Option,22.4864,Not Rated,AMC31,130860,RLJEAG-GR,2025-06-10 00:00:00+00:00,Nippon India Japan Equity Fund,Growth,Direct,,Global,Country Specific - Japan
Nippon India Taiwan Equity Fund- Direct Plan- Growth Option,12.6409,Not Rated,AMC31,149329,RLETAG-GR,2025-06-10 00:00:00+00:00,Nippon India Taiwan Equity Fund,Growth,Direct,,Global,Country Specific - Taiwan
Edelweiss US Value Equity Offshore Fund - Direct Plan - Growth Option,34.6567,Not Rated,AMC9,140274,EDUSD1-GR,2025-06-09 00:00:00+00:00,Edelweiss US Value Equity Offshore Fund,Growth,Direct,,Global,Country Specific - US
Kotak US Equity Fund - Direct Plan - Growth option,20.131,Not Rated,AMC21,133831,,2020-02-25 00:00:00+00:00,Kotak US Equity Fund,Growth,Direct,,Global,Country Specific - US
Bandhan US Equity Fund OF Fund - Growth - Direct Plan,16.199,Not Rated,AMC16,149098,IDD355-GR,2025-06-10 00:00:00+00:00,Bandhan US Equity FoF,Growth,Direct,,Global,Country Specific - US
Franklin India Feeder - Franklin US Opportunities Fund - Direct - Growth,82.9563,Not Rated,AMC11,118551,FR496-GR,2025-06-09 00:00:00+00:00,Franklin India Feeder - Franklin U.S. Opportunities Fund,Growth,Direct,,Global,Country Specific - US
ICICI Prudential US Bluechip Equity Fund - Direct Plan -  Growth,68.9,Not Rated,AMC14,120186,8133-GR,2025-06-09 00:00:00+00:00,ICICI Prudential US Bluechip Equity Fund,Growth,Direct,,Global,Country Specific - US
Nippon India US Equity Opportunites Fund- Direct Plan- Growth Plan- Growth Option,38.6107,Not Rated,AMC31,134923,RLUEAG-GR,2025-06-09 00:00:00+00:00,Nippon India US Equity Opportunities Fund,Growth,Direct,,Global,Country Specific - US
Edelweiss US Technology Equity Fund of Fund- Direct Plan- Growth,28.6817,Not Rated,AMC9,148063,EDUTD1-GR,2025-06-09 00:00:00+00:00,Edelweiss US Technology Equity Fund of Fund,Growth,Direct,,Global,Country Specific - US
Navi US Total Stock Market Fund of Fund- Direct Plan- Growth,15.947,Not Rated,AMC10,149830,ESNUGD-GR,2025-06-09 00:00:00+00:00,Navi US Total Stock Market Fund of Fund,Growth,Direct,,Global,Country Specific - US
DSP US Flexible Equity Fund of Fund - Direct Plan - Growth,66.5756,Not Rated,AMC8,119252,DS736-GR,2025-06-06 00:00:00+00:00,DSP US Flexible Equity FoF,Growth,Direct,,Global,Country Specific - US
SBI US Specific Equity Active FoF - Direct Plan - Growth,17.8158,Not Rated,AMC33,148760,SBD627G-GR,2025-06-06 00:00:00+00:00,SBI US Specific Equity Active FoF,Growth,Direct,,Global,Country Specific - US
HSBC Global Consumer Opportunities Fund - Growth Direct,19.025,Not Rated,AMC13,133714,HSHGCOG-GR,2021-05-11 00:00:00+00:00,HSBC Global Consumer Opportunities Fund,Growth,Direct,,Global,Diversified
Aditya Birla Sun Life International Equity Fund - Growth - Direct Plan,43.3989,Not Rated,AMC1,119517,BS297GZ-GR,2025-06-09 00:00:00+00:00,Aditya Birla Sun Life International Equity Fund,Growth,Direct,,Global,Diversified
ICICI Prudential Global Stable Equity Fund (FOF) - Direct - Growth,29.72,Not Rated,AMC14,123654,8344-GR,2025-06-06 00:00:00+00:00,ICICI Prudential Global Stable Equity Fund (FOF),Growth,Direct,,Global,Diversified
DSP Global Innovation Fund of Fund - Direct - Growth,16.0184,Not Rated,AMC8,149816,DS881-GR,2025-06-05 00:00:00+00:00,DSP Global Innovation Fund of Fund,Growth,Direct,,Global,Diversified
Baroda BNP Paribas Aqua Fund of Fund - Direct Plan - Growth Option,13.6089,Not Rated,AMC45,150285,BPAFDG-GR,2025-06-05 00:00:00+00:00,Baroda BNP Paribas Aqua Fund of Fund,Growth,Direct,,Global,Diversified
PGIM India Global Select Real Estate Securities Fund of Fund - Direct Plan - Growth Option,11.03,Not Rated,AMC7,149298,PRGSG1-GR,2025-06-09 00:00:00+00:00,PGIM India Global Select Real Estate Securities Fund of Fund,Growth,Direct,,Global,Diversified
Kotak International REIT FOF - Direct Plan - Growth,10.5704,Not Rated,AMC21,148646,KO491D-GR,2025-06-06 00:00:00+00:00,Kotak International REIT FOF,Growth,Direct,,Global,Diversified
HSBC Global Equity Climate Change Fund of Fund - Direct - Growth,11.0826,Not Rated,AMC13,148737,HSHGCG-GR,2025-06-06 00:00:00+00:00,HSBC Global Equity Climate Change Fund of Fund,Growth,Direct,,Global,Diversified
Aditya Birla Sun Life Global Excellence Equity Fund Of Fund - Retail Plan - Direct Plan - Growth Option,35.4434,Not Rated,AMC1,132009,BSD374-GR,2025-06-05 00:00:00+00:00,Aditya Birla Sun Life Global Excellence Equity FoF,Growth,Direct,,Global,Diversified
Invesco India - Invesco Global Equity Income Fund of Fund - Direct Plan - Growth,32.652,Not Rated,AMC19,129188,RGGED1-GR,2025-06-10 00:00:00+00:00,Invesco India - Invesco Global Equity Income Fund of Fund,Growth,Direct,,Global,Diversified
Invesco India - Invesco Global Consumer Trends Fund of Fund - Direct Plan - Growth,10.6468,Not Rated,AMC19,148614,RGGCD1-GR,2025-06-10 00:00:00+00:00,Invesco India Global Consumer Trends Fund of Fund,Growth,Direct,,Global,Diversified
Kotak NASDAQ 100 Fund of Fund - Direct Plan - Growth,18.9385,Not Rated,AMC21,148662,KO493D-GR,2025-06-09 00:00:00+00:00,Kotak NASDAQ 100 Fund of Fund,Growth,Direct,,Global,Diversified
HDFC Developed World Equity Passive FOF - Direct Plan - Growth Option,15.491,Not Rated,AMC12,149180,HDHDWDG-GR,2025-06-09 00:00:00+00:00,HDFC Developed World Equity Passive FOF,Growth,Direct,,Global,Diversified
Aditya Birla Sun Life Nasdaq 100 FOF-Direct-Growth,15.3675,Not Rated,AMC1,149291,BS88Y-GR,2025-06-09 00:00:00+00:00,Aditya Birla Sun Life Nasdaq 100 FOF,Growth,Direct,,Global,Diversified
Aditya Birla Sun Life International Equity Fund - Plan B - Growth - Direct Plan,30.2806,Not Rated,AMC1,119518,BS298GZ-GR,2023-07-28 00:00:00+00:00,Aditya Birla Sun Life International Equity Fund - Plan B,Growth,Direct,,Global,Diversified
Axis Global Equity Alpha Fund of Fund - Direct Plan - Growth Option,20.0428,Not Rated,AMC2,148485,AXGADG-GR,2025-06-09 00:00:00+00:00,Axis Global Equity Alpha Fund of Fund,Growth,Direct,,Global,Diversified
Axis Global Innovation Fund of Fund - Direct Plan - Growth,14.53,Not Rated,AMC2,148954,AXGIDG-GR,2025-06-09 00:00:00+00:00,Axis Global Innovation Fund of Fund,Growth,Direct,,Global,Diversified
Axis NASDAQ 100 Fund of Fund - Direct Plan - Growth,19.8651,Not Rated,AMC2,150751,AXNQDG-GR,2025-06-09 00:00:00+00:00,Axis NASDAQ 100 FOF,Growth,Direct,,Global,Diversified
Motilal Oswal Nasdaq 100 Fund of Fund- Direct Plan Growth,38.5669,Not Rated,AMC26,145552,MON1GD-GR,2025-06-10 00:00:00+00:00,Motilal Oswal Nasdaq 100 Fund of Fund,Growth,Direct,,Global,Diversified
PGIM India Global Equity Opportunities Fund - Direct Plan - Growth,48.1,Not Rated,AMC7,138528,PRGAD1-GR,2025-06-09 00:00:00+00:00,PGIM India Global Equity Opportunities Fund,Growth,Direct,,Global,Diversified
ICICI Prudential Global Advantage Fund (FOF) - Direct Plan - Growth Option,17.3057,Not Rated,AMC14,147648,IC9598-GR,2025-06-09 00:00:00+00:00,ICICI Prudential Global Advantage Fund (FOF),Growth,Direct,,Global,Diversified
Kotak Global Innovation Fund of Fund- Direct Plan -Growth,11.0206,Not Rated,AMC21,149059,KO498D-GR,2025-06-09 00:00:00+00:00,Kotak Global Innovation Fund of Fund,Growth,Direct,,Global,Diversified
Navi NASDAQ 100 Fund of Fund- Direct- Growth,16.6131,Not Rated,AMC10,149910,ESNQGD-GR,2025-06-09 00:00:00+00:00,Navi NASDAQ 100 Fund of Fund,Growth,Direct,,Global,Diversified
Mirae Asset NYSE FANG + ETF Fund of Fund Direct Growth,28.848,Not Rated,AMC25,148928,MAFPD1-GR,2025-06-10 00:00:00+00:00,Mirae Asset NYSE FANG + ETF Fund of Fund,Growth,Direct,,Global,ETF - FOF
Invesco India - Invesco EQQQ Nasdaq-100 ETF Fund of Fund - Direct Plan - Growth,17.4755,Not Rated,AMC19,149961,RGEQD1-GR,2025-06-10 00:00:00+00:00,Invesco India - Invesco EQQQ Nasdaq-100 ETF Fund of Fund,Growth,Direct,,Global,ETF - FOF
Mirae Asset Global Electric & Autonomous Vehicles ETFs Fund of Fund- Direct Plan - Growth,9.654,Not Rated,AMC25,150595,MAGED1-GR,2025-06-09 00:00:00+00:00,Mirae Asset Global Electric & Autonomous Vehicles ETFs FoF,Growth,Direct,,Global,ETF - FOF
Mirae Asset Global X Artificial Intelligence & Technology ETF Fund of Fund - Direct Plan- Growth,21.079,Not Rated,AMC25,150597,MAAID1-GR,2025-06-09 00:00:00+00:00,Mirae Asset Global X Artificial Intelligence & Technology ETF FoF,Growth,Direct,,Global,ETF - FOF
Motilal Oswal Developed Market Ex US ETFs Fund of Funds Direct Plan Growth,13.514,,AMC26,152090,MODMGD-GR,2025-06-09 00:00:00+00:00,Motilal Oswal Developed Market Ex US ETFs FOF,Growth,Direct,,Global,ETF - FOF
Mirae Asset S&P 500 Top 50 ETF Fund of Fund Direct Growth,19.53,Not Rated,AMC25,149170,MASPD1-GR,2025-06-10 00:00:00+00:00,Mirae Asset S&P 500 Top 50 ETF Fund of Fund,Growth,Direct,,Global,ETF - FOF
Mirae Asset Hang Seng TECH ETF Fund of Fund Direct Plan - Growth Option,11.466,Not Rated,AMC25,149381,MAHSD1-GR,2025-06-10 00:00:00+00:00,Mirae Asset Hang Seng TECH ETF Fund of Fund,Growth,Direct,,Global,ETF - FOF
BNP Paribas Funds Aqua Fund of Fund - Direct Plan - Growth Option,9.6157,Not Rated,AMC4,148897,BNAFDG-GR,2022-03-10 00:00:00+00:00,BNP Paribas Funds Aqua Fund of Fund,Growth,Direct,,Global,Fund of Fund
ICICI Prudential NASDAQ 100 Index Fund - Direct Plan - Growth,16.2521,Not Rated,AMC14,149219,IC9656-GR,2025-06-09 00:00:00+00:00,ICICI Prudential NASDAQ 100 Index Fund,Growth,Direct,,Global,Index
Motilal Oswal S&P 500 Index Fund - Direct Plan Growth,23.6722,Not Rated,AMC26,148381,MOSPGD-GR,2025-06-09 00:00:00+00:00,Motilal Oswal S&P 500 Index Fund,Growth,Direct,,Global,Index
Edelweiss MSCI India Domestic & World Healthcare 45 Index Fund Direct Plan - Growth,19.7286,Not Rated,AMC9,148555,EDWHD1-GR,2025-06-09 00:00:00+00:00,Edelweiss MSCI India Domestic & World Healthcare 45 Index Fund,Growth,Direct,,Global,Index
Motilal Oswal MSCI EAFE Top 100 Select Index Fund - Direct Plan Growth,11.8133,Not Rated,AMC26,149349,MOMSGD-GR,2024-01-12 00:00:00+00:00,Motilal Oswal MSCI EAFE Top 100 Select Index Fund,Growth,Direct,,Global,Index
Edelweiss ASEAN Equity Off-shore Fund - Direct Plan - Growth Option,32.43,Not Rated,AMC9,140256,EDASD1-GR,2025-06-09 00:00:00+00:00,Edelweiss ASEAN Equity Off-Shore Fund,Growth,Direct,,Global,Region Specific - ASEAN
Franklin Asian Equity Fund - Direct - Growth,32.9228,Not Rated,AMC11,118559,484-GR,2025-06-09 00:00:00+00:00,Franklin Asian Equity Fund,Growth,Direct,,Global,Region Specific - ASIA
Mahindra Manulife Asia Pacific REITs FOF - Direct Plan - Growth,9.1426,Not Rated,AMC24,149230,MHMAPDG-GR,2025-06-10 00:00:00+00:00,Mahindra Manulife Asia Pacific REITs FOF,Growth,Direct,,Global,Region Specific - ASIA
HSBC Asia Pacific (Ex Japan) Dividend Yield Fund - Growth Direct,25.6041,Not Rated,AMC13,127071,HSHAPDG-GR,2025-06-06 00:00:00+00:00,HSBC Asia Pacific (Ex Japan) Dividend Yield Fund,Growth,Direct,,Global,Region Specific - ASIA
Sundaram Global Brand Theme - Equity Active FoF Direct Plan - Growth,36.9631,Not Rated,AMC35,119602,SU94DG-GR,2025-06-09 00:00:00+00:00,Sundaram Global Brand Theme - Equity Active FoF,Growth,Direct,,Global,Region Specific - Emerging Markets
Aditya Birla Sun Life Global Emerging Opportunities Fund - Direct plan - Growth Option,27.7263,Not Rated,AMC1,132140,BSD1050-GR,2025-06-05 00:00:00+00:00,Aditya Birla Sun Life Global Emerging Opportunities Fund,Growth,Direct,,Global,Region Specific - Emerging Markets
Edelweiss Emerging Markets Opportunities Equity Offshore Fund - Direct Plan - Growth Option,18.0658,Not Rated,AMC9,140327,EDEMD1-GR,2025-06-09 00:00:00+00:00,Edelweiss Emerging Markets Opportunities Equity Offshore Fund,Growth,Direct,,Global,Region Specific - Emerging Markets
Principal Global Opportunities Fund-Direct Plan - Growth Option,49.2876,Not Rated,AMC28,119457,PCGOZG-GR,2021-12-30 00:00:00+00:00,Principal Global Opportunities Fund,Growth,Direct,,Global,Region Specific - Emerging Markets
Kotak Global Emerging Market Fund - Growth - Direct,26.694,Not Rated,AMC21,119779,KO143D-GR,2025-06-09 00:00:00+00:00,Kotak Global Emerging Market Fund,Growth,Direct,,Global,Region Specific - Emerging Markets
PGIM India Emerging Markets Equity Fund - Direct Plan - Growth,18.22,Not Rated,AMC7,138456,PRGTD1-GR,2025-06-09 00:00:00+00:00,PGIM India Emerging Markets Equity Fund,Growth,Direct,,Global,Region Specific - Emerging Markets
HSBC Global Emerging Market Fund - Growth Direct,22.6201,Not Rated,AMC13,120043,HSHEMFG-GR,2025-06-06 00:00:00+00:00,HSBC Global Emerging Markets Fund,Growth,Direct,,Global,Region Specific - Emerging Markets
Franklin India Feeder - Templeton European Opportunities Fund - Direct - Growth,12.9849,Not Rated,AMC11,129440,FT708-GR,2025-06-09 00:00:00+00:00,Franklin India Feeder - Templeton European Opportunities Fund,Growth,Direct,,Global,Region Specific - Europe
Invesco India - Invesco Pan European Equity Fund of Fund - Direct Plan - Growth Option,20.8446,Not Rated,AMC19,126353,RGPED1-GR,2025-06-10 00:00:00+00:00,Invesco India - Invesco Pan European Equity Fund of Fund,Growth,Direct,,Global,Region Specific - Europe
Edelweiss Europe Dynamic Equity Offshore Fund - Growth Option - Direct Plan,26.4139,Not Rated,AMC9,140296,EDEDD1-GR,2025-06-09 00:00:00+00:00,Edelweiss Europe Dynamic Equity Offshore Fund,Growth,Direct,,Global,Region Specific - Europe
DSP World Agriculture Fund - Direct Plan - Growth,19.4997,Not Rated,AMC8,119271,DS733-GR,2024-10-03 00:00:00+00:00,DSP World Agriculture Fund,Growth,Direct,,Global,Thematic - Agriculture & Food
Aditya Birla Sun Life Commodity Equities Fund - Global Agri Plan - Growth - Direct Plan,37.3501,Not Rated,AMC1,119576,BS203GZ-GR,2023-07-28 00:00:00+00:00,Aditya Birla Sun Life Commodity Equities - Global Agri Fund,Growth,Direct,,Global,Thematic - Agriculture & Food
DSP Global Clean Energy Fund of Fund - Direct Plan - Growth,19.3518,Not Rated,AMC8,119275,DS761-GR,2025-06-06 00:00:00+00:00,DSP Global Clean Energy Fund of Fund,Growth,Direct,,Global,Thematic - Energy
DSP World Mining Fund of Fund - Direct Plan - Growth,18.5531,Not Rated,AMC8,119279,DS764-GR,2025-06-06 00:00:00+00:00,DSP World Mining FOF,Growth,Direct,,Global,Thematic - Mining & Metals
Kotak World Gold Fund- Direct Plan- Growth Option,11.759,Not Rated,AMC21,133816,,2020-02-25 00:00:00+00:00,Kotak World Gold Fund,Growth,Direct,,Global,Thematic - Precious Metals
DSP World Gold Fund of Fund - Direct Plan - Growth,32.9782,Not Rated,AMC8,119277,DS758-GR,2025-06-06 00:00:00+00:00,DSP World Gold FOF,Growth,Direct,,Global,Thematic - Precious Metals
Franklin India Life Stage Fund Of Funds - The 20S Plan - Direct - Growth,0.0,**,AMC11,118512,456-GR,2022-12-19 00:00:00+00:00,Franklin India Life Stage Fund of Funds - The 20s Plan,Growth,Direct,,Hybrid,Aggressive Hybrid Fund
Franklin India Life Stage Fund of Funds - The 30s Plan - Direct - Growth,0.0,Not Rated,AMC11,118514,458-GR,2022-12-19 00:00:00+00:00,Franklin India Life Stage Fund of Funds - The 30s Plan,Growth,Direct,,Hybrid,Aggressive Hybrid Fund
BNP Paribas Substantial Equity Hybrid Fund- Direct Plan - Growth Option,19.0606,*****,AMC4,141006,BN629DG-GR,2022-03-13 00:00:00+00:00,BNP Paribas Substantial Equity Hybrid Fund,Growth,Direct,,Hybrid,Aggressive Hybrid Fund
Principal Hybrid Equity Fund- Direct Plan - Growth Option,122.4,***,AMC28,119484,PCSBZG-GR,2021-12-30 00:00:00+00:00,Principal Hybrid Equity Fund,Growth,Direct,,Hybrid,Aggressive Hybrid Fund
DSP Aggressive Hybrid Fund - Direct Plan - Growth,404.801,***,AMC8,119019,DS727-GR,2025-06-10 00:00:00+00:00,DSP Aggressive Hybrid Fund,Growth,Direct,,Hybrid,Aggressive Hybrid Fund
HDFC Hybrid Equity Fund - Growth Option - Direct Plan,129.091,***,AMC12,119062,PREGT-GR,2025-06-10 00:00:00+00:00,HDFC Hybrid Equity Fund,Growth,Direct,,Hybrid,Aggressive Hybrid Fund
SBI Equity Hybrid Fund - Direct Plan - Growth,332.6068,***,AMC33,119609,SBD24G-GR,2025-06-10 00:00:00+00:00,SBI Equity Hybrid Fund,Growth,Direct,,Hybrid,Aggressive Hybrid Fund
LIC MF Aggressive Hybrid Fund-Direct Plan-Growth,224.7167,*,AMC23,120261,LCBLG1-GR,2025-06-10 00:00:00+00:00,LIC MF Aggressive Hybrid Fund,Growth,Direct,,Hybrid,Aggressive Hybrid Fund
Navi Aggressive Hybrid Fund - Direct Plan - Growth,23.1626,***,AMC10,143163,ESEHGDG-GR,2025-06-10 00:00:00+00:00,Navi Aggressive Hybrid Fund,Growth,Direct,,Hybrid,Aggressive Hybrid Fund
Motilal Oswal Equity Hybrid Fund (MOFEH) - Direct Plan Growth Option,19.8323,***,AMC26,144681,MOHEGD-GR,2024-01-19 00:00:00+00:00,Motilal Oswal Equity Hybrid Fund,Growth,Direct,,Hybrid,Aggressive Hybrid Fund
Baroda Hybrid Equity Fund - Plan B Direct - Growth Option,89.2832,***,AMC3,119326,BO98-GR,2022-03-13 00:00:00+00:00,Baroda Hybrid Equity Fund,Growth,Direct,,Hybrid,Aggressive Hybrid Fund
Mirae Asset Aggressive Hybrid Fund -Direct Plan-Growth,37.422,****,AMC25,134813,MAFPFD1-GR,2025-06-10 00:00:00+00:00,Mirae Asset Aggressive Hybrid Fund,Growth,Direct,,Hybrid,Aggressive Hybrid Fund
Groww Aggressive Hybrid Fund - Direct Plan - Growth option,23.0451,***,AMC18,145599,INEHG1-GR,2025-06-10 00:00:00+00:00,Groww Aggressive Hybrid Fund,Growth,Direct,,Hybrid,Aggressive Hybrid Fund
Mahindra Manulife Aggressive Hybrid Fund - Direct Plan -Growth,30.1215,****,AMC24,147446,MHMHEDG-GR,2025-06-10 00:00:00+00:00,Mahindra Manulife Aggressive Hybrid Fund,Growth,Direct,,Hybrid,Aggressive Hybrid Fund
Sundaram Equity Hybrid Fund Direct Plan - Growth,146.339,****,AMC35,119542,SU42PD-GR,2021-12-31 00:00:00+00:00,Sundaram Equity Hybrid Fund,Growth,Direct,,Hybrid,Aggressive Hybrid Fund
Kotak Equity Hybrid - Growth - Direct,72.675,****,AMC21,133035,KO04GD-GR,2025-06-10 00:00:00+00:00,Kotak Equity Hybrid Fund,Growth,Direct,,Hybrid,Aggressive Hybrid Fund
ICICI Prudential Thematic Advantage Fund (FOF) - Direct Plan - Growth,240.1807,Not Rated,AMC14,120700,8162-GR,2025-06-09 00:00:00+00:00,ICICI Prudential Thematic Advantage Fund(FOF),Growth,Direct,,Hybrid,Aggressive Hybrid Fund
PGIM India Hybrid Equity Fund - Direct Plan - Growth,154.72,**,AMC7,138386,PRIOD1-GR,2025-06-09 00:00:00+00:00,PGIM India Hybrid Equity Fund,Growth,Direct,,Hybrid,Aggressive Hybrid Fund
HSBC Equity Hybrid Fund - Growth Direct,16.7649,***,AMC13,145228,HSHEHG-GR,2022-11-25 00:00:00+00:00,HSBC Equity Hybrid Fund,Growth,Direct,,Hybrid,Aggressive Hybrid Fund
Principal Retirement Savings Fund - Progressive Plan - Direct Sub-Plan - Growth,16.0857,Not Rated,AMC28,135749,PCAGZG-GR,2020-12-24 00:00:00+00:00,Principal Retirement Savings Fund - Progressive Plan,Growth,Direct,,Hybrid,Aggressive Hybrid Fund
Principal Retirement Savings Fund - Moderate Plan - Direct Sub-Plan - Growth,14.7174,Not Rated,AMC28,135753,PCAMZG-GR,2020-12-24 00:00:00+00:00,Principal Retirement Savings Fund - Moderate Plan,Growth,Direct,,Hybrid,Aggressive Hybrid Fund
Canara Robeco Equity Hybrid Fund - Direct Plan - Growth Option,408.95,****,AMC6,118272,CAGBDG-GR,2025-06-10 00:00:00+00:00,Canara Robeco Equity Hybrid Fund,Growth,Direct,,Hybrid,Aggressive Hybrid Fund
Edelweiss Aggressive Hybrid Fund-Direct Plan-Growth Option,72.98,****,AMC9,118624,ENDG-GR,2025-06-10 00:00:00+00:00,Edelweiss Aggressive Hybrid Fund,Growth,Direct,,Hybrid,Aggressive Hybrid Fund
Nippon India Equity Hybrid Fund  - Direct Plan Growth Plan,117.6605,*,AMC31,118794,SHAG-GR,2025-06-10 00:00:00+00:00,Nippon India Equity Hybrid Fund,Growth,Direct,,Hybrid,Aggressive Hybrid Fund
ICICI Prudential Passive Strategy Fund (FOF) - Direct Plan - Growth,170.9378,***,AMC14,120242,8149-GR,2025-06-10 00:00:00+00:00,ICICI Prudential Passive Strategy Fund (FOF),Growth,Direct,,Hybrid,Aggressive Hybrid Fund
Aditya Birla Sun Life Equity Hybrid'95 Fund - Direct Plan-Growth,1708.35,**,AMC1,120517,BSAGZ-GR,2025-06-10 00:00:00+00:00,Aditya Birla Sun Life Equity Hybrid '95 Fund,Growth,Direct,,Hybrid,Aggressive Hybrid Fund
UTI Aggressive Hybrid Fund -Direct Plan - Growth,434.6706,***,AMC39,120674,UTBAD2-GR,2025-06-10 00:00:00+00:00,UTI Aggressive Hybrid Fund,Growth,Direct,,Hybrid,Aggressive Hybrid Fund
Quant Absolute Fund-Growth Option-Direct Plan,461.6428,*****,AMC29,120819,QUBFDG-GR,2025-06-10 00:00:00+00:00,Quant Absolute Fund,Growth,Direct,,Hybrid,Aggressive Hybrid Fund
Shriram Aggressive Hybrid Fund - Direct Growth,35.7357,***,AMC34,125711,101D-GR,2025-06-10 00:00:00+00:00,Shriram Aggressive Hybrid Fund,Growth,Direct,,Hybrid,Aggressive Hybrid Fund
Bandhan Aggressive Hybrid Fund-Direct Plan Growth,28.922,***,AMC16,140382,IDD311-GR,2025-06-10 00:00:00+00:00,Bandhan Aggressive Hybrid Fund,Growth,Direct,,Hybrid,Aggressive Hybrid Fund
Invesco India Aggressive Hybrid Fund - Direct Plan - Growth,25.4069,**,AMC19,143537,RGEBD1-GR,2025-06-10 00:00:00+00:00,Invesco India Aggressive Hybrid Fund,Growth,Direct,,Hybrid,Aggressive Hybrid Fund
Sundaram Aggressive Hybrid Fund- Direct Plan - Growth Option,184.7336,***,AMC35,149601,SUSBZG-GR,2025-06-10 00:00:00+00:00,Sundaram Aggressive Hybrid Fund,Growth,Direct,,Hybrid,Aggressive Hybrid Fund
HSBC Aggressive Hybrid Fund - Direct Growth,62.5372,**,AMC13,151122,HSFCEGD-GR,2025-06-10 00:00:00+00:00,HSBC Aggressive Hybrid Fund,Growth,Direct,,Hybrid,Aggressive Hybrid Fund
IDBI Hybrid Equity Fund Growth Direct,18.6649,**,AMC15,139971,IBPFG1G-GR,2023-07-27 00:00:00+00:00,IDBI Hybrid Equity Fund,Growth,Direct,,Hybrid,Aggressive Hybrid Fund
Franklin India Equity Hybrid Fund - Direct - Growth,310.191,***,AMC11,118546,423-GR,2025-06-10 00:00:00+00:00,Franklin India Equity Hybrid Fund,Growth,Direct,,Hybrid,Aggressive Hybrid Fund
Tata Hybrid Equity Fund -Direct Plan- Growth,488.277,***,AMC36,119053,TABFGZ-GR,2025-06-10 00:00:00+00:00,Tata Hybrid Equity Fund,Growth,Direct,,Hybrid,Aggressive Hybrid Fund
ICICI Prudential Equity & Debt Fund - Direct Plan - Growth,432.24,*****,AMC14,120251,8017-GR,2025-06-10 00:00:00+00:00,ICICI Prudential Equity & Debt Fund,Growth,Direct,,Hybrid,Aggressive Hybrid Fund
JM Aggressive Hybrid Fund Direct - Growth Option,138.4308,****,AMC20,120484,BFDG-GR,2025-06-10 00:00:00+00:00,JM Aggressive Hybrid Fund,Growth,Direct,,Hybrid,Aggressive Hybrid Fund
Bank of India Mid & Small Cap Equity & Debt Fund - Direct Plan Growth,42.44,****,AMC5,139527,BAMCDG-GR,2025-06-10 00:00:00+00:00,Bank of India Mid & Small Cap Equity & Debt Fund,Growth,Direct,,Hybrid,Aggressive Hybrid Fund
Axis Aggressive Hybrid Fund - Direct Plan - Growth Option,22.4,**,AMC2,144394,AXEHDG-GR,2025-06-10 00:00:00+00:00,Axis Aggressive Hybrid Fund,Growth,Direct,,Hybrid,Aggressive Hybrid Fund
Union Aggressive Hybrid Fund - Direct Plan - Growth Option,18.95,Not Rated,AMC38,148592,UNHEDG-GR,2025-06-10 00:00:00+00:00,Union Aggressive Hybrid Fund,Growth,Direct,,Hybrid,Aggressive Hybrid Fund
Baroda BNP Paribas Aggressive Hybrid Fund- Direct Plan - Growth Option,31.839,*****,AMC45,150260,BPSEDG-GR,2025-06-10 00:00:00+00:00,Baroda BNP Paribas Aggressive Hybrid Fund,Growth,Direct,,Hybrid,Aggressive Hybrid Fund
Indiabulls Equity Hybrid Fund - Direct Plan - Half Yearly Dividend Option,22.4172,Not Rated,AMC18,145602,INEHDH-DP,2024-12-05 00:00:00+00:00,Indiabulls Equity Hybrid Fund,Dividend,Direct,INEHDH-DR,Hybrid,Aggressive Hybrid Fund
Sundaram Arbitrage Fund Direct Plan - Growth,10.8083,Not Rated,AMC35,147927,SUAFDG-GR,2021-12-31 00:00:00+00:00,Sundaram Arbitrage Fund,Growth,Direct,,Hybrid,Arbitrage
Navi Arbitrage Fund - Direct Plan - Growth,10.9088,Not Rated,AMC10,144658,ESARGD-GR,2021-07-22 00:00:00+00:00,Navi Arbitrage Fund,Growth,Direct,,Hybrid,Arbitrage
Edelweiss Arbitrage Fund- Direct Plan- Growth Option,20.725,*****,AMC9,130206,EDATDG-GR,2025-06-10 00:00:00+00:00,Edelweiss Arbitrage Fund,Growth,Direct,,Hybrid,Arbitrage
DSP Arbitrage Fund - Direct - Growth,15.588,***,AMC8,142283,DS845-GR,2025-06-10 00:00:00+00:00,DSP Arbitrage Fund,Growth,Direct,,Hybrid,Arbitrage
LIC MF Arbitrage Fund-Direct Plan-Growth,14.3919,**,AMC23,145895,LCAFG1-GR,2025-06-10 00:00:00+00:00,LIC MF Arbitrage Fund,Growth,Direct,,Hybrid,Arbitrage
HSBC Arbitrage Fund - Direct Growth,20.2503,****,AMC13,151138,HSLARDG-GR,2025-06-10 00:00:00+00:00,HSBC Arbitrage Fund,Growth,Direct,,Hybrid,Arbitrage
Aditya Birla Sun Life Arbitrage Fund - Growth - Direct Plan,28.5311,***,AMC1,119526,BS205GZ-GR,2025-06-10 00:00:00+00:00,Aditya Birla Sun Life Arbitrage Fund,Growth,Direct,,Hybrid,Arbitrage
Mahindra Manulife Arbitrage Fund - Direct Plan -Growth,12.7989,Not Rated,AMC24,148468,MHMAYDG-GR,2025-06-10 00:00:00+00:00,Mahindra Manulife Arbitrage Fund,Growth,Direct,,Hybrid,Arbitrage
Motilal Oswal Arbitrage Fund-Direct Plan-Growth,10.339,,AMC26,153187,MOARGD-GR,2025-06-10 00:00:00+00:00,Motilal Oswal Arbitrage Fund,Growth,Direct,,Hybrid,Arbitrage
Groww Arbitrage Fund - Direct Plan - Growth Option,16.3851,**,AMC18,133181,INAFDG-GR,2023-10-27 00:00:00+00:00,Groww Arbitrage Fund,Growth,Direct,,Hybrid,Arbitrage
Nippon India Arbitrage Fund - Direct Plan Growth Plan - Growth Option,28.5779,****,AMC31,118585,AFAG-GR,2025-06-10 00:00:00+00:00,Nippon India Arbitrage Fund,Growth,Direct,,Hybrid,Arbitrage
Kotak Equity Arbitrage Fund - Growth - Direct,39.9102,****,AMC21,119771,KO179D-GR,2025-06-10 00:00:00+00:00,Kotak Equity Arbitrage Fund,Growth,Direct,,Hybrid,Arbitrage
JM Arbitrage Fund Direct - Growth Option,34.6434,*,AMC20,120482,AADG-GR,2025-06-10 00:00:00+00:00,JM Arbitrage Fund,Growth,Direct,,Hybrid,Arbitrage
Axis Arbitrage Fund - Direct Plan - Growth,20.2358,****,AMC2,130773,AXEADG-GR,2025-06-10 00:00:00+00:00,Axis Arbitrage Fund,Growth,Direct,,Hybrid,Arbitrage
PGIM India Arbitrage Fund - Direct Plan - Growth,19.573,**,AMC7,138875,PRARD1-GR,2025-06-10 00:00:00+00:00,PGIM India Arbitrage Fund,Growth,Direct,,Hybrid,Arbitrage
Tata Arbitrage Fund-Direct Plan-Growth,15.0602,*****,AMC36,145724,TAAFGZ-GR,2025-06-10 00:00:00+00:00,Tata Arbitrage Fund,Growth,Direct,,Hybrid,Arbitrage
Union Arbitrage Fund - Direct Plan - Growth Option,14.4761,***,AMC38,146297,UNAFGD-GR,2025-06-10 00:00:00+00:00,Union Arbitrage Fund,Growth,Direct,,Hybrid,Arbitrage
ITI Arbitrage Fund - Direct Plan - Growth Option,13.4743,*,AMC41,147617,ITAFG1-GR,2025-06-10 00:00:00+00:00,ITI Arbitrage Fund,Growth,Direct,,Hybrid,Arbitrage
Parag Parikh Arbitrage Fund - Direct Plan Growth,11.2409,,AMC27,152109,PPAFDG-GR,2025-06-10 00:00:00+00:00,Parag Parikh Arbitrage Fund,Growth,Direct,,Hybrid,Arbitrage
BNP Paribas Arbitrage Fund-Direct Plan-Growth Option,13.5214,****,AMC4,140386,BN628DG-GR,2022-03-13 00:00:00+00:00,BNP Paribas Arbitrage Fund,Growth,Direct,,Hybrid,Arbitrage
Principal Arbitrage Fund - Direct Plan - Growth,12.1581,*,AMC28,139221,PCAFZG-GR,2021-12-30 00:00:00+00:00,Principal Arbitrage Fund,Growth,Direct,,Hybrid,Arbitrage
Bandhan Arbitrage Fund-Direct Plan- Growth,35.0006,***,AMC16,118474,D209-GR,2025-06-10 00:00:00+00:00,Bandhan Arbitrage Fund,Growth,Direct,,Hybrid,Arbitrage
Bank of India Arbitrage Fund Direct Plan Growth,14.3481,**,AMC5,143614,BAAFDG-GR,2025-06-10 00:00:00+00:00,Bank of India Arbitrage Fund,Growth,Direct,,Hybrid,Arbitrage
Mirae Asset Arbitrage Fund Direct Growth,13.46,Not Rated,AMC25,148401,MAAFD1-GR,2025-06-10 00:00:00+00:00,Mirae Asset Arbitrage Fund,Growth,Direct,,Hybrid,Arbitrage
Baroda BNP Paribas Arbitrage Fund-Direct Plan-Growth Option,16.8971,***,AMC45,150251,BPARDG-GR,2025-06-10 00:00:00+00:00,Baroda BNP Paribas Arbitrage Fund,Growth,Direct,,Hybrid,Arbitrage
NJ Arbitrage Fund - Direct Plan - Growth Option,12.1875,Not Rated,AMC44,150367,NJAFDG-GR,2025-06-10 00:00:00+00:00,NJ Arbitrage Fund,Growth,Direct,,Hybrid,Arbitrage
HDFC Arbitrage Fund - Growth Option - Direct Plan,31.857,Not Rated,AMC12,118931,AFGT-GR,2025-06-10 00:00:00+00:00,HDFC Arbitrage Fund,Growth,Direct,,Hybrid,Arbitrage
SBI Arbitrage Opportunities Fund - Direct Plan - Gr,35.8235,**,AMC33,119574,SBD114G-GR,2025-06-10 00:00:00+00:00,SBI Arbitrage Opportunities Fund,Growth,Direct,,Hybrid,Arbitrage
ICICI Prudential Equity Arbitrage Fund - Direct Plan - Growth,36.6667,***,AMC14,120364,8178-GR,2025-06-10 00:00:00+00:00,ICICI Prudential Equity-Arbitrage Fund,Growth,Direct,,Hybrid,Arbitrage
Invesco India Arbitrage Fund - Direct Plan - Growth Option,34.3737,*****,AMC19,120401,RGAFD1-GR,2025-06-10 00:00:00+00:00,Invesco India Arbitrage Fund,Growth,Direct,,Hybrid,Arbitrage
UTI Arbitrage Fund - Direct Plan - Growth Option,37.163,***,AMC39,120795,UTSFD2-GR,2025-06-10 00:00:00+00:00,UTI Arbitrage Fund,Growth,Direct,,Hybrid,Arbitrage
HDFC Arbitrage Fund - Wholesale Growth Option - Direct Plan,20.097,**,AMC12,129052,HDAFWGT-GR,2025-06-10 00:00:00+00:00,HDFC Arbitrage Fund,Growth,Direct,,Hybrid,Arbitrage
Sundaram Arbitrage Fund - Direct Plan - Growth,15.1889,*,AMC35,149550,SUABZG-GR,2025-06-10 00:00:00+00:00,Sundaram Arbitrage Fund,Growth,Direct,,Hybrid,Arbitrage
Bajaj Finserv Arbitrage Fund-Direct Plan-Growth,11.328,,AMC46,152077,BJAFDG-GR,2025-06-10 00:00:00+00:00,Bajaj Finserv Arbitrage Fund,Growth,Direct,,Hybrid,Arbitrage
WhiteOak Capital Arbitrage Fund Direct Plan Growth,10.581,,AMC40,152849,YED112G-GR,2025-06-10 00:00:00+00:00,WhiteOak Capital Arbitrage Fund,Growth,Direct,,Hybrid,Arbitrage
Franklin India Arbitrage Fund - Direct - Growth,10.4071,,AMC11,153043,FR998-GR,2025-06-10 00:00:00+00:00,Franklin India Arbitrage Fund,Growth,Direct,,Hybrid,Arbitrage
Samco Arbitrage Fund - Direct Plan - Growth,10.31,,AMC43,153090,SAARDG-GR,2025-06-10 00:00:00+00:00,Samco Arbitrage Fund,Growth,Direct,,Hybrid,Arbitrage
Quant Arbitrage Fund - Growth Option - Direct Plan,10.1296,,AMC29,153426,QUABDG-GR,2025-06-10 00:00:00+00:00,Quant Arbitrage Fund,Growth,Direct,,Hybrid,Arbitrage
360 ONE Balanced Hybrid Fund- Direct Plan - Growth,13.0642,,AMC17,152076,IIIBHDG-GR,2025-06-10 00:00:00+00:00,360 ONE Balanced Hybrid Fund,Growth,Direct,,Hybrid,Balanced Hybrid Fund
WhiteOak Capital Balanced Hybrid Fund Direct Plan Growth,13.078,,AMC40,152132,YED107G-GR,2025-06-10 00:00:00+00:00,WhiteOak Capital Balanced Hybrid Fund,Growth,Direct,,Hybrid,Balanced Hybrid Fund
Franklin India Life Stage Fund Of Funds - The 50S Plus Floating Rate Plan - Direct - Growth,0.0,***,AMC11,118519,469-GR,2022-12-19 00:00:00+00:00,Franklin India Life Stage Fund Of Funds -The 50s Plus Floating Rate Plan,Growth,Direct,,Hybrid,Conservative Hybrid Fund
BNP Paribas Conservative Hybrid Fund - Direct Plan - Growth Option,39.9835,****,AMC4,120082,BN66G-GR,2022-03-13 00:00:00+00:00,BNP Paribas Conservative Hybrid Fund,Growth,Direct,,Hybrid,Conservative Hybrid Fund
Canara Robeco Conservative Hybrid Fund - Direct Plan - Growth Option,111.0545,****,AMC6,118309,CAMIDG-GR,2025-06-10 00:00:00+00:00,Canara Robeco Conservative Hybrid Fund,Growth,Direct,,Hybrid,Conservative Hybrid Fund
Aditya Birla Sun Life Regular Savings Fund - Growth / Payment - Direct Plan,74.3178,***,AMC1,120705,BS313GZ-GR,2025-06-10 00:00:00+00:00,Aditya Birla Sun Life Regular Savings Fund,Growth,Direct,,Hybrid,Conservative Hybrid Fund
Baroda BNP Paribas Conservative Hybrid Fund - Direct Plan - Growth Option,54.4449,***,AMC45,150206,BPCHDG-GR,2025-06-10 00:00:00+00:00,Baroda BNP Paribas Conservative Hybrid Fund,Growth,Direct,,Hybrid,Conservative Hybrid Fund
Baroda Conservative Hybrid Fund - Plan B Direct - Growth Option,32.6754,****,AMC3,119389,BO117-GR,2022-03-13 00:00:00+00:00,Baroda Conservative Hybrid Fund,Growth,Direct,,Hybrid,Conservative Hybrid Fund
Principal Retirement Savings Fund - Conservative Plan - Direct Sub-Plan - Growth,13.5059,Not Rated,AMC28,135751,PCACZG-GR,2020-12-24 00:00:00+00:00,Principal Retirement Savings Fund - Conservative Plan,Growth,Direct,,Hybrid,Conservative Hybrid Fund
Nippon India Hybrid Bond Fund - Direct Plan Growth Plan - Growth Option,63.4572,*,AMC31,118726,MIAG-GR,2025-06-10 00:00:00+00:00,Nippon India Hybrid Bond Fund,Growth,Direct,,Hybrid,Conservative Hybrid Fund
DSP Regular Savings Fund - Direct Plan - Growth,66.076,**,AMC8,118994,DS717-GR,2025-06-10 00:00:00+00:00,DSP Regular Savings Fund,Growth,Direct,,Hybrid,Conservative Hybrid Fund
Sundaram Conservative Hybrid Fund Direct Plan - Growth,32.6284,**,AMC35,119635,SUMIGAD-GR,2025-06-10 00:00:00+00:00,Sundaram Conservative Hybrid Fund,Growth,Direct,,Hybrid,Conservative Hybrid Fund
Kotak Debt Hybrid - Growth - Direct,67.457,*****,AMC21,120154,KO41D-GR,2025-06-10 00:00:00+00:00,Kotak Debt Hybrid Fund,Growth,Direct,,Hybrid,Conservative Hybrid Fund
UTI Conservative Hybrid Fund - Direct Plan - Growth Option,75.1435,***,AMC39,120779,UTMID2-GR,2025-06-10 00:00:00+00:00,UTI Conservative Hybrid Fund,Growth,Direct,,Hybrid,Conservative Hybrid Fund
Kotak Multi Asset Allocator Fund of Fund - Dynamic - Direct Growth - Direct,251.719,Not Rated,AMC21,119777,KO107D-GR,2025-06-09 00:00:00+00:00,Kotak Multi Asset Allocator Fund of Fund - Dynamic,Growth,Direct,,Hybrid,Conservative Hybrid Fund
DHFL Pramerica Hybrid Debt Fund - Direct Plan - Growth,24.7078,* * *,AMC7,138464,PRAFD1-GR,2019-07-28 00:00:00+00:00,DHFL Pramerica Hybrid Debt Fund,Growth,Direct,,Hybrid,Conservative Hybrid Fund
Bandhan Conservative Hybrid Fund-Direct Plan-Growth,35.7909,**,AMC16,118491,D243-GR,2025-06-10 00:00:00+00:00,Bandhan Conservative Hybrid Fund,Growth,Direct,,Hybrid,Conservative Hybrid Fund
Franklin India Debt Hybrid Fund - Direct - Growth,99.8355,***,AMC11,118574,433-GR,2025-06-10 00:00:00+00:00,Franklin India Debt Hybrid Fund,Growth,Direct,,Hybrid,Conservative Hybrid Fund
ICICI Prudential Regular Savings Fund - Direct Plan - Growth,82.9225,*****,AMC14,120616,8188-GR,2025-06-10 00:00:00+00:00,ICICI Prudential Regular Savings Fund,Growth,Direct,,Hybrid,Conservative Hybrid Fund
ITI Conservative Hybrid Fund- Direct Plan- Growth Option,11.3401,Not Rated,AMC41,149908,ITCHG1-GR,2023-12-29 00:00:00+00:00,ITI Conservative Hybrid Fund,Growth,Direct,,Hybrid,Conservative Hybrid Fund
Invesco India Regular Savings Fund - Direct Plan - Growth,1901.9932,Not Rated,AMC19,120554,RGMPD1-GR,2019-04-24 00:00:00+00:00,Invesco India Regular Savings Fund,Growth,Direct,,Hybrid,Conservative Hybrid Fund
Bank of India Conservative Hybrid Fund Fund-Direct Plan-Growth,36.6655,****,AMC5,119393,BXBA075-GR,2025-06-10 00:00:00+00:00,Bank of India Conservative Hybrid Fund,Growth,Direct,,Hybrid,Conservative Hybrid Fund
Axis Conservative Hybrid Fund- Direct Plan - Growth Option,35.0514,***,AMC2,120480,ISDG-GR,2025-06-10 00:00:00+00:00,Axis Conservative Hybrid Fund,Growth,Direct,,Hybrid,Conservative Hybrid Fund
Parag Parikh Conservative Hybrid Fund - Direct Plan - Growth,15.2922,Not Rated,AMC27,148958,PPCHFGZ-GR,2025-06-10 00:00:00+00:00,Parag Parikh Conservative Hybrid Fund,Growth,Direct,,Hybrid,Conservative Hybrid Fund
ICICI Prudential Asset Allocator Fund (FOF) - Direct Plan - Growth,133.0649,Not Rated,AMC14,120679,8157-GR,2025-06-09 00:00:00+00:00,ICICI Prudential Asset Allocator Fund (FOF),Growth,Direct,,Hybrid,Conservative Hybrid Fund
Navi Conservative Hybrid Fund-Direct Plan-Growth Option,31.4535,***,AMC10,119156,PLPL60-GR,2024-11-14 00:00:00+00:00,Navi Conservative Hybrid Fund,Growth,Direct,,Hybrid,Conservative Hybrid Fund
Franklin India Life Stage Fund of Funds - The 40s Plan - Direct - Growth,0.0,*,AMC11,118516,460-GR,2022-12-19 00:00:00+00:00,Franklin India Life Stage Fund of Funds - The 40s Plan,Growth,Direct,,Hybrid,Conservative Hybrid Fund
Franklin India Life Stage Fund of Funds - The 50s Plus - Direct - Growth,0.0,*,AMC11,118518,462-GR,2022-12-19 00:00:00+00:00,Franklin India Life Stage Fund of Funds - The 50 Plus Plan,Growth,Direct,,Hybrid,Conservative Hybrid Fund
Indiabulls Savings Income Fund-Direct Plan-Growth Option,17.4154,***,AMC18,135689,INMIDG-GR,2021-09-13 00:00:00+00:00,Indiabulls Savings Income Fund,Growth,Direct,,Hybrid,Conservative Hybrid Fund
HDFC Hybrid Debt Fund - Growth Option - Direct Plan,87.593,***,AMC12,119118,MLTGT-GR,2025-06-10 00:00:00+00:00,HDFC Hybrid Debt Fund,Growth,Direct,,Hybrid,Conservative Hybrid Fund
SBI Conservative Hybrid Fund - Direct Plan - Growth,79.082,****,AMC33,119839,SBD44-GR,2025-06-10 00:00:00+00:00,SBI Conservative Hybrid Fund,Growth,Direct,,Hybrid,Conservative Hybrid Fund
HSBC Conservative Hybrid Fund - Direct Growth,68.5824,***,AMC13,120073,HMPSG-GR,2025-06-10 00:00:00+00:00,HSBC Conservative Hybrid Fund,Growth,Direct,,Hybrid,Conservative Hybrid Fund
LIC MF Conservative Hybrid Fund-Direct Plan-Growth,91.3829,***,AMC23,120276,LCMIG1-DGR,2025-06-10 00:00:00+00:00,LIC MF Conservative Hybrid Fund,Growth,Direct,,Hybrid,Conservative Hybrid Fund
ICICI Prudential Balanced Advantage Fund - Direct Plan -  Growth,81.94,****,AMC14,120377,8180-GR,2025-06-10 00:00:00+00:00,ICICI Prudential Balanced Advantage Fund,Growth,Direct,,Hybrid,Dynamic Asset Allocation
Aditya Birla Sun Life Balanced Advantage Fund - Direct Plan - Growth Option,120.84,****,AMC1,131670,BSD105-GR,2025-06-10 00:00:00+00:00,Aditya Birla Sun Life Balanced Advantage Fund,Growth,Direct,,Hybrid,Dynamic Asset Allocation
Shriram Balanced Advantage Fund - Direct Growth,18.847,***,AMC34,147406,SH107D-GR,2025-06-10 00:00:00+00:00,Shriram Balanced Advantage Fund,Growth,Direct,,Hybrid,Dynamic Asset Allocation
ITI Balanced Advantage Fund - Direct Plan - Growth Option,16.1454,*,AMC41,147789,ITBFG1-GR,2025-06-10 00:00:00+00:00,ITI Balanced Advantage Fund,Growth,Direct,,Hybrid,Dynamic Asset Allocation
SBI Balanced Advantage Fund - Direct Plan - Growth,16.0144,Not Rated,AMC33,149134,SBD638G-GR,2025-06-10 00:00:00+00:00,SBI Balanced Advantage Fund,Growth,Direct,,Hybrid,Dynamic Asset Allocation
Mahindra Manulife Balanced Advantage Fund - Direct Plan - Growth,15.3937,Not Rated,AMC24,149406,MHMBADG-GR,2025-06-10 00:00:00+00:00,Mahindra Manulife Balanced Advantage Fund,Growth,Direct,,Hybrid,Dynamic Asset Allocation
Principal Balanced Advantage Fund - Direct Plan - Growth Option,27.87,***,AMC28,119482,PCSAZG-GR,2021-12-30 00:00:00+00:00,Principal Balanced Advantage Fund,Growth,Direct,,Hybrid,Dynamic Asset Allocation
SBI Dynamic Asset Allocation Fund - Direct Plan - Growth,16.8439,***,AMC33,134110,SBD465G-GR,2021-07-02 00:00:00+00:00,SBI Dynamic Asset Allocation Fund,Growth,Direct,,Hybrid,Dynamic Asset Allocation
Nippon India Balanced Advantage Fund - Direct Plan Growth Plan - Growth Option,199.217,***,AMC31,118736,NEAG-GR,2025-06-10 00:00:00+00:00,Nippon India Balanced Advantage Fund,Growth,Direct,,Hybrid,Dynamic Asset Allocation
Invesco India Balanced Advantage Fund - Direct Plan - Growth,63.39,**,AMC19,120333,RGEFD1-GR,2025-06-10 00:00:00+00:00,Invesco India Balanced Advantage Fund,Growth,Direct,,Hybrid,Dynamic Asset Allocation
Motilal Oswal Balance Advantage Fund  (MOFDYNAMIC) - Direct Plan - Growth Option,21.1517,*,AMC26,139872,MODEGD-GR,2025-06-10 00:00:00+00:00,Motilal Oswal Balance Advantage Fund,Growth,Direct,,Hybrid,Dynamic Asset Allocation
Baroda BNP Paribas Balanced Advantage Fund-Direct Plan-Growth Option,26.7261,****,AMC45,145396,BPDED2-GR,2025-06-10 00:00:00+00:00,Baroda BNP Paribas Balanced Advantage Fund,Growth,Direct,,Hybrid,Dynamic Asset Allocation
Quant Dynamic Asset Allocation Fund - Growth Option - Direct Plan,17.347,Not Rated,AMC29,151713,QUDADG-GR,2025-06-10 00:00:00+00:00,Quant Dynamic Asset Allocation Fund,Growth,Direct,,Hybrid,Dynamic Asset Allocation
Canara Robeco Balanced Advantage Fund - Direct Plan - Growth Option,10.42,,AMC6,152688,CABADG-GR,2025-06-10 00:00:00+00:00,Canara Robeco Balanced Advantage Fund,Growth,Direct,,Hybrid,Dynamic Asset Allocation
Unifi Dynamic Asset Allocation Fund - Direct Growth,10.2325,,AMC51,153376,UFDAFDG-GR,2025-06-10 00:00:00+00:00,Unifi Dynamic Asset Allocation Fund,Growth,Direct,,Hybrid,Dynamic Asset Allocation
HDFC Balanced Advantage Fund - Growth Plan - Direct Plan,562.448,****,AMC12,118968,GFGT-GR,2025-06-10 00:00:00+00:00,HDFC Balanced Advantage Fund,Growth,Direct,,Hybrid,Dynamic Asset Allocation
Axis Balanced Advantage Fund - Direct Plan - Growth,23.33,**,AMC2,141642,AXDEDG-GR,2025-06-10 00:00:00+00:00,Axis Balanced Advantage Fund,Growth,Direct,,Hybrid,Dynamic Asset Allocation
Union Balanced Advantage Fund - Direct Plan - Growth Option,21.64,****,AMC38,142038,UNPFGD-GR,2025-06-10 00:00:00+00:00,Union Balanced Advantage Fund,Growth,Direct,,Hybrid,Dynamic Asset Allocation
Samco Dynamic Asset Allocation Fund - Direct Plan - Growth Option,10.81,,AMC43,152188,SADADG-GR,2025-06-10 00:00:00+00:00,Samco Dynamic Asset Allocation Fund,Growth,Direct,,Hybrid,Dynamic Asset Allocation
Bajaj Finserv Balanced Advantage Fund-Direct Plan-Growth,11.662,,AMC46,152194,BJBFDG-GR,2025-06-10 00:00:00+00:00,Bajaj Finserv Balanced Advantage Fund,Growth,Direct,,Hybrid,Dynamic Asset Allocation
Parag Parikh Dynamic Asset Allocation Fund - Direct Plan Growth,11.3629,,AMC27,152468,PPDAFGZ-GR,2025-06-10 00:00:00+00:00,Parag Parikh Dynamic Asset Allocation Fund,Growth,Direct,,Hybrid,Dynamic Asset Allocation
Aditya Birla Sun Life Asset Allocator FoF- Direct Plan - Growth Option,35.3133,***,AMC1,131865,BS103Y-GR,2025-06-09 00:00:00+00:00,Aditya Birla Sun Life Asset Allocator FoF,Growth,Direct,,Hybrid,Dynamic Asset Allocation
BNP Paribas Dynamic Equity Fund - Direct Plan-Growth Option,14.0085,Not Rated,AMC4,146402,BN632DG-GR,2022-03-13 00:00:00+00:00,BNP Paribas Dynamic Equity Fund,Growth,Direct,,Hybrid,Dynamic Asset Allocation
DSP Dynamic Asset Allocation Fund - Direct Plan - Growth,31.483,***,AMC8,126393,DS812-GR,2025-06-10 00:00:00+00:00,DSP Dynamic Asset Allocation Fund,Growth,Direct,,Hybrid,Dynamic Asset Allocation
Bandhan Balanced Advantage Fund Direct Plan Growth,27.9,***,AMC16,131355,IDD299-GR,2025-06-10 00:00:00+00:00,Bandhan Balanced Advantage Fund,Growth,Direct,,Hybrid,Dynamic Asset Allocation
HSBC Balanced Advantage Fund - Direct Growth,50.0026,***,AMC13,151129,HSFCMGD-GR,2025-06-10 00:00:00+00:00,HSBC Balanced Advantage Fund,Growth,Direct,,Hybrid,Dynamic Asset Allocation
Helios Balanced Advantage Fund- Direct Plan- Growth Option,11.43,,AMC47,152509,HOHBADG-GR,2025-06-10 00:00:00+00:00,Helios Balanced Advantage Fund,Growth,Direct,,Hybrid,Dynamic Asset Allocation
Sundaram Balanced Advantage Fund Direct Plan - Growth,15.1454,Not Rated,AMC35,148026,SUBADG-GR,2021-12-31 00:00:00+00:00,Sundaram Balanced Advantage Fund,Growth,Direct,,Hybrid,Dynamic Asset Allocation
Edelweiss Balanced Advantage Fund -Direct Plan-Growth Option,57.83,****,AMC9,118615,ARDG-GR,2025-06-10 00:00:00+00:00,Edelweiss Balanced Advantage Fund,Growth,Direct,,Hybrid,Dynamic Asset Allocation
Bank of India Balanced Advantage Fund Direct Plan Growth,26.9236,**,AMC5,127850,BXBA141-GR,2025-06-10 00:00:00+00:00,Bank of India Balanced Advantage Fund,Growth,Direct,,Hybrid,Dynamic Asset Allocation
Kotak Balanced Advantage Fund  - Direct Plan -Growth Option,22.317,***,AMC21,144335,KO477D-GR,2025-06-10 00:00:00+00:00,Kotak Balanced Advantage Fund,Growth,Direct,,Hybrid,Dynamic Asset Allocation
Tata Balanced Advantage Fund-Direct Plan-Growth,22.5963,****,AMC36,146010,TABAFGZ-GR,2025-06-10 00:00:00+00:00,Tata Balanced Advantage Fund,Growth,Direct,,Hybrid,Dynamic Asset Allocation
PGIM India Balanced Advantage Fund -  Direct Plan - Growth Option,16.58,Not Rated,AMC7,148658,PRBLG1-GR,2025-06-10 00:00:00+00:00,PGIM India Balanced Advantage Fund,Growth,Direct,,Hybrid,Dynamic Asset Allocation
LIC MF Balanced Advantage Fund Direct Plan-Growth,14.8414,Not Rated,AMC23,149261,LCBAG1-GR,2025-06-10 00:00:00+00:00,LIC MF Balanced Advantage Fund,Growth,Direct,,Hybrid,Dynamic Asset Allocation
NJ Balanced Advantage Fund - Direct Plan - Growth Option,14.23,Not Rated,AMC44,149264,NJBADG-GR,2025-06-10 00:00:00+00:00,NJ Balanced Advantage Fund,Growth,Direct,,Hybrid,Dynamic Asset Allocation
Sundaram Balanced Advantage Fund- Direct Plan - Growth Option,41.2074,*****,AMC35,149717,SUSAZG-GR,2025-06-10 00:00:00+00:00,Sundaram Balanced Advantage Fund,Growth,Direct,,Hybrid,Dynamic Asset Allocation
Mirae Asset Balanced Advantage Fund Direct Plan- Growth,14.666,Not Rated,AMC25,150470,MABAD1-GR,2025-06-10 00:00:00+00:00,Mirae Asset Balanced Advantage Fund,Growth,Direct,,Hybrid,Dynamic Asset Allocation
Franklin India Balanced Advantage Fund- Growth- Direct,15.0609,Not Rated,AMC11,150481,FR972-GR,2025-06-10 00:00:00+00:00,Franklin India Balanced Advantage Fund,Growth,Direct,,Hybrid,Dynamic Asset Allocation
WhiteOak Capital Balanced Advantage Fund Direct Plan Growth,14.783,Not Rated,AMC40,151267,YED104G-GR,2025-06-10 00:00:00+00:00,WhiteOak Capital Balanced Advantage Fund,Growth,Direct,,Hybrid,Dynamic Asset Allocation
UTI Balance Advantage Fund - Direct Plan - Growth Option,12.9595,,AMC39,151885,UTFBG1-GR,2025-06-10 00:00:00+00:00,UTI Balance Advantage Fund,Growth,Direct,,Hybrid,Dynamic Asset Allocation
Franklin India Dynamic Asset Allocation Fund Of Funds - Direct - Growth,186.5748,***,AMC11,118543,454-GR,2025-06-09 00:00:00+00:00,Franklin India Dynamic Asset Allocation Fund of Funds,Growth,Direct,,Hybrid,Dynamic Asset Allocation
Axis Equity Savings Fund - Direct Plan - Growth,24.92,***,AMC2,135120,AXESDG-GR,2025-06-10 00:00:00+00:00,Axis Equity Savings Fund,Growth,Direct,,Hybrid,Equity Savings Fund
Baroda BNP Paribas Equity Savings Fund - Direct Plan - Growth,17.6683,***,AMC45,147496,BPESD2-GR,2025-06-10 00:00:00+00:00,Baroda BNP Paribas Equity Savings Fund,Growth,Direct,,Hybrid,Equity Savings Fund
Sundaram Equity Savings Fund Direct Plan - Growth,13.1827,Not Rated,AMC35,145478,SUSESDG-GR,2021-12-31 00:00:00+00:00,Sundaram Equity Savings Fund,Growth,Direct,,Hybrid,Equity Savings Fund
HDFC Equity Savings Fund - Growth Option - Direct Plan,73.553,****,AMC12,119128,HDMULGT-GR,2025-06-10 00:00:00+00:00,HDFC Equity Savings Fund,Growth,Direct,,Hybrid,Equity Savings Fund
Aditya Birla Sun Life Equity Savings Fund - Direct Plan - Growth,24.21,**,AMC1,132995,BS249Y-GR,2025-06-10 00:00:00+00:00,Aditya Birla Sun Life Equity Savings Fund,Growth,Direct,,Hybrid,Equity Savings Fund
IDBI Equity Savings Fund Growth Option Direct,24.8048,**,AMC15,118452,MIG1-GR,2023-07-27 00:00:00+00:00,IDBI Equity Savings Fund,Growth,Direct,,Hybrid,Equity Savings Fund
Nippon India Equity Savings Fund- Direct Plan- Growth Plan-Growth Option,17.5235,*,AMC31,134594,RLESAG-GR,2025-06-10 00:00:00+00:00,Nippon India Equity Savings Fund,Growth,Direct,,Hybrid,Equity Savings Fund
PGIM India Equity Savings Fund - Direct Plan - Growth,55.5122,***,AMC7,138376,PRMAD1-GR,2025-06-10 00:00:00+00:00,PGIM India Equity Savings Fund,Growth,Direct,,Hybrid,Equity Savings Fund
Edelweiss Equity Savings Fund - Direct Plan - Growth Option,27.5538,*****,AMC9,140347,EDEID1-GR,2025-06-10 00:00:00+00:00,Edelweiss Equity Savings Fund,Growth,Direct,,Hybrid,Equity Savings Fund
WhiteOak Capital Equity Savings Fund Direct Plan Growth,10.588,,AMC40,153355,YED116G-GR,2025-06-10 00:00:00+00:00,WhiteOak Capital Equity Savings Fund,Growth,Direct,,Hybrid,Equity Savings Fund
Kotak Equity Savings Fund - Direct - Growth,28.494,*****,AMC21,131373,KO35D-GR,2025-06-10 00:00:00+00:00,Kotak Equity Savings Fund,Growth,Direct,,Hybrid,Equity Savings Fund
Mahindra Manulife Equity Savings Fund - Direct Plan -Growth,23.7816,****,AMC24,140444,MHMDYDG-GR,2025-06-10 00:00:00+00:00,Mahindra Manulife Equity Savings Fund,Growth,Direct,,Hybrid,Equity Savings Fund
Franklin India Equity Savings Fund- Growth Direct,17.7984,***,AMC11,144466,FR780-GR,2025-06-10 00:00:00+00:00,Franklin India Equity Savings Fund,Growth,Direct,,Hybrid,Equity Savings Fund
Sundaram Equity Savings Fund- Direct Plan - Growth Option,81.5615,****,AMC35,149679,SUQSZG-GR,2025-06-10 00:00:00+00:00,Sundaram Equity Savings Fund,Growth,Direct,,Hybrid,Equity Savings Fund
Principal Equity Savings Fund - Direct Plan - Growth Option,54.5069,*****,AMC28,119472,PCMIZG-GR,2021-12-30 00:00:00+00:00,Principal Equity Savings Fund,Growth,Direct,,Hybrid,Equity Savings Fund
Bandhan Equity Savings Fund-Direct Plan-Growth,34.428,***,AMC16,118477,D217-GR,2025-06-10 00:00:00+00:00,Bandhan Equity Savings Fund,Growth,Direct,,Hybrid,Equity Savings Fund
ICICI Prudential Equity Savings Fund - Direct Plan - Cumulative option,24.09,*****,AMC14,133054,IC8758-GR,2025-06-10 00:00:00+00:00,ICICI Prudential Equity Savings Fund,Growth,Direct,,Hybrid,Equity Savings Fund
DSP Equity Savings Fund - Direct Plan - Growth,24.38,**,AMC8,136567,DS835-GR,2025-06-10 00:00:00+00:00,DSP Equity Savings Fund,Growth,Direct,,Hybrid,Equity Savings Fund
Union Equity Savings Fund - Direct Plan - Growth Option,17.4,**,AMC38,144312,UNESFGD-GR,2025-06-10 00:00:00+00:00,Union Equity Savings Fund,Growth,Direct,,Hybrid,Equity Savings Fund
UTI Equity Savings Fund - Direct Plan - Growth Option,19.3857,****,AMC39,144490,UTESG1-GR,2025-06-10 00:00:00+00:00,UTI Equity Savings Fund,Growth,Direct,,Hybrid,Equity Savings Fund
Mirae Asset Equity Savings Fund- Direct Plan- Growth,21.606,****,AMC25,145693,MAESD1-GR,2025-06-10 00:00:00+00:00,Mirae Asset Equity Savings Fund,Growth,Direct,,Hybrid,Equity Savings Fund
Invesco India Equity Savings Fund - Direct Plan - Growth,18.8885,**,AMC19,146457,RGESD1-GR,2025-06-10 00:00:00+00:00,Invesco India Equity Savings Fund,Growth,Direct,,Hybrid,Equity Savings Fund
HSBC Equity Savings Fund - Direct Growth,36.1848,**,AMC13,151060,HS243D-GR,2025-06-10 00:00:00+00:00,HSBC Equity Savings Fund,Growth,Direct,,Hybrid,Equity Savings Fund
LIC MF Equity Savings Fund-Direct Plan-Growth,31.3636,,AMC23,151952,LCIIG1-GR,2025-06-10 00:00:00+00:00,LIC MF Equity Savings Fund,Growth,Direct,,Hybrid,Equity Savings Fund
Tata Equity Savings Fund- Direct Plan- Growth,61.9007,***,AMC36,119960,TAIFMGZ-GR,2025-06-09 00:00:00+00:00,Tata Equity Savings Fund,Growth,Direct,,Hybrid,Equity Savings Fund
SBI Equity Savings Fund - Direct Plan - Growth,26.4358,***,AMC33,134643,SBD473G-GR,2025-06-09 00:00:00+00:00,SBI Equity Savings Fund,Growth,Direct,,Hybrid,Equity Savings Fund
HDFC Multi-Asset Fund - Growth Option - Direct Plan,79.334,****,AMC12,119131,MYG5T-GR,2025-06-10 00:00:00+00:00,HDFC Multi-Asset Fund,Growth,Direct,,Hybrid,Multi Asset Allocation
Quant Multi Asset Fund-Growth Option-Direct Plan,152.2331,*****,AMC29,120821,QUGLDG-GR,2025-06-10 00:00:00+00:00,Quant Multi Asset Fund,Growth,Direct,,Hybrid,Multi Asset Allocation
Bandhan Multi Asset Allocation Fund - Direct Plan - Growth,12.487,,AMC16,152324,IDD391-GR,2025-06-10 00:00:00+00:00,Bandhan Multi Asset Allocation Fund,Growth,Direct,,Hybrid,Multi Asset Allocation
Bank of India Multi Asset Allocation Fund-Direct Plan-Growth,11.5691,,AMC5,152396,BAMADG-GR,2025-06-10 00:00:00+00:00,Bank of India Multi Asset Allocation Fund,Growth,Direct,,Hybrid,Multi Asset Allocation
Aditya Birla Sun Life Financial Planning Fund - Aggressive Plan - Direct Plan - Growth Option,58.9032,***,AMC1,132186,BSD1060-GR,2025-06-09 00:00:00+00:00,Aditya Birla Sun Life Financial Planning FOF Aggressive Plan,Growth,Direct,,Hybrid,Multi Asset Allocation
Franklin India Multi - Asset Solution Fund of Funds- Growth Plan - Direct,23.6088,*,AMC11,132989,FT617-GR,2025-06-09 00:00:00+00:00,Franklin India Multi - Asset Solution Fund of Funds,Growth,Direct,,Hybrid,Multi Asset Allocation
Edelweiss Multi Asset Allocation Fund - Direct Plan - Growth,11.7178,,AMC9,151792,EDMAD1-GR,2025-06-10 00:00:00+00:00,Edelweiss Multi Asset Allocation Fund,Growth,Direct,,Hybrid,Multi Asset Allocation
Sundaram Multi Asset Allocation Fund Direct Plan Growth,12.4606,,AMC35,152314,SUMUDG-GR,2025-06-10 00:00:00+00:00,Sundaram Multi Asset Allocation Fund,Growth,Direct,,Hybrid,Multi Asset Allocation
Quantum Multi Asset Allocation Fund - Direct Plan Growth Option,11.72,,AMC30,152474,QTMUGP-GR,2025-06-10 00:00:00+00:00,Quantum Multi Asset Allocation Fund,Growth,Direct,,Hybrid,Multi Asset Allocation
Canara Robeco Multi Asset Allocation Fund - Direct Plan - Growth,10.04,,AMC6,153465,CAMADG-GR,2025-06-10 00:00:00+00:00,Canara Robeco Multi Asset Allocation Fund,Growth,Direct,,Hybrid,Multi Asset Allocation
Nippon India Multi Asset Fund - Direct Plan - Growth Option,22.9591,Not Rated,AMC31,148457,RLMFAG-GR,2025-06-09 00:00:00+00:00,Nippon India Multi Asset Fund,Growth,Direct,,Hybrid,Multi Asset Allocation
WhiteOak Capital Multi Asset Allocation Fund Direct Plan Growth,14.386,,AMC40,151745,YED105G-GR,2025-06-09 00:00:00+00:00,WhiteOak Capital Multi Asset Allocation Fund,Growth,Direct,,Hybrid,Multi Asset Allocation
Quantum Multi Asset Fund of Funds - Direct Plan Growth Option,34.7212,***,AMC30,117608,QMFMA-GR,2025-06-10 00:00:00+00:00,Quantum Multi Asset Fund of Funds,Growth,Direct,,Hybrid,Multi Asset Allocation
Bandhan Asset Allocation Fund Of Fund-Moderate Plan-Direct Plan-Growth,43.0728,Not Rated,AMC16,118489,D239-GR,2025-06-10 00:00:00+00:00,Bandhan Asset Alloc FoF-Mod,Growth,Direct,,Hybrid,Multi Asset Allocation
UTI Multi Asset Allocation Fund- Direct Plan - Growth Option,82.1015,**,AMC39,120760,UTW2D2-GR,2025-06-10 00:00:00+00:00,UTI Multi Asset Allocation Fund,Growth,Direct,,Hybrid,Multi Asset Allocation
Motilal Oswal Multi Asset Fund - Direct Plan - Growth Option,12.9573,Not Rated,AMC26,148454,MOMAGD-GR,2025-06-10 00:00:00+00:00,Motilal Oswal Multi Asset Fund,Growth,Direct,,Hybrid,Multi Asset Allocation
HDFC Multi-Asset Active FOF - Growth Option -Direct Plan,19.059,Not Rated,AMC12,148903,HDAADGR-GR,2025-06-10 00:00:00+00:00,HDFC Multi-Asset Active FOF,Growth,Direct,,Hybrid,Multi Asset Allocation
Baroda BNP Paribas Multi Asset Fund - Direct Plan - Growth Option,15.4163,Not Rated,AMC45,150865,BPMADG-GR,2025-06-10 00:00:00+00:00,Baroda BNP Paribas Multi Asset Fund,Growth,Direct,,Hybrid,Multi Asset Allocation
Kotak Multi Asset Allocation Fund - Direct Plan - Growth Option,13.518,,AMC21,152064,KO1197D-GR,2025-06-10 00:00:00+00:00,Kotak Multi Asset Allocation Fund,Growth,Direct,,Hybrid,Multi Asset Allocation
Mirae Asset Multi Asset Allocation Fund - Direct Plan - Growth,12.359,,AMC25,152344,MAMAD1-GR,2025-06-10 00:00:00+00:00,Mirae Asset Multi Asset Allocation Fund,Growth,Direct,,Hybrid,Multi Asset Allocation
Mahindra Manulife Multi Asset Allocation Fund- Direct Plan - Growth,12.1808,,AMC24,152443,MHMAFDG-GR,2025-06-10 00:00:00+00:00,Mahindra Manulife Multi Asset Allocation Fund,Growth,Direct,,Hybrid,Multi Asset Allocation
Bajaj Finserv Multi Asset Allocation Fund - Direct Growth,11.189,,AMC46,152639,BJMADG-GR,2025-06-10 00:00:00+00:00,Bajaj Finserv Multi Asset Allocation Fund,Growth,Direct,,Hybrid,Multi Asset Allocation
Invesco India Multi Asset Allocation Fund - Direct Plan - Growth,10.8,,AMC19,153047,RGMLD1-GR,2025-06-10 00:00:00+00:00,Invesco India Multi Asset Allocation Fund,Growth,Direct,,Hybrid,Multi Asset Allocation
Aditya Birla Sun Life Financial Planning Fund - Moderate Plan - Direct Plan - Growth Option,45.2767,***,AMC1,132185,BSD1057-GR,2025-06-09 00:00:00+00:00,Aditya Birla Sun Life Financial Planning FOF Moderate Plan,Growth,Direct,,Hybrid,Multi Asset Allocation
ICICI Prudential Passive Multi-Asset Fund of Funds - Direct Plan - Growth,15.1598,Not Rated,AMC14,149441,IC9669-GR,2025-06-09 00:00:00+00:00,ICICI Prudential Passive Multi-Asset Fund of Funds,Growth,Direct,,Hybrid,Multi Asset Allocation
Samco Multi Asset Allocation Fund - Direct Plan - Growth,11.9,,AMC43,153092,SAMADG-GR,2025-06-09 00:00:00+00:00,Samco Multi Asset Allocation Fund,Growth,Direct,,Hybrid,Multi Asset Allocation
Axis Multi Asset Allocation Fund - Direct Plan - Growth Option,46.1712,**,AMC2,120524,TPDG-GR,2025-06-10 00:00:00+00:00,Axis Multi Asset Allocation Fund,Growth,Direct,,Hybrid,Multi Asset Allocation
Union Multi Asset Allocation Fund- Direct Plan - Growth Option,10.71,,AMC38,152787,UNMADG-GR,2025-06-10 00:00:00+00:00,Union Multi Asset Allocation Fund,Growth,Direct,,Hybrid,Multi Asset Allocation
LIC MF Multi Asset Allocation Fund-Direct Plan-Growth,11.2893,,AMC23,153246,LCMAG1-GR,2025-06-10 00:00:00+00:00,LIC MF Multi Asset Allocation Fund,Growth,Direct,,Hybrid,Multi Asset Allocation
Baroda BNP Paribas Multi Asset Active FOF Direct Growth,10.0536,,AMC45,153552,BPAMDG-GR,2025-06-10 00:00:00+00:00,Baroda BNP Paribas Multi Asset Active FOF,Growth,Direct,,Hybrid,Multi Asset Allocation
ICICI Prudential Multi-Asset Fund - Direct Plan - Growth,833.0718,****,AMC14,120334,8004-GR,2025-06-09 00:00:00+00:00,ICICI Prudential Multi-Asset Fund,Growth,Direct,,Hybrid,Multi Asset Allocation
HSBC Multi Asset Active FOF - Growth Direct,38.1897,**,AMC13,129193,HSHMSMG-GR,2025-06-09 00:00:00+00:00,HSBC Multi Asset Active FOF,Growth,Direct,,Hybrid,Multi Asset Allocation
HSBC Aggressive Hybrid Active FOF - Growth Direct,42.1862,**,AMC13,129200,HSHMSGG-GR,2025-06-09 00:00:00+00:00,HSBC Aggressive Hybrid Active FOF,Growth,Direct,,Hybrid,Multi Asset Allocation
Aditya Birla Sun Life Financial Planning Fund - Conservative Plan - Direct Plan - Growth Option,36.2643,****,AMC1,132183,BSD1054-GR,2025-06-09 00:00:00+00:00,Aditya Birla Sun Life Financial Planning FOF Conservative Plan,Growth,Direct,,Hybrid,Multi Asset Allocation
Navi 3 in 1 Fund-Direct Plan-Growth Option,26.8438,**,AMC10,119176,PLPL52-GR,2022-07-15 00:00:00+00:00,Navi 3 in 1 Fund,Growth,Direct,,Hybrid,Multi Asset Allocation
Union Asset Allocation Fund - Direct Plan - Growth Option,16.4516,* * *,AMC38,119327,,2019-03-20 00:00:00+00:00,Union Asset Allocation Fund,Growth,Direct,,Hybrid,Multi Asset Allocation
Bandhan Asset Allocation Fund Of Fund-Aggressive Plan-Direct Plan-Growth,48.9288,**,AMC16,118485,D241-GR,2025-06-10 00:00:00+00:00,Bandhan Asset Alloc FoF-Aggr,Growth,Direct,,Hybrid,Multi Asset Allocation
Bandhan Asset Allocation Fund Of Fund-Conservative Plan-Direct Plan-Growth,35.7329,**,AMC16,118486,D237-GR,2025-06-10 00:00:00+00:00,Bandhan Asset Alloc FoF-Cons,Growth,Direct,,Hybrid,Multi Asset Allocation
SBI Multi Asset Allocation Fund - Direct Plan - Growth,65.4328,***,AMC33,119843,SBD101G-GR,2025-06-10 00:00:00+00:00,SBI Multi Asset Allocation Fund,Growth,Direct,,Hybrid,Multi Asset Allocation
Nippon India Multi Asset Active FoF - Direct Plan - Growth Option,22.5239,Not Rated,AMC31,148666,RLALAG-GR,2025-06-10 00:00:00+00:00,Nippon India Multi Asset Active FoF,Growth,Direct,,Hybrid,Multi Asset Allocation
Shriram Multi Asset Allocation Fund - Direct Growth,12.4575,,AMC34,152051,SH109D-GR,2025-06-10 00:00:00+00:00,Shriram Multi Asset Allocation Fund,Growth,Direct,,Hybrid,Multi Asset Allocation
HSBC Multi Asset Allocation Fund - Direct - Growth,11.9689,,AMC13,152380,HSHMADG-GR,2025-06-10 00:00:00+00:00,HSBC Multi Asset Allocation Fund,Growth,Direct,,Hybrid,Multi Asset Allocation
Tata Multi Asset Opportunities Fund-Direct Plan-Growth,25.6126,****,AMC36,148053,TAMAGZ-GR,2025-06-09 00:00:00+00:00,Tata Multi Asset Opportunities Fund,Growth,Direct,,Hybrid,Multi Asset Allocation
Motilal Oswal Asset Allocation FOF- A- Direct Growth,17.9059,Not Rated,AMC26,148747,MOAAGD-GR,2025-06-09 00:00:00+00:00,Motilal Oswal Asset Allocation Fund of Fund- Aggressive,Growth,Direct,,Hybrid,Multi Asset Allocation
Motilal Oswal Asset Allocation FOF- C- Direct Growth,16.1312,Not Rated,AMC26,148750,MOACGD-GR,2025-06-09 00:00:00+00:00,Motilal Oswal Asset Allocation Fund of Fund- Conservative,Growth,Direct,,Hybrid,Multi Asset Allocation
Aditya Birla Sun Life Multi Asset Allocation Fund-Direct Growth,15.3093,Not Rated,AMC1,151307,BS117Y-GR,2025-06-09 00:00:00+00:00,Aditya Birla Sun Life Multi Asset Allocation Fund,Growth,Direct,,Hybrid,Multi Asset Allocation
DSP Multi Asset Allocation Fund - Direct - Growth,13.9762,,AMC8,152056,DS896-GR,2025-06-09 00:00:00+00:00,DSP Multi Asset Allocation Fund,Growth,Direct,,Hybrid,Multi Asset Allocation
HSBC Managed Solutions - Conservative - Dividend Direct,17.8744,***,AMC13,129198,HSHMSCD-DP,2024-12-04 00:00:00+00:00,HSBC Managed Solutions India - Conservative,Dividend,Direct,,Hybrid,Multi Asset Allocation
Tata Young Citizens' Fund-Direct Plan-Growth,69.5435,Not Rated,AMC36,119312,TAYCFZ-GR,2025-06-10 00:00:00+00:00,Tata Young Citizens Fund,Growth,Direct,,Hybrid,Solution Oriented - Children's Fund
Axis Children's Fund - No Lock in - Direct Growth,30.1467,**,AMC2,135764,AXCGGD-GR,2025-06-10 00:00:00+00:00,Axis Children's Fund - No Lock in,Growth,Direct,,Hybrid,Solution Oriented - Children's Fund
SBI Magnum Children's Benefit Fund - Savings Plan - Direct Plan - Growth,119.3341,****,AMC33,119719,SBD056-GR,2025-06-10 00:00:00+00:00,SBI Magnum Children's Benefit Plan,Growth,Direct,,Hybrid,Solution Oriented - Children's Fund
LIC MF Children's Fund-Direct Plan-Growth,36.4072,*,AMC23,120285,LCCFG1-GR,2025-06-10 00:00:00+00:00,LIC MF Children's Fund,Growth,Direct,,Hybrid,Solution Oriented - Children's Fund
Aditya Birla Sun Life Bal Bhavishya Yojna Direct Growth,22.09,*,AMC1,146407,BS41Y-GR,2025-06-10 00:00:00+00:00,Aditya Birla Sun Life Bal Bhavishya Yojna,Growth,Direct,,Hybrid,Solution Oriented - Children's Fund
Union Children's Fund - Direct Plan - Growth Option,12.62,,AMC38,152219,UNCFDG-GR,2025-06-10 00:00:00+00:00,Union Children's Fund,Growth,Direct,,Hybrid,Solution Oriented - Children's Fund
UTI Children's Hybrid Fund - Direct Plan,41.4048,Not Rated,AMC39,120771,,2025-06-10 00:00:00+00:00,UTI Children's Hybrid Fund,Growth,Direct,,Hybrid,Solution Oriented - Children's Fund
Axis Children's Fund - Lock in - Direct Growth,29.581,**,AMC2,135762,AXCGDG-GR,2025-06-10 00:00:00+00:00,Axis Children's Fund- Lock in,Growth,Direct,,Hybrid,Solution Oriented - Children's Fund
Baroda BNP Paribas Children's Fund - Direct Plan - Growth Option,10.5558,,AMC45,153171,BPKFDG-GR,2025-06-10 00:00:00+00:00,Baroda BNP Paribas Children's Fund,Growth,Direct,,Hybrid,Solution Oriented - Children's Fund
HDFC Childrens Fund - Direct Plan,327.044,*****,AMC12,119066,SB079D-DR,2025-06-10 00:00:00+00:00,HDFC Childrens Fund,Growth,Direct,,Hybrid,Solution Oriented - Children's Fund
ICICI Prudential Child Care Fund (Gift Plan) - Direct Plan - Cumulative,359.99,***,AMC14,120579,8029-GR,2025-06-10 00:00:00+00:00,ICICI Prudential Child Care Fund (Gift Plan),Growth,Direct,,Hybrid,Solution Oriented - Children's Fund
UTI Children's Equity Fund - Direct Plan - Growth Option,94.2713,***,AMC39,120724,,2025-06-10 00:00:00+00:00,UTI Children's Equity Fund,Growth,Direct,,Hybrid,Solution Oriented - Children's Fund
SBI Magnum Children's Benefit Fund - Investment Plan - Direct Plan - Growth,43.8627,Not Rated,AMC33,148490,SBD619G-GR,2025-06-09 00:00:00+00:00,SBI Magnum Children's Benefit Fund - Investment Plan,Growth,Direct,,Hybrid,Solution Oriented - Children's Fund
UTI Retirement Fund- Direct,53.6603,Not Rated,AMC39,120766,UTRPD1-GR,2025-06-10 00:00:00+00:00,UTI Retirement Fund,Growth,Direct,,Hybrid,Solution Oriented - Retirement
ICICI Prudential Retirement Fund - Hybrid Aggressive - Direct Plan - Growth Option,28.39,***,AMC14,146721,IC9491-GR,2025-06-10 00:00:00+00:00,ICICI Prudential Retirement Fund - Hybrid Aggressive Plan,Growth,Direct,,Hybrid,Solution Oriented - Retirement
Franklin India  Pension Plan - Direct - Growth,239.9658,Not Rated,AMC11,118548,FR610-GR,2025-06-10 00:00:00+00:00,Franklin India Pension Plan,Growth,Direct,,Hybrid,Solution Oriented - Retirement
Tata Retirement Savings Fund- Conservative Plan-Direct Plan-Growth Option,37.2306,**,AMC36,119256,TARFCGZ-GR,2025-06-10 00:00:00+00:00,Tata Retirement Savings Fund Conservative Plan,Growth,Direct,,Hybrid,Solution Oriented - Retirement
HDFC Retirement Savings Fund - Hybrid-Debt Plan - Growth Option - Direct Plan,24.3641,****,AMC12,136465,HDHRDHD-GR,2025-06-10 00:00:00+00:00,HDFC Retirement Savings Fund - Hybrid-Debt Plan,Growth,Direct,,Hybrid,Solution Oriented - Retirement
Aditya Birla Sun Life Retirement Fund-The 40s Plan-Direct Plan-Growth,20.687,**,AMC1,146930,BS56Y-GR,2025-06-10 00:00:00+00:00,Aditya Birla Sun Life Retirement Fund - The 40s Plan,Growth,Direct,,Hybrid,Solution Oriented - Retirement
Axis Retirement Fund - Conservative Plan - Direct Growth,17.4004,**,AMC2,147830,AXRCDG-GR,2025-06-10 00:00:00+00:00,Axis Retirement Fund - Conservative Plan,Growth,Direct,,Hybrid,Solution Oriented - Retirement
SBI Retirement Benefit Fund - Conservative Plan - Direct Plan - Growth,14.6666,Not Rated,AMC33,148688,SBD626G-GR,2025-06-10 00:00:00+00:00,SBI Retirement Benefit Fund - Conservative Plan,Growth,Direct,,Hybrid,Solution Oriented - Retirement
Nippon India Retirement Fund- Income Generation Scheme- Direct Plan- Growth Plan - Growth Option,23.0793,**,AMC31,133569,RLRGAG-GR,2025-06-10 00:00:00+00:00,Nippon India Retirement Fund - Income Generation Scheme,Growth,Direct,,Hybrid,Solution Oriented - Retirement
Aditya Birla Sun Life Retirement Fund-The 50s Plan-Direct Plan-Growth,15.7726,**,AMC1,146940,BS57Y-GR,2025-06-10 00:00:00+00:00,Aditya Birla Sun Life Retirement Fund - The 50s Plan,Growth,Direct,,Hybrid,Solution Oriented - Retirement
SBI Retirement Benefit Fund - Aggressive Hybrid Plan - Direct Plan - Growth,19.8262,Not Rated,AMC33,148685,SBD624G-GR,2025-06-10 00:00:00+00:00,SBI Retirement Benefit Fund - Aggressive Hybrid Plan,Growth,Direct,,Hybrid,Solution Oriented - Retirement
SBI Retirement Benefit Fund - Conservative Hybrid Plan - Direct Plan - Growth,16.0379,Not Rated,AMC33,148690,SBD625G-GR,2025-06-10 00:00:00+00:00,SBI Retirement Benefit Fund - Conservative Hybrid Plan,Growth,Direct,,Hybrid,Solution Oriented - Retirement
Baroda BNP Paribas Retirement Fund - Direct plan - Growth option,11.3308,,AMC45,152628,BPRFDG-GR,2025-06-10 00:00:00+00:00,Baroda BNP Paribas Retirement Fund,Growth,Direct,,Hybrid,Solution Oriented - Retirement
Tata Retirement Savings Fund - Progressive Plan -Direct Plan-Growth Option,81.4727,**,AMC36,119251,TARFPGZ-GR,2025-06-10 00:00:00+00:00,Tata Retirement Savings Fund Progresive Plan,Growth,Direct,,Hybrid,Solution Oriented - Retirement
Tata Retirement Savings Fund- Moderate Plan -Direct Plan-Growth Option,78.1351,***,AMC36,119255,TARFMGZ-GR,2025-06-10 00:00:00+00:00,Tata Retirement Savings Fund Moderate Plan,Growth,Direct,,Hybrid,Solution Oriented - Retirement
UTI - Unit Linked Insurance Plan- Direct,45.4593,**,AMC39,120784,,2025-06-10 00:00:00+00:00,UTI - Unit Linked Insurance Plan,Growth,Direct,,Hybrid,Solution Oriented - Retirement
HDFC Retirement Savings Fund - Hybrid-Equity Plan - Growth Option - Direct Plan,44.108,****,AMC12,136464,HDHRHDP-GR,2025-06-10 00:00:00+00:00,HDFC Retirement Savings Fund - Hybrid-Equity Plan,Growth,Direct,,Hybrid,Solution Oriented - Retirement
Axis Retirement Fund - Dynamic Plan - Direct Growth,21.67,**,AMC2,147826,AXRDDG-GR,2025-06-10 00:00:00+00:00,Axis Retirement Fund - Dynamic Plan,Growth,Direct,,Hybrid,Solution Oriented - Retirement
ICICI Prudential Retirement Fund - Hybrid Conservative - Direct Plan - Growth Option,18.6954,***,AMC14,146716,IC9493-GR,2025-06-10 00:00:00+00:00,ICICI Prudential Retirement Fund - Hybrid Conservative Plan,Growth,Direct,,Hybrid,Solution Oriented - Retirement
Bandhan Retirement Fund - Direct Plan - Growth,12.917,,AMC16,152102,IDD385-GR,2025-06-10 00:00:00+00:00,Bandhan Retirement Fund,Growth,Direct,,Hybrid,Solution Oriented - Retirement
