scheme_code,market_cap,yield_to_maturity,average_maturity,modified_duration,pe_ratio,portfolio_turnover_ratio,row_num
119544,"{'market_cap_large': 68.5324, 'market_cap_mid': 15.6949, 'market_cap_others': 1.6205, 'market_cap_small': 14.1521}",0.0,"{'avg_maturity_days': 0.0, 'avg_maturity_months': 0.0, 'avg_maturity_years': 0.0}","{'modified_maturity_days': 0.0, 'modified_maturity_months': 0.0, 'modified_maturity_years': 0.0}",34.2407,0.29,1
118473,"{'market_cap_large': 68.3554, 'market_cap_mid': 11.5114, 'market_cap_others': 7.4671, 'market_cap_small': 12.6661}",0.0,"{'avg_maturity_days': 0.0, 'avg_maturity_months': 0.0, 'avg_maturity_years': 0.0}","{'modified_maturity_days': 0.0, 'modified_maturity_months': 0.0, 'modified_maturity_years': 0.0}",35.7957,0.32,1
148815,"{'market_cap_large': 0.0, 'market_cap_mid': 2.5505, 'market_cap_others': 0.0562, 'market_cap_small': 97.3933}",0.0,"{'avg_maturity_days': 0.0, 'avg_maturity_months': 0.0, 'avg_maturity_years': 0.0}","{'modified_maturity_days': 0.0, 'modified_maturity_months': 0.0, 'modified_maturity_years': 0.0}",49.1003,0.0,1
153291,"{'market_cap_large': 29.6042, 'market_cap_mid': 39.9931, 'market_cap_others': 2.0552, 'market_cap_small': 28.3474}",0.0,"{'avg_maturity_days': 0.0, 'avg_maturity_months': 0.0, 'avg_maturity_years': 0.0}","{'modified_maturity_days': 0.0, 'modified_maturity_months': 0.0, 'modified_maturity_years': 0.0}",64.5569,0.0,1
151917,"{'market_cap_large': 57.8639, 'market_cap_mid': 24.382, 'market_cap_others': 4.877, 'market_cap_small': 12.8771}",0.0,"{'avg_maturity_days': 0.0, 'avg_maturity_months': 0.0, 'avg_maturity_years': 0.0}","{'modified_maturity_days': 0.0, 'modified_maturity_months': 0.0, 'modified_maturity_years': 0.0}",38.977,0.78,1
151916,"{'market_cap_large': 31.0043, 'market_cap_mid': 10.6031, 'market_cap_others': 14.0817, 'market_cap_small': 44.3108}",0.0,"{'avg_maturity_days': 0.0, 'avg_maturity_months': 0.0, 'avg_maturity_years': 0.0}","{'modified_maturity_days': 0.0, 'modified_maturity_months': 0.0, 'modified_maturity_years': 0.0}",36.5398,2.4,1
152968,"{'market_cap_large': 68.9158, 'market_cap_mid': 17.8431, 'market_cap_others': 0.2592, 'market_cap_small': 12.9818}",0.0,"{'avg_maturity_days': 0.0, 'avg_maturity_months': 0.0, 'avg_maturity_years': 0.0}","{'modified_maturity_days': 0.0, 'modified_maturity_months': 0.0, 'modified_maturity_years': 0.0}",37.1402,0.0,1
151791,"{'market_cap_large': 39.4625, 'market_cap_mid': 2.6104, 'market_cap_others': 33.0628, 'market_cap_small': 24.8644}",0.0,"{'avg_maturity_days': 0.0, 'avg_maturity_months': 0.0, 'avg_maturity_years': 0.0}","{'modified_maturity_days': 0.0, 'modified_maturity_months': 0.0, 'modified_maturity_years': 0.0}",36.6421,5.19,1
152889,"{'market_cap_large': 50.9395, 'market_cap_mid': 47.4668, 'market_cap_others': 0.0751, 'market_cap_small': 1.5187}",0.0,"{'avg_maturity_days': 0.0, 'avg_maturity_months': 0.0, 'avg_maturity_years': 0.0}","{'modified_maturity_days': 0.0, 'modified_maturity_months': 0.0, 'modified_maturity_years': 0.0}",42.0111,0.0,1
153258,"{'market_cap_large': 40.2029, 'market_cap_mid': 26.8053, 'market_cap_others': 11.327, 'market_cap_small': 21.6648}",0.0,"{'avg_maturity_days': 0.0, 'avg_maturity_months': 0.0, 'avg_maturity_years': 0.0}","{'modified_maturity_days': 0.0, 'modified_maturity_months': 0.0, 'modified_maturity_years': 0.0}",63.0506,0.05,1
152990,"{'market_cap_large': 70.1606, 'market_cap_mid': 19.383, 'market_cap_others': -0.0833, 'market_cap_small': 10.5396}",0.0,"{'avg_maturity_days': 0.0, 'avg_maturity_months': 0.0, 'avg_maturity_years': 0.0}","{'modified_maturity_days': 0.0, 'modified_maturity_months': 0.0, 'modified_maturity_years': 0.0}",17.2725,0.0,1
135781,"{'market_cap_large': 67.247, 'market_cap_mid': 15.7672, 'market_cap_others': 0.931, 'market_cap_small': 16.0549}",0.0,"{'avg_maturity_days': 0.0, 'avg_maturity_months': 0.0, 'avg_maturity_years': 0.0}","{'modified_maturity_days': 0.0, 'modified_maturity_months': 0.0, 'modified_maturity_years': 0.0}",32.1054,1.21,1
118481,"{'market_cap_large': 59.8946, 'market_cap_mid': 14.2628, 'market_cap_others': 10.6878, 'market_cap_small': 15.1548}",0.0,"{'avg_maturity_days': 0.0, 'avg_maturity_months': 0.0, 'avg_maturity_years': 0.0}","{'modified_maturity_days': 0.0, 'modified_maturity_months': 0.0, 'modified_maturity_years': 0.0}",35.4881,0.6,1
147778,"{'market_cap_large': 11.8989, 'market_cap_mid': 66.5477, 'market_cap_others': 2.6269, 'market_cap_small': 18.9265}",0.0,"{'avg_maturity_days': 0.0, 'avg_maturity_months': 0.0, 'avg_maturity_years': 0.0}","{'modified_maturity_days': 0.0, 'modified_maturity_months': 0.0, 'modified_maturity_years': 0.0}",42.8096,0.7,1
152962,"{'market_cap_large': 62.4863, 'market_cap_mid': 13.503, 'market_cap_others': 10.7311, 'market_cap_small': 13.2796}",0.0,"{'avg_maturity_days': 0.0, 'avg_maturity_months': 0.0, 'avg_maturity_years': 0.0}","{'modified_maturity_days': 0.0, 'modified_maturity_months': 0.0, 'modified_maturity_years': 0.0}",48.5605,0.0,1
133568,"{'market_cap_large': 72.7954, 'market_cap_mid': 15.3585, 'market_cap_others': 0.5346, 'market_cap_small': 11.3115}",0.0,"{'avg_maturity_days': 0.0, 'avg_maturity_months': 0.0, 'avg_maturity_years': 0.0}","{'modified_maturity_days': 0.0, 'modified_maturity_months': 0.0, 'modified_maturity_years': 0.0}",0.0,0.48,1
152796,"{'market_cap_large': 24.1247, 'market_cap_mid': 34.2622, 'market_cap_others': 17.1899, 'market_cap_small': 24.4232}",0.0,"{'avg_maturity_days': 0.0, 'avg_maturity_months': 0.0, 'avg_maturity_years': 0.0}","{'modified_maturity_days': 0.0, 'modified_maturity_months': 0.0, 'modified_maturity_years': 0.0}",73.1369,1.72,1
148595,"{'market_cap_large': 44.0881, 'market_cap_mid': 6.4003, 'market_cap_others': 34.7323, 'market_cap_small': 14.7793}",0.0,"{'avg_maturity_days': 0.0, 'avg_maturity_months': 0.0, 'avg_maturity_years': 0.0}","{'modified_maturity_days': 0.0, 'modified_maturity_months': 0.0, 'modified_maturity_years': 0.0}",29.4032,1.16,1
152158,"{'market_cap_large': 69.1938, 'market_cap_mid': 9.169, 'market_cap_others': 2.0847, 'market_cap_small': 19.5525}",0.0,"{'avg_maturity_days': 0.0, 'avg_maturity_months': 0.0, 'avg_maturity_years': 0.0}","{'modified_maturity_days': 0.0, 'modified_maturity_months': 0.0, 'modified_maturity_years': 0.0}",32.1543,0.0,1
153114,"{'market_cap_large': 75.1063, 'market_cap_mid': 25.0982, 'market_cap_others': -0.2045, 'market_cap_small': 0.0}",0.0,"{'avg_maturity_days': 0.0, 'avg_maturity_months': 0.0, 'avg_maturity_years': 0.0}","{'modified_maturity_days': 0.0, 'modified_maturity_months': 0.0, 'modified_maturity_years': 0.0}",41.6463,0.0,1
119732,"{'market_cap_large': 71.8029, 'market_cap_mid': 21.6525, 'market_cap_others': 3.6987, 'market_cap_small': 2.8459}",0.0,"{'avg_maturity_days': 0.0, 'avg_maturity_months': 0.0, 'avg_maturity_years': 0.0}","{'modified_maturity_days': 0.0, 'modified_maturity_months': 0.0, 'modified_maturity_years': 0.0}",16.4477,0.27,1
149141,"{'market_cap_large': 68.7167, 'market_cap_mid': 15.996, 'market_cap_others': 5.4795, 'market_cap_small': 9.8079}",0.0,"{'avg_maturity_days': 0.0, 'avg_maturity_months': 0.0, 'avg_maturity_years': 0.0}","{'modified_maturity_days': 0.0, 'modified_maturity_months': 0.0, 'modified_maturity_years': 0.0}",46.79,0.64,1
118344,"{'market_cap_large': 85.6445, 'market_cap_mid': 10.1362, 'market_cap_others': 3.1326, 'market_cap_small': 1.0867}",0.0,"{'avg_maturity_days': 0.0, 'avg_maturity_months': 0.0, 'avg_maturity_years': 0.0}","{'modified_maturity_days': 0.0, 'modified_maturity_months': 0.0, 'modified_maturity_years': 0.0}",36.8273,0.03,1
119556,"{'market_cap_large': 3.5925, 'market_cap_mid': 12.4754, 'market_cap_others': 4.0627, 'market_cap_small': 79.8694}",0.0,"{'avg_maturity_days': 0.0, 'avg_maturity_months': 0.0, 'avg_maturity_years': 0.0}","{'modified_maturity_days': 0.0, 'modified_maturity_months': 0.0, 'modified_maturity_years': 0.0}",48.1555,0.41,1
120413,"{'market_cap_large': 41.7752, 'market_cap_mid': 27.9909, 'market_cap_others': 5.2033, 'market_cap_small': 25.0307}",0.0,"{'avg_maturity_days': 0.0, 'avg_maturity_months': 0.0, 'avg_maturity_years': 0.0}","{'modified_maturity_days': 0.0, 'modified_maturity_months': 0.0, 'modified_maturity_years': 0.0}",60.1594,1.16,1
119250,"{'market_cap_large': 78.9196, 'market_cap_mid': 3.3749, 'market_cap_others': 13.3175, 'market_cap_small': 4.388}",0.0,"{'avg_maturity_days': 0.0, 'avg_maturity_months': 0.0, 'avg_maturity_years': 0.0}","{'modified_maturity_days': 0.0, 'modified_maturity_months': 0.0, 'modified_maturity_years': 0.0}",24.598,0.27,1
152684,"{'market_cap_large': 56.2231, 'market_cap_mid': 39.7076, 'market_cap_others': 0.7619, 'market_cap_small': 3.3074}",0.0,"{'avg_maturity_days': 0.0, 'avg_maturity_months': 0.0, 'avg_maturity_years': 0.0}","{'modified_maturity_days': 0.0, 'modified_maturity_months': 0.0, 'modified_maturity_years': 0.0}",40.4934,0.0,1
151165,"{'market_cap_large': 98.3543, 'market_cap_mid': 1.1354, 'market_cap_others': 0.5103, 'market_cap_small': 0.0}",0.0,"{'avg_maturity_days': 0.0, 'avg_maturity_months': 0.0, 'avg_maturity_years': 0.0}","{'modified_maturity_days': 0.0, 'modified_maturity_months': 0.0, 'modified_maturity_years': 0.0}",30.2626,0.07,1
153055,"{'market_cap_large': 44.4652, 'market_cap_mid': 12.9109, 'market_cap_others': 5.3752, 'market_cap_small': 37.2488}",0.0,"{'avg_maturity_days': 0.0, 'avg_maturity_months': 0.0, 'avg_maturity_years': 0.0}","{'modified_maturity_days': 0.0, 'modified_maturity_months': 0.0, 'modified_maturity_years': 0.0}",55.77,0.0467,1
120261,"{'market_cap_large': 38.6464, 'market_cap_mid': 13.58, 'market_cap_others': 26.634, 'market_cap_small': 21.1396}",0.0,"{'avg_maturity_days': 0.0, 'avg_maturity_months': 0.0, 'avg_maturity_years': 0.0}","{'modified_maturity_days': 0.0, 'modified_maturity_months': 0.0, 'modified_maturity_years': 0.0}",42.5384,0.58,1
150266,"{'market_cap_large': 57.3775, 'market_cap_mid': 22.9758, 'market_cap_others': 5.7423, 'market_cap_small': 13.9044}",0.0,"{'avg_maturity_days': 0.0, 'avg_maturity_months': 0.0, 'avg_maturity_years': 0.0}","{'modified_maturity_days': 0.0, 'modified_maturity_months': 0.0, 'modified_maturity_years': 0.0}",63.0939,0.64,1
153047,"{'market_cap_large': 35.5528, 'market_cap_mid': 1.0132, 'market_cap_others': 63.434, 'market_cap_small': 0.0}",0.0,"{'avg_maturity_days': 0.0, 'avg_maturity_months': 0.0, 'avg_maturity_years': 0.0}","{'modified_maturity_days': 0.0, 'modified_maturity_months': 0.0, 'modified_maturity_years': 0.0}",32.2887,0.07,1
152470,"{'market_cap_large': 41.8787, 'market_cap_mid': 23.955, 'market_cap_others': 10.8386, 'market_cap_small': 23.3277}",0.0,"{'avg_maturity_days': 0.0, 'avg_maturity_months': 0.0, 'avg_maturity_years': 0.0}","{'modified_maturity_days': 0.0, 'modified_maturity_months': 0.0, 'modified_maturity_years': 0.0}",67.9643,0.65,1
118557,"{'market_cap_large': 64.1853, 'market_cap_mid': 6.8728, 'market_cap_others': 5.1543, 'market_cap_small': 23.7875}",0.0,"{'avg_maturity_days': 0.0, 'avg_maturity_months': 0.0, 'avg_maturity_years': 0.0}","{'modified_maturity_days': 0.0, 'modified_maturity_months': 0.0, 'modified_maturity_years': 0.0}",36.2813,0.222,1
119243,"{'market_cap_large': 33.7454, 'market_cap_mid': 20.2731, 'market_cap_others': 5.4678, 'market_cap_small': 40.5137}",0.0,"{'avg_maturity_days': 0.0, 'avg_maturity_months': 0.0, 'avg_maturity_years': 0.0}","{'modified_maturity_days': 0.0, 'modified_maturity_months': 0.0, 'modified_maturity_years': 0.0}",44.8307,0.1752,1
118474,"{'market_cap_large': 45.2332, 'market_cap_mid': 17.165, 'market_cap_others': 33.4527, 'market_cap_small': 4.1491}",0.0,"{'avg_maturity_days': 0.0, 'avg_maturity_months': 0.0, 'avg_maturity_years': 0.0}","{'modified_maturity_days': 0.0, 'modified_maturity_months': 0.0, 'modified_maturity_years': 0.0}",36.9431,14.38,1
120465,"{'market_cap_large': 83.0318, 'market_cap_mid': 4.6578, 'market_cap_others': 12.3104, 'market_cap_small': 0.0}",0.0,"{'avg_maturity_days': 0.0, 'avg_maturity_months': 0.0, 'avg_maturity_years': 0.0}","{'modified_maturity_days': 0.0, 'modified_maturity_months': 0.0, 'modified_maturity_years': 0.0}",39.0944,0.81,1
133859,"{'market_cap_large': 73.4221, 'market_cap_mid': 15.2072, 'market_cap_others': 3.8943, 'market_cap_small': 7.4765}",0.0,"{'avg_maturity_days': 0.0, 'avg_maturity_months': 0.0, 'avg_maturity_years': 0.0}","{'modified_maturity_days': 0.0, 'modified_maturity_months': 0.0, 'modified_maturity_years': 0.0}",25.8168,2.91,1
120592,"{'market_cap_large': 73.6948, 'market_cap_mid': 10.2064, 'market_cap_others': 4.9002, 'market_cap_small': 11.1985}",0.0,"{'avg_maturity_days': 0.0, 'avg_maturity_months': 0.0, 'avg_maturity_years': 0.0}","{'modified_maturity_days': 0.0, 'modified_maturity_months': 0.0, 'modified_maturity_years': 0.0}",38.7973,0.27,1
151458,"{'market_cap_large': 56.2922, 'market_cap_mid': 18.3075, 'market_cap_others': 7.7875, 'market_cap_small': 17.6127}",0.0,"{'avg_maturity_days': 0.0, 'avg_maturity_months': 0.0, 'avg_maturity_years': 0.0}","{'modified_maturity_days': 0.0, 'modified_maturity_months': 0.0, 'modified_maturity_years': 0.0}",41.331,0.5043,1
120494,"{'market_cap_large': 58.9098, 'market_cap_mid': 10.9618, 'market_cap_others': 5.31, 'market_cap_small': 24.8184}",0.0,"{'avg_maturity_days': 0.0, 'avg_maturity_months': 0.0, 'avg_maturity_years': 0.0}","{'modified_maturity_days': 0.0, 'modified_maturity_months': 0.0, 'modified_maturity_years': 0.0}",43.4349,1.0199,1
152509,"{'market_cap_large': 62.1757, 'market_cap_mid': 13.6246, 'market_cap_others': 19.382, 'market_cap_small': 4.8176}",0.0,"{'avg_maturity_days': 0.0, 'avg_maturity_months': 0.0, 'avg_maturity_years': 0.0}","{'modified_maturity_days': 0.0, 'modified_maturity_months': 0.0, 'modified_maturity_years': 0.0}",27.2384,3.88,1
120164,"{'market_cap_large': 5.29, 'market_cap_mid': 17.1974, 'market_cap_others': 6.4459, 'market_cap_small': 71.0668}",0.0,"{'avg_maturity_days': 0.0, 'avg_maturity_months': 0.0, 'avg_maturity_years': 0.0}","{'modified_maturity_days': 0.0, 'modified_maturity_months': 0.0, 'modified_maturity_years': 0.0}",52.5953,0.2402,1
152663,"{'market_cap_large': 96.5575, 'market_cap_mid': 3.4888, 'market_cap_others': -0.0463, 'market_cap_small': 0.0}",0.0,"{'avg_maturity_days': 0.0, 'avg_maturity_months': 0.0, 'avg_maturity_years': 0.0}","{'modified_maturity_days': 0.0, 'modified_maturity_months': 0.0, 'modified_maturity_years': 0.0}",41.3857,0.5655,1
120267,"{'market_cap_large': 81.7701, 'market_cap_mid': 4.5524, 'market_cap_others': 3.3416, 'market_cap_small': 10.3359}",0.0,"{'avg_maturity_days': 0.0, 'avg_maturity_months': 0.0, 'avg_maturity_years': 0.0}","{'modified_maturity_days': 0.0, 'modified_maturity_months': 0.0, 'modified_maturity_years': 0.0}",34.0466,0.87,1
152329,"{'market_cap_large': 98.7562, 'market_cap_mid': 1.1431, 'market_cap_others': 0.1007, 'market_cap_small': 0.0}",0.0,"{'avg_maturity_days': 0.0, 'avg_maturity_months': 0.0, 'avg_maturity_years': 0.0}","{'modified_maturity_days': 0.0, 'modified_maturity_months': 0.0, 'modified_maturity_years': 0.0}",30.2808,0.99,1
120575,"{'market_cap_large': 39.5235, 'market_cap_mid': 27.9946, 'market_cap_others': 3.6342, 'market_cap_small': 28.8477}",0.0,"{'avg_maturity_days': 0.0, 'avg_maturity_months': 0.0, 'avg_maturity_years': 0.0}","{'modified_maturity_days': 0.0, 'modified_maturity_months': 0.0, 'modified_maturity_years': 0.0}",63.3548,0.36,1
149803,"{'market_cap_large': 99.1991, 'market_cap_mid': 0.5886, 'market_cap_others': 0.2123, 'market_cap_small': 0.0}",0.0,"{'avg_maturity_days': 0.0, 'avg_maturity_months': 0.0, 'avg_maturity_years': 0.0}","{'modified_maturity_days': 0.0, 'modified_maturity_months': 0.0, 'modified_maturity_years': 0.0}",27.0039,0.14,1
135805,"{'market_cap_large': 48.4564, 'market_cap_mid': 13.7057, 'market_cap_others': 8.5373, 'market_cap_small': 29.3006}",0.0,"{'avg_maturity_days': 0.0, 'avg_maturity_months': 0.0, 'avg_maturity_years': 0.0}","{'modified_maturity_days': 0.0, 'modified_maturity_months': 0.0, 'modified_maturity_years': 0.0}",66.4539,0.4925,1
119659,"{'market_cap_large': 47.5086, 'market_cap_mid': 14.2443, 'market_cap_others': 2.146, 'market_cap_small': 36.101}",0.0,"{'avg_maturity_days': 0.0, 'avg_maturity_months': 0.0, 'avg_maturity_years': 0.0}","{'modified_maturity_days': 0.0, 'modified_maturity_months': 0.0, 'modified_maturity_years': 0.0}",34.9829,0.54,1
135677,"{'market_cap_large': 42.995, 'market_cap_mid': 38.6134, 'market_cap_others': 4.8257, 'market_cap_small': 13.5659}",0.0,"{'avg_maturity_days': 0.0, 'avg_maturity_months': 0.0, 'avg_maturity_years': 0.0}","{'modified_maturity_days': 0.0, 'modified_maturity_months': 0.0, 'modified_maturity_years': 0.0}",50.2495,0.71,1
150518,"{'market_cap_large': 68.4539, 'market_cap_mid': 29.3682, 'market_cap_others': -0.0449, 'market_cap_small': 2.2228}",0.0,"{'avg_maturity_days': 0.0, 'avg_maturity_months': 0.0, 'avg_maturity_years': 0.0}","{'modified_maturity_days': 0.0, 'modified_maturity_months': 0.0, 'modified_maturity_years': 0.0}",10.0683,0.63,1
118533,"{'market_cap_large': 13.1506, 'market_cap_mid': 64.2489, 'market_cap_others': 5.9258, 'market_cap_small': 16.6747}",0.0,"{'avg_maturity_days': 0.0, 'avg_maturity_months': 0.0, 'avg_maturity_years': 0.0}","{'modified_maturity_days': 0.0, 'modified_maturity_months': 0.0, 'modified_maturity_years': 0.0}",55.2692,0.2407,1
120579,"{'market_cap_large': 50.4448, 'market_cap_mid': 21.1326, 'market_cap_others': 14.7746, 'market_cap_small': 13.648}",0.0,"{'avg_maturity_days': 0.0, 'avg_maturity_months': 0.0, 'avg_maturity_years': 0.0}","{'modified_maturity_days': 0.0, 'modified_maturity_months': 0.0, 'modified_maturity_years': 0.0}",0.0,0.53,1
152713,"{'market_cap_large': 96.2722, 'market_cap_mid': 3.4785, 'market_cap_others': 0.2492, 'market_cap_small': 0.0}",0.0,"{'avg_maturity_days': 0.0, 'avg_maturity_months': 0.0, 'avg_maturity_years': 0.0}","{'modified_maturity_days': 0.0, 'modified_maturity_months': 0.0, 'modified_maturity_years': 0.0}",41.3855,0.0,1
149763,"{'market_cap_large': 51.6293, 'market_cap_mid': 27.7882, 'market_cap_others': 4.7511, 'market_cap_small': 15.8314}",0.0,"{'avg_maturity_days': 0.0, 'avg_maturity_months': 0.0, 'avg_maturity_years': 0.0}","{'modified_maturity_days': 0.0, 'modified_maturity_months': 0.0, 'modified_maturity_years': 0.0}",57.2583,0.89,1
120152,"{'market_cap_large': 83.6156, 'market_cap_mid': 7.551, 'market_cap_others': 4.796, 'market_cap_small': 4.0374}",0.0,"{'avg_maturity_days': 0.0, 'avg_maturity_months': 0.0, 'avg_maturity_years': 0.0}","{'modified_maturity_days': 0.0, 'modified_maturity_months': 0.0, 'modified_maturity_years': 0.0}",32.2435,0.289,1
120665,"{'market_cap_large': 44.4062, 'market_cap_mid': 36.9895, 'market_cap_others': 5.6975, 'market_cap_small': 12.9068}",0.0,"{'avg_maturity_days': 0.0, 'avg_maturity_months': 0.0, 'avg_maturity_years': 0.0}","{'modified_maturity_days': 0.0, 'modified_maturity_months': 0.0, 'modified_maturity_years': 0.0}",30.238,0.36,1
152870,"{'market_cap_large': 20.268, 'market_cap_mid': 56.3216, 'market_cap_others': -0.1555, 'market_cap_small': 23.566}",0.0,"{'avg_maturity_days': 0.0, 'avg_maturity_months': 0.0, 'avg_maturity_years': 0.0}","{'modified_maturity_days': 0.0, 'modified_maturity_months': 0.0, 'modified_maturity_years': 0.0}",63.8283,0.2454,1
151755,"{'market_cap_large': 64.5956, 'market_cap_mid': 18.234, 'market_cap_others': 5.1613, 'market_cap_small': 12.0092}",0.0,"{'avg_maturity_days': 0.0, 'avg_maturity_months': 0.0, 'avg_maturity_years': 0.0}","{'modified_maturity_days': 0.0, 'modified_maturity_months': 0.0, 'modified_maturity_years': 0.0}",31.8873,0.73,1
152588,"{'market_cap_large': 53.1724, 'market_cap_mid': 28.4479, 'market_cap_others': -0.0156, 'market_cap_small': 18.3953}",0.0,"{'avg_maturity_days': 0.0, 'avg_maturity_months': 0.0, 'avg_maturity_years': 0.0}","{'modified_maturity_days': 0.0, 'modified_maturity_months': 0.0, 'modified_maturity_years': 0.0}",40.5237,0.3558,1
149700,"{'market_cap_large': 77.7442, 'market_cap_mid': 6.7428, 'market_cap_others': 8.337, 'market_cap_small': 7.176}",0.0,"{'avg_maturity_days': 0.0, 'avg_maturity_months': 0.0, 'avg_maturity_years': 0.0}","{'modified_maturity_days': 0.0, 'modified_maturity_months': 0.0, 'modified_maturity_years': 0.0}",28.2552,0.614,1
152657,"{'market_cap_large': 53.5775, 'market_cap_mid': 18.1947, 'market_cap_others': 6.8543, 'market_cap_small': 21.3735}",0.0,"{'avg_maturity_days': 0.0, 'avg_maturity_months': 0.0, 'avg_maturity_years': 0.0}","{'modified_maturity_days': 0.0, 'modified_maturity_months': 0.0, 'modified_maturity_years': 0.0}",34.222,0.62,1
120591,"{'market_cap_large': 12.402, 'market_cap_mid': 4.4964, 'market_cap_others': 13.3066, 'market_cap_small': 69.795}",0.0,"{'avg_maturity_days': 0.0, 'avg_maturity_months': 0.0, 'avg_maturity_years': 0.0}","{'modified_maturity_days': 0.0, 'modified_maturity_months': 0.0, 'modified_maturity_years': 0.0}",40.7641,0.56,1
153109,"{'market_cap_large': 23.3459, 'market_cap_mid': 36.4366, 'market_cap_others': 6.1294, 'market_cap_small': 34.0881}",0.0,"{'avg_maturity_days': 0.0, 'avg_maturity_months': 0.0, 'avg_maturity_years': 0.0}","{'modified_maturity_days': 0.0, 'modified_maturity_months': 0.0, 'modified_maturity_years': 0.0}",47.851,0.0,1
153461,"{'market_cap_large': 99.9942, 'market_cap_mid': 0.0, 'market_cap_others': 0.0058, 'market_cap_small': 0.0}",0.0,"{'avg_maturity_days': 0.0, 'avg_maturity_months': 0.0, 'avg_maturity_years': 0.0}","{'modified_maturity_days': 0.0, 'modified_maturity_months': 0.0, 'modified_maturity_years': 0.0}",24.036,0.0,1
153401,"{'market_cap_large': 4.9655, 'market_cap_mid': 91.0237, 'market_cap_others': 1.0164, 'market_cap_small': 2.9944}",0.0,"{'avg_maturity_days': 0.0, 'avg_maturity_months': 0.0, 'avg_maturity_years': 0.0}","{'modified_maturity_days': 0.0, 'modified_maturity_months': 0.0, 'modified_maturity_years': 0.0}",51.0271,0.8982,1
118564,"{'market_cap_large': 79.2031, 'market_cap_mid': 10.197, 'market_cap_others': 5.8582, 'market_cap_small': 4.7417}",0.0,"{'avg_maturity_days': 0.0, 'avg_maturity_months': 0.0, 'avg_maturity_years': 0.0}","{'modified_maturity_days': 0.0, 'modified_maturity_months': 0.0, 'modified_maturity_years': 0.0}",48.6838,0.1925,1
149800,"{'market_cap_large': 63.302, 'market_cap_mid': 35.6121, 'market_cap_others': 1.0859, 'market_cap_small': 0.0}",0.0,"{'avg_maturity_days': 0.0, 'avg_maturity_months': 0.0, 'avg_maturity_years': 0.0}","{'modified_maturity_days': 0.0, 'modified_maturity_months': 0.0, 'modified_maturity_years': 0.0}",56.1663,1.3,1
118692,"{'market_cap_large': 55.1168, 'market_cap_mid': 22.8069, 'market_cap_others': 6.9335, 'market_cap_small': 15.1428}",0.0,"{'avg_maturity_days': 0.0, 'avg_maturity_months': 0.0, 'avg_maturity_years': 0.0}","{'modified_maturity_days': 0.0, 'modified_maturity_months': 0.0, 'modified_maturity_years': 0.0}",36.9695,0.48,1
148524,"{'market_cap_large': 70.1122, 'market_cap_mid': 0.0, 'market_cap_others': 29.8878, 'market_cap_small': 0.0}",0.0,"{'avg_maturity_days': 0.0, 'avg_maturity_months': 0.0, 'avg_maturity_years': 0.0}","{'modified_maturity_days': 0.0, 'modified_maturity_months': 0.0, 'modified_maturity_years': 0.0}",38.5435,0.26,1
120348,"{'market_cap_large': 56.0031, 'market_cap_mid': 23.3221, 'market_cap_others': 5.2788, 'market_cap_small': 15.396}",0.0,"{'avg_maturity_days': 0.0, 'avg_maturity_months': 0.0, 'avg_maturity_years': 0.0}","{'modified_maturity_days': 0.0, 'modified_maturity_months': 0.0, 'modified_maturity_years': 0.0}",39.0547,0.67,1
153025,"{'market_cap_large': 0.0, 'market_cap_mid': 88.8539, 'market_cap_others': 0.4102, 'market_cap_small': 10.7358}",0.0,"{'avg_maturity_days': 0.0, 'avg_maturity_months': 0.0, 'avg_maturity_years': 0.0}","{'modified_maturity_days': 0.0, 'modified_maturity_months': 0.0, 'modified_maturity_years': 0.0}",66.1927,0.25,1
120749,"{'market_cap_large': 69.6191, 'market_cap_mid': 9.9678, 'market_cap_others': 3.1137, 'market_cap_small': 17.2995}",0.0,"{'avg_maturity_days': 0.0, 'avg_maturity_months': 0.0, 'avg_maturity_years': 0.0}","{'modified_maturity_days': 0.0, 'modified_maturity_months': 0.0, 'modified_maturity_years': 0.0}",27.8445,0.25,1
153260,"{'market_cap_large': 61.3614, 'market_cap_mid': 18.6136, 'market_cap_others': 6.7586, 'market_cap_small': 13.2665}",0.0,"{'avg_maturity_days': 0.0, 'avg_maturity_months': 0.0, 'avg_maturity_years': 0.0}","{'modified_maturity_days': 0.0, 'modified_maturity_months': 0.0, 'modified_maturity_years': 0.0}",51.7506,0.0,1
153121,"{'market_cap_large': 42.7356, 'market_cap_mid': 20.6806, 'market_cap_others': 14.4052, 'market_cap_small': 22.1787}",0.0,"{'avg_maturity_days': 0.0, 'avg_maturity_months': 0.0, 'avg_maturity_years': 0.0}","{'modified_maturity_days': 0.0, 'modified_maturity_months': 0.0, 'modified_maturity_years': 0.0}",39.337,0.1,1
149804,"{'market_cap_large': 85.2565, 'market_cap_mid': 14.829, 'market_cap_others': -0.0855, 'market_cap_small': 0.0}",0.0,"{'avg_maturity_days': 0.0, 'avg_maturity_months': 0.0, 'avg_maturity_years': 0.0}","{'modified_maturity_days': 0.0, 'modified_maturity_months': 0.0, 'modified_maturity_years': 0.0}",16.2726,0.49,1
148600,"{'market_cap_large': 55.3667, 'market_cap_mid': 28.8036, 'market_cap_others': 14.3851, 'market_cap_small': 1.4446}",0.0,"{'avg_maturity_days': 0.0, 'avg_maturity_months': 0.0, 'avg_maturity_years': 0.0}","{'modified_maturity_days': 0.0, 'modified_maturity_months': 0.0, 'modified_maturity_years': 0.0}",33.7514,1.05,1
141920,"{'market_cap_large': 86.0926, 'market_cap_mid': 3.7856, 'market_cap_others': 3.4826, 'market_cap_small': 6.6393}",0.0,"{'avg_maturity_days': 0.0, 'avg_maturity_months': 0.0, 'avg_maturity_years': 0.0}","{'modified_maturity_days': 0.0, 'modified_maturity_months': 0.0, 'modified_maturity_years': 0.0}",35.2882,0.01,1
152842,"{'market_cap_large': 19.9444, 'market_cap_mid': 29.6569, 'market_cap_others': 0.1926, 'market_cap_small': 50.2061}",0.0,"{'avg_maturity_days': 0.0, 'avg_maturity_months': 0.0, 'avg_maturity_years': 0.0}","{'modified_maturity_days': 0.0, 'modified_maturity_months': 0.0, 'modified_maturity_years': 0.0}",41.6956,0.0,1
152939,"{'market_cap_large': 2.4421, 'market_cap_mid': 21.2903, 'market_cap_others': 8.2924, 'market_cap_small': 67.9753}",0.0,"{'avg_maturity_days': 0.0, 'avg_maturity_months': 0.0, 'avg_maturity_years': 0.0}","{'modified_maturity_days': 0.0, 'modified_maturity_months': 0.0, 'modified_maturity_years': 0.0}",59.5527,0.0,1
152577,"{'market_cap_large': 87.9758, 'market_cap_mid': 3.2093, 'market_cap_others': 8.8148, 'market_cap_small': 0.0}",0.0,"{'avg_maturity_days': 0.0, 'avg_maturity_months': 0.0, 'avg_maturity_years': 0.0}","{'modified_maturity_days': 0.0, 'modified_maturity_months': 0.0, 'modified_maturity_years': 0.0}",24.0427,0.9957,1
118620,"{'market_cap_large': 66.5094, 'market_cap_mid': 18.3333, 'market_cap_others': 3.2912, 'market_cap_small': 11.8661}",0.0,"{'avg_maturity_days': 0.0, 'avg_maturity_months': 0.0, 'avg_maturity_years': 0.0}","{'modified_maturity_days': 0.0, 'modified_maturity_months': 0.0, 'modified_maturity_years': 0.0}",40.3391,0.3,1
118535,"{'market_cap_large': 72.5354, 'market_cap_mid': 12.2024, 'market_cap_others': 7.3589, 'market_cap_small': 7.9033}",0.0,"{'avg_maturity_days': 0.0, 'avg_maturity_months': 0.0, 'avg_maturity_years': 0.0}","{'modified_maturity_days': 0.0, 'modified_maturity_months': 0.0, 'modified_maturity_years': 0.0}",38.7403,0.2836,1
147794,"{'market_cap_large': 98.75, 'market_cap_mid': 1.1408, 'market_cap_others': 0.1093, 'market_cap_small': 0.0}",0.0,"{'avg_maturity_days': 0.0, 'avg_maturity_months': 0.0, 'avg_maturity_years': 0.0}","{'modified_maturity_days': 0.0, 'modified_maturity_months': 0.0, 'modified_maturity_years': 0.0}",30.2642,0.14,1
153003,"{'market_cap_large': 33.4927, 'market_cap_mid': 48.8615, 'market_cap_others': 1.249, 'market_cap_small': 16.3968}",0.0,"{'avg_maturity_days': 0.0, 'avg_maturity_months': 0.0, 'avg_maturity_years': 0.0}","{'modified_maturity_days': 0.0, 'modified_maturity_months': 0.0, 'modified_maturity_years': 0.0}",66.0056,0.0,1
149254,"{'market_cap_large': 97.5693, 'market_cap_mid': 2.2091, 'market_cap_others': 0.2215, 'market_cap_small': 0.0}",0.0,"{'avg_maturity_days': 0.0, 'avg_maturity_months': 0.0, 'avg_maturity_years': 0.0}","{'modified_maturity_days': 0.0, 'modified_maturity_months': 0.0, 'modified_maturity_years': 0.0}",40.0273,0.68,1
153039,"{'market_cap_large': 34.5715, 'market_cap_mid': 28.0479, 'market_cap_others': 4.935, 'market_cap_small': 32.4457}",0.0,"{'avg_maturity_days': 0.0, 'avg_maturity_months': 0.0, 'avg_maturity_years': 0.0}","{'modified_maturity_days': 0.0, 'modified_maturity_months': 0.0, 'modified_maturity_years': 0.0}",59.3195,0.05,1
152537,"{'market_cap_large': 41.7146, 'market_cap_mid': 27.0332, 'market_cap_others': 5.1758, 'market_cap_small': 26.0764}",0.0,"{'avg_maturity_days': 0.0, 'avg_maturity_months': 0.0, 'avg_maturity_years': 0.0}","{'modified_maturity_days': 0.0, 'modified_maturity_months': 0.0, 'modified_maturity_years': 0.0}",0.0,0.26,1
141248,"{'market_cap_large': 88.3154, 'market_cap_mid': 9.4138, 'market_cap_others': 2.2708, 'market_cap_small': 0.0}",0.0,"{'avg_maturity_days': 0.0, 'avg_maturity_months': 0.0, 'avg_maturity_years': 0.0}","{'modified_maturity_days': 0.0, 'modified_maturity_months': 0.0, 'modified_maturity_years': 0.0}",37.8049,1.38,1
119528,"{'market_cap_large': 84.3916, 'market_cap_mid': 3.0128, 'market_cap_others': 5.5189, 'market_cap_small': 7.0767}",0.0,"{'avg_maturity_days': 0.0, 'avg_maturity_months': 0.0, 'avg_maturity_years': 0.0}","{'modified_maturity_days': 0.0, 'modified_maturity_months': 0.0, 'modified_maturity_years': 0.0}",31.3228,0.53,1
145137,"{'market_cap_large': 4.8154, 'market_cap_mid': 21.9574, 'market_cap_others': 3.9072, 'market_cap_small': 69.3199}",0.0,"{'avg_maturity_days': 0.0, 'avg_maturity_months': 0.0, 'avg_maturity_years': 0.0}","{'modified_maturity_days': 0.0, 'modified_maturity_months': 0.0, 'modified_maturity_years': 0.0}",49.9388,0.38,1
150264,"{'market_cap_large': 59.3459, 'market_cap_mid': 25.171, 'market_cap_others': 6.0935, 'market_cap_small': 9.3896}",0.0,"{'avg_maturity_days': 0.0, 'avg_maturity_months': 0.0, 'avg_maturity_years': 0.0}","{'modified_maturity_days': 0.0, 'modified_maturity_months': 0.0, 'modified_maturity_years': 0.0}",35.3571,1.55,1
152462,"{'market_cap_large': 70.8453, 'market_cap_mid': 16.2291, 'market_cap_others': 6.8801, 'market_cap_small': 6.0454}",0.0,"{'avg_maturity_days': 0.0, 'avg_maturity_months': 0.0, 'avg_maturity_years': 0.0}","{'modified_maturity_days': 0.0, 'modified_maturity_months': 0.0, 'modified_maturity_years': 0.0}",32.4835,0.1717,1
152177,"{'market_cap_large': 21.9192, 'market_cap_mid': 52.5071, 'market_cap_others': 0.0174, 'market_cap_small': 25.5564}",0.0,"{'avg_maturity_days': 0.0, 'avg_maturity_months': 0.0, 'avg_maturity_years': 0.0}","{'modified_maturity_days': 0.0, 'modified_maturity_months': 0.0, 'modified_maturity_years': 0.0}",64.8596,1.85,1
147666,"{'market_cap_large': 97.2166, 'market_cap_mid': 2.6067, 'market_cap_others': 0.1767, 'market_cap_small': 0.0}",0.0,"{'avg_maturity_days': 0.0, 'avg_maturity_months': 0.0, 'avg_maturity_years': 0.0}","{'modified_maturity_days': 0.0, 'modified_maturity_months': 0.0, 'modified_maturity_years': 0.0}",32.862,0.0,1
151580,"{'market_cap_large': 67.6615, 'market_cap_mid': 11.9556, 'market_cap_others': 15.9305, 'market_cap_small': 4.4525}",0.0,"{'avg_maturity_days': 0.0, 'avg_maturity_months': 0.0, 'avg_maturity_years': 0.0}","{'modified_maturity_days': 0.0, 'modified_maturity_months': 0.0, 'modified_maturity_years': 0.0}",44.335,0.99,1
152128,"{'market_cap_large': 2.7549, 'market_cap_mid': 16.2563, 'market_cap_others': 10.217, 'market_cap_small': 70.7718}",0.0,"{'avg_maturity_days': 0.0, 'avg_maturity_months': 0.0, 'avg_maturity_years': 0.0}","{'modified_maturity_days': 0.0, 'modified_maturity_months': 0.0, 'modified_maturity_years': 0.0}",47.3537,0.76,1
151911,"{'market_cap_large': 63.6188, 'market_cap_mid': 28.458, 'market_cap_others': -0.0569, 'market_cap_small': 7.9802}",0.0,"{'avg_maturity_days': 0.0, 'avg_maturity_months': 0.0, 'avg_maturity_years': 0.0}","{'modified_maturity_days': 0.0, 'modified_maturity_months': 0.0, 'modified_maturity_years': 0.0}",50.1884,0.5042,1
151040,"{'market_cap_large': 53.8833, 'market_cap_mid': 9.7869, 'market_cap_others': 6.4231, 'market_cap_small': 29.9067}",0.0,"{'avg_maturity_days': 0.0, 'avg_maturity_months': 0.0, 'avg_maturity_years': 0.0}","{'modified_maturity_days': 0.0, 'modified_maturity_months': 0.0, 'modified_maturity_years': 0.0}",38.222,0.17,1
150376,"{'market_cap_large': 76.1481, 'market_cap_mid': 21.3258, 'market_cap_others': 2.5261, 'market_cap_small': 0.0}",0.0,"{'avg_maturity_days': 0.0, 'avg_maturity_months': 0.0, 'avg_maturity_years': 0.0}","{'modified_maturity_days': 0.0, 'modified_maturity_months': 0.0, 'modified_maturity_years': 0.0}",43.3583,0.44,1
119549,"{'market_cap_large': 71.8921, 'market_cap_mid': 13.882, 'market_cap_others': 4.2795, 'market_cap_small': 9.9464}",0.0,"{'avg_maturity_days': 0.0, 'avg_maturity_months': 0.0, 'avg_maturity_years': 0.0}","{'modified_maturity_days': 0.0, 'modified_maturity_months': 0.0, 'modified_maturity_years': 0.0}",36.0324,0.331,1
150440,"{'market_cap_large': 74.3614, 'market_cap_mid': 3.2368, 'market_cap_others': 18.9451, 'market_cap_small': 3.4566}",0.0,"{'avg_maturity_days': 0.0, 'avg_maturity_months': 0.0, 'avg_maturity_years': 0.0}","{'modified_maturity_days': 0.0, 'modified_maturity_months': 0.0, 'modified_maturity_years': 0.0}",45.6224,3.96,1
153064,"{'market_cap_large': 84.8348, 'market_cap_mid': 14.8956, 'market_cap_others': 0.2697, 'market_cap_small': 0.0}",0.0,"{'avg_maturity_days': 0.0, 'avg_maturity_months': 0.0, 'avg_maturity_years': 0.0}","{'modified_maturity_days': 0.0, 'modified_maturity_months': 0.0, 'modified_maturity_years': 0.0}",29.6761,0.0,1
152616,"{'market_cap_large': 82.2453, 'market_cap_mid': 16.5029, 'market_cap_others': 1.2518, 'market_cap_small': 0.0}",0.0,"{'avg_maturity_days': 0.0, 'avg_maturity_months': 0.0, 'avg_maturity_years': 0.0}","{'modified_maturity_days': 0.0, 'modified_maturity_months': 0.0, 'modified_maturity_years': 0.0}",45.8232,0.84,1
146130,"{'market_cap_large': 10.2005, 'market_cap_mid': 17.0634, 'market_cap_others': 5.4214, 'market_cap_small': 67.3147}",0.0,"{'avg_maturity_days': 0.0, 'avg_maturity_months': 0.0, 'avg_maturity_years': 0.0}","{'modified_maturity_days': 0.0, 'modified_maturity_months': 0.0, 'modified_maturity_years': 0.0}",46.9872,0.28,1
118531,"{'market_cap_large': 89.7675, 'market_cap_mid': 5.8972, 'market_cap_others': 3.2189, 'market_cap_small': 1.1164}",0.0,"{'avg_maturity_days': 0.0, 'avg_maturity_months': 0.0, 'avg_maturity_years': 0.0}","{'modified_maturity_days': 0.0, 'modified_maturity_months': 0.0, 'modified_maturity_years': 0.0}",36.8964,0.9024,1
150404,"{'market_cap_large': 16.3555, 'market_cap_mid': 67.1504, 'market_cap_others': 5.9461, 'market_cap_small': 10.548}",0.0,"{'avg_maturity_days': 0.0, 'avg_maturity_months': 0.0, 'avg_maturity_years': 0.0}","{'modified_maturity_days': 0.0, 'modified_maturity_months': 0.0, 'modified_maturity_years': 0.0}",64.8997,0.31,1
135654,"{'market_cap_large': 48.4451, 'market_cap_mid': 31.3803, 'market_cap_others': 7.7239, 'market_cap_small': 12.4507}",0.0,"{'avg_maturity_days': 0.0, 'avg_maturity_months': 0.0, 'avg_maturity_years': 0.0}","{'modified_maturity_days': 0.0, 'modified_maturity_months': 0.0, 'modified_maturity_years': 0.0}",40.2677,0.37,1
120158,"{'market_cap_large': 58.0374, 'market_cap_mid': 34.7404, 'market_cap_others': 1.8668, 'market_cap_small': 5.3555}",0.0,"{'avg_maturity_days': 0.0, 'avg_maturity_months': 0.0, 'avg_maturity_years': 0.0}","{'modified_maturity_days': 0.0, 'modified_maturity_months': 0.0, 'modified_maturity_years': 0.0}",33.6902,0.2121,1
120716,"{'market_cap_large': 98.8569, 'market_cap_mid': 1.1419, 'market_cap_others': 0.0011, 'market_cap_small': 0.0}",0.0,"{'avg_maturity_days': 0.0, 'avg_maturity_months': 0.0, 'avg_maturity_years': 0.0}","{'modified_maturity_days': 0.0, 'modified_maturity_months': 0.0, 'modified_maturity_years': 0.0}",30.2641,0.07,1
119709,"{'market_cap_large': 78.7834, 'market_cap_mid': 13.8122, 'market_cap_others': 3.9626, 'market_cap_small': 3.4418}",0.0,"{'avg_maturity_days': 0.0, 'avg_maturity_months': 0.0, 'avg_maturity_years': 0.0}","{'modified_maturity_days': 0.0, 'modified_maturity_months': 0.0, 'modified_maturity_years': 0.0}",37.9187,0.15,1
153266,"{'market_cap_large': 47.9711, 'market_cap_mid': 19.5361, 'market_cap_others': 17.4003, 'market_cap_small': 15.0925}",0.0,"{'avg_maturity_days': 0.0, 'avg_maturity_months': 0.0, 'avg_maturity_years': 0.0}","{'modified_maturity_days': 0.0, 'modified_maturity_months': 0.0, 'modified_maturity_years': 0.0}",36.5259,0.0,1
152751,"{'market_cap_large': 49.7434, 'market_cap_mid': 24.4962, 'market_cap_others': 0.9947, 'market_cap_small': 24.7657}",0.0,"{'avg_maturity_days': 0.0, 'avg_maturity_months': 0.0, 'avg_maturity_years': 0.0}","{'modified_maturity_days': 0.0, 'modified_maturity_months': 0.0, 'modified_maturity_years': 0.0}",41.4228,0.36,1
152702,"{'market_cap_large': 34.6346, 'market_cap_mid': 14.8285, 'market_cap_others': 1.3651, 'market_cap_small': 49.1718}",0.0,"{'avg_maturity_days': 0.0, 'avg_maturity_months': 0.0, 'avg_maturity_years': 0.0}","{'modified_maturity_days': 0.0, 'modified_maturity_months': 0.0, 'modified_maturity_years': 0.0}",37.3434,0.1206,1
153076,"{'market_cap_large': 40.5578, 'market_cap_mid': 33.1866, 'market_cap_others': 4.6934, 'market_cap_small': 21.5622}",0.0,"{'avg_maturity_days': 0.0, 'avg_maturity_months': 0.0, 'avg_maturity_years': 0.0}","{'modified_maturity_days': 0.0, 'modified_maturity_months': 0.0, 'modified_maturity_years': 0.0}",47.2887,2.144,1
140353,"{'market_cap_large': 67.7404, 'market_cap_mid': 22.3836, 'market_cap_others': 2.5135, 'market_cap_small': 7.3625}",0.0,"{'avg_maturity_days': 0.0, 'avg_maturity_months': 0.0, 'avg_maturity_years': 0.0}","{'modified_maturity_days': 0.0, 'modified_maturity_months': 0.0, 'modified_maturity_years': 0.0}",46.0522,0.44,1
133516,"{'market_cap_large': 44.2338, 'market_cap_mid': 22.7224, 'market_cap_others': 2.4333, 'market_cap_small': 30.6104}",0.0,"{'avg_maturity_days': 0.0, 'avg_maturity_months': 0.0, 'avg_maturity_years': 0.0}","{'modified_maturity_days': 0.0, 'modified_maturity_months': 0.0, 'modified_maturity_years': 0.0}",42.9058,0.45,1
151036,"{'market_cap_large': 18.2787, 'market_cap_mid': 66.1116, 'market_cap_others': 1.2144, 'market_cap_small': 14.3953}",0.0,"{'avg_maturity_days': 0.0, 'avg_maturity_months': 0.0, 'avg_maturity_years': 0.0}","{'modified_maturity_days': 0.0, 'modified_maturity_months': 0.0, 'modified_maturity_years': 0.0}",67.05,0.92,1
119721,"{'market_cap_large': 41.026, 'market_cap_mid': 37.0646, 'market_cap_others': 5.7032, 'market_cap_small': 16.2062}",0.0,"{'avg_maturity_days': 0.0, 'avg_maturity_months': 0.0, 'avg_maturity_years': 0.0}","{'modified_maturity_days': 0.0, 'modified_maturity_months': 0.0, 'modified_maturity_years': 0.0}",41.0079,0.63,1
150313,"{'market_cap_large': 7.06, 'market_cap_mid': 84.3424, 'market_cap_others': 0.1613, 'market_cap_small': 8.4363}",0.0,"{'avg_maturity_days': 0.0, 'avg_maturity_months': 0.0, 'avg_maturity_years': 0.0}","{'modified_maturity_days': 0.0, 'modified_maturity_months': 0.0, 'modified_maturity_years': 0.0}",47.9603,0.4777,1
151937,"{'market_cap_large': 89.064, 'market_cap_mid': 9.7868, 'market_cap_others': 1.1492, 'market_cap_small': 0.0}",0.0,"{'avg_maturity_days': 0.0, 'avg_maturity_months': 0.0, 'avg_maturity_years': 0.0}","{'modified_maturity_days': 0.0, 'modified_maturity_months': 0.0, 'modified_maturity_years': 0.0}",45.3489,0.7,1
118803,"{'market_cap_large': 65.969, 'market_cap_mid': 14.855, 'market_cap_others': 3.5964, 'market_cap_small': 15.5796}",0.0,"{'avg_maturity_days': 0.0, 'avg_maturity_months': 0.0, 'avg_maturity_years': 0.0}","{'modified_maturity_days': 0.0, 'modified_maturity_months': 0.0, 'modified_maturity_years': 0.0}",38.7816,0.13,1
153034,"{'market_cap_large': 32.9059, 'market_cap_mid': 33.5026, 'market_cap_others': 5.9133, 'market_cap_small': 27.6783}",0.0,"{'avg_maturity_days': 0.0, 'avg_maturity_months': 0.0, 'avg_maturity_years': 0.0}","{'modified_maturity_days': 0.0, 'modified_maturity_months': 0.0, 'modified_maturity_years': 0.0}",49.4075,0.83,1
150797,"{'market_cap_large': 79.402, 'market_cap_mid': 6.321, 'market_cap_others': 10.8093, 'market_cap_small': 3.4677}",0.0,"{'avg_maturity_days': 0.0, 'avg_maturity_months': 0.0, 'avg_maturity_years': 0.0}","{'modified_maturity_days': 0.0, 'modified_maturity_months': 0.0, 'modified_maturity_years': 0.0}",40.273,1.9,1
147492,"{'market_cap_large': 68.5293, 'market_cap_mid': 15.4482, 'market_cap_others': 4.5446, 'market_cap_small': 11.4779}",0.0,"{'avg_maturity_days': 0.0, 'avg_maturity_months': 0.0, 'avg_maturity_years': 0.0}","{'modified_maturity_days': 0.0, 'modified_maturity_months': 0.0, 'modified_maturity_years': 0.0}",53.9927,1.45,1
153320,"{'market_cap_large': 90.3227, 'market_cap_mid': 17.956, 'market_cap_others': -8.2788, 'market_cap_small': 0.0}",0.0,"{'avg_maturity_days': 0.0, 'avg_maturity_months': 0.0, 'avg_maturity_years': 0.0}","{'modified_maturity_days': 0.0, 'modified_maturity_months': 0.0, 'modified_maturity_years': 0.0}",29.4828,0.03,1
151739,"{'market_cap_large': 70.2821, 'market_cap_mid': 19.4165, 'market_cap_others': -0.255, 'market_cap_small': 10.5564}",0.0,"{'avg_maturity_days': 0.0, 'avg_maturity_months': 0.0, 'avg_maturity_years': 0.0}","{'modified_maturity_days': 0.0, 'modified_maturity_months': 0.0, 'modified_maturity_years': 0.0}",17.2735,0.4837,1
153348,"{'market_cap_large': 84.7946, 'market_cap_mid': 18.057, 'market_cap_others': -5.466, 'market_cap_small': 2.6145}",0.0,"{'avg_maturity_days': 0.0, 'avg_maturity_months': 0.0, 'avg_maturity_years': 0.0}","{'modified_maturity_days': 0.0, 'modified_maturity_months': 0.0, 'modified_maturity_years': 0.0}",18.1671,0.09,1
145819,"{'market_cap_large': 48.0616, 'market_cap_mid': 28.6862, 'market_cap_others': 1.8966, 'market_cap_small': 21.3557}",0.0,"{'avg_maturity_days': 0.0, 'avg_maturity_months': 0.0, 'avg_maturity_years': 0.0}","{'modified_maturity_days': 0.0, 'modified_maturity_months': 0.0, 'modified_maturity_years': 0.0}",45.5929,4.753,1
120780,"{'market_cap_large': 75.1652, 'market_cap_mid': 9.9966, 'market_cap_others': 4.3821, 'market_cap_small': 10.4562}",0.0,"{'avg_maturity_days': 0.0, 'avg_maturity_months': 0.0, 'avg_maturity_years': 0.0}","{'modified_maturity_days': 0.0, 'modified_maturity_months': 0.0, 'modified_maturity_years': 0.0}",65.4812,0.33,1
153161,"{'market_cap_large': 71.3149, 'market_cap_mid': 18.419, 'market_cap_others': 0.4837, 'market_cap_small': 9.7823}",0.0,"{'avg_maturity_days': 0.0, 'avg_maturity_months': 0.0, 'avg_maturity_years': 0.0}","{'modified_maturity_days': 0.0, 'modified_maturity_months': 0.0, 'modified_maturity_years': 0.0}",36.9667,0.05,1
152071,"{'market_cap_large': 36.3977, 'market_cap_mid': 25.1129, 'market_cap_others': 13.9889, 'market_cap_small': 24.5004}",0.0,"{'avg_maturity_days': 0.0, 'avg_maturity_months': 0.0, 'avg_maturity_years': 0.0}","{'modified_maturity_days': 0.0, 'modified_maturity_months': 0.0, 'modified_maturity_years': 0.0}",47.3025,1.76,1
152644,"{'market_cap_large': 47.9414, 'market_cap_mid': 9.3486, 'market_cap_others': 14.4357, 'market_cap_small': 28.2743}",0.0,"{'avg_maturity_days': 0.0, 'avg_maturity_months': 0.0, 'avg_maturity_years': 0.0}","{'modified_maturity_days': 0.0, 'modified_maturity_months': 0.0, 'modified_maturity_years': 0.0}",42.1113,0.0,1
152836,"{'market_cap_large': 49.9237, 'market_cap_mid': 50.1203, 'market_cap_others': -0.044, 'market_cap_small': 0.0}",0.0,"{'avg_maturity_days': 0.0, 'avg_maturity_months': 0.0, 'avg_maturity_years': 0.0}","{'modified_maturity_days': 0.0, 'modified_maturity_months': 0.0, 'modified_maturity_years': 0.0}",58.7175,1.452,1
120826,"{'market_cap_large': 43.0757, 'market_cap_mid': 43.994, 'market_cap_others': 12.5872, 'market_cap_small': 0.343}",0.0,"{'avg_maturity_days': 0.0, 'avg_maturity_months': 0.0, 'avg_maturity_years': 0.0}","{'modified_maturity_days': 0.0, 'modified_maturity_months': 0.0, 'modified_maturity_years': 0.0}",40.0416,2.29,1
152783,"{'market_cap_large': 93.1863, 'market_cap_mid': 3.0799, 'market_cap_others': 3.7339, 'market_cap_small': 0.0}",0.0,"{'avg_maturity_days': 0.0, 'avg_maturity_months': 0.0, 'avg_maturity_years': 0.0}","{'modified_maturity_days': 0.0, 'modified_maturity_months': 0.0, 'modified_maturity_years': 0.0}",36.2948,0.0,1
119333,"{'market_cap_large': 76.7969, 'market_cap_mid': 11.9242, 'market_cap_others': 3.5766, 'market_cap_small': 7.7023}",0.0,"{'avg_maturity_days': 0.0, 'avg_maturity_months': 0.0, 'avg_maturity_years': 0.0}","{'modified_maturity_days': 0.0, 'modified_maturity_months': 0.0, 'modified_maturity_years': 0.0}",25.6649,1.12,1
119591,"{'market_cap_large': 68.2378, 'market_cap_mid': 16.725, 'market_cap_others': 1.4936, 'market_cap_small': 13.5435}",0.0,"{'avg_maturity_days': 0.0, 'avg_maturity_months': 0.0, 'avg_maturity_years': 0.0}","{'modified_maturity_days': 0.0, 'modified_maturity_months': 0.0, 'modified_maturity_years': 0.0}",54.5138,0.14,1
145897,"{'market_cap_large': 63.6273, 'market_cap_mid': 13.9919, 'market_cap_others': 10.9877, 'market_cap_small': 11.3932}",0.0,"{'avg_maturity_days': 0.0, 'avg_maturity_months': 0.0, 'avg_maturity_years': 0.0}","{'modified_maturity_days': 0.0, 'modified_maturity_months': 0.0, 'modified_maturity_years': 0.0}",33.8363,0.69,1
149447,"{'market_cap_large': 90.1562, 'market_cap_mid': 9.8493, 'market_cap_others': -0.0055, 'market_cap_small': 0.0}",0.0,"{'avg_maturity_days': 0.0, 'avg_maturity_months': 0.0, 'avg_maturity_years': 0.0}","{'modified_maturity_days': 0.0, 'modified_maturity_months': 0.0, 'modified_maturity_years': 0.0}",52.9217,0.16,1
147481,"{'market_cap_large': 69.9159, 'market_cap_mid': 2.1439, 'market_cap_others': 19.255, 'market_cap_small': 8.6852}",0.0,"{'avg_maturity_days': 0.0, 'avg_maturity_months': 0.0, 'avg_maturity_years': 0.0}","{'modified_maturity_days': 0.0, 'modified_maturity_months': 0.0, 'modified_maturity_years': 0.0}",23.7148,0.1642,1
152776,"{'market_cap_large': 21.3772, 'market_cap_mid': 23.7476, 'market_cap_others': 9.1617, 'market_cap_small': 45.7135}",0.0,"{'avg_maturity_days': 0.0, 'avg_maturity_months': 0.0, 'avg_maturity_years': 0.0}","{'modified_maturity_days': 0.0, 'modified_maturity_months': 0.0, 'modified_maturity_years': 0.0}",52.0358,0.86,1
151138,"{'market_cap_large': 49.0656, 'market_cap_mid': 14.6671, 'market_cap_others': 27.3799, 'market_cap_small': 8.8874}",0.0,"{'avg_maturity_days': 0.0, 'avg_maturity_months': 0.0, 'avg_maturity_years': 0.0}","{'modified_maturity_days': 0.0, 'modified_maturity_months': 0.0, 'modified_maturity_years': 0.0}",29.7274,13.5,1
119178,"{'market_cap_large': 8.3315, 'market_cap_mid': 67.2393, 'market_cap_others': 8.763, 'market_cap_small': 15.6662}",0.0,"{'avg_maturity_days': 0.0, 'avg_maturity_months': 0.0, 'avg_maturity_years': 0.0}","{'modified_maturity_days': 0.0, 'modified_maturity_months': 0.0, 'modified_maturity_years': 0.0}",50.1837,0.3087,1
149268,"{'market_cap_large': 29.3366, 'market_cap_mid': 35.3134, 'market_cap_others': 3.4462, 'market_cap_small': 31.9038}",0.0,"{'avg_maturity_days': 0.0, 'avg_maturity_months': 0.0, 'avg_maturity_years': 0.0}","{'modified_maturity_days': 0.0, 'modified_maturity_months': 0.0, 'modified_maturity_years': 0.0}",57.1435,0.6,1
152847,"{'market_cap_large': 19.7071, 'market_cap_mid': 24.6716, 'market_cap_others': 30.029, 'market_cap_small': 25.5923}",0.0,"{'avg_maturity_days': 0.0, 'avg_maturity_months': 0.0, 'avg_maturity_years': 0.0}","{'modified_maturity_days': 0.0, 'modified_maturity_months': 0.0, 'modified_maturity_years': 0.0}",49.0563,0.0,1
119364,"{'market_cap_large': 37.5637, 'market_cap_mid': 17.852, 'market_cap_others': 7.9428, 'market_cap_small': 36.6416}",0.0,"{'avg_maturity_days': 0.0, 'avg_maturity_months': 0.0, 'avg_maturity_years': 0.0}","{'modified_maturity_days': 0.0, 'modified_maturity_months': 0.0, 'modified_maturity_years': 0.0}",38.9962,0.52,1
135793,"{'market_cap_large': 58.2981, 'market_cap_mid': 14.6547, 'market_cap_others': 4.5349, 'market_cap_small': 22.5123}",0.0,"{'avg_maturity_days': 0.0, 'avg_maturity_months': 0.0, 'avg_maturity_years': 0.0}","{'modified_maturity_days': 0.0, 'modified_maturity_months': 0.0, 'modified_maturity_years': 0.0}",24.573,0.2193,1
147346,"{'market_cap_large': 49.7354, 'market_cap_mid': 18.9543, 'market_cap_others': 9.8163, 'market_cap_small': 21.4939}",0.0,"{'avg_maturity_days': 0.0, 'avg_maturity_months': 0.0, 'avg_maturity_years': 0.0}","{'modified_maturity_days': 0.0, 'modified_maturity_months': 0.0, 'modified_maturity_years': 0.0}",41.5532,0.56,1
147704,"{'market_cap_large': 36.2387, 'market_cap_mid': 37.8244, 'market_cap_others': 4.3379, 'market_cap_small': 21.5989}",0.0,"{'avg_maturity_days': 0.0, 'avg_maturity_months': 0.0, 'avg_maturity_years': 0.0}","{'modified_maturity_days': 0.0, 'modified_maturity_months': 0.0, 'modified_maturity_years': 0.0}",66.1769,0.41,1
153350,"{'market_cap_large': 89.0615, 'market_cap_mid': 9.7538, 'market_cap_others': 1.1847, 'market_cap_small': 0.0}",0.0,"{'avg_maturity_days': 0.0, 'avg_maturity_months': 0.0, 'avg_maturity_years': 0.0}","{'modified_maturity_days': 0.0, 'modified_maturity_months': 0.0, 'modified_maturity_years': 0.0}",45.366,0.0,1
118424,"{'market_cap_large': 74.5662, 'market_cap_mid': 11.9, 'market_cap_others': 4.7474, 'market_cap_small': 8.7864}",0.0,"{'avg_maturity_days': 0.0, 'avg_maturity_months': 0.0, 'avg_maturity_years': 0.0}","{'modified_maturity_days': 0.0, 'modified_maturity_months': 0.0, 'modified_maturity_years': 0.0}",39.7983,1.37,1
150892,"{'market_cap_large': 0.148, 'market_cap_mid': 1.7987, 'market_cap_others': 0.0815, 'market_cap_small': 97.9718}",0.0,"{'avg_maturity_days': 0.0, 'avg_maturity_months': 0.0, 'avg_maturity_years': 0.0}","{'modified_maturity_days': 0.0, 'modified_maturity_months': 0.0, 'modified_maturity_years': 0.0}",41.764,0.42,1
118589,"{'market_cap_large': 68.2195, 'market_cap_mid': 16.9365, 'market_cap_others': 1.8822, 'market_cap_small': 12.9619}",0.0,"{'avg_maturity_days': 0.0, 'avg_maturity_months': 0.0, 'avg_maturity_years': 0.0}","{'modified_maturity_days': 0.0, 'modified_maturity_months': 0.0, 'modified_maturity_years': 0.0}",27.2014,0.2,1
152408,"{'market_cap_large': 51.557, 'market_cap_mid': 39.0584, 'market_cap_others': 3.3706, 'market_cap_small': 6.0141}",0.0,"{'avg_maturity_days': 0.0, 'avg_maturity_months': 0.0, 'avg_maturity_years': 0.0}","{'modified_maturity_days': 0.0, 'modified_maturity_months': 0.0, 'modified_maturity_years': 0.0}",48.712,0.88,1
151750,"{'market_cap_large': 46.1409, 'market_cap_mid': 14.5222, 'market_cap_others': 4.7373, 'market_cap_small': 34.5997}",0.0,"{'avg_maturity_days': 0.0, 'avg_maturity_months': 0.0, 'avg_maturity_years': 0.0}","{'modified_maturity_days': 0.0, 'modified_maturity_months': 0.0, 'modified_maturity_years': 0.0}",55.4032,0.0927,1
149107,"{'market_cap_large': 95.3516, 'market_cap_mid': 4.6037, 'market_cap_others': 0.0447, 'market_cap_small': 0.0}",0.0,"{'avg_maturity_days': 0.0, 'avg_maturity_months': 0.0, 'avg_maturity_years': 0.0}","{'modified_maturity_days': 0.0, 'modified_maturity_months': 0.0, 'modified_maturity_years': 0.0}",38.3763,0.2856,1
120586,"{'market_cap_large': 84.3267, 'market_cap_mid': 5.8605, 'market_cap_others': 9.6611, 'market_cap_small': 0.1517}",0.0,"{'avg_maturity_days': 0.0, 'avg_maturity_months': 0.0, 'avg_maturity_years': 0.0}","{'modified_maturity_days': 0.0, 'modified_maturity_months': 0.0, 'modified_maturity_years': 0.0}",31.7272,0.16,1
152972,"{'market_cap_large': 98.8558, 'market_cap_mid': 1.1432, 'market_cap_others': 0.0011, 'market_cap_small': 0.0}",0.0,"{'avg_maturity_days': 0.0, 'avg_maturity_months': 0.0, 'avg_maturity_years': 0.0}","{'modified_maturity_days': 0.0, 'modified_maturity_months': 0.0, 'modified_maturity_years': 0.0}",30.2668,0.0,1
153196,"{'market_cap_large': 21.2232, 'market_cap_mid': 5.515, 'market_cap_others': 6.8233, 'market_cap_small': 66.4385}",0.0,"{'avg_maturity_days': 0.0, 'avg_maturity_months': 0.0, 'avg_maturity_years': 0.0}","{'modified_maturity_days': 0.0, 'modified_maturity_months': 0.0, 'modified_maturity_years': 0.0}",44.5773,0.0,1
148947,"{'market_cap_large': 53.9262, 'market_cap_mid': 21.4482, 'market_cap_others': 2.5852, 'market_cap_small': 22.0403}",0.0,"{'avg_maturity_days': 0.0, 'avg_maturity_months': 0.0, 'avg_maturity_years': 0.0}","{'modified_maturity_days': 0.0, 'modified_maturity_months': 0.0, 'modified_maturity_years': 0.0}",33.6016,0.2646,1
152202,"{'market_cap_large': 59.4663, 'market_cap_mid': 21.8563, 'market_cap_others': 5.1247, 'market_cap_small': 13.5527}",0.0,"{'avg_maturity_days': 0.0, 'avg_maturity_months': 0.0, 'avg_maturity_years': 0.0}","{'modified_maturity_days': 0.0, 'modified_maturity_months': 0.0, 'modified_maturity_years': 0.0}",46.2405,0.53,1
152716,"{'market_cap_large': 69.2715, 'market_cap_mid': 17.9914, 'market_cap_others': -0.3917, 'market_cap_small': 13.1288}",0.0,"{'avg_maturity_days': 0.0, 'avg_maturity_months': 0.0, 'avg_maturity_years': 0.0}","{'modified_maturity_days': 0.0, 'modified_maturity_months': 0.0, 'modified_maturity_years': 0.0}",37.1774,0.0,1
151142,"{'market_cap_large': 45.4979, 'market_cap_mid': 9.7765, 'market_cap_others': 4.0009, 'market_cap_small': 40.7247}",0.0,"{'avg_maturity_days': 0.0, 'avg_maturity_months': 0.0, 'avg_maturity_years': 0.0}","{'modified_maturity_days': 0.0, 'modified_maturity_months': 0.0, 'modified_maturity_years': 0.0}",43.7278,0.17,1
152976,"{'market_cap_large': 50.9078, 'market_cap_mid': 47.3427, 'market_cap_others': 0.2309, 'market_cap_small': 1.5187}",0.0,"{'avg_maturity_days': 0.0, 'avg_maturity_months': 0.0, 'avg_maturity_years': 0.0}","{'modified_maturity_days': 0.0, 'modified_maturity_months': 0.0, 'modified_maturity_years': 0.0}",41.9932,0.0,1
119598,"{'market_cap_large': 80.3386, 'market_cap_mid': 11.4221, 'market_cap_others': 6.7437, 'market_cap_small': 1.4956}",0.0,"{'avg_maturity_days': 0.0, 'avg_maturity_months': 0.0, 'avg_maturity_years': 0.0}","{'modified_maturity_days': 0.0, 'modified_maturity_months': 0.0, 'modified_maturity_years': 0.0}",35.0313,0.64,1
152920,"{'market_cap_large': 27.3835, 'market_cap_mid': 19.9867, 'market_cap_others': 2.7294, 'market_cap_small': 49.9005}",0.0,"{'avg_maturity_days': 0.0, 'avg_maturity_months': 0.0, 'avg_maturity_years': 0.0}","{'modified_maturity_days': 0.0, 'modified_maturity_months': 0.0, 'modified_maturity_years': 0.0}",47.6185,0.0,1
149466,"{'market_cap_large': 89.0274, 'market_cap_mid': 9.7514, 'market_cap_others': 1.2213, 'market_cap_small': 0.0}",0.0,"{'avg_maturity_days': 0.0, 'avg_maturity_months': 0.0, 'avg_maturity_years': 0.0}","{'modified_maturity_days': 0.0, 'modified_maturity_months': 0.0, 'modified_maturity_years': 0.0}",45.3743,0.0,1
118525,"{'market_cap_large': 6.5706, 'market_cap_mid': 9.1872, 'market_cap_others': 7.8396, 'market_cap_small': 76.4026}",0.0,"{'avg_maturity_days': 0.0, 'avg_maturity_months': 0.0, 'avg_maturity_years': 0.0}","{'modified_maturity_days': 0.0, 'modified_maturity_months': 0.0, 'modified_maturity_years': 0.0}",44.5024,0.2241,1
120751,"{'market_cap_large': 68.6591, 'market_cap_mid': 16.4208, 'market_cap_others': 0.5672, 'market_cap_small': 14.3529}",0.0,"{'avg_maturity_days': 0.0, 'avg_maturity_months': 0.0, 'avg_maturity_years': 0.0}","{'modified_maturity_days': 0.0, 'modified_maturity_months': 0.0, 'modified_maturity_years': 0.0}",27.6713,0.27,1
148474,"{'market_cap_large': 45.1291, 'market_cap_mid': 39.442, 'market_cap_others': 4.9181, 'market_cap_small': 10.5109}",0.0,"{'avg_maturity_days': 0.0, 'avg_maturity_months': 0.0, 'avg_maturity_years': 0.0}","{'modified_maturity_days': 0.0, 'modified_maturity_months': 0.0, 'modified_maturity_years': 0.0}",48.7917,0.81,1
150212,"{'market_cap_large': 6.816, 'market_cap_mid': 76.7358, 'market_cap_others': 5.9472, 'market_cap_small': 10.501}",0.0,"{'avg_maturity_days': 0.0, 'avg_maturity_months': 0.0, 'avg_maturity_years': 0.0}","{'modified_maturity_days': 0.0, 'modified_maturity_months': 0.0, 'modified_maturity_years': 0.0}",57.8775,0.93,1
148564,"{'market_cap_large': 56.8116, 'market_cap_mid': 11.7633, 'market_cap_others': 14.5497, 'market_cap_small': 16.8754}",0.0,"{'avg_maturity_days': 0.0, 'avg_maturity_months': 0.0, 'avg_maturity_years': 0.0}","{'modified_maturity_days': 0.0, 'modified_maturity_months': 0.0, 'modified_maturity_years': 0.0}",41.259,3.92,1
153090,"{'market_cap_large': 59.5608, 'market_cap_mid': 7.2579, 'market_cap_others': 33.1813, 'market_cap_small': 0.0}",0.0,"{'avg_maturity_days': 0.0, 'avg_maturity_months': 0.0, 'avg_maturity_years': 0.0}","{'modified_maturity_days': 0.0, 'modified_maturity_months': 0.0, 'modified_maturity_years': 0.0}",26.197,0.0,1
119489,"{'market_cap_large': 56.624, 'market_cap_mid': 25.8715, 'market_cap_others': 8.4423, 'market_cap_small': 9.0622}",0.0,"{'avg_maturity_days': 0.0, 'avg_maturity_months': 0.0, 'avg_maturity_years': 0.0}","{'modified_maturity_days': 0.0, 'modified_maturity_months': 0.0, 'modified_maturity_years': 0.0}",37.571,0.53,1
153309,"{'market_cap_large': 42.7699, 'market_cap_mid': 29.4925, 'market_cap_others': 2.9672, 'market_cap_small': 24.7705}",0.0,"{'avg_maturity_days': 0.0, 'avg_maturity_months': 0.0, 'avg_maturity_years': 0.0}","{'modified_maturity_days': 0.0, 'modified_maturity_months': 0.0, 'modified_maturity_years': 0.0}",40.9869,0.0,1
152370,"{'market_cap_large': 95.4906, 'market_cap_mid': 4.6104, 'market_cap_others': -0.1011, 'market_cap_small': 0.0}",0.0,"{'avg_maturity_days': 0.0, 'avg_maturity_months': 0.0, 'avg_maturity_years': 0.0}","{'modified_maturity_days': 0.0, 'modified_maturity_months': 0.0, 'modified_maturity_years': 0.0}",38.3763,0.37,1
141925,"{'market_cap_large': 64.7504, 'market_cap_mid': 15.6642, 'market_cap_others': 9.2921, 'market_cap_small': 10.2934}",0.0,"{'avg_maturity_days': 0.0, 'avg_maturity_months': 0.0, 'avg_maturity_years': 0.0}","{'modified_maturity_days': 0.0, 'modified_maturity_months': 0.0, 'modified_maturity_years': 0.0}",48.1915,0.2,1
119566,"{'market_cap_large': 50.9264, 'market_cap_mid': 35.3309, 'market_cap_others': 4.5469, 'market_cap_small': 9.1958}",0.0,"{'avg_maturity_days': 0.0, 'avg_maturity_months': 0.0, 'avg_maturity_years': 0.0}","{'modified_maturity_days': 0.0, 'modified_maturity_months': 0.0, 'modified_maturity_years': 0.0}",46.3062,0.385,1
120270,"{'market_cap_large': 62.2196, 'market_cap_mid': 14.2413, 'market_cap_others': 6.1303, 'market_cap_small': 17.4087}",0.0,"{'avg_maturity_days': 0.0, 'avg_maturity_months': 0.0, 'avg_maturity_years': 0.0}","{'modified_maturity_days': 0.0, 'modified_maturity_months': 0.0, 'modified_maturity_years': 0.0}",38.2929,0.08,1
133386,"{'market_cap_large': 28.3448, 'market_cap_mid': 38.3324, 'market_cap_others': 4.9391, 'market_cap_small': 28.3837}",0.0,"{'avg_maturity_days': 0.0, 'avg_maturity_months': 0.0, 'avg_maturity_years': 0.0}","{'modified_maturity_days': 0.0, 'modified_maturity_months': 0.0, 'modified_maturity_years': 0.0}",66.4933,0.5,1
118585,"{'market_cap_large': 46.4819, 'market_cap_mid': 17.1688, 'market_cap_others': 31.3663, 'market_cap_small': 4.983}",0.0,"{'avg_maturity_days': 0.0, 'avg_maturity_months': 0.0, 'avg_maturity_years': 0.0}","{'modified_maturity_days': 0.0, 'modified_maturity_months': 0.0, 'modified_maturity_years': 0.0}",37.2056,12.78,1
152219,"{'market_cap_large': 49.5356, 'market_cap_mid': 17.9414, 'market_cap_others': 6.4077, 'market_cap_small': 26.1153}",0.0,"{'avg_maturity_days': 0.0, 'avg_maturity_months': 0.0, 'avg_maturity_years': 0.0}","{'modified_maturity_days': 0.0, 'modified_maturity_months': 0.0, 'modified_maturity_years': 0.0}",0.0,0.87,1
119065,"{'market_cap_large': 99.4024, 'market_cap_mid': 0.5898, 'market_cap_others': 0.0078, 'market_cap_small': 0.0}",0.0,"{'avg_maturity_days': 0.0, 'avg_maturity_months': 0.0, 'avg_maturity_years': 0.0}","{'modified_maturity_days': 0.0, 'modified_maturity_months': 0.0, 'modified_maturity_years': 0.0}",27.0039,0.0811,1
149166,"{'market_cap_large': 63.9413, 'market_cap_mid': 12.3517, 'market_cap_others': 4.956, 'market_cap_small': 18.7509}",0.0,"{'avg_maturity_days': 0.0, 'avg_maturity_months': 0.0, 'avg_maturity_years': 0.0}","{'modified_maturity_days': 0.0, 'modified_maturity_months': 0.0, 'modified_maturity_years': 0.0}",36.2872,0.5,1
151814,"{'market_cap_large': 0.0, 'market_cap_mid': 0.0, 'market_cap_others': 0.2641, 'market_cap_small': 99.7359}",0.0,"{'avg_maturity_days': 0.0, 'avg_maturity_months': 0.0, 'avg_maturity_years': 0.0}","{'modified_maturity_days': 0.0, 'modified_maturity_months': 0.0, 'modified_maturity_years': 0.0}",42.4868,0.73,1
118868,"{'market_cap_large': 80.7646, 'market_cap_mid': 11.233, 'market_cap_others': 2.5059, 'market_cap_small': 5.4966}",0.0,"{'avg_maturity_days': 0.0, 'avg_maturity_months': 0.0, 'avg_maturity_years': 0.0}","{'modified_maturity_days': 0.0, 'modified_maturity_months': 0.0, 'modified_maturity_years': 0.0}",19.6413,0.28,1
151122,"{'market_cap_large': 42.8935, 'market_cap_mid': 20.5463, 'market_cap_others': 23.5218, 'market_cap_small': 13.0384}",0.0,"{'avg_maturity_days': 0.0, 'avg_maturity_months': 0.0, 'avg_maturity_years': 0.0}","{'modified_maturity_days': 0.0, 'modified_maturity_months': 0.0, 'modified_maturity_years': 0.0}",52.3691,0.71,1
120684,"{'market_cap_large': 89.2437, 'market_cap_mid': 9.7758, 'market_cap_others': 0.9805, 'market_cap_small': 0.0}",0.0,"{'avg_maturity_days': 0.0, 'avg_maturity_months': 0.0, 'avg_maturity_years': 0.0}","{'modified_maturity_days': 0.0, 'modified_maturity_months': 0.0, 'modified_maturity_years': 0.0}",45.3537,0.66,1
148990,"{'market_cap_large': 65.8341, 'market_cap_mid': 7.9199, 'market_cap_others': 4.0915, 'market_cap_small': 22.1545}",0.0,"{'avg_maturity_days': 0.0, 'avg_maturity_months': 0.0, 'avg_maturity_years': 0.0}","{'modified_maturity_days': 0.0, 'modified_maturity_months': 0.0, 'modified_maturity_years': 0.0}",43.6514,0.39,1
118883,"{'market_cap_large': 60.1667, 'market_cap_mid': 12.343, 'market_cap_others': 9.8028, 'market_cap_small': 17.6875}",0.0,"{'avg_maturity_days': 0.0, 'avg_maturity_months': 0.0, 'avg_maturity_years': 0.0}","{'modified_maturity_days': 0.0, 'modified_maturity_months': 0.0, 'modified_maturity_years': 0.0}",27.8879,0.65,1
120503,"{'market_cap_large': 72.0011, 'market_cap_mid': 20.5183, 'market_cap_others': 4.9268, 'market_cap_small': 2.5538}",0.0,"{'avg_maturity_days': 0.0, 'avg_maturity_months': 0.0, 'avg_maturity_years': 0.0}","{'modified_maturity_days': 0.0, 'modified_maturity_months': 0.0, 'modified_maturity_years': 0.0}",45.1331,0.47,1
152614,"{'market_cap_large': 0.0, 'market_cap_mid': 7.2858, 'market_cap_others': 4.812, 'market_cap_small': 87.9022}",0.0,"{'avg_maturity_days': 0.0, 'avg_maturity_months': 0.0, 'avg_maturity_years': 0.0}","{'modified_maturity_days': 0.0, 'modified_maturity_months': 0.0, 'modified_maturity_years': 0.0}",39.6587,0.0,1
151649,"{'market_cap_large': 0.0, 'market_cap_mid': 2.5548, 'market_cap_others': -0.1002, 'market_cap_small': 97.5454}",0.0,"{'avg_maturity_days': 0.0, 'avg_maturity_months': 0.0, 'avg_maturity_years': 0.0}","{'modified_maturity_days': 0.0, 'modified_maturity_months': 0.0, 'modified_maturity_years': 0.0}",49.1007,0.8215,1
118421,"{'market_cap_large': 55.1631, 'market_cap_mid': 21.2827, 'market_cap_others': 11.0211, 'market_cap_small': 12.5331}",0.0,"{'avg_maturity_days': 0.0, 'avg_maturity_months': 0.0, 'avg_maturity_years': 0.0}","{'modified_maturity_days': 0.0, 'modified_maturity_months': 0.0, 'modified_maturity_years': 0.0}",41.2658,0.85,1
148516,"{'market_cap_large': 69.6305, 'market_cap_mid': 4.2443, 'market_cap_others': 8.2267, 'market_cap_small': 17.8986}",0.0,"{'avg_maturity_days': 0.0, 'avg_maturity_months': 0.0, 'avg_maturity_years': 0.0}","{'modified_maturity_days': 0.0, 'modified_maturity_months': 0.0, 'modified_maturity_years': 0.0}",40.4468,0.22,1
152767,"{'market_cap_large': 7.0288, 'market_cap_mid': 93.0129, 'market_cap_others': -0.0417, 'market_cap_small': 0.0}",0.0,"{'avg_maturity_days': 0.0, 'avg_maturity_months': 0.0, 'avg_maturity_years': 0.0}","{'modified_maturity_days': 0.0, 'modified_maturity_months': 0.0, 'modified_maturity_years': 0.0}",50.0563,0.5804,1
119514,"{'market_cap_large': 45.6492, 'market_cap_mid': 16.0653, 'market_cap_others': 5.1212, 'market_cap_small': 33.1643}",0.0,"{'avg_maturity_days': 0.0, 'avg_maturity_months': 0.0, 'avg_maturity_years': 0.0}","{'modified_maturity_days': 0.0, 'modified_maturity_months': 0.0, 'modified_maturity_years': 0.0}",42.1424,0.51,1
141841,"{'market_cap_large': 99.3615, 'market_cap_mid': 0.5896, 'market_cap_others': 0.0489, 'market_cap_small': 0.0}",0.0,"{'avg_maturity_days': 0.0, 'avg_maturity_months': 0.0, 'avg_maturity_years': 0.0}","{'modified_maturity_days': 0.0, 'modified_maturity_months': 0.0, 'modified_maturity_years': 0.0}",27.0037,0.13,1
153362,"{'market_cap_large': 0.0, 'market_cap_mid': 12.8921, 'market_cap_others': 0.6733, 'market_cap_small': 86.4347}",0.0,"{'avg_maturity_days': 0.0, 'avg_maturity_months': 0.0, 'avg_maturity_years': 0.0}","{'modified_maturity_days': 0.0, 'modified_maturity_months': 0.0, 'modified_maturity_years': 0.0}",43.461,0.18,1
149838,"{'market_cap_large': 89.275, 'market_cap_mid': 9.7792, 'market_cap_others': 0.9458, 'market_cap_small': 0.0}",0.0,"{'avg_maturity_days': 0.0, 'avg_maturity_months': 0.0, 'avg_maturity_years': 0.0}","{'modified_maturity_days': 0.0, 'modified_maturity_months': 0.0, 'modified_maturity_years': 0.0}",45.3533,0.0,1
120357,"{'market_cap_large': 32.8735, 'market_cap_mid': 45.9862, 'market_cap_others': 3.3089, 'market_cap_small': 17.8314}",0.0,"{'avg_maturity_days': 0.0, 'avg_maturity_months': 0.0, 'avg_maturity_years': 0.0}","{'modified_maturity_days': 0.0, 'modified_maturity_months': 0.0, 'modified_maturity_years': 0.0}",63.6442,0.52,1
148993,"{'market_cap_large': 61.3839, 'market_cap_mid': 28.6154, 'market_cap_others': 2.611, 'market_cap_small': 7.3896}",0.0,"{'avg_maturity_days': 0.0, 'avg_maturity_months': 0.0, 'avg_maturity_years': 0.0}","{'modified_maturity_days': 0.0, 'modified_maturity_months': 0.0, 'modified_maturity_years': 0.0}",36.7067,1.4,1
148751,"{'market_cap_large': 68.5828, 'market_cap_mid': 16.9946, 'market_cap_others': 1.2213, 'market_cap_small': 13.2013}",0.0,"{'avg_maturity_days': 0.0, 'avg_maturity_months': 0.0, 'avg_maturity_years': 0.0}","{'modified_maturity_days': 0.0, 'modified_maturity_months': 0.0, 'modified_maturity_years': 0.0}",39.2611,0.56,1
149919,"{'market_cap_large': 74.6074, 'market_cap_mid': 22.6558, 'market_cap_others': -0.0513, 'market_cap_small': 2.7882}",0.0,"{'avg_maturity_days': 0.0, 'avg_maturity_months': 0.0, 'avg_maturity_years': 0.0}","{'modified_maturity_days': 0.0, 'modified_maturity_months': 0.0, 'modified_maturity_years': 0.0}",46.6326,0.82,1
119578,"{'market_cap_large': 84.2925, 'market_cap_mid': 11.0533, 'market_cap_others': 4.6542, 'market_cap_small': 0.0}",0.0,"{'avg_maturity_days': 0.0, 'avg_maturity_months': 0.0, 'avg_maturity_years': 0.0}","{'modified_maturity_days': 0.0, 'modified_maturity_months': 0.0, 'modified_maturity_years': 0.0}",35.2648,0.43,1
150187,"{'market_cap_large': 82.7656, 'market_cap_mid': 10.3193, 'market_cap_others': 6.915, 'market_cap_small': 0.0}",0.0,"{'avg_maturity_days': 0.0, 'avg_maturity_months': 0.0, 'avg_maturity_years': 0.0}","{'modified_maturity_days': 0.0, 'modified_maturity_months': 0.0, 'modified_maturity_years': 0.0}",36.2555,0.67,1
118778,"{'market_cap_large': 12.6266, 'market_cap_mid': 14.2416, 'market_cap_others': 5.3398, 'market_cap_small': 67.792}",0.0,"{'avg_maturity_days': 0.0, 'avg_maturity_months': 0.0, 'avg_maturity_years': 0.0}","{'modified_maturity_days': 0.0, 'modified_maturity_months': 0.0, 'modified_maturity_years': 0.0}",45.5723,0.16,1
120285,"{'market_cap_large': 29.1184, 'market_cap_mid': 9.9661, 'market_cap_others': 14.9784, 'market_cap_small': 45.937}",0.0,"{'avg_maturity_days': 0.0, 'avg_maturity_months': 0.0, 'avg_maturity_years': 0.0}","{'modified_maturity_days': 0.0, 'modified_maturity_months': 0.0, 'modified_maturity_years': 0.0}",0.0,1.14,1
152389,"{'market_cap_large': 83.7823, 'market_cap_mid': 16.1689, 'market_cap_others': 0.0488, 'market_cap_small': 0.0}",0.0,"{'avg_maturity_days': 0.0, 'avg_maturity_months': 0.0, 'avg_maturity_years': 0.0}","{'modified_maturity_days': 0.0, 'modified_maturity_months': 0.0, 'modified_maturity_years': 0.0}",17.2069,0.3,1
130498,"{'market_cap_large': 48.2448, 'market_cap_mid': 35.7129, 'market_cap_others': 2.0424, 'market_cap_small': 13.9999}",0.0,"{'avg_maturity_days': 0.0, 'avg_maturity_months': 0.0, 'avg_maturity_years': 0.0}","{'modified_maturity_days': 0.0, 'modified_maturity_months': 0.0, 'modified_maturity_years': 0.0}",38.3483,0.0385,1
152731,"{'market_cap_large': 71.7205, 'market_cap_mid': 18.4818, 'market_cap_others': 0.093, 'market_cap_small': 9.7047}",0.0,"{'avg_maturity_days': 0.0, 'avg_maturity_months': 0.0, 'avg_maturity_years': 0.0}","{'modified_maturity_days': 0.0, 'modified_maturity_months': 0.0, 'modified_maturity_years': 0.0}",36.9604,0.0,1
148962,"{'market_cap_large': 95.1322, 'market_cap_mid': 4.5931, 'market_cap_others': 0.2747, 'market_cap_small': 0.0}",0.0,"{'avg_maturity_days': 0.0, 'avg_maturity_months': 0.0, 'avg_maturity_years': 0.0}","{'modified_maturity_days': 0.0, 'modified_maturity_months': 0.0, 'modified_maturity_years': 0.0}",38.3763,0.44,1
119076,"{'market_cap_large': 58.8407, 'market_cap_mid': 19.6272, 'market_cap_others': 5.0774, 'market_cap_small': 16.4546}",0.0,"{'avg_maturity_days': 0.0, 'avg_maturity_months': 0.0, 'avg_maturity_years': 0.0}","{'modified_maturity_days': 0.0, 'modified_maturity_months': 0.0, 'modified_maturity_years': 0.0}",38.8392,0.22,1
151130,"{'market_cap_large': 2.1644, 'market_cap_mid': 20.8507, 'market_cap_others': 3.8883, 'market_cap_small': 73.0966}",0.0,"{'avg_maturity_days': 0.0, 'avg_maturity_months': 0.0, 'avg_maturity_years': 0.0}","{'modified_maturity_days': 0.0, 'modified_maturity_months': 0.0, 'modified_maturity_years': 0.0}",46.6478,0.32,1
152863,"{'market_cap_large': 42.6048, 'market_cap_mid': 42.0946, 'market_cap_others': 2.6773, 'market_cap_small': 12.6233}",0.0,"{'avg_maturity_days': 0.0, 'avg_maturity_months': 0.0, 'avg_maturity_years': 0.0}","{'modified_maturity_days': 0.0, 'modified_maturity_months': 0.0, 'modified_maturity_years': 0.0}",59.5288,0.02,1
120726,"{'market_cap_large': 9.4683, 'market_cap_mid': 65.6514, 'market_cap_others': 4.0959, 'market_cap_small': 20.7843}",0.0,"{'avg_maturity_days': 0.0, 'avg_maturity_months': 0.0, 'avg_maturity_years': 0.0}","{'modified_maturity_days': 0.0, 'modified_maturity_months': 0.0, 'modified_maturity_years': 0.0}",53.2483,0.37,1
152756,"{'market_cap_large': 39.9809, 'market_cap_mid': 32.0468, 'market_cap_others': 1.2905, 'market_cap_small': 26.6818}",0.0,"{'avg_maturity_days': 0.0, 'avg_maturity_months': 0.0, 'avg_maturity_years': 0.0}","{'modified_maturity_days': 0.0, 'modified_maturity_months': 0.0, 'modified_maturity_years': 0.0}",56.8281,0.16,1
141877,"{'market_cap_large': 95.3985, 'market_cap_mid': 4.606, 'market_cap_others': -0.0045, 'market_cap_small': 0.0}",0.0,"{'avg_maturity_days': 0.0, 'avg_maturity_months': 0.0, 'avg_maturity_years': 0.0}","{'modified_maturity_days': 0.0, 'modified_maturity_months': 0.0, 'modified_maturity_years': 0.0}",38.3764,0.31,1
153272,"{'market_cap_large': 8.9781, 'market_cap_mid': 68.1499, 'market_cap_others': 0.1824, 'market_cap_small': 22.6897}",0.0,"{'avg_maturity_days': 0.0, 'avg_maturity_months': 0.0, 'avg_maturity_years': 0.0}","{'modified_maturity_days': 0.0, 'modified_maturity_months': 0.0, 'modified_maturity_years': 0.0}",50.6887,0.1061,1
150584,"{'market_cap_large': 7.4107, 'market_cap_mid': 62.4029, 'market_cap_others': 16.697, 'market_cap_small': 13.4894}",0.0,"{'avg_maturity_days': 0.0, 'avg_maturity_months': 0.0, 'avg_maturity_years': 0.0}","{'modified_maturity_days': 0.0, 'modified_maturity_months': 0.0, 'modified_maturity_years': 0.0}",61.6186,2.32,1
120539,"{'market_cap_large': 63.2682, 'market_cap_mid': 9.8137, 'market_cap_others': 7.8359, 'market_cap_small': 19.0822}",0.0,"{'avg_maturity_days': 0.0, 'avg_maturity_months': 0.0, 'avg_maturity_years': 0.0}","{'modified_maturity_days': 0.0, 'modified_maturity_months': 0.0, 'modified_maturity_years': 0.0}",29.729,0.38,1
151713,"{'market_cap_large': 55.3626, 'market_cap_mid': 5.0461, 'market_cap_others': 34.9196, 'market_cap_small': 4.6716}",0.0,"{'avg_maturity_days': 0.0, 'avg_maturity_months': 0.0, 'avg_maturity_years': 0.0}","{'modified_maturity_days': 0.0, 'modified_maturity_months': 0.0, 'modified_maturity_years': 0.0}",53.6042,2.9,1
152059,"{'market_cap_large': 61.9513, 'market_cap_mid': 11.9543, 'market_cap_others': 6.8526, 'market_cap_small': 19.2417}",0.0,"{'avg_maturity_days': 0.0, 'avg_maturity_months': 0.0, 'avg_maturity_years': 0.0}","{'modified_maturity_days': 0.0, 'modified_maturity_months': 0.0, 'modified_maturity_years': 0.0}",35.6976,0.0545,1
119307,"{'market_cap_large': 61.8605, 'market_cap_mid': 18.6606, 'market_cap_others': 5.3697, 'market_cap_small': 14.1091}",0.0,"{'avg_maturity_days': 0.0, 'avg_maturity_months': 0.0, 'avg_maturity_years': 0.0}","{'modified_maturity_days': 0.0, 'modified_maturity_months': 0.0, 'modified_maturity_years': 0.0}",41.2837,0.9,1
152936,"{'market_cap_large': 76.813, 'market_cap_mid': 22.5479, 'market_cap_others': 0.0656, 'market_cap_small': 0.5735}",0.0,"{'avg_maturity_days': 0.0, 'avg_maturity_months': 0.0, 'avg_maturity_years': 0.0}","{'modified_maturity_days': 0.0, 'modified_maturity_months': 0.0, 'modified_maturity_years': 0.0}",15.5992,0.15,1
153023,"{'market_cap_large': 0.0, 'market_cap_mid': 66.2027, 'market_cap_others': -0.1104, 'market_cap_small': 33.9077}",0.0,"{'avg_maturity_days': 0.0, 'avg_maturity_months': 0.0, 'avg_maturity_years': 0.0}","{'modified_maturity_days': 0.0, 'modified_maturity_months': 0.0, 'modified_maturity_years': 0.0}",55.1688,0.11,1
153250,"{'market_cap_large': 84.0854, 'market_cap_mid': 16.2276, 'market_cap_others': -0.3129, 'market_cap_small': 0.0}",0.0,"{'avg_maturity_days': 0.0, 'avg_maturity_months': 0.0, 'avg_maturity_years': 0.0}","{'modified_maturity_days': 0.0, 'modified_maturity_months': 0.0, 'modified_maturity_years': 0.0}",17.2069,0.05,1
133710,"{'market_cap_large': 42.9706, 'market_cap_mid': 36.3804, 'market_cap_others': 4.5664, 'market_cap_small': 16.0825}",0.0,"{'avg_maturity_days': 0.0, 'avg_maturity_months': 0.0, 'avg_maturity_years': 0.0}","{'modified_maturity_days': 0.0, 'modified_maturity_months': 0.0, 'modified_maturity_years': 0.0}",43.655,0.45,1
150636,"{'market_cap_large': 96.4872, 'market_cap_mid': 3.4864, 'market_cap_others': 0.0264, 'market_cap_small': 0.0}",0.0,"{'avg_maturity_days': 0.0, 'avg_maturity_months': 0.0, 'avg_maturity_years': 0.0}","{'modified_maturity_days': 0.0, 'modified_maturity_months': 0.0, 'modified_maturity_years': 0.0}",41.3856,0.49,1
151129,"{'market_cap_large': 48.0166, 'market_cap_mid': 9.4944, 'market_cap_others': 33.6738, 'market_cap_small': 8.8152}",0.0,"{'avg_maturity_days': 0.0, 'avg_maturity_months': 0.0, 'avg_maturity_years': 0.0}","{'modified_maturity_days': 0.0, 'modified_maturity_months': 0.0, 'modified_maturity_years': 0.0}",38.0826,3.53,1
119727,"{'market_cap_large': 39.3997, 'market_cap_mid': 30.037, 'market_cap_others': 22.9429, 'market_cap_small': 7.6204}",0.0,"{'avg_maturity_days': 0.0, 'avg_maturity_months': 0.0, 'avg_maturity_years': 0.0}","{'modified_maturity_days': 0.0, 'modified_maturity_months': 0.0, 'modified_maturity_years': 0.0}",51.1954,0.45,1
152864,"{'market_cap_large': 78.8977, 'market_cap_mid': 16.8013, 'market_cap_others': 1.8683, 'market_cap_small': 2.4328}",0.0,"{'avg_maturity_days': 0.0, 'avg_maturity_months': 0.0, 'avg_maturity_years': 0.0}","{'modified_maturity_days': 0.0, 'modified_maturity_months': 0.0, 'modified_maturity_years': 0.0}",18.1671,0.3132,1
149185,"{'market_cap_large': 45.8196, 'market_cap_mid': 26.5058, 'market_cap_others': 2.0733, 'market_cap_small': 25.6013}",0.0,"{'avg_maturity_days': 0.0, 'avg_maturity_months': 0.0, 'avg_maturity_years': 0.0}","{'modified_maturity_days': 0.0, 'modified_maturity_months': 0.0, 'modified_maturity_years': 0.0}",29.3612,0.4283,1
153225,"{'market_cap_large': 61.2822, 'market_cap_mid': 23.0925, 'market_cap_others': 7.78, 'market_cap_small': 7.8454}",0.0,"{'avg_maturity_days': 0.0, 'avg_maturity_months': 0.0, 'avg_maturity_years': 0.0}","{'modified_maturity_days': 0.0, 'modified_maturity_months': 0.0, 'modified_maturity_years': 0.0}",37.3311,0.16,1
145678,"{'market_cap_large': 4.3593, 'market_cap_mid': 13.3699, 'market_cap_others': 7.6954, 'market_cap_small': 74.5753}",0.0,"{'avg_maturity_days': 0.0, 'avg_maturity_months': 0.0, 'avg_maturity_years': 0.0}","{'modified_maturity_days': 0.0, 'modified_maturity_months': 0.0, 'modified_maturity_years': 0.0}",54.7342,0.48,1
149832,"{'market_cap_large': 97.2687, 'market_cap_mid': 2.6122, 'market_cap_others': 0.1191, 'market_cap_small': 0.0}",0.0,"{'avg_maturity_days': 0.0, 'avg_maturity_months': 0.0, 'avg_maturity_years': 0.0}","{'modified_maturity_days': 0.0, 'modified_maturity_months': 0.0, 'modified_maturity_years': 0.0}",32.8732,0.09,1
120722,"{'market_cap_large': 78.1615, 'market_cap_mid': 15.9237, 'market_cap_others': 4.5422, 'market_cap_small': 1.3726}",0.0,"{'avg_maturity_days': 0.0, 'avg_maturity_months': 0.0, 'avg_maturity_years': 0.0}","{'modified_maturity_days': 0.0, 'modified_maturity_months': 0.0, 'modified_maturity_years': 0.0}",43.9307,0.91,1
118537,"{'market_cap_large': 63.1615, 'market_cap_mid': 7.9146, 'market_cap_others': 16.2558, 'market_cap_small': 12.6681}",0.0,"{'avg_maturity_days': 0.0, 'avg_maturity_months': 0.0, 'avg_maturity_years': 0.0}","{'modified_maturity_days': 0.0, 'modified_maturity_months': 0.0, 'modified_maturity_years': 0.0}",40.3897,0.5709,1
148637,"{'market_cap_large': 67.2471, 'market_cap_mid': 19.6529, 'market_cap_others': 4.3237, 'market_cap_small': 8.7763}",0.0,"{'avg_maturity_days': 0.0, 'avg_maturity_months': 0.0, 'avg_maturity_years': 0.0}","{'modified_maturity_days': 0.0, 'modified_maturity_months': 0.0, 'modified_maturity_years': 0.0}",37.4521,0.0,1
118668,"{'market_cap_large': 19.837, 'market_cap_mid': 65.9684, 'market_cap_others': 1.8723, 'market_cap_small': 12.3223}",0.0,"{'avg_maturity_days': 0.0, 'avg_maturity_months': 0.0, 'avg_maturity_years': 0.0}","{'modified_maturity_days': 0.0, 'modified_maturity_months': 0.0, 'modified_maturity_years': 0.0}",53.2929,0.13,1
120819,"{'market_cap_large': 64.0687, 'market_cap_mid': 2.8045, 'market_cap_others': 33.1268, 'market_cap_small': 0.0}",0.0,"{'avg_maturity_days': 0.0, 'avg_maturity_months': 0.0, 'avg_maturity_years': 0.0}","{'modified_maturity_days': 0.0, 'modified_maturity_months': 0.0, 'modified_maturity_years': 0.0}",44.9775,1.9,1
152814,"{'market_cap_large': 100.7197, 'market_cap_mid': 0.0, 'market_cap_others': -0.7197, 'market_cap_small': 0.0}",0.0,"{'avg_maturity_days': 0.0, 'avg_maturity_months': 0.0, 'avg_maturity_years': 0.0}","{'modified_maturity_days': 0.0, 'modified_maturity_months': 0.0, 'modified_maturity_years': 0.0}",24.0357,0.26,1
149295,"{'market_cap_large': 56.7466, 'market_cap_mid': 21.0008, 'market_cap_others': 3.5854, 'market_cap_small': 18.6671}",0.0,"{'avg_maturity_days': 0.0, 'avg_maturity_months': 0.0, 'avg_maturity_years': 0.0}","{'modified_maturity_days': 0.0, 'modified_maturity_months': 0.0, 'modified_maturity_years': 0.0}",34.4224,0.0,1
147620,"{'market_cap_large': 83.8762, 'market_cap_mid': 16.1871, 'market_cap_others': -0.0633, 'market_cap_small': 0.0}",0.0,"{'avg_maturity_days': 0.0, 'avg_maturity_months': 0.0, 'avg_maturity_years': 0.0}","{'modified_maturity_days': 0.0, 'modified_maturity_months': 0.0, 'modified_maturity_years': 0.0}",17.2069,0.25,1
132756,"{'market_cap_large': 62.4894, 'market_cap_mid': 9.901, 'market_cap_others': 5.4281, 'market_cap_small': 22.1815}",0.0,"{'avg_maturity_days': 0.0, 'avg_maturity_months': 0.0, 'avg_maturity_years': 0.0}","{'modified_maturity_days': 0.0, 'modified_maturity_months': 0.0, 'modified_maturity_years': 0.0}",32.2803,0.1526,1
147927,"{'market_cap_large': 52.7019, 'market_cap_mid': 16.094, 'market_cap_others': 31.2041, 'market_cap_small': 0.0}",0.97,"{'avg_maturity_days': 0.0, 'avg_maturity_months': 0.0, 'avg_maturity_years': 0.0}","{'modified_maturity_days': 0.0, 'modified_maturity_months': 0.0, 'modified_maturity_years': 0.0}",38.6571,11.35,1
149085,"{'market_cap_large': 65.1058, 'market_cap_mid': 6.4972, 'market_cap_others': 3.6485, 'market_cap_small': 24.7485}",0.0,"{'avg_maturity_days': 0.0, 'avg_maturity_months': 0.0, 'avg_maturity_years': 0.0}","{'modified_maturity_days': 0.0, 'modified_maturity_months': 0.0, 'modified_maturity_years': 0.0}",32.6797,0.38,1
119441,"{'market_cap_large': 47.6544, 'market_cap_mid': 36.98, 'market_cap_others': 6.6313, 'market_cap_small': 8.7343}",0.0,"{'avg_maturity_days': 0.0, 'avg_maturity_months': 0.0, 'avg_maturity_years': 0.0}","{'modified_maturity_days': 0.0, 'modified_maturity_months': 0.0, 'modified_maturity_years': 0.0}",54.5629,0.37,1
148980,"{'market_cap_large': 83.0077, 'market_cap_mid': 6.8801, 'market_cap_others': 1.6369, 'market_cap_small': 8.4753}",0.0,"{'avg_maturity_days': 0.0, 'avg_maturity_months': 0.0, 'avg_maturity_years': 0.0}","{'modified_maturity_days': 0.0, 'modified_maturity_months': 0.0, 'modified_maturity_years': 0.0}",44.7554,0.56,1
129046,"{'market_cap_large': 35.2456, 'market_cap_mid': 28.9668, 'market_cap_others': 33.3366, 'market_cap_small': 2.451}",0.0,"{'avg_maturity_days': 0.0, 'avg_maturity_months': 0.0, 'avg_maturity_years': 0.0}","{'modified_maturity_days': 0.0, 'modified_maturity_months': 0.0, 'modified_maturity_years': 0.0}",64.3445,1.54,1
153214,"{'market_cap_large': 68.3026, 'market_cap_mid': 23.4602, 'market_cap_others': 3.031, 'market_cap_small': 5.2062}",0.0,"{'avg_maturity_days': 0.0, 'avg_maturity_months': 0.0, 'avg_maturity_years': 0.0}","{'modified_maturity_days': 0.0, 'modified_maturity_months': 0.0, 'modified_maturity_years': 0.0}",56.3134,0.0,1
150515,"{'market_cap_large': 67.815, 'market_cap_mid': 28.782, 'market_cap_others': 0.2231, 'market_cap_small': 3.1799}",0.0,"{'avg_maturity_days': 0.0, 'avg_maturity_months': 0.0, 'avg_maturity_years': 0.0}","{'modified_maturity_days': 0.0, 'modified_maturity_months': 0.0, 'modified_maturity_years': 0.0}",44.155,0.6,1
152254,"{'market_cap_large': 63.0397, 'market_cap_mid': 12.0466, 'market_cap_others': 9.3782, 'market_cap_small': 15.5355}",0.0,"{'avg_maturity_days': 0.0, 'avg_maturity_months': 0.0, 'avg_maturity_years': 0.0}","{'modified_maturity_days': 0.0, 'modified_maturity_months': 0.0, 'modified_maturity_years': 0.0}",30.5021,0.95,1
146951,"{'market_cap_large': 65.4672, 'market_cap_mid': 8.2069, 'market_cap_others': 10.5682, 'market_cap_small': 15.7576}",0.0,"{'avg_maturity_days': 0.0, 'avg_maturity_months': 0.0, 'avg_maturity_years': 0.0}","{'modified_maturity_days': 0.0, 'modified_maturity_months': 0.0, 'modified_maturity_years': 0.0}",49.5625,0.96,1
153270,"{'market_cap_large': 69.6957, 'market_cap_mid': 26.9198, 'market_cap_others': 0.9436, 'market_cap_small': 2.441}",0.0,"{'avg_maturity_days': 0.0, 'avg_maturity_months': 0.0, 'avg_maturity_years': 0.0}","{'modified_maturity_days': 0.0, 'modified_maturity_months': 0.0, 'modified_maturity_years': 0.0}",41.4341,0.1166,1
152964,"{'market_cap_large': 12.8717, 'market_cap_mid': 26.0599, 'market_cap_others': 9.006, 'market_cap_small': 52.0624}",0.0,"{'avg_maturity_days': 0.0, 'avg_maturity_months': 0.0, 'avg_maturity_years': 0.0}","{'modified_maturity_days': 0.0, 'modified_maturity_months': 0.0, 'modified_maturity_years': 0.0}",59.4128,0.3,1
138875,"{'market_cap_large': 35.9662, 'market_cap_mid': 28.1336, 'market_cap_others': 35.0674, 'market_cap_small': 0.8328}",0.0,"{'avg_maturity_days': 0.0, 'avg_maturity_months': 0.0, 'avg_maturity_years': 0.0}","{'modified_maturity_days': 0.0, 'modified_maturity_months': 0.0, 'modified_maturity_years': 0.0}",33.2941,1.42,1
149019,"{'market_cap_large': 0.0, 'market_cap_mid': 19.2542, 'market_cap_others': 7.0484, 'market_cap_small': 73.6974}",0.0,"{'avg_maturity_days': 0.0, 'avg_maturity_months': 0.0, 'avg_maturity_years': 0.0}","{'modified_maturity_days': 0.0, 'modified_maturity_months': 0.0, 'modified_maturity_years': 0.0}",57.2488,0.63,1
120482,"{'market_cap_large': 50.1697, 'market_cap_mid': 13.3538, 'market_cap_others': 33.7683, 'market_cap_small': 2.7082}",0.0,"{'avg_maturity_days': 0.0, 'avg_maturity_months': 0.0, 'avg_maturity_years': 0.0}","{'modified_maturity_days': 0.0, 'modified_maturity_months': 0.0, 'modified_maturity_years': 0.0}",31.7822,11.1879,1
152409,"{'market_cap_large': 65.2248, 'market_cap_mid': 23.7863, 'market_cap_others': 3.4799, 'market_cap_small': 7.509}",0.0,"{'avg_maturity_days': 0.0, 'avg_maturity_months': 0.0, 'avg_maturity_years': 0.0}","{'modified_maturity_days': 0.0, 'modified_maturity_months': 0.0, 'modified_maturity_years': 0.0}",45.1419,2.06,1
120834,"{'market_cap_large': 71.5343, 'market_cap_mid': 3.8578, 'market_cap_others': 20.68, 'market_cap_small': 3.928}",0.0,"{'avg_maturity_days': 0.0, 'avg_maturity_months': 0.0, 'avg_maturity_years': 0.0}","{'modified_maturity_days': 0.0, 'modified_maturity_months': 0.0, 'modified_maturity_years': 0.0}",35.8199,4.38,1
119581,"{'market_cap_large': 12.0996, 'market_cap_mid': 65.6805, 'market_cap_others': 8.9209, 'market_cap_small': 13.299}",0.0,"{'avg_maturity_days': 0.0, 'avg_maturity_months': 0.0, 'avg_maturity_years': 0.0}","{'modified_maturity_days': 0.0, 'modified_maturity_months': 0.0, 'modified_maturity_years': 0.0}",55.2092,0.427,1
152941,"{'market_cap_large': 52.9219, 'market_cap_mid': 40.2774, 'market_cap_others': 6.8008, 'market_cap_small': 0.0}",0.0,"{'avg_maturity_days': 0.0, 'avg_maturity_months': 0.0, 'avg_maturity_years': 0.0}","{'modified_maturity_days': 0.0, 'modified_maturity_months': 0.0, 'modified_maturity_years': 0.0}",38.6422,0.3,1
118769,"{'market_cap_large': 79.0695, 'market_cap_mid': 19.422, 'market_cap_others': 1.5085, 'market_cap_small': 0.0}",0.0,"{'avg_maturity_days': 0.0, 'avg_maturity_months': 0.0, 'avg_maturity_years': 0.0}","{'modified_maturity_days': 0.0, 'modified_maturity_months': 0.0, 'modified_maturity_years': 0.0}",33.553,1.08,1
148703,"{'market_cap_large': 63.2485, 'market_cap_mid': 35.5821, 'market_cap_others': 1.1694, 'market_cap_small': 0.0}",0.0,"{'avg_maturity_days': 0.0, 'avg_maturity_months': 0.0, 'avg_maturity_years': 0.0}","{'modified_maturity_days': 0.0, 'modified_maturity_months': 0.0, 'modified_maturity_years': 0.0}",56.1778,1.16,1
145750,"{'market_cap_large': 68.3464, 'market_cap_mid': 23.9225, 'market_cap_others': 3.8545, 'market_cap_small': 3.8766}",0.0,"{'avg_maturity_days': 0.0, 'avg_maturity_months': 0.0, 'avg_maturity_years': 0.0}","{'modified_maturity_days': 0.0, 'modified_maturity_months': 0.0, 'modified_maturity_years': 0.0}",36.8194,0.02,1
150487,"{'market_cap_large': 82.3377, 'market_cap_mid': 16.5228, 'market_cap_others': 1.1395, 'market_cap_small': 0.0}",0.0,"{'avg_maturity_days': 0.0, 'avg_maturity_months': 0.0, 'avg_maturity_years': 0.0}","{'modified_maturity_days': 0.0, 'modified_maturity_months': 0.0, 'modified_maturity_years': 0.0}",45.7869,0.71,1
150716,"{'market_cap_large': 63.5439, 'market_cap_mid': 9.1549, 'market_cap_others': 5.7361, 'market_cap_small': 21.5651}",0.0,"{'avg_maturity_days': 0.0, 'avg_maturity_months': 0.0, 'avg_maturity_years': 0.0}","{'modified_maturity_days': 0.0, 'modified_maturity_months': 0.0, 'modified_maturity_years': 0.0}",26.6514,0.34,1
151881,"{'market_cap_large': 48.2823, 'market_cap_mid': 41.2442, 'market_cap_others': 2.969, 'market_cap_small': 7.5045}",0.0,"{'avg_maturity_days': 0.0, 'avg_maturity_months': 0.0, 'avg_maturity_years': 0.0}","{'modified_maturity_days': 0.0, 'modified_maturity_months': 0.0, 'modified_maturity_years': 0.0}",45.9996,2.0424,1
152793,"{'market_cap_large': 84.0743, 'market_cap_mid': 16.2246, 'market_cap_others': -0.2989, 'market_cap_small': 0.0}",0.0,"{'avg_maturity_days': 0.0, 'avg_maturity_months': 0.0, 'avg_maturity_years': 0.0}","{'modified_maturity_days': 0.0, 'modified_maturity_months': 0.0, 'modified_maturity_years': 0.0}",17.207,0.0,1
152742,"{'market_cap_large': 20.2622, 'market_cap_mid': 56.3072, 'market_cap_others': -0.1293, 'market_cap_small': 23.5599}",0.0,"{'avg_maturity_days': 0.0, 'avg_maturity_months': 0.0, 'avg_maturity_years': 0.0}","{'modified_maturity_days': 0.0, 'modified_maturity_months': 0.0, 'modified_maturity_years': 0.0}",63.8285,0.5042,1
120381,"{'market_cap_large': 14.0916, 'market_cap_mid': 68.4276, 'market_cap_others': 1.3432, 'market_cap_small': 16.1377}",0.0,"{'avg_maturity_days': 0.0, 'avg_maturity_months': 0.0, 'avg_maturity_years': 0.0}","{'modified_maturity_days': 0.0, 'modified_maturity_months': 0.0, 'modified_maturity_years': 0.0}",57.0239,0.6,1
129312,"{'market_cap_large': 77.5144, 'market_cap_mid': 4.9885, 'market_cap_others': 11.0441, 'market_cap_small': 6.453}",0.0,"{'avg_maturity_days': 0.0, 'avg_maturity_months': 0.0, 'avg_maturity_years': 0.0}","{'modified_maturity_days': 0.0, 'modified_maturity_months': 0.0, 'modified_maturity_years': 0.0}",28.7731,0.27,1
152033,"{'market_cap_large': 46.0118, 'market_cap_mid': 26.5273, 'market_cap_others': 2.6105, 'market_cap_small': 24.8505}",0.0,"{'avg_maturity_days': 0.0, 'avg_maturity_months': 0.0, 'avg_maturity_years': 0.0}","{'modified_maturity_days': 0.0, 'modified_maturity_months': 0.0, 'modified_maturity_years': 0.0}",54.9331,0.29,1
150159,"{'market_cap_large': 57.1862, 'market_cap_mid': 17.4237, 'market_cap_others': 7.3941, 'market_cap_small': 17.9961}",0.0,"{'avg_maturity_days': 0.0, 'avg_maturity_months': 0.0, 'avg_maturity_years': 0.0}","{'modified_maturity_days': 0.0, 'modified_maturity_months': 0.0, 'modified_maturity_years': 0.0}",50.6748,0.72,1
119648,"{'market_cap_large': 98.8178, 'market_cap_mid': 1.1415, 'market_cap_others': 0.0407, 'market_cap_small': 0.0}",0.0,"{'avg_maturity_days': 0.0, 'avg_maturity_months': 0.0, 'avg_maturity_years': 0.0}","{'modified_maturity_days': 0.0, 'modified_maturity_months': 0.0, 'modified_maturity_years': 0.0}",30.264,0.11,1
152255,"{'market_cap_large': 45.6975, 'market_cap_mid': 4.8658, 'market_cap_others': 13.2369, 'market_cap_small': 36.1998}",0.0,"{'avg_maturity_days': 0.0, 'avg_maturity_months': 0.0, 'avg_maturity_years': 0.0}","{'modified_maturity_days': 0.0, 'modified_maturity_months': 0.0, 'modified_maturity_years': 0.0}",25.735,3.79,1
151753,"{'market_cap_large': 21.4034, 'market_cap_mid': 37.736, 'market_cap_others': 12.1069, 'market_cap_small': 28.7537}",0.0,"{'avg_maturity_days': 0.0, 'avg_maturity_months': 0.0, 'avg_maturity_years': 0.0}","{'modified_maturity_days': 0.0, 'modified_maturity_months': 0.0, 'modified_maturity_years': 0.0}",43.8781,7.59,1
153239,"{'market_cap_large': 79.1615, 'market_cap_mid': 5.4666, 'market_cap_others': 15.3718, 'market_cap_small': 0.0}",0.0,"{'avg_maturity_days': 0.0, 'avg_maturity_months': 0.0, 'avg_maturity_years': 0.0}","{'modified_maturity_days': 0.0, 'modified_maturity_months': 0.0, 'modified_maturity_years': 0.0}",42.7221,0.0,1
151764,"{'market_cap_large': 40.4608, 'market_cap_mid': 59.4066, 'market_cap_others': 0.1327, 'market_cap_small': 0.0}",0.0,"{'avg_maturity_days': 0.0, 'avg_maturity_months': 0.0, 'avg_maturity_years': 0.0}","{'modified_maturity_days': 0.0, 'modified_maturity_months': 0.0, 'modified_maturity_years': 0.0}",54.7522,0.5316,1
151905,"{'market_cap_large': 24.4305, 'market_cap_mid': 36.1769, 'market_cap_others': 6.4003, 'market_cap_small': 32.9923}",0.0,"{'avg_maturity_days': 0.0, 'avg_maturity_months': 0.0, 'avg_maturity_years': 0.0}","{'modified_maturity_days': 0.0, 'modified_maturity_months': 0.0, 'modified_maturity_years': 0.0}",81.4164,0.61,1
152169,"{'market_cap_large': 61.8066, 'market_cap_mid': 8.353, 'market_cap_others': 1.8893, 'market_cap_small': 27.9512}",0.0,"{'avg_maturity_days': 0.0, 'avg_maturity_months': 0.0, 'avg_maturity_years': 0.0}","{'modified_maturity_days': 0.0, 'modified_maturity_months': 0.0, 'modified_maturity_years': 0.0}",46.5064,0.2357,1
147750,"{'market_cap_large': 50.7426, 'market_cap_mid': 38.3936, 'market_cap_others': 2.8715, 'market_cap_small': 7.9923}",0.0,"{'avg_maturity_days': 0.0, 'avg_maturity_months': 0.0, 'avg_maturity_years': 0.0}","{'modified_maturity_days': 0.0, 'modified_maturity_months': 0.0, 'modified_maturity_years': 0.0}",50.0729,1.72,1
119160,"{'market_cap_large': 83.8023, 'market_cap_mid': 7.2781, 'market_cap_others': 5.6165, 'market_cap_small': 3.3031}",0.0,"{'avg_maturity_days': 0.0, 'avg_maturity_months': 0.0, 'avg_maturity_years': 0.0}","{'modified_maturity_days': 0.0, 'modified_maturity_months': 0.0, 'modified_maturity_years': 0.0}",33.5784,0.3535,1
143874,"{'market_cap_large': 43.0594, 'market_cap_mid': 25.0401, 'market_cap_others': 3.8065, 'market_cap_small': 28.0941}",0.0,"{'avg_maturity_days': 0.0, 'avg_maturity_months': 0.0, 'avg_maturity_years': 0.0}","{'modified_maturity_days': 0.0, 'modified_maturity_months': 0.0, 'modified_maturity_years': 0.0}",38.1383,0.81,1
140175,"{'market_cap_large': 48.6406, 'market_cap_mid': 37.6625, 'market_cap_others': 2.4341, 'market_cap_small': 11.2628}",0.0,"{'avg_maturity_days': 0.0, 'avg_maturity_months': 0.0, 'avg_maturity_years': 0.0}","{'modified_maturity_days': 0.0, 'modified_maturity_months': 0.0, 'modified_maturity_years': 0.0}",49.5748,0.19,1
147662,"{'market_cap_large': 37.3466, 'market_cap_mid': 35.7253, 'market_cap_others': 3.0752, 'market_cap_small': 23.8529}",0.0,"{'avg_maturity_days': 0.0, 'avg_maturity_months': 0.0, 'avg_maturity_years': 0.0}","{'modified_maturity_days': 0.0, 'modified_maturity_months': 0.0, 'modified_maturity_years': 0.0}",38.0625,0.26,1
153204,"{'market_cap_large': 62.7996, 'market_cap_mid': 26.5692, 'market_cap_others': 6.7707, 'market_cap_small': 3.8606}",0.0,"{'avg_maturity_days': 0.0, 'avg_maturity_months': 0.0, 'avg_maturity_years': 0.0}","{'modified_maturity_days': 0.0, 'modified_maturity_months': 0.0, 'modified_maturity_years': 0.0}",45.1959,0.06,1
120034,"{'market_cap_large': 44.641, 'market_cap_mid': 33.7522, 'market_cap_others': 0.7639, 'market_cap_small': 20.8428}",0.0,"{'avg_maturity_days': 0.0, 'avg_maturity_months': 0.0, 'avg_maturity_years': 0.0}","{'modified_maturity_days': 0.0, 'modified_maturity_months': 0.0, 'modified_maturity_years': 0.0}",40.3944,0.29,1
152349,"{'market_cap_large': 31.1036, 'market_cap_mid': 29.0989, 'market_cap_others': 7.4022, 'market_cap_small': 32.3952}",0.0,"{'avg_maturity_days': 0.0, 'avg_maturity_months': 0.0, 'avg_maturity_years': 0.0}","{'modified_maturity_days': 0.0, 'modified_maturity_months': 0.0, 'modified_maturity_years': 0.0}",54.8421,3.12,1
153201,"{'market_cap_large': 69.6988, 'market_cap_mid': 11.0186, 'market_cap_others': 4.7713, 'market_cap_small': 14.5114}",0.0,"{'avg_maturity_days': 0.0, 'avg_maturity_months': 0.0, 'avg_maturity_years': 0.0}","{'modified_maturity_days': 0.0, 'modified_maturity_months': 0.0, 'modified_maturity_years': 0.0}",36.6207,0.0,1
152004,"{'market_cap_large': 2.7672, 'market_cap_mid': 11.7582, 'market_cap_others': 5.4284, 'market_cap_small': 80.0462}",0.0,"{'avg_maturity_days': 0.0, 'avg_maturity_months': 0.0, 'avg_maturity_years': 0.0}","{'modified_maturity_days': 0.0, 'modified_maturity_months': 0.0, 'modified_maturity_years': 0.0}",43.4133,0.8,1
125354,"{'market_cap_large': 3.961, 'market_cap_mid': 16.2256, 'market_cap_others': 13.7341, 'market_cap_small': 66.0794}",0.0,"{'avg_maturity_days': 0.0, 'avg_maturity_months': 0.0, 'avg_maturity_years': 0.0}","{'modified_maturity_days': 0.0, 'modified_maturity_months': 0.0, 'modified_maturity_years': 0.0}",49.9987,0.35,1
148721,"{'market_cap_large': 98.5262, 'market_cap_mid': 1.4769, 'market_cap_others': -0.0031, 'market_cap_small': 0.0}",0.0,"{'avg_maturity_days': 0.0, 'avg_maturity_months': 0.0, 'avg_maturity_years': 0.0}","{'modified_maturity_days': 0.0, 'modified_maturity_months': 0.0, 'modified_maturity_years': 0.0}",20.5842,0.41,1
120385,"{'market_cap_large': 63.8439, 'market_cap_mid': 17.8556, 'market_cap_others': 3.2425, 'market_cap_small': 15.058}",0.0,"{'avg_maturity_days': 0.0, 'avg_maturity_months': 0.0, 'avg_maturity_years': 0.0}","{'modified_maturity_days': 0.0, 'modified_maturity_months': 0.0, 'modified_maturity_years': 0.0}",30.2944,0.22,1
152815,"{'market_cap_large': 43.3094, 'market_cap_mid': 25.9839, 'market_cap_others': 4.9473, 'market_cap_small': 25.7594}",0.0,"{'avg_maturity_days': 0.0, 'avg_maturity_months': 0.0, 'avg_maturity_years': 0.0}","{'modified_maturity_days': 0.0, 'modified_maturity_months': 0.0, 'modified_maturity_years': 0.0}",47.5298,0.12,1
111549,"{'market_cap_large': 65.4608, 'market_cap_mid': 9.9711, 'market_cap_others': 12.1236, 'market_cap_small': 12.4445}",0.0,"{'avg_maturity_days': 0.0, 'avg_maturity_months': 0.0, 'avg_maturity_years': 0.0}","{'modified_maturity_days': 0.0, 'modified_maturity_months': 0.0, 'modified_maturity_years': 0.0}",24.9282,0.1367,1
152694,"{'market_cap_large': 8.5271, 'market_cap_mid': 15.1403, 'market_cap_others': 3.6451, 'market_cap_small': 72.6875}",0.0,"{'avg_maturity_days': 0.0, 'avg_maturity_months': 0.0, 'avg_maturity_years': 0.0}","{'modified_maturity_days': 0.0, 'modified_maturity_months': 0.0, 'modified_maturity_years': 0.0}",27.4908,1.52,1
147840,"{'market_cap_large': 44.0489, 'market_cap_mid': 38.907, 'market_cap_others': 5.0308, 'market_cap_small': 12.0132}",0.0,"{'avg_maturity_days': 0.0, 'avg_maturity_months': 0.0, 'avg_maturity_years': 0.0}","{'modified_maturity_days': 0.0, 'modified_maturity_months': 0.0, 'modified_maturity_years': 0.0}",42.8846,1.45,1
145454,"{'market_cap_large': 19.1932, 'market_cap_mid': 15.0407, 'market_cap_others': 14.4859, 'market_cap_small': 51.2801}",0.0,"{'avg_maturity_days': 0.0, 'avg_maturity_months': 0.0, 'avg_maturity_years': 0.0}","{'modified_maturity_days': 0.0, 'modified_maturity_months': 0.0, 'modified_maturity_years': 0.0}",51.6621,0.22,1
136094,"{'market_cap_large': 62.4461, 'market_cap_mid': 9.2709, 'market_cap_others': 10.7347, 'market_cap_small': 17.5484}",0.0,"{'avg_maturity_days': 0.0, 'avg_maturity_months': 0.0, 'avg_maturity_years': 0.0}","{'modified_maturity_days': 0.0, 'modified_maturity_months': 0.0, 'modified_maturity_years': 0.0}",0.0,0.1724,1
152243,"{'market_cap_large': 0.0, 'market_cap_mid': 7.77, 'market_cap_others': 0.0076, 'market_cap_small': 92.2223}",0.0,"{'avg_maturity_days': 0.0, 'avg_maturity_months': 0.0, 'avg_maturity_years': 0.0}","{'modified_maturity_days': 0.0, 'modified_maturity_months': 0.0, 'modified_maturity_years': 0.0}",34.8435,1.02,1
149318,"{'market_cap_large': 59.5631, 'market_cap_mid': 39.7533, 'market_cap_others': 0.6837, 'market_cap_small': 0.0}",0.0,"{'avg_maturity_days': 0.0, 'avg_maturity_months': 0.0, 'avg_maturity_years': 0.0}","{'modified_maturity_days': 0.0, 'modified_maturity_months': 0.0, 'modified_maturity_years': 0.0}",41.9327,0.57,1
127042,"{'market_cap_large': 9.0607, 'market_cap_mid': 66.3958, 'market_cap_others': 24.5435, 'market_cap_small': 0.0}",0.0,"{'avg_maturity_days': 0.0, 'avg_maturity_months': 0.0, 'avg_maturity_years': 0.0}","{'modified_maturity_days': 0.0, 'modified_maturity_months': 0.0, 'modified_maturity_years': 0.0}",64.6206,1.84,1
151379,"{'market_cap_large': 50.234, 'market_cap_mid': 13.6697, 'market_cap_others': 4.4213, 'market_cap_small': 31.675}",0.0,"{'avg_maturity_days': 0.0, 'avg_maturity_months': 0.0, 'avg_maturity_years': 0.0}","{'modified_maturity_days': 0.0, 'modified_maturity_months': 0.0, 'modified_maturity_years': 0.0}",37.607,1.05,1
118559,"{'market_cap_large': 30.6267, 'market_cap_mid': 9.7175, 'market_cap_others': 59.6558, 'market_cap_small': 0.0}",0.0,"{'avg_maturity_days': 0.0, 'avg_maturity_months': 0.0, 'avg_maturity_years': 0.0}","{'modified_maturity_days': 0.0, 'modified_maturity_months': 0.0, 'modified_maturity_years': 0.0}",41.7122,0.2227,1
119350,"{'market_cap_large': 46.3235, 'market_cap_mid': 36.9103, 'market_cap_others': 2.2378, 'market_cap_small': 14.5284}",0.0,"{'avg_maturity_days': 0.0, 'avg_maturity_months': 0.0, 'avg_maturity_years': 0.0}","{'modified_maturity_days': 0.0, 'modified_maturity_months': 0.0, 'modified_maturity_years': 0.0}",36.8148,0.77,1
148507,"{'market_cap_large': 84.5731, 'market_cap_mid': 5.0338, 'market_cap_others': 8.235, 'market_cap_small': 2.1582}",0.0,"{'avg_maturity_days': 0.0, 'avg_maturity_months': 0.0, 'avg_maturity_years': 0.0}","{'modified_maturity_days': 0.0, 'modified_maturity_months': 0.0, 'modified_maturity_years': 0.0}",34.9435,0.353,1
120416,"{'market_cap_large': 48.1457, 'market_cap_mid': 28.6774, 'market_cap_others': 1.5752, 'market_cap_small': 21.6018}",0.0,"{'avg_maturity_days': 0.0, 'avg_maturity_months': 0.0, 'avg_maturity_years': 0.0}","{'modified_maturity_days': 0.0, 'modified_maturity_months': 0.0, 'modified_maturity_years': 0.0}",51.8308,0.76,1
125307,"{'market_cap_large': 21.4406, 'market_cap_mid': 65.6031, 'market_cap_others': 4.649, 'market_cap_small': 8.3074}",0.0,"{'avg_maturity_days': 0.0, 'avg_maturity_months': 0.0, 'avg_maturity_years': 0.0}","{'modified_maturity_days': 0.0, 'modified_maturity_months': 0.0, 'modified_maturity_years': 0.0}",63.2422,0.42,1
152557,"{'market_cap_large': 85.0646, 'market_cap_mid': 14.9029, 'market_cap_others': 0.0325, 'market_cap_small': 0.0}",0.0,"{'avg_maturity_days': 0.0, 'avg_maturity_months': 0.0, 'avg_maturity_years': 0.0}","{'modified_maturity_days': 0.0, 'modified_maturity_months': 0.0, 'modified_maturity_years': 0.0}",29.676,0.1603,1
120505,"{'market_cap_large': 13.0598, 'market_cap_mid': 70.6986, 'market_cap_others': 11.3971, 'market_cap_small': 4.8446}",0.0,"{'avg_maturity_days': 0.0, 'avg_maturity_months': 0.0, 'avg_maturity_years': 0.0}","{'modified_maturity_days': 0.0, 'modified_maturity_months': 0.0, 'modified_maturity_years': 0.0}",58.7506,0.42,1
120621,"{'market_cap_large': 45.5163, 'market_cap_mid': 17.2963, 'market_cap_others': 6.9469, 'market_cap_small': 30.2405}",0.0,"{'avg_maturity_days': 0.0, 'avg_maturity_months': 0.0, 'avg_maturity_years': 0.0}","{'modified_maturity_days': 0.0, 'modified_maturity_months': 0.0, 'modified_maturity_years': 0.0}",32.3315,0.49,1
147928,"{'market_cap_large': 85.2006, 'market_cap_mid': 4.8995, 'market_cap_others': 7.7817, 'market_cap_small': 2.1182}",0.0,"{'avg_maturity_days': 0.0, 'avg_maturity_months': 0.0, 'avg_maturity_years': 0.0}","{'modified_maturity_days': 0.0, 'modified_maturity_months': 0.0, 'modified_maturity_years': 0.0}",35.877,0.37,1
120782,"{'market_cap_large': 28.9117, 'market_cap_mid': 28.0358, 'market_cap_others': 1.9665, 'market_cap_small': 41.086}",0.0,"{'avg_maturity_days': 0.0, 'avg_maturity_months': 0.0, 'avg_maturity_years': 0.0}","{'modified_maturity_days': 0.0, 'modified_maturity_months': 0.0, 'modified_maturity_years': 0.0}",48.6269,0.25,1
153244,"{'market_cap_large': 33.6222, 'market_cap_mid': 48.9797, 'market_cap_others': 1.0663, 'market_cap_small': 16.3318}",0.0,"{'avg_maturity_days': 0.0, 'avg_maturity_months': 0.0, 'avg_maturity_years': 0.0}","{'modified_maturity_days': 0.0, 'modified_maturity_months': 0.0, 'modified_maturity_years': 0.0}",66.0574,0.0,1
150587,"{'market_cap_large': 53.0631, 'market_cap_mid': 11.6237, 'market_cap_others': 7.5617, 'market_cap_small': 27.7516}",0.0,"{'avg_maturity_days': 0.0, 'avg_maturity_months': 0.0, 'avg_maturity_years': 0.0}","{'modified_maturity_days': 0.0, 'modified_maturity_months': 0.0, 'modified_maturity_years': 0.0}",45.0551,0.41,1
118540,"{'market_cap_large': 73.2731, 'market_cap_mid': 13.1776, 'market_cap_others': 5.2799, 'market_cap_small': 8.2695}",0.0,"{'avg_maturity_days': 0.0, 'avg_maturity_months': 0.0, 'avg_maturity_years': 0.0}","{'modified_maturity_days': 0.0, 'modified_maturity_months': 0.0, 'modified_maturity_years': 0.0}",37.1698,0.2178,1
152570,"{'market_cap_large': 36.913, 'market_cap_mid': 48.7337, 'market_cap_others': -0.0417, 'market_cap_small': 14.395}",0.0,"{'avg_maturity_days': 0.0, 'avg_maturity_months': 0.0, 'avg_maturity_years': 0.0}","{'modified_maturity_days': 0.0, 'modified_maturity_months': 0.0, 'modified_maturity_years': 0.0}",54.231,0.9963,1
146643,"{'market_cap_large': 96.6223, 'market_cap_mid': 3.4134, 'market_cap_others': -0.0357, 'market_cap_small': 0.0}",0.0,"{'avg_maturity_days': 0.0, 'avg_maturity_months': 0.0, 'avg_maturity_years': 0.0}","{'modified_maturity_days': 0.0, 'modified_maturity_months': 0.0, 'modified_maturity_years': 0.0}",39.7535,0.43,1
152264,"{'market_cap_large': 0.1468, 'market_cap_mid': 1.7825, 'market_cap_others': 0.9566, 'market_cap_small': 97.1141}",0.0,"{'avg_maturity_days': 0.0, 'avg_maturity_months': 0.0, 'avg_maturity_years': 0.0}","{'modified_maturity_days': 0.0, 'modified_maturity_months': 0.0, 'modified_maturity_years': 0.0}",41.7659,0.77,1
140461,"{'market_cap_large': 25.8633, 'market_cap_mid': 69.2014, 'market_cap_others': 2.1496, 'market_cap_small': 2.7857}",0.0,"{'avg_maturity_days': 0.0, 'avg_maturity_months': 0.0, 'avg_maturity_years': 0.0}","{'modified_maturity_days': 0.0, 'modified_maturity_months': 0.0, 'modified_maturity_years': 0.0}",53.5452,0.05,1
151796,"{'market_cap_large': 54.1948, 'market_cap_mid': 21.5457, 'market_cap_others': 2.5668, 'market_cap_small': 21.6927}",0.0,"{'avg_maturity_days': 0.0, 'avg_maturity_months': 0.0, 'avg_maturity_years': 0.0}","{'modified_maturity_days': 0.0, 'modified_maturity_months': 0.0, 'modified_maturity_years': 0.0}",43.073,0.27,1
153274,"{'market_cap_large': 55.9502, 'market_cap_mid': 30.4411, 'market_cap_others': 2.2312, 'market_cap_small': 11.3775}",0.0,"{'avg_maturity_days': 0.0, 'avg_maturity_months': 0.0, 'avg_maturity_years': 0.0}","{'modified_maturity_days': 0.0, 'modified_maturity_months': 0.0, 'modified_maturity_years': 0.0}",54.3549,0.0,1
138312,"{'market_cap_large': 86.1143, 'market_cap_mid': 10.6338, 'market_cap_others': 3.2519, 'market_cap_small': 0.0}",0.0,"{'avg_maturity_days': 0.0, 'avg_maturity_months': 0.0, 'avg_maturity_years': 0.0}","{'modified_maturity_days': 0.0, 'modified_maturity_months': 0.0, 'modified_maturity_years': 0.0}",39.1741,0.4,1
120351,"{'market_cap_large': 21.7365, 'market_cap_mid': 21.9431, 'market_cap_others': 4.7051, 'market_cap_small': 51.6152}",0.0,"{'avg_maturity_days': 0.0, 'avg_maturity_months': 0.0, 'avg_maturity_years': 0.0}","{'modified_maturity_days': 0.0, 'modified_maturity_months': 0.0, 'modified_maturity_years': 0.0}",46.0273,0.35,1
152672,"{'market_cap_large': 49.3557, 'market_cap_mid': 7.5845, 'market_cap_others': 5.8229, 'market_cap_small': 37.2369}",0.0,"{'avg_maturity_days': 0.0, 'avg_maturity_months': 0.0, 'avg_maturity_years': 0.0}","{'modified_maturity_days': 0.0, 'modified_maturity_months': 0.0, 'modified_maturity_years': 0.0}",36.3249,0.0,1
147541,"{'market_cap_large': 40.7156, 'market_cap_mid': 8.4391, 'market_cap_others': 6.6143, 'market_cap_small': 44.2311}",0.0,"{'avg_maturity_days': 0.0, 'avg_maturity_months': 0.0, 'avg_maturity_years': 0.0}","{'modified_maturity_days': 0.0, 'modified_maturity_months': 0.0, 'modified_maturity_years': 0.0}",36.4376,0.96,1
119769,"{'market_cap_large': 63.4011, 'market_cap_mid': 16.8634, 'market_cap_others': 2.9727, 'market_cap_small': 16.7627}",0.0,"{'avg_maturity_days': 0.0, 'avg_maturity_months': 0.0, 'avg_maturity_years': 0.0}","{'modified_maturity_days': 0.0, 'modified_maturity_months': 0.0, 'modified_maturity_years': 0.0}",31.3473,0.4498,1
152022,"{'market_cap_large': 47.0938, 'market_cap_mid': 12.0665, 'market_cap_others': 2.2456, 'market_cap_small': 38.5941}",0.0,"{'avg_maturity_days': 0.0, 'avg_maturity_months': 0.0, 'avg_maturity_years': 0.0}","{'modified_maturity_days': 0.0, 'modified_maturity_months': 0.0, 'modified_maturity_years': 0.0}",34.7729,0.64,1
152829,"{'market_cap_large': 44.6095, 'market_cap_mid': 17.4003, 'market_cap_others': 6.7713, 'market_cap_small': 31.2189}",0.0,"{'avg_maturity_days': 0.0, 'avg_maturity_months': 0.0, 'avg_maturity_years': 0.0}","{'modified_maturity_days': 0.0, 'modified_maturity_months': 0.0, 'modified_maturity_years': 0.0}",42.0998,0.04,1
151777,"{'market_cap_large': 52.6617, 'market_cap_mid': 16.1187, 'market_cap_others': 4.1346, 'market_cap_small': 27.0849}",0.0,"{'avg_maturity_days': 0.0, 'avg_maturity_months': 0.0, 'avg_maturity_years': 0.0}","{'modified_maturity_days': 0.0, 'modified_maturity_months': 0.0, 'modified_maturity_years': 0.0}",40.5733,0.69,1
152189,"{'market_cap_large': 56.6404, 'market_cap_mid': 10.662, 'market_cap_others': 25.7192, 'market_cap_small': 6.9784}",0.0,"{'avg_maturity_days': 0.0, 'avg_maturity_months': 0.0, 'avg_maturity_years': 0.0}","{'modified_maturity_days': 0.0, 'modified_maturity_months': 0.0, 'modified_maturity_years': 0.0}",37.8388,4.15,1
119620,"{'market_cap_large': 11.4965, 'market_cap_mid': 68.2174, 'market_cap_others': 3.378, 'market_cap_small': 16.9081}",0.0,"{'avg_maturity_days': 0.0, 'avg_maturity_months': 0.0, 'avg_maturity_years': 0.0}","{'modified_maturity_days': 0.0, 'modified_maturity_months': 0.0, 'modified_maturity_years': 0.0}",49.3597,0.53,1
153075,"{'market_cap_large': 42.8683, 'market_cap_mid': 22.9879, 'market_cap_others': 8.0117, 'market_cap_small': 26.1321}",0.0,"{'avg_maturity_days': 0.0, 'avg_maturity_months': 0.0, 'avg_maturity_years': 0.0}","{'modified_maturity_days': 0.0, 'modified_maturity_months': 0.0, 'modified_maturity_years': 0.0}",65.333,0.0,1
120308,"{'market_cap_large': 99.1497, 'market_cap_mid': 0.5834, 'market_cap_others': 0.2668, 'market_cap_small': 0.0}",0.0,"{'avg_maturity_days': 0.0, 'avg_maturity_months': 0.0, 'avg_maturity_years': 0.0}","{'modified_maturity_days': 0.0, 'modified_maturity_months': 0.0, 'modified_maturity_years': 0.0}",27.0017,0.11,1
118469,"{'market_cap_large': 35.1713, 'market_cap_mid': 14.7948, 'market_cap_others': 3.7962, 'market_cap_small': 46.2377}",0.0,"{'avg_maturity_days': 0.0, 'avg_maturity_months': 0.0, 'avg_maturity_years': 0.0}","{'modified_maturity_days': 0.0, 'modified_maturity_months': 0.0, 'modified_maturity_years': 0.0}",40.8556,0.52,1
147625,"{'market_cap_large': 71.522, 'market_cap_mid': 18.5765, 'market_cap_others': 0.032, 'market_cap_small': 9.8695}",0.0,"{'avg_maturity_days': 0.0, 'avg_maturity_months': 0.0, 'avg_maturity_years': 0.0}","{'modified_maturity_days': 0.0, 'modified_maturity_months': 0.0, 'modified_maturity_years': 0.0}",37.0022,0.2,1
119133,"{'market_cap_large': 81.8042, 'market_cap_mid': 7.2627, 'market_cap_others': 8.9518, 'market_cap_small': 1.9813}",0.0,"{'avg_maturity_days': 0.0, 'avg_maturity_months': 0.0, 'avg_maturity_years': 0.0}","{'modified_maturity_days': 0.0, 'modified_maturity_months': 0.0, 'modified_maturity_years': 0.0}",35.5978,2.48,1
151816,"{'market_cap_large': 69.851, 'market_cap_mid': 13.6893, 'market_cap_others': 6.5265, 'market_cap_small': 9.9332}",0.0,"{'avg_maturity_days': 0.0, 'avg_maturity_months': 0.0, 'avg_maturity_years': 0.0}","{'modified_maturity_days': 0.0, 'modified_maturity_months': 0.0, 'modified_maturity_years': 0.0}",32.5898,0.71,1
152067,"{'market_cap_large': 19.9947, 'market_cap_mid': 8.8327, 'market_cap_others': 18.6455, 'market_cap_small': 52.5271}",0.0,"{'avg_maturity_days': 0.0, 'avg_maturity_months': 0.0, 'avg_maturity_years': 0.0}","{'modified_maturity_days': 0.0, 'modified_maturity_months': 0.0, 'modified_maturity_years': 0.0}",34.6473,3.95,1
134017,"{'market_cap_large': 60.6994, 'market_cap_mid': 9.6625, 'market_cap_others': 2.4829, 'market_cap_small': 27.1553}",0.0,"{'avg_maturity_days': 0.0, 'avg_maturity_months': 0.0, 'avg_maturity_years': 0.0}","{'modified_maturity_days': 0.0, 'modified_maturity_months': 0.0, 'modified_maturity_years': 0.0}",20.8153,0.5,1
120403,"{'market_cap_large': 13.49, 'market_cap_mid': 66.1924, 'market_cap_others': 1.431, 'market_cap_small': 18.8865}",0.0,"{'avg_maturity_days': 0.0, 'avg_maturity_months': 0.0, 'avg_maturity_years': 0.0}","{'modified_maturity_days': 0.0, 'modified_maturity_months': 0.0, 'modified_maturity_years': 0.0}",69.1655,0.45,1
118419,"{'market_cap_large': 40.761, 'market_cap_mid': 35.9525, 'market_cap_others': 6.4313, 'market_cap_small': 16.8553}",0.0,"{'avg_maturity_days': 0.0, 'avg_maturity_months': 0.0, 'avg_maturity_years': 0.0}","{'modified_maturity_days': 0.0, 'modified_maturity_months': 0.0, 'modified_maturity_years': 0.0}",42.4437,1.51,1
149039,"{'market_cap_large': 98.9427, 'market_cap_mid': 1.0303, 'market_cap_others': 0.027, 'market_cap_small': 0.0}",0.0,"{'avg_maturity_days': 0.0, 'avg_maturity_months': 0.0, 'avg_maturity_years': 0.0}","{'modified_maturity_days': 0.0, 'modified_maturity_months': 0.0, 'modified_maturity_years': 0.0}",33.5685,0.16,1
142110,"{'market_cap_large': 17.275, 'market_cap_mid': 66.4726, 'market_cap_others': 4.6613, 'market_cap_small': 11.5912}",0.0,"{'avg_maturity_days': 0.0, 'avg_maturity_months': 0.0, 'avg_maturity_years': 0.0}","{'modified_maturity_days': 0.0, 'modified_maturity_months': 0.0, 'modified_maturity_years': 0.0}",42.4111,0.63,1
142388,"{'market_cap_large': 14.198, 'market_cap_mid': 20.6609, 'market_cap_others': 8.4625, 'market_cap_small': 56.6785}",0.0,"{'avg_maturity_days': 0.0, 'avg_maturity_months': 0.0, 'avg_maturity_years': 0.0}","{'modified_maturity_days': 0.0, 'modified_maturity_months': 0.0, 'modified_maturity_years': 0.0}",65.8607,1.04,1
120166,"{'market_cap_large': 69.8891, 'market_cap_mid': 23.6862, 'market_cap_others': 2.0368, 'market_cap_small': 4.388}",0.0,"{'avg_maturity_days': 0.0, 'avg_maturity_months': 0.0, 'avg_maturity_years': 0.0}","{'modified_maturity_days': 0.0, 'modified_maturity_months': 0.0, 'modified_maturity_years': 0.0}",34.7634,0.1076,1
120715,"{'market_cap_large': 70.4674, 'market_cap_mid': 19.6341, 'market_cap_others': 3.6709, 'market_cap_small': 6.2276}",0.0,"{'avg_maturity_days': 0.0, 'avg_maturity_months': 0.0, 'avg_maturity_years': 0.0}","{'modified_maturity_days': 0.0, 'modified_maturity_months': 0.0, 'modified_maturity_years': 0.0}",44.9264,0.26,1
148972,"{'market_cap_large': 45.9406, 'market_cap_mid': 13.5762, 'market_cap_others': 4.0618, 'market_cap_small': 36.4214}",0.0,"{'avg_maturity_days': 0.0, 'avg_maturity_months': 0.0, 'avg_maturity_years': 0.0}","{'modified_maturity_days': 0.0, 'modified_maturity_months': 0.0, 'modified_maturity_years': 0.0}",42.0512,1.38,1
148733,"{'market_cap_large': 10.5925, 'market_cap_mid': 67.7819, 'market_cap_others': 5.0483, 'market_cap_small': 16.5773}",0.0,"{'avg_maturity_days': 0.0, 'avg_maturity_months': 0.0, 'avg_maturity_years': 0.0}","{'modified_maturity_days': 0.0, 'modified_maturity_months': 0.0, 'modified_maturity_years': 0.0}",50.5598,1.37,1
146349,"{'market_cap_large': 45.7847, 'market_cap_mid': 26.095, 'market_cap_others': 3.4526, 'market_cap_small': 24.6677}",0.0,"{'avg_maturity_days': 0.0, 'avg_maturity_months': 0.0, 'avg_maturity_years': 0.0}","{'modified_maturity_days': 0.0, 'modified_maturity_months': 0.0, 'modified_maturity_years': 0.0}",0.0,0.44,1
148404,"{'market_cap_large': 48.6045, 'market_cap_mid': 17.023, 'market_cap_others': 2.8194, 'market_cap_small': 31.5531}",0.0,"{'avg_maturity_days': 0.0, 'avg_maturity_months': 0.0, 'avg_maturity_years': 0.0}","{'modified_maturity_days': 0.0, 'modified_maturity_months': 0.0, 'modified_maturity_years': 0.0}",40.3568,0.7,1
150532,"{'market_cap_large': 46.1823, 'market_cap_mid': 18.6022, 'market_cap_others': 4.6882, 'market_cap_small': 30.5273}",0.0,"{'avg_maturity_days': 0.0, 'avg_maturity_months': 0.0, 'avg_maturity_years': 0.0}","{'modified_maturity_days': 0.0, 'modified_maturity_months': 0.0, 'modified_maturity_years': 0.0}",37.7087,0.0733,1
144835,"{'market_cap_large': 52.4931, 'market_cap_mid': 11.7049, 'market_cap_others': 9.1302, 'market_cap_small': 26.6719}",0.0,"{'avg_maturity_days': 0.0, 'avg_maturity_months': 0.0, 'avg_maturity_years': 0.0}","{'modified_maturity_days': 0.0, 'modified_maturity_months': 0.0, 'modified_maturity_years': 0.0}",39.9427,0.769,1
118510,"{'market_cap_large': 47.1182, 'market_cap_mid': 36.2864, 'market_cap_others': 4.0783, 'market_cap_small': 12.5171}",0.0,"{'avg_maturity_days': 0.0, 'avg_maturity_months': 0.0, 'avg_maturity_years': 0.0}","{'modified_maturity_days': 0.0, 'modified_maturity_months': 0.0, 'modified_maturity_years': 0.0}",50.1148,1.1185,1
152586,"{'market_cap_large': 7.5291, 'market_cap_mid': 20.6684, 'market_cap_others': 4.3375, 'market_cap_small': 67.465}",0.0,"{'avg_maturity_days': 0.0, 'avg_maturity_months': 0.0, 'avg_maturity_years': 0.0}","{'modified_maturity_days': 0.0, 'modified_maturity_months': 0.0, 'modified_maturity_years': 0.0}",45.8809,0.0,1
149094,"{'market_cap_large': 60.5241, 'market_cap_mid': 18.0211, 'market_cap_others': 5.8502, 'market_cap_small': 15.6047}",0.0,"{'avg_maturity_days': 0.0, 'avg_maturity_months': 0.0, 'avg_maturity_years': 0.0}","{'modified_maturity_days': 0.0, 'modified_maturity_months': 0.0, 'modified_maturity_years': 0.0}",38.3952,0.22,1
120731,"{'market_cap_large': 74.0315, 'market_cap_mid': 9.0571, 'market_cap_others': 4.37, 'market_cap_small': 12.5414}",0.0,"{'avg_maturity_days': 0.0, 'avg_maturity_months': 0.0, 'avg_maturity_years': 0.0}","{'modified_maturity_days': 0.0, 'modified_maturity_months': 0.0, 'modified_maturity_years': 0.0}",30.088,0.19,1
150815,"{'market_cap_large': 6.6498, 'market_cap_mid': 67.3751, 'market_cap_others': 2.7802, 'market_cap_small': 23.195}",0.0,"{'avg_maturity_days': 0.0, 'avg_maturity_months': 0.0, 'avg_maturity_years': 0.0}","{'modified_maturity_days': 0.0, 'modified_maturity_months': 0.0, 'modified_maturity_years': 0.0}",57.1229,1.8282,1
148925,"{'market_cap_large': 58.6717, 'market_cap_mid': 9.5762, 'market_cap_others': 23.9834, 'market_cap_small': 7.7687}",0.0,"{'avg_maturity_days': 0.0, 'avg_maturity_months': 0.0, 'avg_maturity_years': 0.0}","{'modified_maturity_days': 0.0, 'modified_maturity_months': 0.0, 'modified_maturity_years': 0.0}",39.4606,3.65,1
139781,"{'market_cap_large': 75.1316, 'market_cap_mid': 10.5611, 'market_cap_others': 1.536, 'market_cap_small': 12.7713}",0.0,"{'avg_maturity_days': 0.0, 'avg_maturity_months': 0.0, 'avg_maturity_years': 0.0}","{'modified_maturity_days': 0.0, 'modified_maturity_months': 0.0, 'modified_maturity_years': 0.0}",39.3815,0.76,1
152908,"{'market_cap_large': 71.4483, 'market_cap_mid': 18.5579, 'market_cap_others': 0.134, 'market_cap_small': 9.8598}",0.0,"{'avg_maturity_days': 0.0, 'avg_maturity_months': 0.0, 'avg_maturity_years': 0.0}","{'modified_maturity_days': 0.0, 'modified_maturity_months': 0.0, 'modified_maturity_years': 0.0}",37.0024,0.05,1
147623,"{'market_cap_large': 0.1479, 'market_cap_mid': 1.7968, 'market_cap_others': 0.1898, 'market_cap_small': 97.8655}",0.0,"{'avg_maturity_days': 0.0, 'avg_maturity_months': 0.0, 'avg_maturity_years': 0.0}","{'modified_maturity_days': 0.0, 'modified_maturity_months': 0.0, 'modified_maturity_years': 0.0}",41.7649,0.51,1
120069,"{'market_cap_large': 1.5362, 'market_cap_mid': 23.1126, 'market_cap_others': 5.1488, 'market_cap_small': 70.2024}",0.0,"{'avg_maturity_days': 0.0, 'avg_maturity_months': 0.0, 'avg_maturity_years': 0.0}","{'modified_maturity_days': 0.0, 'modified_maturity_months': 0.0, 'modified_maturity_years': 0.0}",52.4309,0.33,1
148634,"{'market_cap_large': 42.5706, 'market_cap_mid': 17.8989, 'market_cap_others': 21.8249, 'market_cap_small': 17.7055}",0.0,"{'avg_maturity_days': 0.0, 'avg_maturity_months': 0.0, 'avg_maturity_years': 0.0}","{'modified_maturity_days': 0.0, 'modified_maturity_months': 0.0, 'modified_maturity_years': 0.0}",58.0389,0.34,1
151824,"{'market_cap_large': 44.0224, 'market_cap_mid': 26.7735, 'market_cap_others': 3.3206, 'market_cap_small': 25.8835}",0.0,"{'avg_maturity_days': 0.0, 'avg_maturity_months': 0.0, 'avg_maturity_years': 0.0}","{'modified_maturity_days': 0.0, 'modified_maturity_months': 0.0, 'modified_maturity_years': 0.0}",41.674,0.41,1
153139,"{'market_cap_large': 46.4654, 'market_cap_mid': 24.33, 'market_cap_others': 0.5754, 'market_cap_small': 28.6292}",0.0,"{'avg_maturity_days': 0.0, 'avg_maturity_months': 0.0, 'avg_maturity_years': 0.0}","{'modified_maturity_days': 0.0, 'modified_maturity_months': 0.0, 'modified_maturity_years': 0.0}",50.0036,0.17,1
153146,"{'market_cap_large': 92.4209, 'market_cap_mid': 7.2679, 'market_cap_others': 0.3111, 'market_cap_small': 0.0}",0.0,"{'avg_maturity_days': 0.0, 'avg_maturity_months': 0.0, 'avg_maturity_years': 0.0}","{'modified_maturity_days': 0.0, 'modified_maturity_months': 0.0, 'modified_maturity_years': 0.0}",41.5147,0.6731,1
153094,"{'market_cap_large': 36.4859, 'market_cap_mid': 17.4324, 'market_cap_others': 12.7532, 'market_cap_small': 33.3285}",0.0,"{'avg_maturity_days': 0.0, 'avg_maturity_months': 0.0, 'avg_maturity_years': 0.0}","{'modified_maturity_days': 0.0, 'modified_maturity_months': 0.0, 'modified_maturity_years': 0.0}",44.0687,0.0,1
120594,"{'market_cap_large': 62.3027, 'market_cap_mid': 9.2554, 'market_cap_others': 14.0292, 'market_cap_small': 14.4127}",0.0,"{'avg_maturity_days': 0.0, 'avg_maturity_months': 0.0, 'avg_maturity_years': 0.0}","{'modified_maturity_days': 0.0, 'modified_maturity_months': 0.0, 'modified_maturity_years': 0.0}",34.1083,0.46,1
119589,"{'market_cap_large': 5.6549, 'market_cap_mid': 2.01, 'market_cap_others': 9.9075, 'market_cap_small': 82.4276}",0.0,"{'avg_maturity_days': 0.0, 'avg_maturity_months': 0.0, 'avg_maturity_years': 0.0}","{'modified_maturity_days': 0.0, 'modified_maturity_months': 0.0, 'modified_maturity_years': 0.0}",45.0552,0.636,1
141808,"{'market_cap_large': 52.2046, 'market_cap_mid': 25.7672, 'market_cap_others': 3.9804, 'market_cap_small': 18.0479}",0.0,"{'avg_maturity_days': 0.0, 'avg_maturity_months': 0.0, 'avg_maturity_years': 0.0}","{'modified_maturity_days': 0.0, 'modified_maturity_months': 0.0, 'modified_maturity_years': 0.0}",38.3788,1.95,1
151804,"{'market_cap_large': 66.2179, 'market_cap_mid': 9.7585, 'market_cap_others': 5.0284, 'market_cap_small': 18.9952}",0.0,"{'avg_maturity_days': 0.0, 'avg_maturity_months': 0.0, 'avg_maturity_years': 0.0}","{'modified_maturity_days': 0.0, 'modified_maturity_months': 0.0, 'modified_maturity_years': 0.0}",66.1128,0.4824,1
148411,"{'market_cap_large': 48.5772, 'market_cap_mid': 23.6327, 'market_cap_others': 3.8921, 'market_cap_small': 23.8979}",0.0,"{'avg_maturity_days': 0.0, 'avg_maturity_months': 0.0, 'avg_maturity_years': 0.0}","{'modified_maturity_days': 0.0, 'modified_maturity_months': 0.0, 'modified_maturity_years': 0.0}",43.1156,0.54,1
152931,"{'market_cap_large': 63.1605, 'market_cap_mid': 35.2588, 'market_cap_others': 1.5806, 'market_cap_small': 0.0}",0.0,"{'avg_maturity_days': 0.0, 'avg_maturity_months': 0.0, 'avg_maturity_years': 0.0}","{'modified_maturity_days': 0.0, 'modified_maturity_months': 0.0, 'modified_maturity_years': 0.0}",56.3779,1.42,1
119597,"{'market_cap_large': 65.9998, 'market_cap_mid': 4.7338, 'market_cap_others': 7.6563, 'market_cap_small': 21.6101}",0.0,"{'avg_maturity_days': 0.0, 'avg_maturity_months': 0.0, 'avg_maturity_years': 0.0}","{'modified_maturity_days': 0.0, 'modified_maturity_months': 0.0, 'modified_maturity_years': 0.0}",18.6175,0.737,1
151232,"{'market_cap_large': 46.8913, 'market_cap_mid': 25.466, 'market_cap_others': 1.9439, 'market_cap_small': 25.6989}",0.0,"{'avg_maturity_days': 0.0, 'avg_maturity_months': 0.0, 'avg_maturity_years': 0.0}","{'modified_maturity_days': 0.0, 'modified_maturity_months': 0.0, 'modified_maturity_years': 0.0}",33.9584,0.4651,1
120728,"{'market_cap_large': 65.079, 'market_cap_mid': 13.9548, 'market_cap_others': 6.1045, 'market_cap_small': 14.8617}",0.0,"{'avg_maturity_days': 0.0, 'avg_maturity_months': 0.0, 'avg_maturity_years': 0.0}","{'modified_maturity_days': 0.0, 'modified_maturity_months': 0.0, 'modified_maturity_years': 0.0}",31.3619,0.13,1
150915,"{'market_cap_large': 9.0644, 'market_cap_mid': 14.3716, 'market_cap_others': 7.3129, 'market_cap_small': 69.251}",0.0,"{'avg_maturity_days': 0.0, 'avg_maturity_months': 0.0, 'avg_maturity_years': 0.0}","{'modified_maturity_days': 0.0, 'modified_maturity_months': 0.0, 'modified_maturity_years': 0.0}",42.7562,1.03,1
133839,"{'market_cap_large': 62.4756, 'market_cap_mid': 23.3854, 'market_cap_others': 3.6742, 'market_cap_small': 10.4649}",0.0,"{'avg_maturity_days': 0.0, 'avg_maturity_months': 0.0, 'avg_maturity_years': 0.0}","{'modified_maturity_days': 0.0, 'modified_maturity_months': 0.0, 'modified_maturity_years': 0.0}",45.1253,0.39,1
152629,"{'market_cap_large': 83.9809, 'market_cap_mid': 16.027, 'market_cap_others': -0.0079, 'market_cap_small': 0.0}",0.0,"{'avg_maturity_days': 0.0, 'avg_maturity_months': 0.0, 'avg_maturity_years': 0.0}","{'modified_maturity_days': 0.0, 'modified_maturity_months': 0.0, 'modified_maturity_years': 0.0}",17.2128,0.0,1
152382,"{'market_cap_large': 53.6396, 'market_cap_mid': 37.6187, 'market_cap_others': 4.545, 'market_cap_small': 4.1968}",0.0,"{'avg_maturity_days': 0.0, 'avg_maturity_months': 0.0, 'avg_maturity_years': 0.0}","{'modified_maturity_days': 0.0, 'modified_maturity_months': 0.0, 'modified_maturity_years': 0.0}",50.5811,0.28,1
118494,"{'market_cap_large': 68.3868, 'market_cap_mid': 3.4354, 'market_cap_others': 8.2931, 'market_cap_small': 19.8847}",0.0,"{'avg_maturity_days': 0.0, 'avg_maturity_months': 0.0, 'avg_maturity_years': 0.0}","{'modified_maturity_days': 0.0, 'modified_maturity_months': 0.0, 'modified_maturity_years': 0.0}",22.8904,0.3387,1
128236,"{'market_cap_large': 79.9711, 'market_cap_mid': 13.4271, 'market_cap_others': 2.8946, 'market_cap_small': 3.7071}",0.0,"{'avg_maturity_days': 0.0, 'avg_maturity_months': 0.0, 'avg_maturity_years': 0.0}","{'modified_maturity_days': 0.0, 'modified_maturity_months': 0.0, 'modified_maturity_years': 0.0}",40.6784,0.04,1
134110,"{'market_cap_large': 60.2941, 'market_cap_mid': 0.0, 'market_cap_others': 39.7059, 'market_cap_small': 0.0}",0.0,"{'avg_maturity_days': 0.0, 'avg_maturity_months': 0.0, 'avg_maturity_years': 0.0}","{'modified_maturity_days': 0.0, 'modified_maturity_months': 0.0, 'modified_maturity_years': 0.0}",34.6465,0.0,1
152365,"{'market_cap_large': 98.4653, 'market_cap_mid': 1.4758, 'market_cap_others': 0.0589, 'market_cap_small': 0.0}",0.0,"{'avg_maturity_days': 0.0, 'avg_maturity_months': 0.0, 'avg_maturity_years': 0.0}","{'modified_maturity_days': 0.0, 'modified_maturity_months': 0.0, 'modified_maturity_years': 0.0}",20.5836,0.31,1
148651,"{'market_cap_large': 73.1755, 'market_cap_mid': 9.0182, 'market_cap_others': 12.2673, 'market_cap_small': 5.539}",0.0,"{'avg_maturity_days': 0.0, 'avg_maturity_months': 0.0, 'avg_maturity_years': 0.0}","{'modified_maturity_days': 0.0, 'modified_maturity_months': 0.0, 'modified_maturity_years': 0.0}",33.5261,0.25,1
152336,"{'market_cap_large': 14.5017, 'market_cap_mid': 33.9812, 'market_cap_others': 17.8999, 'market_cap_small': 33.6172}",0.0,"{'avg_maturity_days': 0.0, 'avg_maturity_months': 0.0, 'avg_maturity_years': 0.0}","{'modified_maturity_days': 0.0, 'modified_maturity_months': 0.0, 'modified_maturity_years': 0.0}",54.4313,3.65,1
149858,"{'market_cap_large': 83.8012, 'market_cap_mid': 16.1726, 'market_cap_others': 0.0261, 'market_cap_small': 0.0}",0.0,"{'avg_maturity_days': 0.0, 'avg_maturity_months': 0.0, 'avg_maturity_years': 0.0}","{'modified_maturity_days': 0.0, 'modified_maturity_months': 0.0, 'modified_maturity_years': 0.0}",17.2069,0.32,1
150310,"{'market_cap_large': 58.4505, 'market_cap_mid': 9.9382, 'market_cap_others': 13.7114, 'market_cap_small': 17.9}",0.0,"{'avg_maturity_days': 0.0, 'avg_maturity_months': 0.0, 'avg_maturity_years': 0.0}","{'modified_maturity_days': 0.0, 'modified_maturity_months': 0.0, 'modified_maturity_years': 0.0}",36.1321,0.7,1
135601,"{'market_cap_large': 64.2791, 'market_cap_mid': 20.7528, 'market_cap_others': 3.7111, 'market_cap_small': 11.2571}",0.0,"{'avg_maturity_days': 0.0, 'avg_maturity_months': 0.0, 'avg_maturity_years': 0.0}","{'modified_maturity_days': 0.0, 'modified_maturity_months': 0.0, 'modified_maturity_years': 0.0}",43.6393,0.33,1
148807,"{'market_cap_large': 5.0072, 'market_cap_mid': 91.8313, 'market_cap_others': 0.1407, 'market_cap_small': 3.0208}",0.0,"{'avg_maturity_days': 0.0, 'avg_maturity_months': 0.0, 'avg_maturity_years': 0.0}","{'modified_maturity_days': 0.0, 'modified_maturity_months': 0.0, 'modified_maturity_years': 0.0}",51.0421,0.0,1
153230,"{'market_cap_large': 52.0833, 'market_cap_mid': 38.4371, 'market_cap_others': 0.0677, 'market_cap_small': 9.4119}",0.0,"{'avg_maturity_days': 0.0, 'avg_maturity_months': 0.0, 'avg_maturity_years': 0.0}","{'modified_maturity_days': 0.0, 'modified_maturity_months': 0.0, 'modified_maturity_years': 0.0}",36.6921,0.06,1
118876,"{'market_cap_large': 51.0555, 'market_cap_mid': 18.6919, 'market_cap_others': 13.932, 'market_cap_small': 16.3206}",0.0,"{'avg_maturity_days': 0.0, 'avg_maturity_months': 0.0, 'avg_maturity_years': 0.0}","{'modified_maturity_days': 0.0, 'modified_maturity_months': 0.0, 'modified_maturity_years': 0.0}",34.1866,1.16,1
149881,"{'market_cap_large': 74.4573, 'market_cap_mid': 22.6491, 'market_cap_others': 0.1116, 'market_cap_small': 2.782}",0.0,"{'avg_maturity_days': 0.0, 'avg_maturity_months': 0.0, 'avg_maturity_years': 0.0}","{'modified_maturity_days': 0.0, 'modified_maturity_months': 0.0, 'modified_maturity_years': 0.0}",46.634,0.5906,1
153000,"{'market_cap_large': 4.9727, 'market_cap_mid': 91.4546, 'market_cap_others': 0.5626, 'market_cap_small': 3.0101}",0.0,"{'avg_maturity_days': 0.0, 'avg_maturity_months': 0.0, 'avg_maturity_years': 0.0}","{'modified_maturity_days': 0.0, 'modified_maturity_months': 0.0, 'modified_maturity_years': 0.0}",51.1391,0.62,1
118278,"{'market_cap_large': 39.5597, 'market_cap_mid': 42.5423, 'market_cap_others': 2.4752, 'market_cap_small': 15.4228}",0.0,"{'avg_maturity_days': 0.0, 'avg_maturity_months': 0.0, 'avg_maturity_years': 0.0}","{'modified_maturity_days': 0.0, 'modified_maturity_months': 0.0, 'modified_maturity_years': 0.0}",51.3501,0.54,1
120828,"{'market_cap_large': 22.0906, 'market_cap_mid': 3.2376, 'market_cap_others': 11.3794, 'market_cap_small': 63.2924}",0.0,"{'avg_maturity_days': 0.0, 'avg_maturity_months': 0.0, 'avg_maturity_years': 0.0}","{'modified_maturity_days': 0.0, 'modified_maturity_months': 0.0, 'modified_maturity_years': 0.0}",43.1709,0.79,1
150571,"{'market_cap_large': 70.5263, 'market_cap_mid': 13.3768, 'market_cap_others': 4.1917, 'market_cap_small': 11.9052}",0.0,"{'avg_maturity_days': 0.0, 'avg_maturity_months': 0.0, 'avg_maturity_years': 0.0}","{'modified_maturity_days': 0.0, 'modified_maturity_months': 0.0, 'modified_maturity_years': 0.0}",36.1451,0.314,1
135813,"{'market_cap_large': 50.8204, 'market_cap_mid': 14.5874, 'market_cap_others': 8.1848, 'market_cap_small': 26.4074}",0.0,"{'avg_maturity_days': 0.0, 'avg_maturity_months': 0.0, 'avg_maturity_years': 0.0}","{'modified_maturity_days': 0.0, 'modified_maturity_months': 0.0, 'modified_maturity_years': 0.0}",36.2886,0.2796,1
120046,"{'market_cap_large': 55.0101, 'market_cap_mid': 20.7026, 'market_cap_others': 3.1358, 'market_cap_small': 21.1515}",0.0,"{'avg_maturity_days': 0.0, 'avg_maturity_months': 0.0, 'avg_maturity_years': 0.0}","{'modified_maturity_days': 0.0, 'modified_maturity_months': 0.0, 'modified_maturity_years': 0.0}",42.0038,0.35,1
150639,"{'market_cap_large': 95.3302, 'market_cap_mid': 4.6012, 'market_cap_others': 0.0686, 'market_cap_small': 0.0}",0.0,"{'avg_maturity_days': 0.0, 'avg_maturity_months': 0.0, 'avg_maturity_years': 0.0}","{'modified_maturity_days': 0.0, 'modified_maturity_months': 0.0, 'modified_maturity_years': 0.0}",38.3739,0.52,1
120307,"{'market_cap_large': 98.6379, 'market_cap_mid': 1.1355, 'market_cap_others': 0.2266, 'market_cap_small': 0.0}",0.0,"{'avg_maturity_days': 0.0, 'avg_maturity_months': 0.0, 'avg_maturity_years': 0.0}","{'modified_maturity_days': 0.0, 'modified_maturity_months': 0.0, 'modified_maturity_years': 0.0}",30.2953,0.09,1
152354,"{'market_cap_large': 87.5474, 'market_cap_mid': 1.9797, 'market_cap_others': 3.3224, 'market_cap_small': 7.1505}",0.0,"{'avg_maturity_days': 0.0, 'avg_maturity_months': 0.0, 'avg_maturity_years': 0.0}","{'modified_maturity_days': 0.0, 'modified_maturity_months': 0.0, 'modified_maturity_years': 0.0}",27.4192,0.58,1
151762,"{'market_cap_large': 95.3017, 'market_cap_mid': 4.6009, 'market_cap_others': 0.0974, 'market_cap_small': 0.0}",0.0,"{'avg_maturity_days': 0.0, 'avg_maturity_months': 0.0, 'avg_maturity_years': 0.0}","{'modified_maturity_days': 0.0, 'modified_maturity_months': 0.0, 'modified_maturity_years': 0.0}",38.3762,0.3932,1
150858,"{'market_cap_large': 43.0519, 'market_cap_mid': 26.8405, 'market_cap_others': 3.7736, 'market_cap_small': 26.3341}",0.0,"{'avg_maturity_days': 0.0, 'avg_maturity_months': 0.0, 'avg_maturity_years': 0.0}","{'modified_maturity_days': 0.0, 'modified_maturity_months': 0.0, 'modified_maturity_years': 0.0}",49.6976,1.31,1
150554,"{'market_cap_large': 61.2626, 'market_cap_mid': 16.7872, 'market_cap_others': 6.5819, 'market_cap_small': 15.3682}",0.0,"{'avg_maturity_days': 0.0, 'avg_maturity_months': 0.0, 'avg_maturity_years': 0.0}","{'modified_maturity_days': 0.0, 'modified_maturity_months': 0.0, 'modified_maturity_years': 0.0}",0.0,0.6,1
119018,"{'market_cap_large': 90.6831, 'market_cap_mid': 5.6138, 'market_cap_others': 3.7031, 'market_cap_small': 0.0}",0.0,"{'avg_maturity_days': 0.0, 'avg_maturity_months': 0.0, 'avg_maturity_years': 0.0}","{'modified_maturity_days': 0.0, 'modified_maturity_months': 0.0, 'modified_maturity_years': 0.0}",27.6689,0.1716,1
148555,"{'market_cap_large': 34.2298, 'market_cap_mid': 30.4196, 'market_cap_others': 29.5657, 'market_cap_small': 5.7849}",0.0,"{'avg_maturity_days': 0.0, 'avg_maturity_months': 0.0, 'avg_maturity_years': 0.0}","{'modified_maturity_days': 0.0, 'modified_maturity_months': 0.0, 'modified_maturity_years': 0.0}",49.4062,0.0,1
149250,"{'market_cap_large': 98.8763, 'market_cap_mid': 1.1421, 'market_cap_others': -0.0185, 'market_cap_small': 0.0}",0.0,"{'avg_maturity_days': 0.0, 'avg_maturity_months': 0.0, 'avg_maturity_years': 0.0}","{'modified_maturity_days': 0.0, 'modified_maturity_months': 0.0, 'modified_maturity_years': 0.0}",30.264,0.09,1
152985,"{'market_cap_large': 45.6536, 'market_cap_mid': 37.6834, 'market_cap_others': 1.1202, 'market_cap_small': 15.5428}",0.0,"{'avg_maturity_days': 0.0, 'avg_maturity_months': 0.0, 'avg_maturity_years': 0.0}","{'modified_maturity_days': 0.0, 'modified_maturity_months': 0.0, 'modified_maturity_years': 0.0}",53.2278,0.0,1
150677,"{'market_cap_large': 0.1482, 'market_cap_mid': 1.8012, 'market_cap_others': -0.047, 'market_cap_small': 98.0976}",0.0,"{'avg_maturity_days': 0.0, 'avg_maturity_months': 0.0, 'avg_maturity_years': 0.0}","{'modified_maturity_days': 0.0, 'modified_maturity_months': 0.0, 'modified_maturity_years': 0.0}",41.7651,0.44,1
148618,"{'market_cap_large': 0.0, 'market_cap_mid': 12.6477, 'market_cap_others': 4.4706, 'market_cap_small': 82.8817}",0.0,"{'avg_maturity_days': 0.0, 'avg_maturity_months': 0.0, 'avg_maturity_years': 0.0}","{'modified_maturity_days': 0.0, 'modified_maturity_months': 0.0, 'modified_maturity_years': 0.0}",43.4777,0.46,1
152082,"{'market_cap_large': 36.3785, 'market_cap_mid': 26.4627, 'market_cap_others': 3.0999, 'market_cap_small': 34.0588}",0.0,"{'avg_maturity_days': 0.0, 'avg_maturity_months': 0.0, 'avg_maturity_years': 0.0}","{'modified_maturity_days': 0.0, 'modified_maturity_months': 0.0, 'modified_maturity_years': 0.0}",48.6851,0.3647,1
120688,"{'market_cap_large': 73.2727, 'market_cap_mid': 10.8525, 'market_cap_others': 10.1288, 'market_cap_small': 5.7459}",0.0,"{'avg_maturity_days': 0.0, 'avg_maturity_months': 0.0, 'avg_maturity_years': 0.0}","{'modified_maturity_days': 0.0, 'modified_maturity_months': 0.0, 'modified_maturity_years': 0.0}",32.1613,0.96,1
147131,"{'market_cap_large': 8.4494, 'market_cap_mid': 22.0473, 'market_cap_others': 6.1808, 'market_cap_small': 63.3225}",0.0,"{'avg_maturity_days': 0.0, 'avg_maturity_months': 0.0, 'avg_maturity_years': 0.0}","{'modified_maturity_days': 0.0, 'modified_maturity_months': 0.0, 'modified_maturity_years': 0.0}",48.2749,0.3,1
153118,"{'market_cap_large': 55.6309, 'market_cap_mid': 5.6121, 'market_cap_others': 4.9657, 'market_cap_small': 33.7913}",0.0,"{'avg_maturity_days': 0.0, 'avg_maturity_months': 0.0, 'avg_maturity_years': 0.0}","{'modified_maturity_days': 0.0, 'modified_maturity_months': 0.0, 'modified_maturity_years': 0.0}",31.2614,0.0,1
151757,"{'market_cap_large': 39.9559, 'market_cap_mid': 10.8336, 'market_cap_others': 19.5497, 'market_cap_small': 29.6607}",0.0,"{'avg_maturity_days': 0.0, 'avg_maturity_months': 0.0, 'avg_maturity_years': 0.0}","{'modified_maturity_days': 0.0, 'modified_maturity_months': 0.0, 'modified_maturity_years': 0.0}",40.4457,2.94,1
149936,"{'market_cap_large': 7.0202, 'market_cap_mid': 93.0043, 'market_cap_others': -0.0245, 'market_cap_small': 0.0}",0.0,"{'avg_maturity_days': 0.0, 'avg_maturity_months': 0.0, 'avg_maturity_years': 0.0}","{'modified_maturity_days': 0.0, 'modified_maturity_months': 0.0, 'modified_maturity_years': 0.0}",50.0754,0.0,1
152821,"{'market_cap_large': 41.289, 'market_cap_mid': 35.898, 'market_cap_others': 4.2304, 'market_cap_small': 18.5826}",0.0,"{'avg_maturity_days': 0.0, 'avg_maturity_months': 0.0, 'avg_maturity_years': 0.0}","{'modified_maturity_days': 0.0, 'modified_maturity_months': 0.0, 'modified_maturity_years': 0.0}",41.2672,0.0,1
119063,"{'market_cap_large': 98.8912, 'market_cap_mid': 1.1423, 'market_cap_others': -0.0335, 'market_cap_small': 0.0}",0.0,"{'avg_maturity_days': 0.0, 'avg_maturity_months': 0.0, 'avg_maturity_years': 0.0}","{'modified_maturity_days': 0.0, 'modified_maturity_months': 0.0, 'modified_maturity_years': 0.0}",30.2641,0.1052,1
149091,"{'market_cap_large': 72.7829, 'market_cap_mid': 22.2525, 'market_cap_others': 2.8945, 'market_cap_small': 2.0701}",0.0,"{'avg_maturity_days': 0.0, 'avg_maturity_months': 0.0, 'avg_maturity_years': 0.0}","{'modified_maturity_days': 0.0, 'modified_maturity_months': 0.0, 'modified_maturity_years': 0.0}",48.2245,0.24,1
153124,"{'market_cap_large': 73.5988, 'market_cap_mid': 11.1235, 'market_cap_others': 2.2565, 'market_cap_small': 13.0213}",0.0,"{'avg_maturity_days': 0.0, 'avg_maturity_months': 0.0, 'avg_maturity_years': 0.0}","{'modified_maturity_days': 0.0, 'modified_maturity_months': 0.0, 'modified_maturity_years': 0.0}",38.3966,0.0,1
152062,"{'market_cap_large': 99.1918, 'market_cap_mid': 0.4714, 'market_cap_others': 0.3368, 'market_cap_small': 0.0}",0.0,"{'avg_maturity_days': 0.0, 'avg_maturity_months': 0.0, 'avg_maturity_years': 0.0}","{'modified_maturity_days': 0.0, 'modified_maturity_months': 0.0, 'modified_maturity_years': 0.0}",31.3211,0.25,1
125597,"{'market_cap_large': 69.1985, 'market_cap_mid': 11.1675, 'market_cap_others': 5.1613, 'market_cap_small': 14.4727}",0.0,"{'avg_maturity_days': 0.0, 'avg_maturity_months': 0.0, 'avg_maturity_years': 0.0}","{'modified_maturity_days': 0.0, 'modified_maturity_months': 0.0, 'modified_maturity_years': 0.0}",21.3326,0.17,1
139221,"{'market_cap_large': 62.8991, 'market_cap_mid': 3.0093, 'market_cap_others': 34.0916, 'market_cap_small': 0.0}",0.0,"{'avg_maturity_days': 0.0, 'avg_maturity_months': 0.0, 'avg_maturity_years': 0.0}","{'modified_maturity_days': 0.0, 'modified_maturity_months': 0.0, 'modified_maturity_years': 0.0}",27.0807,9.1,1
119288,"{'market_cap_large': 98.8649, 'market_cap_mid': 1.1419, 'market_cap_others': -0.0069, 'market_cap_small': 0.0}",0.0,"{'avg_maturity_days': 0.0, 'avg_maturity_months': 0.0, 'avg_maturity_years': 0.0}","{'modified_maturity_days': 0.0, 'modified_maturity_months': 0.0, 'modified_maturity_years': 0.0}",30.264,0.1177,1
119255,"{'market_cap_large': 39.2868, 'market_cap_mid': 19.7217, 'market_cap_others': 20.2789, 'market_cap_small': 20.7126}",0.0,"{'avg_maturity_days': 0.0, 'avg_maturity_months': 0.0, 'avg_maturity_years': 0.0}","{'modified_maturity_days': 0.0, 'modified_maturity_months': 0.0, 'modified_maturity_years': 0.0}",0.0,0.4356,1
118870,"{'market_cap_large': 83.8805, 'market_cap_mid': 4.5142, 'market_cap_others': 7.3505, 'market_cap_small': 4.2547}",0.0,"{'avg_maturity_days': 0.0, 'avg_maturity_months': 0.0, 'avg_maturity_years': 0.0}","{'modified_maturity_days': 0.0, 'modified_maturity_months': 0.0, 'modified_maturity_years': 0.0}",25.4373,0.79,1
118482,"{'market_cap_large': 98.847, 'market_cap_mid': 1.1418, 'market_cap_others': 0.0112, 'market_cap_small': 0.0}",0.0,"{'avg_maturity_days': 0.0, 'avg_maturity_months': 0.0, 'avg_maturity_years': 0.0}","{'modified_maturity_days': 0.0, 'modified_maturity_months': 0.0, 'modified_maturity_years': 0.0}",30.2641,0.14,1
151078,"{'market_cap_large': 50.7844, 'market_cap_mid': 22.9985, 'market_cap_others': 0.9348, 'market_cap_small': 25.2823}",0.0,"{'avg_maturity_days': 0.0, 'avg_maturity_months': 0.0, 'avg_maturity_years': 0.0}","{'modified_maturity_days': 0.0, 'modified_maturity_months': 0.0, 'modified_maturity_years': 0.0}",43.8271,0.18,1
122639,"{'market_cap_large': 61.5216, 'market_cap_mid': 2.0669, 'market_cap_others': 33.7992, 'market_cap_small': 2.6124}",0.0,"{'avg_maturity_days': 0.0, 'avg_maturity_months': 0.0, 'avg_maturity_years': 0.0}","{'modified_maturity_days': 0.0, 'modified_maturity_months': 0.0, 'modified_maturity_years': 0.0}",21.346,0.3055,1
118784,"{'market_cap_large': 58.3225, 'market_cap_mid': 20.1336, 'market_cap_others': 4.0565, 'market_cap_small': 17.4873}",0.0,"{'avg_maturity_days': 0.0, 'avg_maturity_months': 0.0, 'avg_maturity_years': 0.0}","{'modified_maturity_days': 0.0, 'modified_maturity_months': 0.0, 'modified_maturity_years': 0.0}",39.1431,0.46,1
153330,"{'market_cap_large': 68.8867, 'market_cap_mid': 17.8725, 'market_cap_others': 0.2795, 'market_cap_small': 12.9613}",0.0,"{'avg_maturity_days': 0.0, 'avg_maturity_months': 0.0, 'avg_maturity_years': 0.0}","{'modified_maturity_days': 0.0, 'modified_maturity_months': 0.0, 'modified_maturity_years': 0.0}",37.1732,0.0,1
153223,"{'market_cap_large': 0.1483, 'market_cap_mid': 1.8037, 'market_cap_others': -0.17, 'market_cap_small': 98.2181}",0.0,"{'avg_maturity_days': 0.0, 'avg_maturity_months': 0.0, 'avg_maturity_years': 0.0}","{'modified_maturity_days': 0.0, 'modified_maturity_months': 0.0, 'modified_maturity_years': 0.0}",41.7669,0.2547,1
152076,"{'market_cap_large': 23.8688, 'market_cap_mid': 9.8101, 'market_cap_others': 55.7001, 'market_cap_small': 10.6211}",6.8999,"{'avg_maturity_days': 1060.763, 'avg_maturity_months': 34.8744, 'avg_maturity_years': 2.9062}","{'modified_maturity_days': 0.0, 'modified_maturity_months': 0.0, 'modified_maturity_years': 0.0}",42.8083,0.57,1
149335,"{'market_cap_large': 47.8588, 'market_cap_mid': 9.4513, 'market_cap_others': 15.7731, 'market_cap_small': 26.9169}",0.0,"{'avg_maturity_days': 0.0, 'avg_maturity_months': 0.0, 'avg_maturity_years': 0.0}","{'modified_maturity_days': 0.0, 'modified_maturity_months': 0.0, 'modified_maturity_years': 0.0}",34.07,2.83,1
143341,"{'market_cap_large': 89.2842, 'market_cap_mid': 9.7807, 'market_cap_others': 0.9351, 'market_cap_small': 0.0}",0.0,"{'avg_maturity_days': 0.0, 'avg_maturity_months': 0.0, 'avg_maturity_years': 0.0}","{'modified_maturity_days': 0.0, 'modified_maturity_months': 0.0, 'modified_maturity_years': 0.0}",45.3493,0.67,1
150591,"{'market_cap_large': 63.3683, 'market_cap_mid': 35.649, 'market_cap_others': 0.9827, 'market_cap_small': 0.0}",0.0,"{'avg_maturity_days': 0.0, 'avg_maturity_months': 0.0, 'avg_maturity_years': 0.0}","{'modified_maturity_days': 0.0, 'modified_maturity_months': 0.0, 'modified_maturity_years': 0.0}",56.2056,1.28,1
119242,"{'market_cap_large': 62.8971, 'market_cap_mid': 17.7508, 'market_cap_others': 6.7697, 'market_cap_small': 12.5824}",0.0,"{'avg_maturity_days': 0.0, 'avg_maturity_months': 0.0, 'avg_maturity_years': 0.0}","{'modified_maturity_days': 0.0, 'modified_maturity_months': 0.0, 'modified_maturity_years': 0.0}",30.2153,0.34,1
152087,"{'market_cap_large': 17.1967, 'market_cap_mid': 29.6117, 'market_cap_others': 4.6892, 'market_cap_small': 48.5024}",0.0,"{'avg_maturity_days': 0.0, 'avg_maturity_months': 0.0, 'avg_maturity_years': 0.0}","{'modified_maturity_days': 0.0, 'modified_maturity_months': 0.0, 'modified_maturity_years': 0.0}",81.0992,0.11,1
147796,"{'market_cap_large': 89.339, 'market_cap_mid': 9.7808, 'market_cap_others': 0.8802, 'market_cap_small': 0.0}",0.0,"{'avg_maturity_days': 0.0, 'avg_maturity_months': 0.0, 'avg_maturity_years': 0.0}","{'modified_maturity_days': 0.0, 'modified_maturity_months': 0.0, 'modified_maturity_years': 0.0}",45.3478,0.82,1
152728,"{'market_cap_large': 63.4858, 'market_cap_mid': 11.9919, 'market_cap_others': 8.2383, 'market_cap_small': 16.2839}",0.0,"{'avg_maturity_days': 0.0, 'avg_maturity_months': 0.0, 'avg_maturity_years': 0.0}","{'modified_maturity_days': 0.0, 'modified_maturity_months': 0.0, 'modified_maturity_years': 0.0}",23.7181,0.63,1
152607,"{'market_cap_large': 33.7591, 'market_cap_mid': 20.0599, 'market_cap_others': 4.7474, 'market_cap_small': 41.4335}",0.0,"{'avg_maturity_days': 0.0, 'avg_maturity_months': 0.0, 'avg_maturity_years': 0.0}","{'modified_maturity_days': 0.0, 'modified_maturity_months': 0.0, 'modified_maturity_years': 0.0}",59.8113,1.05,1
118989,"{'market_cap_large': 5.6675, 'market_cap_mid': 65.4525, 'market_cap_others': 8.7052, 'market_cap_small': 20.1747}",0.0,"{'avg_maturity_days': 0.0, 'avg_maturity_months': 0.0, 'avg_maturity_years': 0.0}","{'modified_maturity_days': 0.0, 'modified_maturity_months': 0.0, 'modified_maturity_years': 0.0}",44.7551,0.1682,1
153089,"{'market_cap_large': 5.0098, 'market_cap_mid': 91.8782, 'market_cap_others': 0.0894, 'market_cap_small': 3.0226}",0.0,"{'avg_maturity_days': 0.0, 'avg_maturity_months': 0.0, 'avg_maturity_years': 0.0}","{'modified_maturity_days': 0.0, 'modified_maturity_months': 0.0, 'modified_maturity_years': 0.0}",51.0424,0.193,1
152679,"{'market_cap_large': 68.8617, 'market_cap_mid': 17.6692, 'market_cap_others': 2.4814, 'market_cap_small': 10.9876}",0.0,"{'avg_maturity_days': 0.0, 'avg_maturity_months': 0.0, 'avg_maturity_years': 0.0}","{'modified_maturity_days': 0.0, 'modified_maturity_months': 0.0, 'modified_maturity_years': 0.0}",26.1199,0.5,1
119354,"{'market_cap_large': 40.0015, 'market_cap_mid': 26.742, 'market_cap_others': 7.3014, 'market_cap_small': 25.9552}",0.0,"{'avg_maturity_days': 0.0, 'avg_maturity_months': 0.0, 'avg_maturity_years': 0.0}","{'modified_maturity_days': 0.0, 'modified_maturity_months': 0.0, 'modified_maturity_years': 0.0}",58.6596,1.2,1
119464,"{'market_cap_large': 59.7808, 'market_cap_mid': 24.0548, 'market_cap_others': 12.6983, 'market_cap_small': 3.4662}",0.0,"{'avg_maturity_days': 0.0, 'avg_maturity_months': 0.0, 'avg_maturity_years': 0.0}","{'modified_maturity_days': 0.0, 'modified_maturity_months': 0.0, 'modified_maturity_years': 0.0}",48.7387,0.48,1
153015,"{'market_cap_large': 91.8725, 'market_cap_mid': 8.1641, 'market_cap_others': -0.0366, 'market_cap_small': 0.0}",0.0,"{'avg_maturity_days': 0.0, 'avg_maturity_months': 0.0, 'avg_maturity_years': 0.0}","{'modified_maturity_days': 0.0, 'modified_maturity_months': 0.0, 'modified_maturity_years': 0.0}",53.4094,0.08,1
118724,"{'market_cap_large': 66.4487, 'market_cap_mid': 17.6906, 'market_cap_others': 2.7754, 'market_cap_small': 13.0854}",0.0,"{'avg_maturity_days': 0.0, 'avg_maturity_months': 0.0, 'avg_maturity_years': 0.0}","{'modified_maturity_days': 0.0, 'modified_maturity_months': 0.0, 'modified_maturity_years': 0.0}",62.3407,0.29,1
153171,"{'market_cap_large': 65.4105, 'market_cap_mid': 15.4246, 'market_cap_others': 8.3731, 'market_cap_small': 10.7918}",0.0,"{'avg_maturity_days': 0.0, 'avg_maturity_months': 0.0, 'avg_maturity_years': 0.0}","{'modified_maturity_days': 0.0, 'modified_maturity_months': 0.0, 'modified_maturity_years': 0.0}",0.0,0.53,1
125497,"{'market_cap_large': 0.0, 'market_cap_mid': 1.7712, 'market_cap_others': 21.2702, 'market_cap_small': 76.9586}",0.0,"{'avg_maturity_days': 0.0, 'avg_maturity_months': 0.0, 'avg_maturity_years': 0.0}","{'modified_maturity_days': 0.0, 'modified_maturity_months': 0.0, 'modified_maturity_years': 0.0}",40.4481,0.81,1
151160,"{'market_cap_large': 89.3287, 'market_cap_mid': 9.7837, 'market_cap_others': 0.8875, 'market_cap_small': 0.0}",0.0,"{'avg_maturity_days': 0.0, 'avg_maturity_months': 0.0, 'avg_maturity_years': 0.0}","{'modified_maturity_days': 0.0, 'modified_maturity_months': 0.0, 'modified_maturity_years': 0.0}",45.3896,0.64,1
120486,"{'market_cap_large': 44.3591, 'market_cap_mid': 10.4532, 'market_cap_others': 0.6864, 'market_cap_small': 44.5012}",0.0,"{'avg_maturity_days': 0.0, 'avg_maturity_months': 0.0, 'avg_maturity_years': 0.0}","{'modified_maturity_days': 0.0, 'modified_maturity_months': 0.0, 'modified_maturity_years': 0.0}",29.644,1.2451,1
120244,"{'market_cap_large': 66.5059, 'market_cap_mid': 13.8964, 'market_cap_others': 10.4632, 'market_cap_small': 9.1345}",0.0,"{'avg_maturity_days': 0.0, 'avg_maturity_months': 0.0, 'avg_maturity_years': 0.0}","{'modified_maturity_days': 0.0, 'modified_maturity_months': 0.0, 'modified_maturity_years': 0.0}",29.5845,0.58,1
152039,"{'market_cap_large': 40.5324, 'market_cap_mid': 59.5189, 'market_cap_others': -0.0513, 'market_cap_small': 0.0}",0.0,"{'avg_maturity_days': 0.0, 'avg_maturity_months': 0.0, 'avg_maturity_years': 0.0}","{'modified_maturity_days': 0.0, 'modified_maturity_months': 0.0, 'modified_maturity_years': 0.0}",54.7532,0.5736,1
149450,"{'market_cap_large': 6.5505, 'market_cap_mid': 44.5257, 'market_cap_others': 2.2564, 'market_cap_small': 46.6674}",0.0,"{'avg_maturity_days': 0.0, 'avg_maturity_months': 0.0, 'avg_maturity_years': 0.0}","{'modified_maturity_days': 0.0, 'modified_maturity_months': 0.0, 'modified_maturity_years': 0.0}",57.9609,2.58,1
152226,"{'market_cap_large': 51.0446, 'market_cap_mid': 33.1293, 'market_cap_others': 11.8263, 'market_cap_small': 3.9998}",0.0,"{'avg_maturity_days': 0.0, 'avg_maturity_months': 0.0, 'avg_maturity_years': 0.0}","{'modified_maturity_days': 0.0, 'modified_maturity_months': 0.0, 'modified_maturity_years': 0.0}",47.5195,2.02,1
119711,"{'market_cap_large': 31.2271, 'market_cap_mid': 32.6451, 'market_cap_others': 3.4379, 'market_cap_small': 32.6899}",0.0,"{'avg_maturity_days': 0.0, 'avg_maturity_months': 0.0, 'avg_maturity_years': 0.0}","{'modified_maturity_days': 0.0, 'modified_maturity_months': 0.0, 'modified_maturity_years': 0.0}",51.5611,0.55,1
129212,"{'market_cap_large': 60.9443, 'market_cap_mid': 14.246, 'market_cap_others': 5.1964, 'market_cap_small': 19.6132}",0.0,"{'avg_maturity_days': 0.0, 'avg_maturity_months': 0.0, 'avg_maturity_years': 0.0}","{'modified_maturity_days': 0.0, 'modified_maturity_months': 0.0, 'modified_maturity_years': 0.0}",39.1552,0.351,1
152654,"{'market_cap_large': 83.532, 'market_cap_mid': 16.1209, 'market_cap_others': 0.3471, 'market_cap_small': 0.0}",0.0,"{'avg_maturity_days': 0.0, 'avg_maturity_months': 0.0, 'avg_maturity_years': 0.0}","{'modified_maturity_days': 0.0, 'modified_maturity_months': 0.0, 'modified_maturity_years': 0.0}",17.2069,0.46,1
119071,"{'market_cap_large': 10.8179, 'market_cap_mid': 66.976, 'market_cap_others': 6.6253, 'market_cap_small': 15.5807}",0.0,"{'avg_maturity_days': 0.0, 'avg_maturity_months': 0.0, 'avg_maturity_years': 0.0}","{'modified_maturity_days': 0.0, 'modified_maturity_months': 0.0, 'modified_maturity_years': 0.0}",46.9307,0.37,1
150685,"{'market_cap_large': 66.2984, 'market_cap_mid': 8.7808, 'market_cap_others': 12.1033, 'market_cap_small': 12.8175}",0.0,"{'avg_maturity_days': 0.0, 'avg_maturity_months': 0.0, 'avg_maturity_years': 0.0}","{'modified_maturity_days': 0.0, 'modified_maturity_months': 0.0, 'modified_maturity_years': 0.0}",32.022,0.45,1
130503,"{'market_cap_large': 4.4906, 'market_cap_mid': 8.2659, 'market_cap_others': 7.5629, 'market_cap_small': 79.6806}",0.0,"{'avg_maturity_days': 0.0, 'avg_maturity_months': 0.0, 'avg_maturity_years': 0.0}","{'modified_maturity_days': 0.0, 'modified_maturity_months': 0.0, 'modified_maturity_years': 0.0}",36.5024,0.1116,1
119507,"{'market_cap_large': 64.3184, 'market_cap_mid': 7.0013, 'market_cap_others': 9.693, 'market_cap_small': 18.9872}",0.0,"{'avg_maturity_days': 0.0, 'avg_maturity_months': 0.0, 'avg_maturity_years': 0.0}","{'modified_maturity_days': 0.0, 'modified_maturity_months': 0.0, 'modified_maturity_years': 0.0}",25.1028,0.31,1
152859,"{'market_cap_large': 75.186, 'market_cap_mid': 25.1409, 'market_cap_others': -0.327, 'market_cap_small': 0.0}",0.0,"{'avg_maturity_days': 0.0, 'avg_maturity_months': 0.0, 'avg_maturity_years': 0.0}","{'modified_maturity_days': 0.0, 'modified_maturity_months': 0.0, 'modified_maturity_years': 0.0}",41.65,0.1837,1
152214,"{'market_cap_large': 38.1362, 'market_cap_mid': 30.5103, 'market_cap_others': 3.4565, 'market_cap_small': 27.897}",0.0,"{'avg_maturity_days': 0.0, 'avg_maturity_months': 0.0, 'avg_maturity_years': 0.0}","{'modified_maturity_days': 0.0, 'modified_maturity_months': 0.0, 'modified_maturity_years': 0.0}",48.6345,0.3959,1
153086,"{'market_cap_large': 82.0817, 'market_cap_mid': 16.4749, 'market_cap_others': 1.4434, 'market_cap_small': 0.0}",0.0,"{'avg_maturity_days': 0.0, 'avg_maturity_months': 0.0, 'avg_maturity_years': 0.0}","{'modified_maturity_days': 0.0, 'modified_maturity_months': 0.0, 'modified_maturity_years': 0.0}",45.7619,0.4585,1
151785,"{'market_cap_large': 83.3583, 'market_cap_mid': 16.4943, 'market_cap_others': 0.1473, 'market_cap_small': 0.0}",0.0,"{'avg_maturity_days': 0.0, 'avg_maturity_months': 0.0, 'avg_maturity_years': 0.0}","{'modified_maturity_days': 0.0, 'modified_maturity_months': 0.0, 'modified_maturity_years': 0.0}",29.4686,0.0,1
152810,"{'market_cap_large': 61.2281, 'market_cap_mid': 19.2998, 'market_cap_others': 6.5608, 'market_cap_small': 12.9113}",0.0,"{'avg_maturity_days': 0.0, 'avg_maturity_months': 0.0, 'avg_maturity_years': 0.0}","{'modified_maturity_days': 0.0, 'modified_maturity_months': 0.0, 'modified_maturity_years': 0.0}",33.8943,0.94,1
118879,"{'market_cap_large': 56.278, 'market_cap_mid': 10.5464, 'market_cap_others': 3.6084, 'market_cap_small': 29.5671}",0.0,"{'avg_maturity_days': 0.0, 'avg_maturity_months': 0.0, 'avg_maturity_years': 0.0}","{'modified_maturity_days': 0.0, 'modified_maturity_months': 0.0, 'modified_maturity_years': 0.0}",28.5924,0.65,1
152951,"{'market_cap_large': 0.0, 'market_cap_mid': 52.0822, 'market_cap_others': 0.0277, 'market_cap_small': 47.8901}",0.0,"{'avg_maturity_days': 0.0, 'avg_maturity_months': 0.0, 'avg_maturity_years': 0.0}","{'modified_maturity_days': 0.0, 'modified_maturity_months': 0.0, 'modified_maturity_years': 0.0}",46.2924,0.2182,1
153029,"{'market_cap_large': 14.0385, 'market_cap_mid': 69.572, 'market_cap_others': -0.0152, 'market_cap_small': 16.4047}",0.0,"{'avg_maturity_days': 0.0, 'avg_maturity_months': 0.0, 'avg_maturity_years': 0.0}","{'modified_maturity_days': 0.0, 'modified_maturity_months': 0.0, 'modified_maturity_years': 0.0}",36.3576,0.16,1
152697,"{'market_cap_large': 55.3188, 'market_cap_mid': 15.8842, 'market_cap_others': 7.7971, 'market_cap_small': 20.9998}",0.0,"{'avg_maturity_days': 0.0, 'avg_maturity_months': 0.0, 'avg_maturity_years': 0.0}","{'modified_maturity_days': 0.0, 'modified_maturity_months': 0.0, 'modified_maturity_years': 0.0}",50.3797,0.55,1
147372,"{'market_cap_large': 49.2791, 'market_cap_mid': 25.4702, 'market_cap_others': 4.3837, 'market_cap_small': 20.867}",0.0,"{'avg_maturity_days': 0.0, 'avg_maturity_months': 0.0, 'avg_maturity_years': 0.0}","{'modified_maturity_days': 0.0, 'modified_maturity_months': 0.0, 'modified_maturity_years': 0.0}",45.531,0.1556,1
152107,"{'market_cap_large': 11.8879, 'market_cap_mid': 3.4349, 'market_cap_others': 14.8274, 'market_cap_small': 69.8498}",0.0,"{'avg_maturity_days': 0.0, 'avg_maturity_months': 0.0, 'avg_maturity_years': 0.0}","{'modified_maturity_days': 0.0, 'modified_maturity_months': 0.0, 'modified_maturity_years': 0.0}",28.7282,0.1129,1
118275,"{'market_cap_large': 72.561, 'market_cap_mid': 18.124, 'market_cap_others': 3.2914, 'market_cap_small': 6.0236}",0.0,"{'avg_maturity_days': 0.0, 'avg_maturity_months': 0.0, 'avg_maturity_years': 0.0}","{'modified_maturity_days': 0.0, 'modified_maturity_months': 0.0, 'modified_maturity_years': 0.0}",41.3862,0.32,1
149389,"{'market_cap_large': 5.011, 'market_cap_mid': 91.9025, 'market_cap_others': 0.0633, 'market_cap_small': 3.0232}",0.0,"{'avg_maturity_days': 0.0, 'avg_maturity_months': 0.0, 'avg_maturity_years': 0.0}","{'modified_maturity_days': 0.0, 'modified_maturity_months': 0.0, 'modified_maturity_years': 0.0}",51.0425,0.3,1
120733,"{'market_cap_large': 72.0795, 'market_cap_mid': 8.8885, 'market_cap_others': 1.6514, 'market_cap_small': 17.3806}",0.0,"{'avg_maturity_days': 0.0, 'avg_maturity_months': 0.0, 'avg_maturity_years': 0.0}","{'modified_maturity_days': 0.0, 'modified_maturity_months': 0.0, 'modified_maturity_years': 0.0}",27.3206,0.55,1
153132,"{'market_cap_large': 95.1114, 'market_cap_mid': 4.9949, 'market_cap_others': -0.1063, 'market_cap_small': 0.0}",0.0,"{'avg_maturity_days': 0.0, 'avg_maturity_months': 0.0, 'avg_maturity_years': 0.0}","{'modified_maturity_days': 0.0, 'modified_maturity_months': 0.0, 'modified_maturity_years': 0.0}",38.4418,0.1114,1
153364,"{'market_cap_large': 20.2843, 'market_cap_mid': 20.84, 'market_cap_others': 32.5534, 'market_cap_small': 26.3224}",0.0,"{'avg_maturity_days': 0.0, 'avg_maturity_months': 0.0, 'avg_maturity_years': 0.0}","{'modified_maturity_days': 0.0, 'modified_maturity_months': 0.0, 'modified_maturity_years': 0.0}",55.2096,0.0,1
118759,"{'market_cap_large': 38.8815, 'market_cap_mid': 32.2624, 'market_cap_others': 0.2918, 'market_cap_small': 28.5643}",0.0,"{'avg_maturity_days': 0.0, 'avg_maturity_months': 0.0, 'avg_maturity_years': 0.0}","{'modified_maturity_days': 0.0, 'modified_maturity_months': 0.0, 'modified_maturity_years': 0.0}",47.2661,0.14,1
150673,"{'market_cap_large': 5.0112, 'market_cap_mid': 91.9081, 'market_cap_others': 0.0575, 'market_cap_small': 3.0232}",0.0,"{'avg_maturity_days': 0.0, 'avg_maturity_months': 0.0, 'avg_maturity_years': 0.0}","{'modified_maturity_days': 0.0, 'modified_maturity_months': 0.0, 'modified_maturity_years': 0.0}",51.0424,0.26,1
151895,"{'market_cap_large': 59.6517, 'market_cap_mid': 15.5371, 'market_cap_others': 2.6259, 'market_cap_small': 22.1853}",0.0,"{'avg_maturity_days': 0.0, 'avg_maturity_months': 0.0, 'avg_maturity_years': 0.0}","{'modified_maturity_days': 0.0, 'modified_maturity_months': 0.0, 'modified_maturity_years': 0.0}",49.5866,0.93,1
153138,"{'market_cap_large': 0.0, 'market_cap_mid': 53.4511, 'market_cap_others': -2.5982, 'market_cap_small': 49.147}",0.0,"{'avg_maturity_days': 0.0, 'avg_maturity_months': 0.0, 'avg_maturity_years': 0.0}","{'modified_maturity_days': 0.0, 'modified_maturity_months': 0.0, 'modified_maturity_years': 0.0}",46.2928,0.08,1
148567,"{'market_cap_large': 86.0568, 'market_cap_mid': 3.9774, 'market_cap_others': 2.8335, 'market_cap_small': 7.1323}",0.0,"{'avg_maturity_days': 0.0, 'avg_maturity_months': 0.0, 'avg_maturity_years': 0.0}","{'modified_maturity_days': 0.0, 'modified_maturity_months': 0.0, 'modified_maturity_years': 0.0}",27.9103,0.34,1
146549,"{'market_cap_large': 87.7386, 'market_cap_mid': 6.516, 'market_cap_others': 3.4985, 'market_cap_small': 2.2469}",0.0,"{'avg_maturity_days': 0.0, 'avg_maturity_months': 0.0, 'avg_maturity_years': 0.0}","{'modified_maturity_days': 0.0, 'modified_maturity_months': 0.0, 'modified_maturity_years': 0.0}",35.9169,0.68,1
152310,"{'market_cap_large': 30.305, 'market_cap_mid': 27.3935, 'market_cap_others': 9.9846, 'market_cap_small': 32.317}",0.0,"{'avg_maturity_days': 0.0, 'avg_maturity_months': 0.0, 'avg_maturity_years': 0.0}","{'modified_maturity_days': 0.0, 'modified_maturity_months': 0.0, 'modified_maturity_years': 0.0}",42.2341,0.17,1
149483,"{'market_cap_large': 90.0756, 'market_cap_mid': 7.0802, 'market_cap_others': 2.8442, 'market_cap_small': 0.0}",0.0,"{'avg_maturity_days': 0.0, 'avg_maturity_months': 0.0, 'avg_maturity_years': 0.0}","{'modified_maturity_days': 0.0, 'modified_maturity_months': 0.0, 'modified_maturity_years': 0.0}",41.4165,0.283,1
135689,"{'market_cap_large': 6.1225, 'market_cap_mid': 0.0, 'market_cap_others': 93.8775, 'market_cap_small': 0.0}",0.0,"{'avg_maturity_days': 0.0, 'avg_maturity_months': 0.0, 'avg_maturity_years': 0.0}","{'modified_maturity_days': 0.0, 'modified_maturity_months': 0.0, 'modified_maturity_years': 0.0}",24.9726,0.0,1
151471,"{'market_cap_large': 99.007, 'market_cap_mid': 1.0321, 'market_cap_others': -0.0391, 'market_cap_small': 0.0}",0.0,"{'avg_maturity_days': 0.0, 'avg_maturity_months': 0.0, 'avg_maturity_years': 0.0}","{'modified_maturity_days': 0.0, 'modified_maturity_months': 0.0, 'modified_maturity_years': 0.0}",33.3811,0.07,1
118527,"{'market_cap_large': 52.6189, 'market_cap_mid': 10.5593, 'market_cap_others': 25.4662, 'market_cap_small': 11.3556}",0.0,"{'avg_maturity_days': 0.0, 'avg_maturity_months': 0.0, 'avg_maturity_years': 0.0}","{'modified_maturity_days': 0.0, 'modified_maturity_months': 0.0, 'modified_maturity_years': 0.0}",22.7305,0.1293,1
153303,"{'market_cap_large': 52.3617, 'market_cap_mid': 13.4502, 'market_cap_others': 9.5051, 'market_cap_small': 24.683}",0.0,"{'avg_maturity_days': 0.0, 'avg_maturity_months': 0.0, 'avg_maturity_years': 0.0}","{'modified_maturity_days': 0.0, 'modified_maturity_months': 0.0, 'modified_maturity_years': 0.0}",33.0087,0.0,1
122389,"{'market_cap_large': 11.1435, 'market_cap_mid': 33.8687, 'market_cap_others': 5.4112, 'market_cap_small': 49.5766}",0.0,"{'avg_maturity_days': 0.0, 'avg_maturity_months': 0.0, 'avg_maturity_years': 0.0}","{'modified_maturity_days': 0.0, 'modified_maturity_months': 0.0, 'modified_maturity_years': 0.0}",53.6497,1.06,1
145356,"{'market_cap_large': 58.3348, 'market_cap_mid': 11.7395, 'market_cap_others': 6.7623, 'market_cap_small': 23.1634}",0.0,"{'avg_maturity_days': 0.0, 'avg_maturity_months': 0.0, 'avg_maturity_years': 0.0}","{'modified_maturity_days': 0.0, 'modified_maturity_months': 0.0, 'modified_maturity_years': 0.0}",53.7826,0.24,1
144546,"{'market_cap_large': 58.6824, 'market_cap_mid': 13.7693, 'market_cap_others': 6.3405, 'market_cap_small': 21.2079}",0.0,"{'avg_maturity_days': 0.0, 'avg_maturity_months': 0.0, 'avg_maturity_years': 0.0}","{'modified_maturity_days': 0.0, 'modified_maturity_months': 0.0, 'modified_maturity_years': 0.0}",35.829,0.3981,1
120662,"{'market_cap_large': 61.4414, 'market_cap_mid': 23.1043, 'market_cap_others': 3.7575, 'market_cap_small': 11.6968}",0.0,"{'avg_maturity_days': 0.0, 'avg_maturity_months': 0.0, 'avg_maturity_years': 0.0}","{'modified_maturity_days': 0.0, 'modified_maturity_months': 0.0, 'modified_maturity_years': 0.0}",56.1734,0.1,1
141475,"{'market_cap_large': 7.5561, 'market_cap_mid': 24.8258, 'market_cap_others': 2.4228, 'market_cap_small': 65.1954}",0.0,"{'avg_maturity_days': 0.0, 'avg_maturity_months': 0.0, 'avg_maturity_years': 0.0}","{'modified_maturity_days': 0.0, 'modified_maturity_months': 0.0, 'modified_maturity_years': 0.0}",44.4128,0.09,1
120079,"{'market_cap_large': 46.6446, 'market_cap_mid': 18.1868, 'market_cap_others': 4.749, 'market_cap_small': 30.4195}",0.0,"{'avg_maturity_days': 0.0, 'avg_maturity_months': 0.0, 'avg_maturity_years': 0.0}","{'modified_maturity_days': 0.0, 'modified_maturity_months': 0.0, 'modified_maturity_years': 0.0}",47.9596,0.16,1
152584,"{'market_cap_large': 48.9196, 'market_cap_mid': 23.774, 'market_cap_others': 8.2783, 'market_cap_small': 19.0282}",0.0,"{'avg_maturity_days': 0.0, 'avg_maturity_months': 0.0, 'avg_maturity_years': 0.0}","{'modified_maturity_days': 0.0, 'modified_maturity_months': 0.0, 'modified_maturity_years': 0.0}",46.2876,2.49,1
147306,"{'market_cap_large': 65.8103, 'market_cap_mid': 32.3497, 'market_cap_others': 1.84, 'market_cap_small': 0.0}",0.0,"{'avg_maturity_days': 0.0, 'avg_maturity_months': 0.0, 'avg_maturity_years': 0.0}","{'modified_maturity_days': 0.0, 'modified_maturity_months': 0.0, 'modified_maturity_years': 0.0}",30.3391,0.97,1
148986,"{'market_cap_large': 66.8183, 'market_cap_mid': 13.5653, 'market_cap_others': 2.4039, 'market_cap_small': 17.2125}",0.0,"{'avg_maturity_days': 0.0, 'avg_maturity_months': 0.0, 'avg_maturity_years': 0.0}","{'modified_maturity_days': 0.0, 'modified_maturity_months': 0.0, 'modified_maturity_years': 0.0}",24.9124,0.1653,1
119564,"{'market_cap_large': 82.1006, 'market_cap_mid': 12.3318, 'market_cap_others': 3.611, 'market_cap_small': 1.9566}",0.0,"{'avg_maturity_days': 0.0, 'avg_maturity_months': 0.0, 'avg_maturity_years': 0.0}","{'modified_maturity_days': 0.0, 'modified_maturity_months': 0.0, 'modified_maturity_years': 0.0}",37.3707,0.35,1
152450,"{'market_cap_large': 46.0292, 'market_cap_mid': 24.5827, 'market_cap_others': 4.2245, 'market_cap_small': 25.1636}",0.0,"{'avg_maturity_days': 0.0, 'avg_maturity_months': 0.0, 'avg_maturity_years': 0.0}","{'modified_maturity_days': 0.0, 'modified_maturity_months': 0.0, 'modified_maturity_years': 0.0}",47.5385,0.25,1
152206,"{'market_cap_large': 62.6926, 'market_cap_mid': 8.9382, 'market_cap_others': 18.7627, 'market_cap_small': 9.6064}",0.0,"{'avg_maturity_days': 0.0, 'avg_maturity_months': 0.0, 'avg_maturity_years': 0.0}","{'modified_maturity_days': 0.0, 'modified_maturity_months': 0.0, 'modified_maturity_years': 0.0}",34.5281,0.79,1
119436,"{'market_cap_large': 50.8418, 'market_cap_mid': 36.2001, 'market_cap_others': 2.3677, 'market_cap_small': 10.5905}",0.0,"{'avg_maturity_days': 0.0, 'avg_maturity_months': 0.0, 'avg_maturity_years': 0.0}","{'modified_maturity_days': 0.0, 'modified_maturity_months': 0.0, 'modified_maturity_years': 0.0}",46.9561,0.38,1
120833,"{'market_cap_large': 52.789, 'market_cap_mid': 8.6726, 'market_cap_others': 11.2332, 'market_cap_small': 27.3051}",0.0,"{'avg_maturity_days': 0.0, 'avg_maturity_months': 0.0, 'avg_maturity_years': 0.0}","{'modified_maturity_days': 0.0, 'modified_maturity_months': 0.0, 'modified_maturity_years': 0.0}",27.6409,2.24,1
135341,"{'market_cap_large': 64.038, 'market_cap_mid': 13.8454, 'market_cap_others': 9.5548, 'market_cap_small': 12.5618}",0.0,"{'avg_maturity_days': 0.0, 'avg_maturity_months': 0.0, 'avg_maturity_years': 0.0}","{'modified_maturity_days': 0.0, 'modified_maturity_months': 0.0, 'modified_maturity_years': 0.0}",27.9128,1.66,1
150817,"{'market_cap_large': 14.2598, 'market_cap_mid': 75.5329, 'market_cap_others': 3.8354, 'market_cap_small': 6.3719}",0.0,"{'avg_maturity_days': 0.0, 'avg_maturity_months': 0.0, 'avg_maturity_years': 0.0}","{'modified_maturity_days': 0.0, 'modified_maturity_months': 0.0, 'modified_maturity_years': 0.0}",62.385,0.66,1
118632,"{'market_cap_large': 81.4874, 'market_cap_mid': 11.1447, 'market_cap_others': 3.6035, 'market_cap_small': 3.7644}",0.0,"{'avg_maturity_days': 0.0, 'avg_maturity_months': 0.0, 'avg_maturity_years': 0.0}","{'modified_maturity_days': 0.0, 'modified_maturity_months': 0.0, 'modified_maturity_years': 0.0}",37.8872,0.27,1
148539,"{'market_cap_large': 54.3106, 'market_cap_mid': 18.0861, 'market_cap_others': 3.6553, 'market_cap_small': 23.948}",0.0,"{'avg_maturity_days': 0.0, 'avg_maturity_months': 0.0, 'avg_maturity_years': 0.0}","{'modified_maturity_days': 0.0, 'modified_maturity_months': 0.0, 'modified_maturity_years': 0.0}",41.3804,0.27,1
120682,"{'market_cap_large': 49.397, 'market_cap_mid': 20.7311, 'market_cap_others': 5.4177, 'market_cap_small': 24.4542}",0.0,"{'avg_maturity_days': 0.0, 'avg_maturity_months': 0.0, 'avg_maturity_years': 0.0}","{'modified_maturity_days': 0.0, 'modified_maturity_months': 0.0, 'modified_maturity_years': 0.0}",42.9378,0.34,1
118273,"{'market_cap_large': 56.1949, 'market_cap_mid': 19.8768, 'market_cap_others': 5.5825, 'market_cap_small': 18.3458}",0.0,"{'avg_maturity_days': 0.0, 'avg_maturity_months': 0.0, 'avg_maturity_years': 0.0}","{'modified_maturity_days': 0.0, 'modified_maturity_months': 0.0, 'modified_maturity_years': 0.0}",45.447,0.19,1
152535,"{'market_cap_large': 82.1728, 'market_cap_mid': 16.4605, 'market_cap_others': 1.3667, 'market_cap_small': 0.0}",0.0,"{'avg_maturity_days': 0.0, 'avg_maturity_months': 0.0, 'avg_maturity_years': 0.0}","{'modified_maturity_days': 0.0, 'modified_maturity_months': 0.0, 'modified_maturity_years': 0.0}",31.2835,0.53,1
120620,"{'market_cap_large': 98.8279, 'market_cap_mid': 1.1415, 'market_cap_others': 0.0306, 'market_cap_small': 0.0}",0.0,"{'avg_maturity_days': 0.0, 'avg_maturity_months': 0.0, 'avg_maturity_years': 0.0}","{'modified_maturity_days': 0.0, 'modified_maturity_months': 0.0, 'modified_maturity_years': 0.0}",30.264,0.11,1
148745,"{'market_cap_large': 89.34, 'market_cap_mid': 9.7861, 'market_cap_others': 0.8739, 'market_cap_small': 0.0}",0.0,"{'avg_maturity_days': 0.0, 'avg_maturity_months': 0.0, 'avg_maturity_years': 0.0}","{'modified_maturity_days': 0.0, 'modified_maturity_months': 0.0, 'modified_maturity_years': 0.0}",45.3577,0.6773,1
153189,"{'market_cap_large': 52.6346, 'market_cap_mid': 15.7266, 'market_cap_others': 14.0176, 'market_cap_small': 17.6212}",0.0,"{'avg_maturity_days': 0.0, 'avg_maturity_months': 0.0, 'avg_maturity_years': 0.0}","{'modified_maturity_days': 0.0, 'modified_maturity_months': 0.0, 'modified_maturity_years': 0.0}",53.2716,0.0,1
152949,"{'market_cap_large': 70.1359, 'market_cap_mid': 19.3354, 'market_cap_others': 0.0385, 'market_cap_small': 10.4901}",0.0,"{'avg_maturity_days': 0.0, 'avg_maturity_months': 0.0, 'avg_maturity_years': 0.0}","{'modified_maturity_days': 0.0, 'modified_maturity_months': 0.0, 'modified_maturity_years': 0.0}",17.279,0.0,1
152910,"{'market_cap_large': 50.9987, 'market_cap_mid': 18.4537, 'market_cap_others': 8.1518, 'market_cap_small': 22.3958}",0.0,"{'avg_maturity_days': 0.0, 'avg_maturity_months': 0.0, 'avg_maturity_years': 0.0}","{'modified_maturity_days': 0.0, 'modified_maturity_months': 0.0, 'modified_maturity_years': 0.0}",48.2346,0.0,1
151157,"{'market_cap_large': 98.8959, 'market_cap_mid': 1.1422, 'market_cap_others': -0.0381, 'market_cap_small': 0.0}",0.0,"{'avg_maturity_days': 0.0, 'avg_maturity_months': 0.0, 'avg_maturity_years': 0.0}","{'modified_maturity_days': 0.0, 'modified_maturity_months': 0.0, 'modified_maturity_years': 0.0}",30.2638,0.09,1
147919,"{'market_cap_large': 5.905, 'market_cap_mid': 24.4327, 'market_cap_others': 4.5352, 'market_cap_small': 65.1271}",0.0,"{'avg_maturity_days': 0.0, 'avg_maturity_months': 0.0, 'avg_maturity_years': 0.0}","{'modified_maturity_days': 0.0, 'modified_maturity_months': 0.0, 'modified_maturity_years': 0.0}",49.5158,1.1,1
153286,"{'market_cap_large': 99.3082, 'market_cap_mid': 0.5893, 'market_cap_others': 0.1025, 'market_cap_small': 0.0}",0.0,"{'avg_maturity_days': 0.0, 'avg_maturity_months': 0.0, 'avg_maturity_years': 0.0}","{'modified_maturity_days': 0.0, 'modified_maturity_months': 0.0, 'modified_maturity_years': 0.0}",27.0023,0.2564,1
118979,"{'market_cap_large': 52.4666, 'market_cap_mid': 6.4923, 'market_cap_others': 8.6827, 'market_cap_small': 32.3584}",0.0,"{'avg_maturity_days': 0.0, 'avg_maturity_months': 0.0, 'avg_maturity_years': 0.0}","{'modified_maturity_days': 0.0, 'modified_maturity_months': 0.0, 'modified_maturity_years': 0.0}",27.4366,0.135,1
147183,"{'market_cap_large': 43.327, 'market_cap_mid': 28.3253, 'market_cap_others': 3.0881, 'market_cap_small': 25.2596}",0.0,"{'avg_maturity_days': 0.0, 'avg_maturity_months': 0.0, 'avg_maturity_years': 0.0}","{'modified_maturity_days': 0.0, 'modified_maturity_months': 0.0, 'modified_maturity_years': 0.0}",44.2668,1.06,1
151901,"{'market_cap_large': 59.9471, 'market_cap_mid': 13.352, 'market_cap_others': 0.5587, 'market_cap_small': 26.1421}",0.0,"{'avg_maturity_days': 0.0, 'avg_maturity_months': 0.0, 'avg_maturity_years': 0.0}","{'modified_maturity_days': 0.0, 'modified_maturity_months': 0.0, 'modified_maturity_years': 0.0}",34.3621,0.2783,1
151412,"{'market_cap_large': 66.329, 'market_cap_mid': 15.4199, 'market_cap_others': 0.8713, 'market_cap_small': 17.3798}",0.0,"{'avg_maturity_days': 0.0, 'avg_maturity_months': 0.0, 'avg_maturity_years': 0.0}","{'modified_maturity_days': 0.0, 'modified_maturity_months': 0.0, 'modified_maturity_years': 0.0}",39.6702,0.29,1
152135,"{'market_cap_large': 56.9801, 'market_cap_mid': 24.2125, 'market_cap_others': 6.8903, 'market_cap_small': 11.9171}",0.0,"{'avg_maturity_days': 0.0, 'avg_maturity_months': 0.0, 'avg_maturity_years': 0.0}","{'modified_maturity_days': 0.0, 'modified_maturity_months': 0.0, 'modified_maturity_years': 0.0}",35.1655,0.73,1
149154,"{'market_cap_large': 10.0977, 'market_cap_mid': 70.9743, 'market_cap_others': 3.5081, 'market_cap_small': 15.4199}",0.0,"{'avg_maturity_days': 0.0, 'avg_maturity_months': 0.0, 'avg_maturity_years': 0.0}","{'modified_maturity_days': 0.0, 'modified_maturity_months': 0.0, 'modified_maturity_years': 0.0}",52.9597,0.41,1
151384,"{'market_cap_large': 76.3514, 'market_cap_mid': 9.6262, 'market_cap_others': 3.4485, 'market_cap_small': 10.574}",0.0,"{'avg_maturity_days': 0.0, 'avg_maturity_months': 0.0, 'avg_maturity_years': 0.0}","{'modified_maturity_days': 0.0, 'modified_maturity_months': 0.0, 'modified_maturity_years': 0.0}",19.4915,0.2965,1
150902,"{'market_cap_large': 9.3427, 'market_cap_mid': 90.9092, 'market_cap_others': -0.2519, 'market_cap_small': 0.0}",0.0,"{'avg_maturity_days': 0.0, 'avg_maturity_months': 0.0, 'avg_maturity_years': 0.0}","{'modified_maturity_days': 0.0, 'modified_maturity_months': 0.0, 'modified_maturity_years': 0.0}",61.9359,1.0,1
120030,"{'market_cap_large': 88.9462, 'market_cap_mid': 7.2557, 'market_cap_others': 2.109, 'market_cap_small': 1.6891}",0.0,"{'avg_maturity_days': 0.0, 'avg_maturity_months': 0.0, 'avg_maturity_years': 0.0}","{'modified_maturity_days': 0.0, 'modified_maturity_months': 0.0, 'modified_maturity_years': 0.0}",38.1905,0.64,1
141226,"{'market_cap_large': 43.8681, 'market_cap_mid': 26.026, 'market_cap_others': 5.337, 'market_cap_small': 24.7688}",0.0,"{'avg_maturity_days': 0.0, 'avg_maturity_months': 0.0, 'avg_maturity_years': 0.0}","{'modified_maturity_days': 0.0, 'modified_maturity_months': 0.0, 'modified_maturity_years': 0.0}",43.1015,1.24,1
146772,"{'market_cap_large': 52.9457, 'market_cap_mid': 35.9479, 'market_cap_others': 1.1666, 'market_cap_small': 9.9398}",0.0,"{'avg_maturity_days': 0.0, 'avg_maturity_months': 0.0, 'avg_maturity_years': 0.0}","{'modified_maturity_days': 0.0, 'modified_maturity_months': 0.0, 'modified_maturity_years': 0.0}",57.2608,0.87,1
152045,"{'market_cap_large': 61.9213, 'market_cap_mid': 7.4057, 'market_cap_others': 0.6454, 'market_cap_small': 30.0276}",0.0,"{'avg_maturity_days': 0.0, 'avg_maturity_months': 0.0, 'avg_maturity_years': 0.0}","{'modified_maturity_days': 0.0, 'modified_maturity_months': 0.0, 'modified_maturity_years': 0.0}",31.9649,0.66,1
120490,"{'market_cap_large': 88.6426, 'market_cap_mid': 6.0158, 'market_cap_others': 1.4644, 'market_cap_small': 3.8772}",0.0,"{'avg_maturity_days': 0.0, 'avg_maturity_months': 0.0, 'avg_maturity_years': 0.0}","{'modified_maturity_days': 0.0, 'modified_maturity_months': 0.0, 'modified_maturity_years': 0.0}",38.6001,2.8215,1
120395,"{'market_cap_large': 69.049, 'market_cap_mid': 23.9107, 'market_cap_others': 1.3129, 'market_cap_small': 5.7274}",0.0,"{'avg_maturity_days': 0.0, 'avg_maturity_months': 0.0, 'avg_maturity_years': 0.0}","{'modified_maturity_days': 0.0, 'modified_maturity_months': 0.0, 'modified_maturity_years': 0.0}",37.2852,0.6,1
149550,"{'market_cap_large': 59.982, 'market_cap_mid': 3.8547, 'market_cap_others': 34.9365, 'market_cap_small': 1.2268}",5.98,"{'avg_maturity_days': 240.9, 'avg_maturity_months': 7.92, 'avg_maturity_years': 0.66}","{'modified_maturity_days': 0.0, 'modified_maturity_months': 0.0, 'modified_maturity_years': 0.0}",26.5008,0.813,1
152789,"{'market_cap_large': 47.9058, 'market_cap_mid': 15.3335, 'market_cap_others': 2.4525, 'market_cap_small': 34.3082}",0.0,"{'avg_maturity_days': 0.0, 'avg_maturity_months': 0.0, 'avg_maturity_years': 0.0}","{'modified_maturity_days': 0.0, 'modified_maturity_months': 0.0, 'modified_maturity_years': 0.0}",49.6255,1.65,1
149882,"{'market_cap_large': 36.7664, 'market_cap_mid': 26.5907, 'market_cap_others': 7.9647, 'market_cap_small': 28.6782}",0.0,"{'avg_maturity_days': 0.0, 'avg_maturity_months': 0.0, 'avg_maturity_years': 0.0}","{'modified_maturity_days': 0.0, 'modified_maturity_months': 0.0, 'modified_maturity_years': 0.0}",49.6574,0.47,1
148623,"{'market_cap_large': 71.3308, 'market_cap_mid': 11.0371, 'market_cap_others': 1.572, 'market_cap_small': 16.0601}",0.0,"{'avg_maturity_days': 0.0, 'avg_maturity_months': 0.0, 'avg_maturity_years': 0.0}","{'modified_maturity_days': 0.0, 'modified_maturity_months': 0.0, 'modified_maturity_years': 0.0}",23.3408,0.45,1
118479,"{'market_cap_large': 84.4823, 'market_cap_mid': 10.7723, 'market_cap_others': 0.9418, 'market_cap_small': 3.8036}",0.0,"{'avg_maturity_days': 0.0, 'avg_maturity_months': 0.0, 'avg_maturity_years': 0.0}","{'modified_maturity_days': 0.0, 'modified_maturity_months': 0.0, 'modified_maturity_years': 0.0}",38.3333,1.16,1
152431,"{'market_cap_large': 0.1486, 'market_cap_mid': 1.803, 'market_cap_others': -0.1807, 'market_cap_small': 98.2291}",0.0,"{'avg_maturity_days': 0.0, 'avg_maturity_months': 0.0, 'avg_maturity_years': 0.0}","{'modified_maturity_days': 0.0, 'modified_maturity_months': 0.0, 'modified_maturity_years': 0.0}",41.7585,0.4,1
152564,"{'market_cap_large': 0.0, 'market_cap_mid': 66.1193, 'market_cap_others': 0.0141, 'market_cap_small': 33.8666}",0.0,"{'avg_maturity_days': 0.0, 'avg_maturity_months': 0.0, 'avg_maturity_years': 0.0}","{'modified_maturity_days': 0.0, 'modified_maturity_months': 0.0, 'modified_maturity_years': 0.0}",55.1653,0.1864,1
120843,"{'market_cap_large': 54.9992, 'market_cap_mid': 15.966, 'market_cap_others': 17.374, 'market_cap_small': 11.6608}",0.0,"{'avg_maturity_days': 0.0, 'avg_maturity_months': 0.0, 'avg_maturity_years': 0.0}","{'modified_maturity_days': 0.0, 'modified_maturity_months': 0.0, 'modified_maturity_years': 0.0}",36.8999,2.51,1
145228,"{'market_cap_large': 56.2906, 'market_cap_mid': 9.0499, 'market_cap_others': 29.3013, 'market_cap_small': 5.3582}",0.0,"{'avg_maturity_days': 0.0, 'avg_maturity_months': 0.0, 'avg_maturity_years': 0.0}","{'modified_maturity_days': 0.0, 'modified_maturity_months': 0.0, 'modified_maturity_years': 0.0}",32.1074,0.51,1
144905,"{'market_cap_large': 48.3178, 'market_cap_mid': 28.6682, 'market_cap_others': 3.3498, 'market_cap_small': 19.6643}",0.0,"{'avg_maturity_days': 0.0, 'avg_maturity_months': 0.0, 'avg_maturity_years': 0.0}","{'modified_maturity_days': 0.0, 'modified_maturity_months': 0.0, 'modified_maturity_years': 0.0}",45.8412,5.817,1
152417,"{'market_cap_large': 46.0906, 'market_cap_mid': 25.4402, 'market_cap_others': 6.6342, 'market_cap_small': 21.8349}",0.0,"{'avg_maturity_days': 0.0, 'avg_maturity_months': 0.0, 'avg_maturity_years': 0.0}","{'modified_maturity_days': 0.0, 'modified_maturity_months': 0.0, 'modified_maturity_years': 0.0}",31.9466,0.6,1
152915,"{'market_cap_large': 40.4803, 'market_cap_mid': 18.1461, 'market_cap_others': 15.5708, 'market_cap_small': 25.8028}",0.0,"{'avg_maturity_days': 0.0, 'avg_maturity_months': 0.0, 'avg_maturity_years': 0.0}","{'modified_maturity_days': 0.0, 'modified_maturity_months': 0.0, 'modified_maturity_years': 0.0}",65.5708,0.0,1
149841,"{'market_cap_large': 54.0029, 'market_cap_mid': 27.4502, 'market_cap_others': 3.4833, 'market_cap_small': 15.0635}",0.0,"{'avg_maturity_days': 0.0, 'avg_maturity_months': 0.0, 'avg_maturity_years': 0.0}","{'modified_maturity_days': 0.0, 'modified_maturity_months': 0.0, 'modified_maturity_years': 0.0}",41.6368,0.2029,1
151478,"{'market_cap_large': 66.7893, 'market_cap_mid': 17.4223, 'market_cap_others': 8.8549, 'market_cap_small': 6.9334}",0.0,"{'avg_maturity_days': 0.0, 'avg_maturity_months': 0.0, 'avg_maturity_years': 0.0}","{'modified_maturity_days': 0.0, 'modified_maturity_months': 0.0, 'modified_maturity_years': 0.0}",30.2765,0.06,1
145075,"{'market_cap_large': 50.9448, 'market_cap_mid': 19.2699, 'market_cap_others': 3.1682, 'market_cap_small': 26.617}",0.0,"{'avg_maturity_days': 0.0, 'avg_maturity_months': 0.0, 'avg_maturity_years': 0.0}","{'modified_maturity_days': 0.0, 'modified_maturity_months': 0.0, 'modified_maturity_years': 0.0}",39.628,0.47,1
151443,"{'market_cap_large': 40.8126, 'market_cap_mid': 29.3758, 'market_cap_others': 3.8287, 'market_cap_small': 25.9829}",0.0,"{'avg_maturity_days': 0.0, 'avg_maturity_months': 0.0, 'avg_maturity_years': 0.0}","{'modified_maturity_days': 0.0, 'modified_maturity_months': 0.0, 'modified_maturity_years': 0.0}",37.1274,0.7,1
147587,"{'market_cap_large': 44.9474, 'market_cap_mid': 26.1552, 'market_cap_others': 1.4964, 'market_cap_small': 27.401}",0.0,"{'avg_maturity_days': 0.0, 'avg_maturity_months': 0.0, 'avg_maturity_years': 0.0}","{'modified_maturity_days': 0.0, 'modified_maturity_months': 0.0, 'modified_maturity_years': 0.0}",43.6529,0.85,1
146517,"{'market_cap_large': 58.5779, 'market_cap_mid': 26.0174, 'market_cap_others': 2.1343, 'market_cap_small': 13.2703}",0.0,"{'avg_maturity_days': 0.0, 'avg_maturity_months': 0.0, 'avg_maturity_years': 0.0}","{'modified_maturity_days': 0.0, 'modified_maturity_months': 0.0, 'modified_maturity_years': 0.0}",41.6447,0.01,1
152237,"{'market_cap_large': 5.3618, 'market_cap_mid': 12.4004, 'market_cap_others': 15.7277, 'market_cap_small': 66.51}",0.0,"{'avg_maturity_days': 0.0, 'avg_maturity_months': 0.0, 'avg_maturity_years': 0.0}","{'modified_maturity_days': 0.0, 'modified_maturity_months': 0.0, 'modified_maturity_years': 0.0}",54.3024,0.56,1
153420,"{'market_cap_large': 63.5039, 'market_cap_mid': 33.3523, 'market_cap_others': 0.2282, 'market_cap_small': 2.9156}",0.0,"{'avg_maturity_days': 0.0, 'avg_maturity_months': 0.0, 'avg_maturity_years': 0.0}","{'modified_maturity_days': 0.0, 'modified_maturity_months': 0.0, 'modified_maturity_years': 0.0}",49.8767,0.0,1
119231,"{'market_cap_large': 58.8958, 'market_cap_mid': 12.674, 'market_cap_others': 6.8816, 'market_cap_small': 21.5486}",0.0,"{'avg_maturity_days': 0.0, 'avg_maturity_months': 0.0, 'avg_maturity_years': 0.0}","{'modified_maturity_days': 0.0, 'modified_maturity_months': 0.0, 'modified_maturity_years': 0.0}",19.1853,0.6702,1
147946,"{'market_cap_large': 5.7562, 'market_cap_mid': 9.8867, 'market_cap_others': 12.341, 'market_cap_small': 72.016}",0.0,"{'avg_maturity_days': 0.0, 'avg_maturity_months': 0.0, 'avg_maturity_years': 0.0}","{'modified_maturity_days': 0.0, 'modified_maturity_months': 0.0, 'modified_maturity_years': 0.0}",40.8974,0.47,1
149870,"{'market_cap_large': 92.2256, 'market_cap_mid': 7.2628, 'market_cap_others': 0.5117, 'market_cap_small': 0.0}",0.0,"{'avg_maturity_days': 0.0, 'avg_maturity_months': 0.0, 'avg_maturity_years': 0.0}","{'modified_maturity_days': 0.0, 'modified_maturity_months': 0.0, 'modified_maturity_years': 0.0}",41.5096,0.3923,1
119783,"{'market_cap_large': 28.3929, 'market_cap_mid': 28.1379, 'market_cap_others': 7.572, 'market_cap_small': 35.8971}",0.0,"{'avg_maturity_days': 0.0, 'avg_maturity_months': 0.0, 'avg_maturity_years': 0.0}","{'modified_maturity_days': 0.0, 'modified_maturity_months': 0.0, 'modified_maturity_years': 0.0}",55.8435,0.25,1
149321,"{'market_cap_large': 80.3562, 'market_cap_mid': 8.1404, 'market_cap_others': 3.6307, 'market_cap_small': 7.8727}",0.0,"{'avg_maturity_days': 0.0, 'avg_maturity_months': 0.0, 'avg_maturity_years': 0.0}","{'modified_maturity_days': 0.0, 'modified_maturity_months': 0.0, 'modified_maturity_years': 0.0}",23.5054,0.99,1
118872,"{'market_cap_large': 2.2958, 'market_cap_mid': 69.8152, 'market_cap_others': 9.5636, 'market_cap_small': 18.3254}",0.0,"{'avg_maturity_days': 0.0, 'avg_maturity_months': 0.0, 'avg_maturity_years': 0.0}","{'modified_maturity_days': 0.0, 'modified_maturity_months': 0.0, 'modified_maturity_years': 0.0}",35.8915,0.86,1
152380,"{'market_cap_large': 43.4527, 'market_cap_mid': 17.1244, 'market_cap_others': 33.2794, 'market_cap_small': 6.1435}",0.0,"{'avg_maturity_days': 0.0, 'avg_maturity_months': 0.0, 'avg_maturity_years': 0.0}","{'modified_maturity_days': 0.0, 'modified_maturity_months': 0.0, 'modified_maturity_years': 0.0}",50.3328,0.82,1
118881,"{'market_cap_large': 98.9468, 'market_cap_mid': 1.1372, 'market_cap_others': -0.084, 'market_cap_small': 0.0}",0.0,"{'avg_maturity_days': 0.0, 'avg_maturity_months': 0.0, 'avg_maturity_years': 0.0}","{'modified_maturity_days': 0.0, 'modified_maturity_months': 0.0, 'modified_maturity_years': 0.0}",30.2353,0.05,1
119452,"{'market_cap_large': 39.9604, 'market_cap_mid': 28.0012, 'market_cap_others': 3.5297, 'market_cap_small': 28.5087}",0.0,"{'avg_maturity_days': 0.0, 'avg_maturity_months': 0.0, 'avg_maturity_years': 0.0}","{'modified_maturity_days': 0.0, 'modified_maturity_months': 0.0, 'modified_maturity_years': 0.0}",52.0146,0.46,1
152430,"{'market_cap_large': 63.3184, 'market_cap_mid': 35.6212, 'market_cap_others': 1.0605, 'market_cap_small': 0.0}",0.0,"{'avg_maturity_days': 0.0, 'avg_maturity_months': 0.0, 'avg_maturity_years': 0.0}","{'modified_maturity_days': 0.0, 'modified_maturity_months': 0.0, 'modified_maturity_years': 0.0}",56.1964,1.2267,1
147757,"{'market_cap_large': 60.4771, 'market_cap_mid': 14.3873, 'market_cap_others': 7.2296, 'market_cap_small': 17.906}",0.0,"{'avg_maturity_days': 0.0, 'avg_maturity_months': 0.0, 'avg_maturity_years': 0.0}","{'modified_maturity_days': 0.0, 'modified_maturity_months': 0.0, 'modified_maturity_years': 0.0}",40.6166,0.4011,1
150443,"{'market_cap_large': 71.1113, 'market_cap_mid': 26.9262, 'market_cap_others': 0.4828, 'market_cap_small': 1.4797}",0.0,"{'avg_maturity_days': 0.0, 'avg_maturity_months': 0.0, 'avg_maturity_years': 0.0}","{'modified_maturity_days': 0.0, 'modified_maturity_months': 0.0, 'modified_maturity_years': 0.0}",47.3525,0.44,1
145473,"{'market_cap_large': 56.141, 'market_cap_mid': 16.1263, 'market_cap_others': 5.0178, 'market_cap_small': 22.7149}",0.0,"{'avg_maturity_days': 0.0, 'avg_maturity_months': 0.0, 'avg_maturity_years': 0.0}","{'modified_maturity_days': 0.0, 'modified_maturity_months': 0.0, 'modified_maturity_years': 0.0}",30.5073,0.91,1
153213,"{'market_cap_large': 82.3936, 'market_cap_mid': 16.5008, 'market_cap_others': 1.1056, 'market_cap_small': 0.0}",0.0,"{'avg_maturity_days': 0.0, 'avg_maturity_months': 0.0, 'avg_maturity_years': 0.0}","{'modified_maturity_days': 0.0, 'modified_maturity_months': 0.0, 'modified_maturity_years': 0.0}",45.7744,0.0,1
147727,"{'market_cap_large': 39.0935, 'market_cap_mid': 26.1869, 'market_cap_others': 18.24, 'market_cap_small': 16.4796}",0.0,"{'avg_maturity_days': 0.0, 'avg_maturity_months': 0.0, 'avg_maturity_years': 0.0}","{'modified_maturity_days': 0.0, 'modified_maturity_months': 0.0, 'modified_maturity_years': 0.0}",61.1423,0.2306,1
145110,"{'market_cap_large': 49.2176, 'market_cap_mid': 36.0383, 'market_cap_others': 11.1334, 'market_cap_small': 3.6107}",0.0,"{'avg_maturity_days': 0.0, 'avg_maturity_months': 0.0, 'avg_maturity_years': 0.0}","{'modified_maturity_days': 0.0, 'modified_maturity_months': 0.0, 'modified_maturity_years': 0.0}",49.4772,0.64,1
153326,"{'market_cap_large': 0.0, 'market_cap_mid': 65.7419, 'market_cap_others': 7.7081, 'market_cap_small': 26.5501}",0.0,"{'avg_maturity_days': 0.0, 'avg_maturity_months': 0.0, 'avg_maturity_years': 0.0}","{'modified_maturity_days': 0.0, 'modified_maturity_months': 0.0, 'modified_maturity_years': 0.0}",54.1021,0.0,1
150838,"{'market_cap_large': 5.1206, 'market_cap_mid': 49.8912, 'market_cap_others': 0.6056, 'market_cap_small': 44.3826}",0.0,"{'avg_maturity_days': 0.0, 'avg_maturity_months': 0.0, 'avg_maturity_years': 0.0}","{'modified_maturity_days': 0.0, 'modified_maturity_months': 0.0, 'modified_maturity_years': 0.0}",45.0033,2.0,1
148921,"{'market_cap_large': 45.6775, 'market_cap_mid': 25.2599, 'market_cap_others': 4.0569, 'market_cap_small': 25.0057}",0.0,"{'avg_maturity_days': 0.0, 'avg_maturity_months': 0.0, 'avg_maturity_years': 0.0}","{'modified_maturity_days': 0.0, 'modified_maturity_months': 0.0, 'modified_maturity_years': 0.0}",43.5385,0.52,1
146381,"{'market_cap_large': 89.2727, 'market_cap_mid': 9.7792, 'market_cap_others': 0.9481, 'market_cap_small': 0.0}",0.0,"{'avg_maturity_days': 0.0, 'avg_maturity_months': 0.0, 'avg_maturity_years': 0.0}","{'modified_maturity_days': 0.0, 'modified_maturity_months': 0.0, 'modified_maturity_years': 0.0}",45.3541,0.78,1
152916,"{'market_cap_large': 9.3328, 'market_cap_mid': 90.8114, 'market_cap_others': -0.1442, 'market_cap_small': 0.0}",0.0,"{'avg_maturity_days': 0.0, 'avg_maturity_months': 0.0, 'avg_maturity_years': 0.0}","{'modified_maturity_days': 0.0, 'modified_maturity_months': 0.0, 'modified_maturity_years': 0.0}",61.9354,0.4348,1
148073,"{'market_cap_large': 13.8489, 'market_cap_mid': 68.1922, 'market_cap_others': 3.4193, 'market_cap_small': 14.5396}",0.0,"{'avg_maturity_days': 0.0, 'avg_maturity_months': 0.0, 'avg_maturity_years': 0.0}","{'modified_maturity_days': 0.0, 'modified_maturity_months': 0.0, 'modified_maturity_years': 0.0}",59.1096,1.85,1
153405,"{'market_cap_large': 100.016, 'market_cap_mid': 0.0, 'market_cap_others': -0.016, 'market_cap_small': 0.0}",0.0,"{'avg_maturity_days': 0.0, 'avg_maturity_months': 0.0, 'avg_maturity_years': 0.0}","{'modified_maturity_days': 0.0, 'modified_maturity_months': 0.0, 'modified_maturity_years': 0.0}",31.0494,0.0,1
118347,"{'market_cap_large': 99.3461, 'market_cap_mid': 0.0, 'market_cap_others': 0.6539, 'market_cap_small': 0.0}",0.0,"{'avg_maturity_days': 0.0, 'avg_maturity_months': 0.0, 'avg_maturity_years': 0.0}","{'modified_maturity_days': 0.0, 'modified_maturity_months': 0.0, 'modified_maturity_years': 0.0}",31.3691,0.04,1
153097,"{'market_cap_large': 57.802, 'market_cap_mid': 38.599, 'market_cap_others': 0.0812, 'market_cap_small': 3.5178}",0.0,"{'avg_maturity_days': 0.0, 'avg_maturity_months': 0.0, 'avg_maturity_years': 0.0}","{'modified_maturity_days': 0.0, 'modified_maturity_months': 0.0, 'modified_maturity_years': 0.0}",52.5838,0.0,1
148606,"{'market_cap_large': 83.983, 'market_cap_mid': 11.1664, 'market_cap_others': 1.3455, 'market_cap_small': 3.505}",0.0,"{'avg_maturity_days': 0.0, 'avg_maturity_months': 0.0, 'avg_maturity_years': 0.0}","{'modified_maturity_days': 0.0, 'modified_maturity_months': 0.0, 'modified_maturity_years': 0.0}",33.7051,0.12,1
152482,"{'market_cap_large': 50.9364, 'market_cap_mid': 47.4543, 'market_cap_others': 0.0901, 'market_cap_small': 1.5191}",0.0,"{'avg_maturity_days': 0.0, 'avg_maturity_months': 0.0, 'avg_maturity_years': 0.0}","{'modified_maturity_days': 0.0, 'modified_maturity_months': 0.0, 'modified_maturity_years': 0.0}",41.9978,0.19,1
146407,"{'market_cap_large': 58.6154, 'market_cap_mid': 12.7769, 'market_cap_others': 1.544, 'market_cap_small': 27.0636}",0.0,"{'avg_maturity_days': 0.0, 'avg_maturity_months': 0.0, 'avg_maturity_years': 0.0}","{'modified_maturity_days': 0.0, 'modified_maturity_months': 0.0, 'modified_maturity_years': 0.0}",0.0,0.46,1
148353,"{'market_cap_large': 81.4925, 'market_cap_mid': 5.7575, 'market_cap_others': 3.272, 'market_cap_small': 9.478}",0.0,"{'avg_maturity_days': 0.0, 'avg_maturity_months': 0.0, 'avg_maturity_years': 0.0}","{'modified_maturity_days': 0.0, 'modified_maturity_months': 0.0, 'modified_maturity_years': 0.0}",30.2309,0.74,1
152094,"{'market_cap_large': 45.2056, 'market_cap_mid': 26.5752, 'market_cap_others': 2.4399, 'market_cap_small': 25.7794}",0.0,"{'avg_maturity_days': 0.0, 'avg_maturity_months': 0.0, 'avg_maturity_years': 0.0}","{'modified_maturity_days': 0.0, 'modified_maturity_months': 0.0, 'modified_maturity_years': 0.0}",49.9027,0.43,1
120596,"{'market_cap_large': 45.5909, 'market_cap_mid': 36.7657, 'market_cap_others': 5.1949, 'market_cap_small': 12.4485}",0.0,"{'avg_maturity_days': 0.0, 'avg_maturity_months': 0.0, 'avg_maturity_years': 0.0}","{'modified_maturity_days': 0.0, 'modified_maturity_months': 0.0, 'modified_maturity_years': 0.0}",37.9397,0.65,1
152422,"{'market_cap_large': 99.3763, 'market_cap_mid': 0.5901, 'market_cap_others': 0.0336, 'market_cap_small': 0.0}",0.0,"{'avg_maturity_days': 0.0, 'avg_maturity_months': 0.0, 'avg_maturity_years': 0.0}","{'modified_maturity_days': 0.0, 'modified_maturity_months': 0.0, 'modified_maturity_years': 0.0}",26.9956,0.0,1
149570,"{'market_cap_large': 68.0889, 'market_cap_mid': 13.4954, 'market_cap_others': 7.777, 'market_cap_small': 10.6387}",0.0,"{'avg_maturity_days': 0.0, 'avg_maturity_months': 0.0, 'avg_maturity_years': 0.0}","{'modified_maturity_days': 0.0, 'modified_maturity_months': 0.0, 'modified_maturity_years': 0.0}",35.8071,0.356,1
118955,"{'market_cap_large': 73.1556, 'market_cap_mid': 3.964, 'market_cap_others': 13.3324, 'market_cap_small': 9.548}",0.0,"{'avg_maturity_days': 0.0, 'avg_maturity_months': 0.0, 'avg_maturity_years': 0.0}","{'modified_maturity_days': 0.0, 'modified_maturity_months': 0.0, 'modified_maturity_years': 0.0}",29.8793,0.3105,1
150930,"{'market_cap_large': 63.4294, 'market_cap_mid': 28.654, 'market_cap_others': 0.0958, 'market_cap_small': 7.8209}",0.0,"{'avg_maturity_days': 0.0, 'avg_maturity_months': 0.0, 'avg_maturity_years': 0.0}","{'modified_maturity_days': 0.0, 'modified_maturity_months': 0.0, 'modified_maturity_years': 0.0}",37.9422,0.71,1
152041,"{'market_cap_large': 83.2926, 'market_cap_mid': 16.5579, 'market_cap_others': 0.1495, 'market_cap_small': 0.0}",0.0,"{'avg_maturity_days': 0.0, 'avg_maturity_months': 0.0, 'avg_maturity_years': 0.0}","{'modified_maturity_days': 0.0, 'modified_maturity_months': 0.0, 'modified_maturity_years': 0.0}",29.4827,0.31,1
152321,"{'market_cap_large': 68.5251, 'market_cap_mid': 6.8592, 'market_cap_others': 10.7278, 'market_cap_small': 13.8879}",0.0,"{'avg_maturity_days': 0.0, 'avg_maturity_months': 0.0, 'avg_maturity_years': 0.0}","{'modified_maturity_days': 0.0, 'modified_maturity_months': 0.0, 'modified_maturity_years': 0.0}",29.1944,2.38,1
118269,"{'market_cap_large': 88.2091, 'market_cap_mid': 8.0783, 'market_cap_others': 3.7126, 'market_cap_small': 0.0}",0.0,"{'avg_maturity_days': 0.0, 'avg_maturity_months': 0.0, 'avg_maturity_years': 0.0}","{'modified_maturity_days': 0.0, 'modified_maturity_months': 0.0, 'modified_maturity_years': 0.0}",37.4865,0.23,1
150899,"{'market_cap_large': 89.2407, 'market_cap_mid': 9.7754, 'market_cap_others': 0.9839, 'market_cap_small': 0.0}",0.0,"{'avg_maturity_days': 0.0, 'avg_maturity_months': 0.0, 'avg_maturity_years': 0.0}","{'modified_maturity_days': 0.0, 'modified_maturity_months': 0.0, 'modified_maturity_years': 0.0}",45.351,0.72,1
152755,"{'market_cap_large': 74.2333, 'market_cap_mid': 22.3195, 'market_cap_others': -0.0837, 'market_cap_small': 3.5309}",0.0,"{'avg_maturity_days': 0.0, 'avg_maturity_months': 0.0, 'avg_maturity_years': 0.0}","{'modified_maturity_days': 0.0, 'modified_maturity_months': 0.0, 'modified_maturity_years': 0.0}",19.8978,0.1627,1
152156,"{'market_cap_large': 50.9307, 'market_cap_mid': 47.4494, 'market_cap_others': 0.1033, 'market_cap_small': 1.5166}",0.0,"{'avg_maturity_days': 0.0, 'avg_maturity_months': 0.0, 'avg_maturity_years': 0.0}","{'modified_maturity_days': 0.0, 'modified_maturity_months': 0.0, 'modified_maturity_years': 0.0}",42.0108,0.15,1
151724,"{'market_cap_large': 5.0103, 'market_cap_mid': 91.8836, 'market_cap_others': 0.0834, 'market_cap_small': 3.0227}",0.0,"{'avg_maturity_days': 0.0, 'avg_maturity_months': 0.0, 'avg_maturity_years': 0.0}","{'modified_maturity_days': 0.0, 'modified_maturity_months': 0.0, 'modified_maturity_years': 0.0}",51.0423,0.2417,1
149892,"{'market_cap_large': 4.9314, 'market_cap_mid': 91.831, 'market_cap_others': 0.2328, 'market_cap_small': 3.0049}",0.0,"{'avg_maturity_days': 0.0, 'avg_maturity_months': 0.0, 'avg_maturity_years': 0.0}","{'modified_maturity_days': 0.0, 'modified_maturity_months': 0.0, 'modified_maturity_years': 0.0}",48.6433,0.36,1
151113,"{'market_cap_large': 45.4089, 'market_cap_mid': 15.1585, 'market_cap_others': 1.3874, 'market_cap_small': 38.0452}",0.0,"{'avg_maturity_days': 0.0, 'avg_maturity_months': 0.0, 'avg_maturity_years': 0.0}","{'modified_maturity_days': 0.0, 'modified_maturity_months': 0.0, 'modified_maturity_years': 0.0}",30.5924,0.29,1
150521,"{'market_cap_large': 63.6458, 'market_cap_mid': 33.3062, 'market_cap_others': 0.1347, 'market_cap_small': 2.9133}",0.0,"{'avg_maturity_days': 0.0, 'avg_maturity_months': 0.0, 'avg_maturity_years': 0.0}","{'modified_maturity_days': 0.0, 'modified_maturity_months': 0.0, 'modified_maturity_years': 0.0}",49.8651,1.16,1
120823,"{'market_cap_large': 35.6421, 'market_cap_mid': 26.8798, 'market_cap_others': 13.3518, 'market_cap_small': 24.1264}",0.0,"{'avg_maturity_days': 0.0, 'avg_maturity_months': 0.0, 'avg_maturity_years': 0.0}","{'modified_maturity_days': 0.0, 'modified_maturity_months': 0.0, 'modified_maturity_years': 0.0}",34.147,1.64,1
131580,"{'market_cap_large': 65.6354, 'market_cap_mid': 11.7982, 'market_cap_others': 6.5748, 'market_cap_small': 15.9916}",0.0,"{'avg_maturity_days': 0.0, 'avg_maturity_months': 0.0, 'avg_maturity_years': 0.0}","{'modified_maturity_days': 0.0, 'modified_maturity_months': 0.0, 'modified_maturity_years': 0.0}",36.8367,0.31,1
153060,"{'market_cap_large': 36.7868, 'market_cap_mid': 48.5678, 'market_cap_others': 0.2995, 'market_cap_small': 14.346}",0.0,"{'avg_maturity_days': 0.0, 'avg_maturity_months': 0.0, 'avg_maturity_years': 0.0}","{'modified_maturity_days': 0.0, 'modified_maturity_months': 0.0, 'modified_maturity_years': 0.0}",54.2312,0.0,1
152437,"{'market_cap_large': 42.6899, 'market_cap_mid': 16.1044, 'market_cap_others': 29.2301, 'market_cap_small': 11.9755}",0.0,"{'avg_maturity_days': 0.0, 'avg_maturity_months': 0.0, 'avg_maturity_years': 0.0}","{'modified_maturity_days': 0.0, 'modified_maturity_months': 0.0, 'modified_maturity_years': 0.0}",42.353,0.06,1
149104,"{'market_cap_large': 74.9284, 'market_cap_mid': 10.3087, 'market_cap_others': 2.4563, 'market_cap_small': 12.3067}",0.0,"{'avg_maturity_days': 0.0, 'avg_maturity_months': 0.0, 'avg_maturity_years': 0.0}","{'modified_maturity_days': 0.0, 'modified_maturity_months': 0.0, 'modified_maturity_years': 0.0}",39.1852,0.77,1
151368,"{'market_cap_large': 63.97, 'market_cap_mid': 10.9408, 'market_cap_others': 6.3653, 'market_cap_small': 18.7239}",0.0,"{'avg_maturity_days': 0.0, 'avg_maturity_months': 0.0, 'avg_maturity_years': 0.0}","{'modified_maturity_days': 0.0, 'modified_maturity_months': 0.0, 'modified_maturity_years': 0.0}",39.3522,0.87,1
118539,"{'market_cap_large': 52.7629, 'market_cap_mid': 12.9237, 'market_cap_others': 7.1114, 'market_cap_small': 27.2021}",0.0,"{'avg_maturity_days': 0.0, 'avg_maturity_months': 0.0, 'avg_maturity_years': 0.0}","{'modified_maturity_days': 0.0, 'modified_maturity_months': 0.0, 'modified_maturity_years': 0.0}",48.0755,0.6041,1
150346,"{'market_cap_large': 58.8053, 'market_cap_mid': 9.0296, 'market_cap_others': 13.4317, 'market_cap_small': 18.7334}",0.0,"{'avg_maturity_days': 0.0, 'avg_maturity_months': 0.0, 'avg_maturity_years': 0.0}","{'modified_maturity_days': 0.0, 'modified_maturity_months': 0.0, 'modified_maturity_years': 0.0}",43.5396,1.89,1
120847,"{'market_cap_large': 78.3965, 'market_cap_mid': 7.8152, 'market_cap_others': 7.2537, 'market_cap_small': 6.5346}",0.0,"{'avg_maturity_days': 0.0, 'avg_maturity_months': 0.0, 'avg_maturity_years': 0.0}","{'modified_maturity_days': 0.0, 'modified_maturity_months': 0.0, 'modified_maturity_years': 0.0}",38.0863,1.04,1
140453,"{'market_cap_large': 93.5481, 'market_cap_mid': 4.9455, 'market_cap_others': 1.5065, 'market_cap_small': 0.0}",0.0,"{'avg_maturity_days': 0.0, 'avg_maturity_months': 0.0, 'avg_maturity_years': 0.0}","{'modified_maturity_days': 0.0, 'modified_maturity_months': 0.0, 'modified_maturity_years': 0.0}",44.0159,0.52,1
153027,"{'market_cap_large': 0.0, 'market_cap_mid': 79.1153, 'market_cap_others': 0.3351, 'market_cap_small': 20.5496}",0.0,"{'avg_maturity_days': 0.0, 'avg_maturity_months': 0.0, 'avg_maturity_years': 0.0}","{'modified_maturity_days': 0.0, 'modified_maturity_months': 0.0, 'modified_maturity_years': 0.0}",46.5091,0.23,1
144455,"{'market_cap_large': 71.2841, 'market_cap_mid': 20.8786, 'market_cap_others': 3.6333, 'market_cap_small': 4.2039}",0.0,"{'avg_maturity_days': 0.0, 'avg_maturity_months': 0.0, 'avg_maturity_years': 0.0}","{'modified_maturity_days': 0.0, 'modified_maturity_months': 0.0, 'modified_maturity_years': 0.0}",34.1244,0.02,1
152677,"{'market_cap_large': 39.6004, 'market_cap_mid': 9.2785, 'market_cap_others': 16.8849, 'market_cap_small': 34.2362}",0.0,"{'avg_maturity_days': 0.0, 'avg_maturity_months': 0.0, 'avg_maturity_years': 0.0}","{'modified_maturity_days': 0.0, 'modified_maturity_months': 0.0, 'modified_maturity_years': 0.0}",51.8735,0.287,1
153070,"{'market_cap_large': 83.0881, 'market_cap_mid': 0.0, 'market_cap_others': 16.9119, 'market_cap_small': 0.0}",0.0,"{'avg_maturity_days': 0.0, 'avg_maturity_months': 0.0, 'avg_maturity_years': 0.0}","{'modified_maturity_days': 0.0, 'modified_maturity_months': 0.0, 'modified_maturity_years': 0.0}",31.9457,0.33,1
152843,"{'market_cap_large': 38.9761, 'market_cap_mid': 34.1741, 'market_cap_others': -0.0796, 'market_cap_small': 26.9294}",0.0,"{'avg_maturity_days': 0.0, 'avg_maturity_months': 0.0, 'avg_maturity_years': 0.0}","{'modified_maturity_days': 0.0, 'modified_maturity_months': 0.0, 'modified_maturity_years': 0.0}",48.7105,0.0,1
149894,"{'market_cap_large': 0.0, 'market_cap_mid': 2.5556, 'market_cap_others': 0.0284, 'market_cap_small': 97.416}",0.0,"{'avg_maturity_days': 0.0, 'avg_maturity_months': 0.0, 'avg_maturity_years': 0.0}","{'modified_maturity_days': 0.0, 'modified_maturity_months': 0.0, 'modified_maturity_years': 0.0}",49.1351,0.0,1
151290,"{'market_cap_large': 46.38, 'market_cap_mid': 26.1858, 'market_cap_others': 1.1394, 'market_cap_small': 26.2948}",0.0,"{'avg_maturity_days': 0.0, 'avg_maturity_months': 0.0, 'avg_maturity_years': 0.0}","{'modified_maturity_days': 0.0, 'modified_maturity_months': 0.0, 'modified_maturity_years': 0.0}",44.4046,0.32,1
147409,"{'market_cap_large': 31.3827, 'market_cap_mid': 44.4977, 'market_cap_others': 1.7768, 'market_cap_small': 22.3428}",0.0,"{'avg_maturity_days': 0.0, 'avg_maturity_months': 0.0, 'avg_maturity_years': 0.0}","{'modified_maturity_days': 0.0, 'modified_maturity_months': 0.0, 'modified_maturity_years': 0.0}",43.7871,0.26,1
118837,"{'market_cap_large': 62.7923, 'market_cap_mid': 10.2712, 'market_cap_others': 2.471, 'market_cap_small': 24.4654}",0.0,"{'avg_maturity_days': 0.0, 'avg_maturity_months': 0.0, 'avg_maturity_years': 0.0}","{'modified_maturity_days': 0.0, 'modified_maturity_months': 0.0, 'modified_maturity_years': 0.0}",54.6876,0.46,1
152778,"{'market_cap_large': 49.9234, 'market_cap_mid': 24.9221, 'market_cap_others': 0.1367, 'market_cap_small': 25.0178}",0.0,"{'avg_maturity_days': 0.0, 'avg_maturity_months': 0.0, 'avg_maturity_years': 0.0}","{'modified_maturity_days': 0.0, 'modified_maturity_months': 0.0, 'modified_maturity_years': 0.0}",39.6727,0.0,1
146196,"{'market_cap_large': 0.0, 'market_cap_mid': 29.7072, 'market_cap_others': 3.6018, 'market_cap_small': 66.6911}",0.0,"{'avg_maturity_days': 0.0, 'avg_maturity_months': 0.0, 'avg_maturity_years': 0.0}","{'modified_maturity_days': 0.0, 'modified_maturity_months': 0.0, 'modified_maturity_years': 0.0}",49.2999,0.16,1
119287,"{'market_cap_large': 99.3831, 'market_cap_mid': 0.5897, 'market_cap_others': 0.0272, 'market_cap_small': 0.0}",0.0,"{'avg_maturity_days': 0.0, 'avg_maturity_months': 0.0, 'avg_maturity_years': 0.0}","{'modified_maturity_days': 0.0, 'modified_maturity_months': 0.0, 'modified_maturity_years': 0.0}",27.0038,0.174,1
151727,"{'market_cap_large': 0.1482, 'market_cap_mid': 1.8007, 'market_cap_others': -0.0203, 'market_cap_small': 98.0714}",0.0,"{'avg_maturity_days': 0.0, 'avg_maturity_months': 0.0, 'avg_maturity_years': 0.0}","{'modified_maturity_days': 0.0, 'modified_maturity_months': 0.0, 'modified_maturity_years': 0.0}",41.7638,0.6314,1
152712,"{'market_cap_large': 38.318, 'market_cap_mid': 39.1365, 'market_cap_others': 0.0312, 'market_cap_small': 22.5142}",0.0,"{'avg_maturity_days': 0.0, 'avg_maturity_months': 0.0, 'avg_maturity_years': 0.0}","{'modified_maturity_days': 0.0, 'modified_maturity_months': 0.0, 'modified_maturity_years': 0.0}",58.4643,0.18,1
118834,"{'market_cap_large': 50.0227, 'market_cap_mid': 36.6214, 'market_cap_others': 0.9392, 'market_cap_small': 12.4167}",0.0,"{'avg_maturity_days': 0.0, 'avg_maturity_months': 0.0, 'avg_maturity_years': 0.0}","{'modified_maturity_days': 0.0, 'modified_maturity_months': 0.0, 'modified_maturity_years': 0.0}",34.299,0.92,1
150624,"{'market_cap_large': 48.3744, 'market_cap_mid': 23.367, 'market_cap_others': 3.4048, 'market_cap_small': 24.8539}",0.0,"{'avg_maturity_days': 0.0, 'avg_maturity_months': 0.0, 'avg_maturity_years': 0.0}","{'modified_maturity_days': 0.0, 'modified_maturity_months': 0.0, 'modified_maturity_years': 0.0}",46.2685,0.436,1
153083,"{'market_cap_large': 47.673, 'market_cap_mid': 28.2421, 'market_cap_others': 7.5829, 'market_cap_small': 16.5021}",0.0,"{'avg_maturity_days': 0.0, 'avg_maturity_months': 0.0, 'avg_maturity_years': 0.0}","{'modified_maturity_days': 0.0, 'modified_maturity_months': 0.0, 'modified_maturity_years': 0.0}",44.9649,0.0,1
118825,"{'market_cap_large': 83.2022, 'market_cap_mid': 9.6476, 'market_cap_others': 1.0459, 'market_cap_small': 6.1043}",0.0,"{'avg_maturity_days': 0.0, 'avg_maturity_months': 0.0, 'avg_maturity_years': 0.0}","{'modified_maturity_days': 0.0, 'modified_maturity_months': 0.0, 'modified_maturity_years': 0.0}",31.3578,0.43,1
119028,"{'market_cap_large': 46.3786, 'market_cap_mid': 31.7491, 'market_cap_others': 14.0139, 'market_cap_small': 7.8584}",0.0,"{'avg_maturity_days': 0.0, 'avg_maturity_months': 0.0, 'avg_maturity_years': 0.0}","{'modified_maturity_days': 0.0, 'modified_maturity_months': 0.0, 'modified_maturity_years': 0.0}",16.8457,0.28,1
145206,"{'market_cap_large': 0.0, 'market_cap_mid': 7.873, 'market_cap_others': 9.216, 'market_cap_small': 82.911}",0.0,"{'avg_maturity_days': 0.0, 'avg_maturity_months': 0.0, 'avg_maturity_years': 0.0}","{'modified_maturity_days': 0.0, 'modified_maturity_months': 0.0, 'modified_maturity_years': 0.0}",39.7324,0.1058,1
149283,"{'market_cap_large': 0.1481, 'market_cap_mid': 1.7992, 'market_cap_others': 0.0374, 'market_cap_small': 98.0153}",0.0,"{'avg_maturity_days': 0.0, 'avg_maturity_months': 0.0, 'avg_maturity_years': 0.0}","{'modified_maturity_days': 0.0, 'modified_maturity_months': 0.0, 'modified_maturity_years': 0.0}",41.7615,0.47,1
120492,"{'market_cap_large': 58.6457, 'market_cap_mid': 15.9216, 'market_cap_others': 2.8869, 'market_cap_small': 22.5458}",0.0,"{'avg_maturity_days': 0.0, 'avg_maturity_months': 0.0, 'avg_maturity_years': 0.0}","{'modified_maturity_days': 0.0, 'modified_maturity_months': 0.0, 'modified_maturity_years': 0.0}",43.0031,1.5669,1
152002,"{'market_cap_large': 11.6293, 'market_cap_mid': 67.2761, 'market_cap_others': 2.6523, 'market_cap_small': 18.4423}",0.0,"{'avg_maturity_days': 0.0, 'avg_maturity_months': 0.0, 'avg_maturity_years': 0.0}","{'modified_maturity_days': 0.0, 'modified_maturity_months': 0.0, 'modified_maturity_years': 0.0}",51.4831,0.59,1
149373,"{'market_cap_large': 98.9186, 'market_cap_mid': 1.1362, 'market_cap_others': -0.0548, 'market_cap_small': 0.0}",0.0,"{'avg_maturity_days': 0.0, 'avg_maturity_months': 0.0, 'avg_maturity_years': 0.0}","{'modified_maturity_days': 0.0, 'modified_maturity_months': 0.0, 'modified_maturity_years': 0.0}",30.2557,0.0,1
135810,"{'market_cap_large': 30.1802, 'market_cap_mid': 32.6909, 'market_cap_others': 7.9957, 'market_cap_small': 29.1332}",0.0,"{'avg_maturity_days': 0.0, 'avg_maturity_months': 0.0, 'avg_maturity_years': 0.0}","{'modified_maturity_days': 0.0, 'modified_maturity_months': 0.0, 'modified_maturity_years': 0.0}",50.2663,0.1377,1
153157,"{'market_cap_large': 35.4135, 'market_cap_mid': 27.6922, 'market_cap_others': 6.8401, 'market_cap_small': 30.0542}",0.0,"{'avg_maturity_days': 0.0, 'avg_maturity_months': 0.0, 'avg_maturity_years': 0.0}","{'modified_maturity_days': 0.0, 'modified_maturity_months': 0.0, 'modified_maturity_years': 0.0}",49.4738,0.0,1
151810,"{'market_cap_large': 41.6267, 'market_cap_mid': 28.3902, 'market_cap_others': 1.4924, 'market_cap_small': 28.4907}",0.0,"{'avg_maturity_days': 0.0, 'avg_maturity_months': 0.0, 'avg_maturity_years': 0.0}","{'modified_maturity_days': 0.0, 'modified_maturity_months': 0.0, 'modified_maturity_years': 0.0}",38.5602,1.01,1
133801,"{'market_cap_large': 38.3728, 'market_cap_mid': 20.548, 'market_cap_others': 0.8377, 'market_cap_small': 40.2416}",0.0,"{'avg_maturity_days': 0.0, 'avg_maturity_months': 0.0, 'avg_maturity_years': 0.0}","{'modified_maturity_days': 0.0, 'modified_maturity_months': 0.0, 'modified_maturity_years': 0.0}",47.5275,0.2183,1
149669,"{'market_cap_large': 42.9411, 'market_cap_mid': 25.4386, 'market_cap_others': 6.4244, 'market_cap_small': 25.1958}",0.0,"{'avg_maturity_days': 0.0, 'avg_maturity_months': 0.0, 'avg_maturity_years': 0.0}","{'modified_maturity_days': 0.0, 'modified_maturity_months': 0.0, 'modified_maturity_years': 0.0}",41.5632,0.581,1
152092,"{'market_cap_large': 68.9124, 'market_cap_mid': 17.9628, 'market_cap_others': 0.0856, 'market_cap_small': 13.0392}",0.0,"{'avg_maturity_days': 0.0, 'avg_maturity_months': 0.0, 'avg_maturity_years': 0.0}","{'modified_maturity_days': 0.0, 'modified_maturity_months': 0.0, 'modified_maturity_years': 0.0}",37.1867,0.08,1
123637,"{'market_cap_large': 78.9428, 'market_cap_mid': 14.5696, 'market_cap_others': 3.6537, 'market_cap_small': 2.8339}",0.0,"{'avg_maturity_days': 0.0, 'avg_maturity_months': 0.0, 'avg_maturity_years': 0.0}","{'modified_maturity_days': 0.0, 'modified_maturity_months': 0.0, 'modified_maturity_years': 0.0}",40.565,0.01,1
119723,"{'market_cap_large': 61.5477, 'market_cap_mid': 18.0489, 'market_cap_others': 11.3272, 'market_cap_small': 9.0762}",0.0,"{'avg_maturity_days': 0.0, 'avg_maturity_months': 0.0, 'avg_maturity_years': 0.0}","{'modified_maturity_days': 0.0, 'modified_maturity_months': 0.0, 'modified_maturity_years': 0.0}",32.0867,0.19,1
152595,"{'market_cap_large': 51.387, 'market_cap_mid': 29.8451, 'market_cap_others': 0.0125, 'market_cap_small': 18.7554}",0.0,"{'avg_maturity_days': 0.0, 'avg_maturity_months': 0.0, 'avg_maturity_years': 0.0}","{'modified_maturity_days': 0.0, 'modified_maturity_months': 0.0, 'modified_maturity_years': 0.0}",39.043,0.5255,1
150539,"{'market_cap_large': 63.5499, 'market_cap_mid': 19.6494, 'market_cap_others': 11.6512, 'market_cap_small': 5.1495}",0.0,"{'avg_maturity_days': 0.0, 'avg_maturity_months': 0.0, 'avg_maturity_years': 0.0}","{'modified_maturity_days': 0.0, 'modified_maturity_months': 0.0, 'modified_maturity_years': 0.0}",20.4118,0.59,1
152600,"{'market_cap_large': 64.797, 'market_cap_mid': 16.9574, 'market_cap_others': 1.7761, 'market_cap_small': 16.4695}",0.0,"{'avg_maturity_days': 0.0, 'avg_maturity_months': 0.0, 'avg_maturity_years': 0.0}","{'modified_maturity_days': 0.0, 'modified_maturity_months': 0.0, 'modified_maturity_years': 0.0}",34.5302,0.0,1
150805,"{'market_cap_large': 63.7791, 'market_cap_mid': 12.8841, 'market_cap_others': 9.7902, 'market_cap_small': 13.5466}",0.0,"{'avg_maturity_days': 0.0, 'avg_maturity_months': 0.0, 'avg_maturity_years': 0.0}","{'modified_maturity_days': 0.0, 'modified_maturity_months': 0.0, 'modified_maturity_years': 0.0}",29.3381,0.478,1
150387,"{'market_cap_large': 46.9583, 'market_cap_mid': 33.4715, 'market_cap_others': 6.1471, 'market_cap_small': 13.4232}",0.0,"{'avg_maturity_days': 0.0, 'avg_maturity_months': 0.0, 'avg_maturity_years': 0.0}","{'modified_maturity_days': 0.0, 'modified_maturity_months': 0.0, 'modified_maturity_years': 0.0}",52.7947,0.82,1
120264,"{'market_cap_large': 36.4671, 'market_cap_mid': 11.7168, 'market_cap_others': 3.9761, 'market_cap_small': 47.84}",0.0,"{'avg_maturity_days': 0.0, 'avg_maturity_months': 0.0, 'avg_maturity_years': 0.0}","{'modified_maturity_days': 0.0, 'modified_maturity_months': 0.0, 'modified_maturity_years': 0.0}",37.7166,1.14,1
143793,"{'market_cap_large': 45.2747, 'market_cap_mid': 19.9011, 'market_cap_others': 12.0261, 'market_cap_small': 22.798}",0.0,"{'avg_maturity_days': 0.0, 'avg_maturity_months': 0.0, 'avg_maturity_years': 0.0}","{'modified_maturity_days': 0.0, 'modified_maturity_months': 0.0, 'modified_maturity_years': 0.0}",36.3416,0.77,1
152358,"{'market_cap_large': 38.8675, 'market_cap_mid': 16.3159, 'market_cap_others': 3.4094, 'market_cap_small': 41.4072}",0.0,"{'avg_maturity_days': 0.0, 'avg_maturity_months': 0.0, 'avg_maturity_years': 0.0}","{'modified_maturity_days': 0.0, 'modified_maturity_months': 0.0, 'modified_maturity_years': 0.0}",31.9991,0.23,1
152798,"{'market_cap_large': 38.3342, 'market_cap_mid': 39.1542, 'market_cap_others': -0.0121, 'market_cap_small': 22.5237}",0.0,"{'avg_maturity_days': 0.0, 'avg_maturity_months': 0.0, 'avg_maturity_years': 0.0}","{'modified_maturity_days': 0.0, 'modified_maturity_months': 0.0, 'modified_maturity_years': 0.0}",58.4648,0.0,1
118581,"{'market_cap_large': 98.5244, 'market_cap_mid': 1.1375, 'market_cap_others': 0.3382, 'market_cap_small': 0.0}",0.0,"{'avg_maturity_days': 0.0, 'avg_maturity_months': 0.0, 'avg_maturity_years': 0.0}","{'modified_maturity_days': 0.0, 'modified_maturity_months': 0.0, 'modified_maturity_years': 0.0}",30.26,0.0861,1
149383,"{'market_cap_large': 46.345, 'market_cap_mid': 25.9575, 'market_cap_others': 3.2814, 'market_cap_small': 24.4161}",0.0,"{'avg_maturity_days': 0.0, 'avg_maturity_months': 0.0, 'avg_maturity_years': 0.0}","{'modified_maturity_days': 0.0, 'modified_maturity_months': 0.0, 'modified_maturity_years': 0.0}",48.8283,0.52,1
153154,"{'market_cap_large': 68.9178, 'market_cap_mid': 29.0881, 'market_cap_others': 1.9941, 'market_cap_small': 0.0}",0.0,"{'avg_maturity_days': 0.0, 'avg_maturity_months': 0.0, 'avg_maturity_years': 0.0}","{'modified_maturity_days': 0.0, 'modified_maturity_months': 0.0, 'modified_maturity_years': 0.0}",28.9271,1.14,1
119438,"{'market_cap_large': 67.1665, 'market_cap_mid': 22.1444, 'market_cap_others': 2.4364, 'market_cap_small': 8.2527}",0.0,"{'avg_maturity_days': 0.0, 'avg_maturity_months': 0.0, 'avg_maturity_years': 0.0}","{'modified_maturity_days': 0.0, 'modified_maturity_months': 0.0, 'modified_maturity_years': 0.0}",37.159,0.003,1
151060,"{'market_cap_large': 49.7583, 'market_cap_mid': 14.4462, 'market_cap_others': 28.0464, 'market_cap_small': 7.7491}",0.0,"{'avg_maturity_days': 0.0, 'avg_maturity_months': 0.0, 'avg_maturity_years': 0.0}","{'modified_maturity_days': 0.0, 'modified_maturity_months': 0.0, 'modified_maturity_years': 0.0}",40.532,5.93,1
103490,"{'market_cap_large': 65.5624, 'market_cap_mid': 9.8115, 'market_cap_others': 12.4564, 'market_cap_small': 12.1697}",0.0,"{'avg_maturity_days': 0.0, 'avg_maturity_months': 0.0, 'avg_maturity_years': 0.0}","{'modified_maturity_days': 0.0, 'modified_maturity_months': 0.0, 'modified_maturity_years': 0.0}",25.0538,0.1492,1
119835,"{'market_cap_large': 51.9222, 'market_cap_mid': 11.8407, 'market_cap_others': 25.3316, 'market_cap_small': 10.9055}",0.0,"{'avg_maturity_days': 0.0, 'avg_maturity_months': 0.0, 'avg_maturity_years': 0.0}","{'modified_maturity_days': 0.0, 'modified_maturity_months': 0.0, 'modified_maturity_years': 0.0}",29.6569,2.23,1
120841,"{'market_cap_large': 17.1526, 'market_cap_mid': 67.8638, 'market_cap_others': 14.9836, 'market_cap_small': 0.0}",0.0,"{'avg_maturity_days': 0.0, 'avg_maturity_months': 0.0, 'avg_maturity_years': 0.0}","{'modified_maturity_days': 0.0, 'modified_maturity_months': 0.0, 'modified_maturity_years': 0.0}",39.3506,1.89,1
120405,"{'market_cap_large': 27.8141, 'market_cap_mid': 33.4916, 'market_cap_others': 1.0087, 'market_cap_small': 37.6856}",0.0,"{'avg_maturity_days': 0.0, 'avg_maturity_months': 0.0, 'avg_maturity_years': 0.0}","{'modified_maturity_days': 0.0, 'modified_maturity_months': 0.0, 'modified_maturity_years': 0.0}",62.124,0.61,1
150468,"{'market_cap_large': 83.3763, 'market_cap_mid': 16.572, 'market_cap_others': 0.0517, 'market_cap_small': 0.0}",0.0,"{'avg_maturity_days': 0.0, 'avg_maturity_months': 0.0, 'avg_maturity_years': 0.0}","{'modified_maturity_days': 0.0, 'modified_maturity_months': 0.0, 'modified_maturity_years': 0.0}",29.4825,0.35,1
148726,"{'market_cap_large': 5.0303, 'market_cap_mid': 91.9172, 'market_cap_others': 0.0177, 'market_cap_small': 3.0348}",0.0,"{'avg_maturity_days': 0.0, 'avg_maturity_months': 0.0, 'avg_maturity_years': 0.0}","{'modified_maturity_days': 0.0, 'modified_maturity_months': 0.0, 'modified_maturity_years': 0.0}",51.1154,0.36,1
119773,"{'market_cap_large': 74.6498, 'market_cap_mid': 15.719, 'market_cap_others': 1.2741, 'market_cap_small': 8.357}",0.0,"{'avg_maturity_days': 0.0, 'avg_maturity_months': 0.0, 'avg_maturity_years': 0.0}","{'modified_maturity_days': 0.0, 'modified_maturity_months': 0.0, 'modified_maturity_years': 0.0}",32.2471,0.3025,1
119595,"{'market_cap_large': 73.2499, 'market_cap_mid': 9.3138, 'market_cap_others': 4.7185, 'market_cap_small': 12.7178}",0.0,"{'avg_maturity_days': 0.0, 'avg_maturity_months': 0.0, 'avg_maturity_years': 0.0}","{'modified_maturity_days': 0.0, 'modified_maturity_months': 0.0, 'modified_maturity_years': 0.0}",58.9065,0.262,1
146575,"{'market_cap_large': 49.7904, 'market_cap_mid': 23.1568, 'market_cap_others': 1.7213, 'market_cap_small': 25.3315}",0.0,"{'avg_maturity_days': 0.0, 'avg_maturity_months': 0.0, 'avg_maturity_years': 0.0}","{'modified_maturity_days': 0.0, 'modified_maturity_months': 0.0, 'modified_maturity_years': 0.0}",0.0,0.9,1
148519,"{'market_cap_large': 0.1477, 'market_cap_mid': 1.795, 'market_cap_others': 0.2928, 'market_cap_small': 97.7645}",0.0,"{'avg_maturity_days': 0.0, 'avg_maturity_months': 0.0, 'avg_maturity_years': 0.0}","{'modified_maturity_days': 0.0, 'modified_maturity_months': 0.0, 'modified_maturity_years': 0.0}",41.7645,0.4,1
153150,"{'market_cap_large': 95.6367, 'market_cap_mid': 4.6167, 'market_cap_others': -0.2534, 'market_cap_small': 0.0}",0.0,"{'avg_maturity_days': 0.0, 'avg_maturity_months': 0.0, 'avg_maturity_years': 0.0}","{'modified_maturity_days': 0.0, 'modified_maturity_months': 0.0, 'modified_maturity_years': 0.0}",38.3756,0.5226,1
152474,"{'market_cap_large': 37.4638, 'market_cap_mid': 2.1442, 'market_cap_others': 55.9056, 'market_cap_small': 4.4865}",0.0,"{'avg_maturity_days': 0.0, 'avg_maturity_months': 0.0, 'avg_maturity_years': 0.0}","{'modified_maturity_days': 0.0, 'modified_maturity_months': 0.0, 'modified_maturity_years': 0.0}",30.0216,1.2442,1
150428,"{'market_cap_large': 7.072, 'market_cap_mid': 84.4839, 'market_cap_others': -0.0064, 'market_cap_small': 8.4506}",0.0,"{'avg_maturity_days': 0.0, 'avg_maturity_months': 0.0, 'avg_maturity_years': 0.0}","{'modified_maturity_days': 0.0, 'modified_maturity_months': 0.0, 'modified_maturity_years': 0.0}",47.9601,0.56,1
153264,"{'market_cap_large': 97.5976, 'market_cap_mid': 2.2099, 'market_cap_others': 0.1925, 'market_cap_small': 0.0}",0.0,"{'avg_maturity_days': 0.0, 'avg_maturity_months': 0.0, 'avg_maturity_years': 0.0}","{'modified_maturity_days': 0.0, 'modified_maturity_months': 0.0, 'modified_maturity_years': 0.0}",40.0272,0.0,1
118267,"{'market_cap_large': 55.7537, 'market_cap_mid': 25.9622, 'market_cap_others': 4.6204, 'market_cap_small': 13.6638}",0.0,"{'avg_maturity_days': 0.0, 'avg_maturity_months': 0.0, 'avg_maturity_years': 0.0}","{'modified_maturity_days': 0.0, 'modified_maturity_months': 0.0, 'modified_maturity_years': 0.0}",48.9923,0.36,1
153081,"{'market_cap_large': 75.8505, 'market_cap_mid': 9.5139, 'market_cap_others': -0.0915, 'market_cap_small': 14.727}",0.0,"{'avg_maturity_days': 0.0, 'avg_maturity_months': 0.0, 'avg_maturity_years': 0.0}","{'modified_maturity_days': 0.0, 'modified_maturity_months': 0.0, 'modified_maturity_years': 0.0}",23.9118,0.0,1
153184,"{'market_cap_large': 68.8631, 'market_cap_mid': 11.581, 'market_cap_others': 14.3195, 'market_cap_small': 5.2363}",0.0,"{'avg_maturity_days': 0.0, 'avg_maturity_months': 0.0, 'avg_maturity_years': 0.0}","{'modified_maturity_days': 0.0, 'modified_maturity_months': 0.0, 'modified_maturity_years': 0.0}",39.0758,0.2,1
118791,"{'market_cap_large': 99.3811, 'market_cap_mid': 0.5897, 'market_cap_others': 0.0292, 'market_cap_small': 0.0}",0.0,"{'avg_maturity_days': 0.0, 'avg_maturity_months': 0.0, 'avg_maturity_years': 0.0}","{'modified_maturity_days': 0.0, 'modified_maturity_months': 0.0, 'modified_maturity_years': 0.0}",27.0039,0.18,1
152010,"{'market_cap_large': 31.9768, 'market_cap_mid': 15.3066, 'market_cap_others': 10.1582, 'market_cap_small': 42.5584}",0.0,"{'avg_maturity_days': 0.0, 'avg_maturity_months': 0.0, 'avg_maturity_years': 0.0}","{'modified_maturity_days': 0.0, 'modified_maturity_months': 0.0, 'modified_maturity_years': 0.0}",45.6547,1.29,1
152855,"{'market_cap_large': 5.0057, 'market_cap_mid': 91.8052, 'market_cap_others': 0.169, 'market_cap_small': 3.0201}",0.0,"{'avg_maturity_days': 0.0, 'avg_maturity_months': 0.0, 'avg_maturity_years': 0.0}","{'modified_maturity_days': 0.0, 'modified_maturity_months': 0.0, 'modified_maturity_years': 0.0}",51.0507,0.0,1
152805,"{'market_cap_large': 71.7478, 'market_cap_mid': 13.8071, 'market_cap_others': 5.6063, 'market_cap_small': 8.8388}",0.0,"{'avg_maturity_days': 0.0, 'avg_maturity_months': 0.0, 'avg_maturity_years': 0.0}","{'modified_maturity_days': 0.0, 'modified_maturity_months': 0.0, 'modified_maturity_years': 0.0}",58.1095,0.0,1
118617,"{'market_cap_large': 79.0082, 'market_cap_mid': 13.1624, 'market_cap_others': 6.9859, 'market_cap_small': 0.8435}",0.0,"{'avg_maturity_days': 0.0, 'avg_maturity_months': 0.0, 'avg_maturity_years': 0.0}","{'modified_maturity_days': 0.0, 'modified_maturity_months': 0.0, 'modified_maturity_years': 0.0}",33.381,1.12,1
120578,"{'market_cap_large': 47.4898, 'market_cap_mid': 13.3647, 'market_cap_others': 15.1961, 'market_cap_small': 23.9494}",0.0,"{'avg_maturity_days': 0.0, 'avg_maturity_months': 0.0, 'avg_maturity_years': 0.0}","{'modified_maturity_days': 0.0, 'modified_maturity_months': 0.0, 'modified_maturity_years': 0.0}",44.894,0.32,1
153219,"{'market_cap_large': 91.1653, 'market_cap_mid': 2.7778, 'market_cap_others': 6.0568, 'market_cap_small': 0.0}",0.0,"{'avg_maturity_days': 0.0, 'avg_maturity_months': 0.0, 'avg_maturity_years': 0.0}","{'modified_maturity_days': 0.0, 'modified_maturity_months': 0.0, 'modified_maturity_years': 0.0}",44.6637,0.11,1
120564,"{'market_cap_large': 69.1749, 'market_cap_mid': 16.4546, 'market_cap_others': 3.2857, 'market_cap_small': 11.0847}",0.0,"{'avg_maturity_days': 0.0, 'avg_maturity_months': 0.0, 'avg_maturity_years': 0.0}","{'modified_maturity_days': 0.0, 'modified_maturity_months': 0.0, 'modified_maturity_years': 0.0}",38.8417,0.4,1
149288,"{'market_cap_large': 89.2576, 'market_cap_mid': 9.7777, 'market_cap_others': 0.9647, 'market_cap_small': 0.0}",0.0,"{'avg_maturity_days': 0.0, 'avg_maturity_months': 0.0, 'avg_maturity_years': 0.0}","{'modified_maturity_days': 0.0, 'modified_maturity_months': 0.0, 'modified_maturity_years': 0.0}",45.3517,0.7738,1
153432,"{'market_cap_large': 57.3521, 'market_cap_mid': 42.9926, 'market_cap_others': -0.3447, 'market_cap_small': 0.0}",0.0,"{'avg_maturity_days': 0.0, 'avg_maturity_months': 0.0, 'avg_maturity_years': 0.0}","{'modified_maturity_days': 0.0, 'modified_maturity_months': 0.0, 'modified_maturity_years': 0.0}",7.0941,0.02,1
129649,"{'market_cap_large': 0.0, 'market_cap_mid': 24.9454, 'market_cap_others': 6.36, 'market_cap_small': 68.6946}",0.0,"{'avg_maturity_days': 0.0, 'avg_maturity_months': 0.0, 'avg_maturity_years': 0.0}","{'modified_maturity_days': 0.0, 'modified_maturity_months': 0.0, 'modified_maturity_years': 0.0}",56.0079,1.14,1
119351,"{'market_cap_large': 55.3626, 'market_cap_mid': 19.6359, 'market_cap_others': 2.4409, 'market_cap_small': 22.5605}",0.0,"{'avg_maturity_days': 0.0, 'avg_maturity_months': 0.0, 'avg_maturity_years': 0.0}","{'modified_maturity_days': 0.0, 'modified_maturity_months': 0.0, 'modified_maturity_years': 0.0}",40.6034,0.69,1
119827,"{'market_cap_large': 98.8118, 'market_cap_mid': 1.1414, 'market_cap_others': 0.0468, 'market_cap_small': 0.0}",0.0,"{'avg_maturity_days': 0.0, 'avg_maturity_months': 0.0, 'avg_maturity_years': 0.0}","{'modified_maturity_days': 0.0, 'modified_maturity_months': 0.0, 'modified_maturity_years': 0.0}",30.264,0.16,1
120587,"{'market_cap_large': 69.5093, 'market_cap_mid': 7.7177, 'market_cap_others': 14.6769, 'market_cap_small': 8.0961}",0.0,"{'avg_maturity_days': 0.0, 'avg_maturity_months': 0.0, 'avg_maturity_years': 0.0}","{'modified_maturity_days': 0.0, 'modified_maturity_months': 0.0, 'modified_maturity_years': 0.0}",51.9589,0.41,1
152637,"{'market_cap_large': 82.6385, 'market_cap_mid': 16.5304, 'market_cap_others': -0.1221, 'market_cap_small': 0.9531}",0.0,"{'avg_maturity_days': 0.0, 'avg_maturity_months': 0.0, 'avg_maturity_years': 0.0}","{'modified_maturity_days': 0.0, 'modified_maturity_months': 0.0, 'modified_maturity_years': 0.0}",64.2909,0.16,1
151769,"{'market_cap_large': 99.424, 'market_cap_mid': 0.5899, 'market_cap_others': -0.014, 'market_cap_small': 0.0}",0.0,"{'avg_maturity_days': 0.0, 'avg_maturity_months': 0.0, 'avg_maturity_years': 0.0}","{'modified_maturity_days': 0.0, 'modified_maturity_months': 0.0, 'modified_maturity_years': 0.0}",27.0037,0.06,1
152760,"{'market_cap_large': 22.1723, 'market_cap_mid': 44.701, 'market_cap_others': 6.7315, 'market_cap_small': 26.3952}",0.0,"{'avg_maturity_days': 0.0, 'avg_maturity_months': 0.0, 'avg_maturity_years': 0.0}","{'modified_maturity_days': 0.0, 'modified_maturity_months': 0.0, 'modified_maturity_years': 0.0}",74.7786,0.42,1
152032,"{'market_cap_large': 39.263, 'market_cap_mid': 17.072, 'market_cap_others': 5.9893, 'market_cap_small': 37.6757}",0.0,"{'avg_maturity_days': 0.0, 'avg_maturity_months': 0.0, 'avg_maturity_years': 0.0}","{'modified_maturity_days': 0.0, 'modified_maturity_months': 0.0, 'modified_maturity_years': 0.0}",73.515,0.08,1
152875,"{'market_cap_large': 33.5397, 'market_cap_mid': 48.9322, 'market_cap_others': 1.112, 'market_cap_small': 16.4162}",0.0,"{'avg_maturity_days': 0.0, 'avg_maturity_months': 0.0, 'avg_maturity_years': 0.0}","{'modified_maturity_days': 0.0, 'modified_maturity_months': 0.0, 'modified_maturity_years': 0.0}",66.0149,0.81,1
146376,"{'market_cap_large': 98.8032, 'market_cap_mid': 1.1413, 'market_cap_others': 0.0554, 'market_cap_small': 0.0}",0.0,"{'avg_maturity_days': 0.0, 'avg_maturity_months': 0.0, 'avg_maturity_years': 0.0}","{'modified_maturity_days': 0.0, 'modified_maturity_months': 0.0, 'modified_maturity_years': 0.0}",30.2642,0.09,1
119096,"{'market_cap_large': 55.7674, 'market_cap_mid': 16.7031, 'market_cap_others': 10.5612, 'market_cap_small': 16.9683}",0.0,"{'avg_maturity_days': 0.0, 'avg_maturity_months': 0.0, 'avg_maturity_years': 0.0}","{'modified_maturity_days': 0.0, 'modified_maturity_months': 0.0, 'modified_maturity_years': 0.0}",36.0892,0.23,1
152024,"{'market_cap_large': 26.3404, 'market_cap_mid': 30.6724, 'market_cap_others': 9.558, 'market_cap_small': 33.4292}",0.0,"{'avg_maturity_days': 0.0, 'avg_maturity_months': 0.0, 'avg_maturity_years': 0.0}","{'modified_maturity_days': 0.0, 'modified_maturity_months': 0.0, 'modified_maturity_years': 0.0}",53.777,0.41,1
152881,"{'market_cap_large': 33.4979, 'market_cap_mid': 48.8736, 'market_cap_others': 1.2289, 'market_cap_small': 16.3996}",0.0,"{'avg_maturity_days': 0.0, 'avg_maturity_months': 0.0, 'avg_maturity_years': 0.0}","{'modified_maturity_days': 0.0, 'modified_maturity_months': 0.0, 'modified_maturity_years': 0.0}",66.0214,0.0,1
151781,"{'market_cap_large': 63.4245, 'market_cap_mid': 35.6822, 'market_cap_others': 0.8932, 'market_cap_small': 0.0}",0.0,"{'avg_maturity_days': 0.0, 'avg_maturity_months': 0.0, 'avg_maturity_years': 0.0}","{'modified_maturity_days': 0.0, 'modified_maturity_months': 0.0, 'modified_maturity_years': 0.0}",56.242,1.234,1
149868,"{'market_cap_large': 97.182, 'market_cap_mid': 2.6096, 'market_cap_others': 0.2084, 'market_cap_small': 0.0}",0.0,"{'avg_maturity_days': 0.0, 'avg_maturity_months': 0.0, 'avg_maturity_years': 0.0}","{'modified_maturity_days': 0.0, 'modified_maturity_months': 0.0, 'modified_maturity_years': 0.0}",32.8727,0.1403,1
152157,"{'market_cap_large': 51.0175, 'market_cap_mid': 47.4224, 'market_cap_others': 0.0547, 'market_cap_small': 1.5053}",0.0,"{'avg_maturity_days': 0.0, 'avg_maturity_months': 0.0, 'avg_maturity_years': 0.0}","{'modified_maturity_days': 0.0, 'modified_maturity_months': 0.0, 'modified_maturity_years': 0.0}",42.0037,0.15,1
147844,"{'market_cap_large': 66.7808, 'market_cap_mid': 20.9165, 'market_cap_others': 3.805, 'market_cap_small': 8.4977}",0.0,"{'avg_maturity_days': 0.0, 'avg_maturity_months': 0.0, 'avg_maturity_years': 0.0}","{'modified_maturity_days': 0.0, 'modified_maturity_months': 0.0, 'modified_maturity_years': 0.0}",19.4997,0.16,1
120488,"{'market_cap_large': 67.9905, 'market_cap_mid': 15.484, 'market_cap_others': 7.3753, 'market_cap_small': 9.1502}",0.0,"{'avg_maturity_days': 0.0, 'avg_maturity_months': 0.0, 'avg_maturity_years': 0.0}","{'modified_maturity_days': 0.0, 'modified_maturity_months': 0.0, 'modified_maturity_years': 0.0}",52.3453,1.9041,1
147206,"{'market_cap_large': 42.3694, 'market_cap_mid': 27.1949, 'market_cap_others': 3.7463, 'market_cap_small': 26.6894}",0.0,"{'avg_maturity_days': 0.0, 'avg_maturity_months': 0.0, 'avg_maturity_years': 0.0}","{'modified_maturity_days': 0.0, 'modified_maturity_months': 0.0, 'modified_maturity_years': 0.0}",39.8237,0.37,1
150659,"{'market_cap_large': 34.1752, 'market_cap_mid': 26.5288, 'market_cap_others': 5.2435, 'market_cap_small': 34.0525}",0.0,"{'avg_maturity_days': 0.0, 'avg_maturity_months': 0.0, 'avg_maturity_years': 0.0}","{'modified_maturity_days': 0.0, 'modified_maturity_months': 0.0, 'modified_maturity_years': 0.0}",39.4401,0.31,1
149343,"{'market_cap_large': 50.9419, 'market_cap_mid': 47.4749, 'market_cap_others': 0.0644, 'market_cap_small': 1.5188}",0.0,"{'avg_maturity_days': 0.0, 'avg_maturity_months': 0.0, 'avg_maturity_years': 0.0}","{'modified_maturity_days': 0.0, 'modified_maturity_months': 0.0, 'modified_maturity_years': 0.0}",42.0121,0.16,1
153246,"{'market_cap_large': 38.8971, 'market_cap_mid': 12.7845, 'market_cap_others': 33.4283, 'market_cap_small': 14.8902}",0.0,"{'avg_maturity_days': 0.0, 'avg_maturity_months': 0.0, 'avg_maturity_years': 0.0}","{'modified_maturity_days': 0.0, 'modified_maturity_months': 0.0, 'modified_maturity_years': 0.0}",35.4986,0.0,1
135800,"{'market_cap_large': 72.3957, 'market_cap_mid': 9.8823, 'market_cap_others': 2.6719, 'market_cap_small': 15.0501}",0.0,"{'avg_maturity_days': 0.0, 'avg_maturity_months': 0.0, 'avg_maturity_years': 0.0}","{'modified_maturity_days': 0.0, 'modified_maturity_months': 0.0, 'modified_maturity_years': 0.0}",36.191,0.1241,1
143353,"{'market_cap_large': 86.4365, 'market_cap_mid': 5.5298, 'market_cap_others': 4.5677, 'market_cap_small': 3.466}",0.0,"{'avg_maturity_days': 0.0, 'avg_maturity_months': 0.0, 'avg_maturity_years': 0.0}","{'modified_maturity_days': 0.0, 'modified_maturity_months': 0.0, 'modified_maturity_years': 0.0}",24.6868,0.02,1
119488,"{'market_cap_large': 94.5317, 'market_cap_mid': 5.0011, 'market_cap_others': 0.4672, 'market_cap_small': 0.0}",0.0,"{'avg_maturity_days': 0.0, 'avg_maturity_months': 0.0, 'avg_maturity_years': 0.0}","{'modified_maturity_days': 0.0, 'modified_maturity_months': 0.0, 'modified_maturity_years': 0.0}",43.9009,0.45,1
148481,"{'market_cap_large': 60.3273, 'market_cap_mid': 20.2969, 'market_cap_others': 6.126, 'market_cap_small': 13.2497}",0.0,"{'avg_maturity_days': 0.0, 'avg_maturity_months': 0.0, 'avg_maturity_years': 0.0}","{'modified_maturity_days': 0.0, 'modified_maturity_months': 0.0, 'modified_maturity_years': 0.0}",53.0183,0.32,1
152018,"{'market_cap_large': 29.259, 'market_cap_mid': 10.691, 'market_cap_others': 4.4111, 'market_cap_small': 55.6389}",0.0,"{'avg_maturity_days': 0.0, 'avg_maturity_months': 0.0, 'avg_maturity_years': 0.0}","{'modified_maturity_days': 0.0, 'modified_maturity_months': 0.0, 'modified_maturity_years': 0.0}",38.2362,1.38,1
150452,"{'market_cap_large': 63.3144, 'market_cap_mid': 35.6159, 'market_cap_others': 1.0697, 'market_cap_small': 0.0}",0.0,"{'avg_maturity_days': 0.0, 'avg_maturity_months': 0.0, 'avg_maturity_years': 0.0}","{'modified_maturity_days': 0.0, 'modified_maturity_months': 0.0, 'modified_maturity_years': 0.0}",56.199,1.22,1
143783,"{'market_cap_large': 34.6172, 'market_cap_mid': 38.2685, 'market_cap_others': 2.999, 'market_cap_small': 24.1153}",0.0,"{'avg_maturity_days': 0.0, 'avg_maturity_months': 0.0, 'avg_maturity_years': 0.0}","{'modified_maturity_days': 0.0, 'modified_maturity_months': 0.0, 'modified_maturity_years': 0.0}",45.7001,0.35,1
119716,"{'market_cap_large': 7.8246, 'market_cap_mid': 71.5731, 'market_cap_others': 5.3086, 'market_cap_small': 15.2937}",0.0,"{'avg_maturity_days': 0.0, 'avg_maturity_months': 0.0, 'avg_maturity_years': 0.0}","{'modified_maturity_days': 0.0, 'modified_maturity_months': 0.0, 'modified_maturity_years': 0.0}",52.3612,0.59,1
152392,"{'market_cap_large': 83.2686, 'market_cap_mid': 16.5539, 'market_cap_others': 0.1776, 'market_cap_small': 0.0}",0.0,"{'avg_maturity_days': 0.0, 'avg_maturity_months': 0.0, 'avg_maturity_years': 0.0}","{'modified_maturity_days': 0.0, 'modified_maturity_months': 0.0, 'modified_maturity_years': 0.0}",29.4831,0.36,1
141924,"{'market_cap_large': 64.3553, 'market_cap_mid': 7.7405, 'market_cap_others': 3.7255, 'market_cap_small': 24.1786}",0.0,"{'avg_maturity_days': 0.0, 'avg_maturity_months': 0.0, 'avg_maturity_years': 0.0}","{'modified_maturity_days': 0.0, 'modified_maturity_months': 0.0, 'modified_maturity_years': 0.0}",32.9104,0.0348,1
152521,"{'market_cap_large': 36.8012, 'market_cap_mid': 48.5866, 'market_cap_others': 0.2603, 'market_cap_small': 14.3518}",0.0,"{'avg_maturity_days': 0.0, 'avg_maturity_months': 0.0, 'avg_maturity_years': 0.0}","{'modified_maturity_days': 0.0, 'modified_maturity_months': 0.0, 'modified_maturity_years': 0.0}",54.2311,0.2955,1
119718,"{'market_cap_large': 66.6368, 'market_cap_mid': 11.8446, 'market_cap_others': 10.785, 'market_cap_small': 10.7337}",0.0,"{'avg_maturity_days': 0.0, 'avg_maturity_months': 0.0, 'avg_maturity_years': 0.0}","{'modified_maturity_days': 0.0, 'modified_maturity_months': 0.0, 'modified_maturity_years': 0.0}",34.3664,0.92,1
120599,"{'market_cap_large': 39.8592, 'market_cap_mid': 24.7424, 'market_cap_others': 10.4421, 'market_cap_small': 24.9564}",0.0,"{'avg_maturity_days': 0.0, 'avg_maturity_months': 0.0, 'avg_maturity_years': 0.0}","{'modified_maturity_days': 0.0, 'modified_maturity_months': 0.0, 'modified_maturity_years': 0.0}",35.9352,0.7,1
119775,"{'market_cap_large': 11.5128, 'market_cap_mid': 68.8935, 'market_cap_others': 4.8848, 'market_cap_small': 14.7089}",0.0,"{'avg_maturity_days': 0.0, 'avg_maturity_months': 0.0, 'avg_maturity_years': 0.0}","{'modified_maturity_days': 0.0, 'modified_maturity_months': 0.0, 'modified_maturity_years': 0.0}",48.5409,0.4294,1
119646,"{'market_cap_large': 25.912, 'market_cap_mid': 32.1033, 'market_cap_others': 3.2699, 'market_cap_small': 38.7148}",0.0,"{'avg_maturity_days': 0.0, 'avg_maturity_months': 0.0, 'avg_maturity_years': 0.0}","{'modified_maturity_days': 0.0, 'modified_maturity_months': 0.0, 'modified_maturity_years': 0.0}",49.278,0.15,1
119172,"{'market_cap_large': 40.72, 'market_cap_mid': 36.6013, 'market_cap_others': 8.0469, 'market_cap_small': 14.6319}",0.0,"{'avg_maturity_days': 0.0, 'avg_maturity_months': 0.0, 'avg_maturity_years': 0.0}","{'modified_maturity_days': 0.0, 'modified_maturity_months': 0.0, 'modified_maturity_years': 0.0}",44.58,0.3119,1
145895,"{'market_cap_large': 46.5234, 'market_cap_mid': 15.9741, 'market_cap_others': 33.1978, 'market_cap_small': 4.3047}",0.0,"{'avg_maturity_days': 0.0, 'avg_maturity_months': 0.0, 'avg_maturity_years': 0.0}","{'modified_maturity_days': 0.0, 'modified_maturity_months': 0.0, 'modified_maturity_years': 0.0}",27.7935,2.31,1
152878,"{'market_cap_large': 52.8871, 'market_cap_mid': 20.961, 'market_cap_others': 1.6658, 'market_cap_small': 24.4861}",0.0,"{'avg_maturity_days': 0.0, 'avg_maturity_months': 0.0, 'avg_maturity_years': 0.0}","{'modified_maturity_days': 0.0, 'modified_maturity_months': 0.0, 'modified_maturity_years': 0.0}",32.8216,0.0,1
118348,"{'market_cap_large': 85.9953, 'market_cap_mid': 12.5213, 'market_cap_others': 1.4834, 'market_cap_small': 0.0}",0.0,"{'avg_maturity_days': 0.0, 'avg_maturity_months': 0.0, 'avg_maturity_years': 0.0}","{'modified_maturity_days': 0.0, 'modified_maturity_months': 0.0, 'modified_maturity_years': 0.0}",50.2669,0.4,1
148883,"{'market_cap_large': 74.8524, 'market_cap_mid': 15.0152, 'market_cap_others': 7.9655, 'market_cap_small': 2.1669}",0.0,"{'avg_maturity_days': 0.0, 'avg_maturity_months': 0.0, 'avg_maturity_years': 0.0}","{'modified_maturity_days': 0.0, 'modified_maturity_months': 0.0, 'modified_maturity_years': 0.0}",45.6654,0.44,1
119312,"{'market_cap_large': 51.6368, 'market_cap_mid': 14.1504, 'market_cap_others': 3.6872, 'market_cap_small': 30.5256}",0.0,"{'avg_maturity_days': 0.0, 'avg_maturity_months': 0.0, 'avg_maturity_years': 0.0}","{'modified_maturity_days': 0.0, 'modified_maturity_months': 0.0, 'modified_maturity_years': 0.0}",0.0,0.4239,1
119060,"{'market_cap_large': 77.0945, 'market_cap_mid': 5.4387, 'market_cap_others': 8.3716, 'market_cap_small': 9.0951}",0.0,"{'avg_maturity_days': 0.0, 'avg_maturity_months': 0.0, 'avg_maturity_years': 0.0}","{'modified_maturity_days': 0.0, 'modified_maturity_months': 0.0, 'modified_maturity_years': 0.0}",31.0929,0.3023,1
118741,"{'market_cap_large': 98.8411, 'market_cap_mid': 1.1417, 'market_cap_others': 0.0171, 'market_cap_small': 0.0}",0.0,"{'avg_maturity_days': 0.0, 'avg_maturity_months': 0.0, 'avg_maturity_years': 0.0}","{'modified_maturity_days': 0.0, 'modified_maturity_months': 0.0, 'modified_maturity_years': 0.0}",30.2641,0.13,1
147622,"{'market_cap_large': 5.0127, 'market_cap_mid': 91.9379, 'market_cap_others': 0.0252, 'market_cap_small': 3.0242}",0.0,"{'avg_maturity_days': 0.0, 'avg_maturity_months': 0.0, 'avg_maturity_years': 0.0}","{'modified_maturity_days': 0.0, 'modified_maturity_months': 0.0, 'modified_maturity_years': 0.0}",51.0426,0.32,1
152415,"{'market_cap_large': 57.5124, 'market_cap_mid': 13.0115, 'market_cap_others': 26.3808, 'market_cap_small': 3.0954}",0.0,"{'avg_maturity_days': 0.0, 'avg_maturity_months': 0.0, 'avg_maturity_years': 0.0}","{'modified_maturity_days': 0.0, 'modified_maturity_months': 0.0, 'modified_maturity_years': 0.0}",19.0048,5.43,1
118950,"{'market_cap_large': 66.7861, 'market_cap_mid': 2.74, 'market_cap_others': 16.8521, 'market_cap_small': 13.6217}",0.0,"{'avg_maturity_days': 0.0, 'avg_maturity_months': 0.0, 'avg_maturity_years': 0.0}","{'modified_maturity_days': 0.0, 'modified_maturity_months': 0.0, 'modified_maturity_years': 0.0}",28.7557,0.296,1
145599,"{'market_cap_large': 60.7533, 'market_cap_mid': 6.3024, 'market_cap_others': 31.4542, 'market_cap_small': 1.4902}",0.0,"{'avg_maturity_days': 0.0, 'avg_maturity_months': 0.0, 'avg_maturity_years': 0.0}","{'modified_maturity_days': 0.0, 'modified_maturity_months': 0.0, 'modified_maturity_years': 0.0}",36.7187,2.12,1
151853,"{'market_cap_large': 23.5065, 'market_cap_mid': 9.7599, 'market_cap_others': 14.7554, 'market_cap_small': 51.9782}",0.0,"{'avg_maturity_days': 0.0, 'avg_maturity_months': 0.0, 'avg_maturity_years': 0.0}","{'modified_maturity_days': 0.0, 'modified_maturity_months': 0.0, 'modified_maturity_years': 0.0}",52.7863,1.48,1
152739,"{'market_cap_large': 42.0502, 'market_cap_mid': 26.0532, 'market_cap_others': 6.5405, 'market_cap_small': 25.3562}",0.0,"{'avg_maturity_days': 0.0, 'avg_maturity_months': 0.0, 'avg_maturity_years': 0.0}","{'modified_maturity_days': 0.0, 'modified_maturity_months': 0.0, 'modified_maturity_years': 0.0}",43.7712,0.3794,1
120484,"{'market_cap_large': 49.9785, 'market_cap_mid': 2.4977, 'market_cap_others': 25.8142, 'market_cap_small': 21.7096}",0.0,"{'avg_maturity_days': 0.0, 'avg_maturity_months': 0.0, 'avg_maturity_years': 0.0}","{'modified_maturity_days': 0.0, 'modified_maturity_months': 0.0, 'modified_maturity_years': 0.0}",42.3617,1.4312,1
148978,"{'market_cap_large': 98.8709, 'market_cap_mid': 1.142, 'market_cap_others': -0.013, 'market_cap_small': 0.0}",0.0,"{'avg_maturity_days': 0.0, 'avg_maturity_months': 0.0, 'avg_maturity_years': 0.0}","{'modified_maturity_days': 0.0, 'modified_maturity_months': 0.0, 'modified_maturity_years': 0.0}",30.2641,0.4451,1
118935,"{'market_cap_large': 70.6406, 'market_cap_mid': 14.0987, 'market_cap_others': 0.9037, 'market_cap_small': 14.357}",0.0,"{'avg_maturity_days': 0.0, 'avg_maturity_months': 0.0, 'avg_maturity_years': 0.0}","{'modified_maturity_days': 0.0, 'modified_maturity_months': 0.0, 'modified_maturity_years': 0.0}",34.1391,0.2244,1
148945,"{'market_cap_large': 89.3051, 'market_cap_mid': 9.783, 'market_cap_others': 0.9119, 'market_cap_small': 0.0}",0.0,"{'avg_maturity_days': 0.0, 'avg_maturity_months': 0.0, 'avg_maturity_years': 0.0}","{'modified_maturity_days': 0.0, 'modified_maturity_months': 0.0, 'modified_maturity_years': 0.0}",45.3543,0.67,1
149533,"{'market_cap_large': 72.5825, 'market_cap_mid': 9.7114, 'market_cap_others': 8.6335, 'market_cap_small': 9.0726}",0.0,"{'avg_maturity_days': 0.0, 'avg_maturity_months': 0.0, 'avg_maturity_years': 0.0}","{'modified_maturity_days': 0.0, 'modified_maturity_months': 0.0, 'modified_maturity_years': 0.0}",38.4579,0.756,1
119705,"{'market_cap_large': 55.3941, 'market_cap_mid': 13.985, 'market_cap_others': 0.8205, 'market_cap_small': 29.8004}",0.0,"{'avg_maturity_days': 0.0, 'avg_maturity_months': 0.0, 'avg_maturity_years': 0.0}","{'modified_maturity_days': 0.0, 'modified_maturity_months': 0.0, 'modified_maturity_years': 0.0}",27.3535,0.31,1
147445,"{'market_cap_large': 8.4473, 'market_cap_mid': 71.8523, 'market_cap_others': 1.3369, 'market_cap_small': 18.3635}",0.0,"{'avg_maturity_days': 0.0, 'avg_maturity_months': 0.0, 'avg_maturity_years': 0.0}","{'modified_maturity_days': 0.0, 'modified_maturity_months': 0.0, 'modified_maturity_years': 0.0}",43.9579,1.06,1
151611,"{'market_cap_large': 12.369, 'market_cap_mid': 59.0411, 'market_cap_others': 0.5065, 'market_cap_small': 28.0833}",0.0,"{'avg_maturity_days': 0.0, 'avg_maturity_months': 0.0, 'avg_maturity_years': 0.0}","{'modified_maturity_days': 0.0, 'modified_maturity_months': 0.0, 'modified_maturity_years': 0.0}",43.8722,1.23,1
149303,"{'market_cap_large': 44.6332, 'market_cap_mid': 25.8295, 'market_cap_others': 4.9421, 'market_cap_small': 24.5952}",0.0,"{'avg_maturity_days': 0.0, 'avg_maturity_months': 0.0, 'avg_maturity_years': 0.0}","{'modified_maturity_days': 0.0, 'modified_maturity_months': 0.0, 'modified_maturity_years': 0.0}",41.4801,0.54,1
118285,"{'market_cap_large': 72.0028, 'market_cap_mid': 14.02, 'market_cap_others': 3.9071, 'market_cap_small': 10.0702}",0.0,"{'avg_maturity_days': 0.0, 'avg_maturity_months': 0.0, 'avg_maturity_years': 0.0}","{'modified_maturity_days': 0.0, 'modified_maturity_months': 0.0, 'modified_maturity_years': 0.0}",40.0219,0.29,1
119700,"{'market_cap_large': 42.2628, 'market_cap_mid': 21.5326, 'market_cap_others': 8.7608, 'market_cap_small': 27.4438}",0.0,"{'avg_maturity_days': 0.0, 'avg_maturity_months': 0.0, 'avg_maturity_years': 0.0}","{'modified_maturity_days': 0.0, 'modified_maturity_months': 0.0, 'modified_maturity_years': 0.0}",41.3592,0.24,1
149071,"{'market_cap_large': 56.7727, 'market_cap_mid': 17.6689, 'market_cap_others': 4.3017, 'market_cap_small': 21.2566}",0.0,"{'avg_maturity_days': 0.0, 'avg_maturity_months': 0.0, 'avg_maturity_years': 0.0}","{'modified_maturity_days': 0.0, 'modified_maturity_months': 0.0, 'modified_maturity_years': 0.0}",37.1767,0.5598,1
148609,"{'market_cap_large': 66.8466, 'market_cap_mid': 10.7546, 'market_cap_others': 2.0651, 'market_cap_small': 20.3337}",0.0,"{'avg_maturity_days': 0.0, 'avg_maturity_months': 0.0, 'avg_maturity_years': 0.0}","{'modified_maturity_days': 0.0, 'modified_maturity_months': 0.0, 'modified_maturity_years': 0.0}",31.304,0.0631,1
150738,"{'market_cap_large': 9.3291, 'market_cap_mid': 90.7768, 'market_cap_others': -0.1059, 'market_cap_small': 0.0}",0.0,"{'avg_maturity_days': 0.0, 'avg_maturity_months': 0.0, 'avg_maturity_years': 0.0}","{'modified_maturity_days': 0.0, 'modified_maturity_months': 0.0, 'modified_maturity_years': 0.0}",61.9357,0.9415,1
119218,"{'market_cap_large': 48.681, 'market_cap_mid': 35.4971, 'market_cap_others': 7.1761, 'market_cap_small': 8.6458}",0.0,"{'avg_maturity_days': 0.0, 'avg_maturity_months': 0.0, 'avg_maturity_years': 0.0}","{'modified_maturity_days': 0.0, 'modified_maturity_months': 0.0, 'modified_maturity_years': 0.0}",31.9711,0.41,1
120468,"{'market_cap_large': 75.4372, 'market_cap_mid': 16.8452, 'market_cap_others': 7.7176, 'market_cap_small': 0.0}",0.0,"{'avg_maturity_days': 0.0, 'avg_maturity_months': 0.0, 'avg_maturity_years': 0.0}","{'modified_maturity_days': 0.0, 'modified_maturity_months': 0.0, 'modified_maturity_years': 0.0}",51.1376,0.36,1
140228,"{'market_cap_large': 10.2647, 'market_cap_mid': 74.5129, 'market_cap_others': 3.4397, 'market_cap_small': 11.7827}",0.0,"{'avg_maturity_days': 0.0, 'avg_maturity_months': 0.0, 'avg_maturity_years': 0.0}","{'modified_maturity_days': 0.0, 'modified_maturity_months': 0.0, 'modified_maturity_years': 0.0}",62.5146,0.51,1
147473,"{'market_cap_large': 81.6858, 'market_cap_mid': 13.8748, 'market_cap_others': 0.8501, 'market_cap_small': 3.5893}",0.0,"{'avg_maturity_days': 0.0, 'avg_maturity_months': 0.0, 'avg_maturity_years': 0.0}","{'modified_maturity_days': 0.0, 'modified_maturity_months': 0.0, 'modified_maturity_years': 0.0}",31.4537,0.3325,1
149368,"{'market_cap_large': 45.6236, 'market_cap_mid': 26.2015, 'market_cap_others': 2.6268, 'market_cap_small': 25.5481}",0.0,"{'avg_maturity_days': 0.0, 'avg_maturity_months': 0.0, 'avg_maturity_years': 0.0}","{'modified_maturity_days': 0.0, 'modified_maturity_months': 0.0, 'modified_maturity_years': 0.0}",37.6309,0.068,1
120323,"{'market_cap_large': 75.2238, 'market_cap_mid': 6.5798, 'market_cap_others': 14.2531, 'market_cap_small': 3.9434}",0.0,"{'avg_maturity_days': 0.0, 'avg_maturity_months': 0.0, 'avg_maturity_years': 0.0}","{'modified_maturity_days': 0.0, 'modified_maturity_months': 0.0, 'modified_maturity_years': 0.0}",29.7984,0.47,1
118650,"{'market_cap_large': 44.8412, 'market_cap_mid': 26.5422, 'market_cap_others': 3.4109, 'market_cap_small': 25.2056}",0.0,"{'avg_maturity_days': 0.0, 'avg_maturity_months': 0.0, 'avg_maturity_years': 0.0}","{'modified_maturity_days': 0.0, 'modified_maturity_months': 0.0, 'modified_maturity_years': 0.0}",47.9485,0.2,1
151952,"{'market_cap_large': 46.1074, 'market_cap_mid': 9.3716, 'market_cap_others': 28.0182, 'market_cap_small': 16.5028}",0.0,"{'avg_maturity_days': 0.0, 'avg_maturity_months': 0.0, 'avg_maturity_years': 0.0}","{'modified_maturity_days': 0.0, 'modified_maturity_months': 0.0, 'modified_maturity_years': 0.0}",33.2954,0.85,1
118763,"{'market_cap_large': 57.7706, 'market_cap_mid': 24.9979, 'market_cap_others': 1.7498, 'market_cap_small': 15.4818}",0.0,"{'avg_maturity_days': 0.0, 'avg_maturity_months': 0.0, 'avg_maturity_years': 0.0}","{'modified_maturity_days': 0.0, 'modified_maturity_months': 0.0, 'modified_maturity_years': 0.0}",47.9786,0.38,1
120392,"{'market_cap_large': 82.8389, 'market_cap_mid': 8.6524, 'market_cap_others': 1.8414, 'market_cap_small': 6.6673}",0.0,"{'avg_maturity_days': 0.0, 'avg_maturity_months': 0.0, 'avg_maturity_years': 0.0}","{'modified_maturity_days': 0.0, 'modified_maturity_months': 0.0, 'modified_maturity_years': 0.0}",46.7992,0.69,1
120656,"{'market_cap_large': 88.7449, 'market_cap_mid': 6.8855, 'market_cap_others': 3.7124, 'market_cap_small': 0.6572}",0.0,"{'avg_maturity_days': 0.0, 'avg_maturity_months': 0.0, 'avg_maturity_years': 0.0}","{'modified_maturity_days': 0.0, 'modified_maturity_months': 0.0, 'modified_maturity_years': 0.0}",35.5663,0.37,1
118866,"{'market_cap_large': 62.4671, 'market_cap_mid': 5.1598, 'market_cap_others': 15.4226, 'market_cap_small': 16.9505}",0.0,"{'avg_maturity_days': 0.0, 'avg_maturity_months': 0.0, 'avg_maturity_years': 0.0}","{'modified_maturity_days': 0.0, 'modified_maturity_months': 0.0, 'modified_maturity_years': 0.0}",24.3883,0.65,1
151728,"{'market_cap_large': 72.2368, 'market_cap_mid': 17.7801, 'market_cap_others': 0.2542, 'market_cap_small': 9.7289}",0.0,"{'avg_maturity_days': 0.0, 'avg_maturity_months': 0.0, 'avg_maturity_years': 0.0}","{'modified_maturity_days': 0.0, 'modified_maturity_months': 0.0, 'modified_maturity_years': 0.0}",36.9084,0.2697,1
119247,"{'market_cap_large': 30.8297, 'market_cap_mid': 15.4598, 'market_cap_others': 13.2272, 'market_cap_small': 40.4833}",0.0,"{'avg_maturity_days': 0.0, 'avg_maturity_months': 0.0, 'avg_maturity_years': 0.0}","{'modified_maturity_days': 0.0, 'modified_maturity_months': 0.0, 'modified_maturity_years': 0.0}",41.0645,0.5,1
153353,"{'market_cap_large': 81.3503, 'market_cap_mid': 18.1295, 'market_cap_others': 0.5203, 'market_cap_small': 0.0}",0.0,"{'avg_maturity_days': 0.0, 'avg_maturity_months': 0.0, 'avg_maturity_years': 0.0}","{'modified_maturity_days': 0.0, 'modified_maturity_months': 0.0, 'modified_maturity_years': 0.0}",36.0535,0.7953,1
152710,"{'market_cap_large': 39.3924, 'market_cap_mid': 43.6146, 'market_cap_others': 11.2434, 'market_cap_small': 5.7496}",0.0,"{'avg_maturity_days': 0.0, 'avg_maturity_months': 0.0, 'avg_maturity_years': 0.0}","{'modified_maturity_days': 0.0, 'modified_maturity_months': 0.0, 'modified_maturity_years': 0.0}",52.1925,0.0,1
119212,"{'market_cap_large': 0.0, 'market_cap_mid': 4.3764, 'market_cap_others': 7.1749, 'market_cap_small': 88.4488}",0.0,"{'avg_maturity_days': 0.0, 'avg_maturity_months': 0.0, 'avg_maturity_years': 0.0}","{'modified_maturity_days': 0.0, 'modified_maturity_months': 0.0, 'modified_maturity_years': 0.0}",35.9966,0.24,1
118678,"{'market_cap_large': 56.8723, 'market_cap_mid': 42.1082, 'market_cap_others': 1.0195, 'market_cap_small': 0.0}",0.0,"{'avg_maturity_days': 0.0, 'avg_maturity_months': 0.0, 'avg_maturity_years': 0.0}","{'modified_maturity_days': 0.0, 'modified_maturity_months': 0.0, 'modified_maturity_years': 0.0}",52.0286,0.78,1
152651,"{'market_cap_large': 27.1881, 'market_cap_mid': 33.0039, 'market_cap_others': 18.1674, 'market_cap_small': 21.6406}",0.0,"{'avg_maturity_days': 0.0, 'avg_maturity_months': 0.0, 'avg_maturity_years': 0.0}","{'modified_maturity_days': 0.0, 'modified_maturity_months': 0.0, 'modified_maturity_years': 0.0}",75.0366,2.21,1
119202,"{'market_cap_large': 45.0103, 'market_cap_mid': 35.4103, 'market_cap_others': 6.0955, 'market_cap_small': 13.4839}",0.0,"{'avg_maturity_days': 0.0, 'avg_maturity_months': 0.0, 'avg_maturity_years': 0.0}","{'modified_maturity_days': 0.0, 'modified_maturity_months': 0.0, 'modified_maturity_years': 0.0}",32.5027,0.1028,1
119251,"{'market_cap_large': 45.952, 'market_cap_mid': 23.6283, 'market_cap_others': 4.5169, 'market_cap_small': 25.9027}",0.0,"{'avg_maturity_days': 0.0, 'avg_maturity_months': 0.0, 'avg_maturity_years': 0.0}","{'modified_maturity_days': 0.0, 'modified_maturity_months': 0.0, 'modified_maturity_years': 0.0}",0.0,0.5565,1
119292,"{'market_cap_large': 64.744, 'market_cap_mid': 17.4296, 'market_cap_others': 4.0087, 'market_cap_small': 13.8176}",0.0,"{'avg_maturity_days': 0.0, 'avg_maturity_months': 0.0, 'avg_maturity_years': 0.0}","{'modified_maturity_days': 0.0, 'modified_maturity_months': 0.0, 'modified_maturity_years': 0.0}",45.1663,1.18,1
150643,"{'market_cap_large': 85.0391, 'market_cap_mid': 14.9151, 'market_cap_others': 0.0458, 'market_cap_small': 0.0}",0.0,"{'avg_maturity_days': 0.0, 'avg_maturity_months': 0.0, 'avg_maturity_years': 0.0}","{'modified_maturity_days': 0.0, 'modified_maturity_months': 0.0, 'modified_maturity_years': 0.0}",29.6773,0.39,1
147617,"{'market_cap_large': 40.5228, 'market_cap_mid': 24.3222, 'market_cap_others': 30.1937, 'market_cap_small': 4.9613}",4.99,"{'avg_maturity_days': 1.0, 'avg_maturity_months': 0.0333, 'avg_maturity_years': 0.0027}","{'modified_maturity_days': 1.0, 'modified_maturity_months': 0.0333, 'modified_maturity_years': 0.0027}",25.0181,0.0,1
120724,"{'market_cap_large': 70.2793, 'market_cap_mid': 19.6042, 'market_cap_others': 3.9365, 'market_cap_small': 6.18}",5.98,"{'avg_maturity_days': 1.095, 'avg_maturity_months': 0.036, 'avg_maturity_years': 0.003}","{'modified_maturity_days': 1.095, 'modified_maturity_months': 0.036, 'modified_maturity_years': 0.003}",0.0,0.3,1
139971,"{'market_cap_large': 61.4677, 'market_cap_mid': 15.0023, 'market_cap_others': 20.376, 'market_cap_small': 3.154}",6.77,"{'avg_maturity_days': 7.3, 'avg_maturity_months': 0.24, 'avg_maturity_years': 0.02}","{'modified_maturity_days': 3.65, 'modified_maturity_months': 0.12, 'modified_maturity_years': 0.01}",42.1424,0.65,1
148490,"{'market_cap_large': 13.6467, 'market_cap_mid': 5.172, 'market_cap_others': 39.3004, 'market_cap_small': 41.8809}",5.94,"{'avg_maturity_days': 3.65, 'avg_maturity_months': 0.12, 'avg_maturity_years': 0.01}","{'modified_maturity_days': 3.65, 'modified_maturity_months': 0.12, 'modified_maturity_years': 0.01}",0.0,0.0,1
148401,"{'market_cap_large': 49.1425, 'market_cap_mid': 25.5587, 'market_cap_others': 19.691, 'market_cap_small': 5.6078}",5.91,"{'avg_maturity_days': 10.95, 'avg_maturity_months': 0.36, 'avg_maturity_years': 0.03}","{'modified_maturity_days': 10.95, 'modified_maturity_months': 0.36, 'modified_maturity_years': 0.03}",42.4039,18.77,1
118452,"{'market_cap_large': 72.4451, 'market_cap_mid': 7.2164, 'market_cap_others': 18.788, 'market_cap_small': 1.5506}",6.79,"{'avg_maturity_days': 25.0, 'avg_maturity_months': 0.8333, 'avg_maturity_years': 0.0685}","{'modified_maturity_days': 17.0, 'modified_maturity_months': 0.5667, 'modified_maturity_years': 0.0466}",34.7118,3.84,1
152077,"{'market_cap_large': 57.8935, 'market_cap_mid': 11.3483, 'market_cap_others': 28.1524, 'market_cap_small': 2.6057}",6.45,"{'avg_maturity_days': 38.16, 'avg_maturity_months': 1.272, 'avg_maturity_years': 0.1045}","{'modified_maturity_days': 35.78, 'modified_maturity_months': 1.1927, 'modified_maturity_years': 0.098}",23.8247,0.0,1
148468,"{'market_cap_large': 62.2394, 'market_cap_mid': 3.9749, 'market_cap_others': 33.7857, 'market_cap_small': 0.0}",5.87,"{'avg_maturity_days': 41.44, 'avg_maturity_months': 1.3813, 'avg_maturity_years': 0.1135}","{'modified_maturity_days': 40.15, 'modified_maturity_months': 1.32, 'modified_maturity_years': 0.11}",29.9713,8.56,1
146297,"{'market_cap_large': 49.7315, 'market_cap_mid': 22.448, 'market_cap_others': 25.0669, 'market_cap_small': 2.7536}",6.38,"{'avg_maturity_days': 62.05, 'avg_maturity_months': 2.04, 'avg_maturity_years': 0.17}","{'modified_maturity_days': 58.4, 'modified_maturity_months': 1.92, 'modified_maturity_years': 0.16}",42.4941,13.15,1
143614,"{'market_cap_large': 49.8215, 'market_cap_mid': 17.4415, 'market_cap_others': 28.7271, 'market_cap_small': 4.0099}",6.18,"{'avg_maturity_days': 62.05, 'avg_maturity_months': 2.04, 'avg_maturity_years': 0.17}","{'modified_maturity_days': 62.05, 'modified_maturity_months': 2.04, 'modified_maturity_years': 0.17}",42.4396,0.0,1
147789,"{'market_cap_large': 53.8727, 'market_cap_mid': 4.6055, 'market_cap_others': 38.4319, 'market_cap_small': 3.0899}",6.11,"{'avg_maturity_days': 69.35, 'avg_maturity_months': 2.28, 'avg_maturity_years': 0.19}","{'modified_maturity_days': 62.05, 'modified_maturity_months': 2.04, 'modified_maturity_years': 0.17}",36.1418,6.32,1
152849,"{'market_cap_large': 46.1887, 'market_cap_mid': 19.0982, 'market_cap_others': 30.8351, 'market_cap_small': 3.878}",6.37,"{'avg_maturity_days': 73.0, 'avg_maturity_months': 2.4, 'avg_maturity_years': 0.2}","{'modified_maturity_days': 69.35, 'modified_maturity_months': 2.28, 'modified_maturity_years': 0.19}",36.2973,0.0,1
118931,"{'market_cap_large': 55.8187, 'market_cap_mid': 10.6, 'market_cap_others': 32.0338, 'market_cap_small': 1.5475}",6.39,"{'avg_maturity_days': 78.8, 'avg_maturity_months': 2.6266, 'avg_maturity_years': 0.2158}","{'modified_maturity_days': 73.35, 'modified_maturity_months': 2.445, 'modified_maturity_years': 0.2009}",34.7089,3.1375,1
129052,"{'market_cap_large': 55.8187, 'market_cap_mid': 10.6, 'market_cap_others': 32.0338, 'market_cap_small': 1.5475}",6.39,"{'avg_maturity_days': 78.8, 'avg_maturity_months': 2.6266, 'avg_maturity_years': 0.2158}","{'modified_maturity_days': 73.35, 'modified_maturity_months': 2.445, 'modified_maturity_years': 0.2009}",34.7089,3.1375,1
153187,"{'market_cap_large': 44.9339, 'market_cap_mid': 17.6458, 'market_cap_others': 34.6221, 'market_cap_small': 2.7982}",5.97,"{'avg_maturity_days': 83.95, 'avg_maturity_months': 2.76, 'avg_maturity_years': 0.23}","{'modified_maturity_days': 80.3, 'modified_maturity_months': 2.64, 'modified_maturity_years': 0.22}",42.5326,5.33,1
149264,"{'market_cap_large': 56.9066, 'market_cap_mid': 18.084, 'market_cap_others': 15.6512, 'market_cap_small': 9.3582}",5.98,"{'avg_maturity_days': 103.0, 'avg_maturity_months': 3.4333, 'avg_maturity_years': 0.2821}","{'modified_maturity_days': 99.0, 'modified_maturity_months': 3.3, 'modified_maturity_years': 0.2712}",36.352,3.2,1
150367,"{'market_cap_large': 67.3218, 'market_cap_mid': 7.0935, 'market_cap_others': 23.9436, 'market_cap_small': 1.6411}",5.92,"{'avg_maturity_days': 105.0, 'avg_maturity_months': 3.5, 'avg_maturity_years': 0.2876}","{'modified_maturity_days': 101.0, 'modified_maturity_months': 3.3666, 'modified_maturity_years': 0.2766}",26.6891,9.17,1
120401,"{'market_cap_large': 40.4422, 'market_cap_mid': 19.6819, 'market_cap_others': 34.0559, 'market_cap_small': 5.82}",6.37,"{'avg_maturity_days': 108.0, 'avg_maturity_months': 3.6, 'avg_maturity_years': 0.2958}","{'modified_maturity_days': 101.0, 'modified_maturity_months': 3.3666, 'modified_maturity_years': 0.2766}",41.0387,17.39,1
152109,"{'market_cap_large': 52.1722, 'market_cap_mid': 11.6551, 'market_cap_others': 33.2251, 'market_cap_small': 2.9476}",6.48,"{'avg_maturity_days': 140.83, 'avg_maturity_months': 4.6943, 'avg_maturity_years': 0.3857}","{'modified_maturity_days': 131.181, 'modified_maturity_months': 4.3128, 'modified_maturity_years': 0.3594}",25.5942,0.0,1
142283,"{'market_cap_large': 46.512, 'market_cap_mid': 18.7296, 'market_cap_others': 29.6275, 'market_cap_small': 5.1309}",6.64,"{'avg_maturity_days': 65.7, 'avg_maturity_months': 2.16, 'avg_maturity_years': 0.18}","{'modified_maturity_days': 131.4, 'modified_maturity_months': 4.32, 'modified_maturity_years': 0.36}",31.0604,12.32,1
143163,"{'market_cap_large': 35.0541, 'market_cap_mid': 6.413, 'market_cap_others': 22.4913, 'market_cap_small': 36.0416}",6.91,"{'avg_maturity_days': 146.0, 'avg_maturity_months': 4.8, 'avg_maturity_years': 0.4}","{'modified_maturity_days': 131.4, 'modified_maturity_months': 4.32, 'modified_maturity_years': 0.36}",31.3166,0.64,1
148683,"{'market_cap_large': 64.923, 'market_cap_mid': 18.592, 'market_cap_others': 2.109, 'market_cap_small': 14.3761}",6.13,"{'avg_maturity_days': 200.75, 'avg_maturity_months': 6.6, 'avg_maturity_years': 0.55}","{'modified_maturity_days': 135.05, 'modified_maturity_months': 4.44, 'modified_maturity_years': 0.37}",0.0,0.0,1
148685,"{'market_cap_large': 51.2727, 'market_cap_mid': 15.6895, 'market_cap_others': 20.8011, 'market_cap_small': 12.2368}",5.78,"{'avg_maturity_days': 981.85, 'avg_maturity_months': 32.28, 'avg_maturity_years': 2.69}","{'modified_maturity_days': 146.0, 'modified_maturity_months': 4.8, 'modified_maturity_years': 0.4}",0.0,0.0,1
130206,"{'market_cap_large': 42.7504, 'market_cap_mid': 19.1543, 'market_cap_others': 32.9925, 'market_cap_small': 5.1028}",6.54,"{'avg_maturity_days': 167.9, 'avg_maturity_months': 5.52, 'avg_maturity_years': 0.46}","{'modified_maturity_days': 164.25, 'modified_maturity_months': 5.4, 'modified_maturity_years': 0.45}",39.0425,14.33,1
120364,"{'market_cap_large': 53.3128, 'market_cap_mid': 12.0217, 'market_cap_others': 31.1071, 'market_cap_small': 3.5583}",6.17,"{'avg_maturity_days': 178.85, 'avg_maturity_months': 5.88, 'avg_maturity_years': 0.49}","{'modified_maturity_days': 167.9, 'modified_maturity_months': 5.52, 'modified_maturity_years': 0.46}",34.1156,0.0,1
138464,"{'market_cap_large': 24.0418, 'market_cap_mid': 0.5999, 'market_cap_others': 75.3583, 'market_cap_small': 0.0}",8.68,"{'avg_maturity_days': 200.75, 'avg_maturity_months': 6.6, 'avg_maturity_years': 0.55}","{'modified_maturity_days': 178.85, 'modified_maturity_months': 5.88, 'modified_maturity_years': 0.49}",39.4363,1.11,1
153092,"{'market_cap_large': 10.0628, 'market_cap_mid': 25.1349, 'market_cap_others': 58.0627, 'market_cap_small': 6.7396}",5.94,"{'avg_maturity_days': 189.8, 'avg_maturity_months': 6.24, 'avg_maturity_years': 0.52}","{'modified_maturity_days': 178.85, 'modified_maturity_months': 5.88, 'modified_maturity_years': 0.49}",51.3186,0.0,1
150251,"{'market_cap_large': 36.8164, 'market_cap_mid': 19.7413, 'market_cap_others': 30.4432, 'market_cap_small': 12.9992}",7.45,"{'avg_maturity_days': 343.1, 'avg_maturity_months': 11.28, 'avg_maturity_years': 0.94}","{'modified_maturity_days': 197.1, 'modified_maturity_months': 6.48, 'modified_maturity_years': 0.54}",33.3397,17.15,1
119574,"{'market_cap_large': 50.1285, 'market_cap_mid': 13.9674, 'market_cap_others': 33.4049, 'market_cap_small': 2.4991}",6.87,"{'avg_maturity_days': 222.65, 'avg_maturity_months': 7.32, 'avg_maturity_years': 0.61}","{'modified_maturity_days': 200.75, 'modified_maturity_months': 6.6, 'modified_maturity_years': 0.55}",33.0841,13.27,1
145724,"{'market_cap_large': 46.4574, 'market_cap_mid': 13.2846, 'market_cap_others': 36.2642, 'market_cap_small': 3.9938}",7.1,"{'avg_maturity_days': 237.25, 'avg_maturity_months': 7.8, 'avg_maturity_years': 0.65}","{'modified_maturity_days': 226.3, 'modified_maturity_months': 7.44, 'modified_maturity_years': 0.62}",35.8042,4.9993,1
119771,"{'market_cap_large': 48.7404, 'market_cap_mid': 14.4898, 'market_cap_others': 34.3606, 'market_cap_small': 2.4092}",6.63,"{'avg_maturity_days': 226.3, 'avg_maturity_months': 7.44, 'avg_maturity_years': 0.62}","{'modified_maturity_days': 226.3, 'modified_maturity_months': 7.44, 'modified_maturity_years': 0.62}",39.6286,20.0814,1
120795,"{'market_cap_large': 44.9691, 'market_cap_mid': 14.6857, 'market_cap_others': 36.2873, 'market_cap_small': 4.0579}",6.68,"{'avg_maturity_days': 226.3, 'avg_maturity_months': 7.44, 'avg_maturity_years': 0.62}","{'modified_maturity_days': 226.3, 'modified_maturity_months': 7.44, 'modified_maturity_years': 0.62}",35.2663,11.93,1
130773,"{'market_cap_large': 45.0815, 'market_cap_mid': 17.508, 'market_cap_others': 33.5652, 'market_cap_small': 3.8453}",6.77,"{'avg_maturity_days': 245.0, 'avg_maturity_months': 8.1666, 'avg_maturity_years': 0.6711}","{'modified_maturity_days': 228.0, 'modified_maturity_months': 7.5999, 'modified_maturity_years': 0.6245}",29.693,0.0,1
120821,"{'market_cap_large': 35.4908, 'market_cap_mid': 6.6574, 'market_cap_others': 55.9898, 'market_cap_small': 1.862}",5.89,"{'avg_maturity_days': 394.0, 'avg_maturity_months': 13.1332, 'avg_maturity_years': 1.0792}","{'modified_maturity_days': 240.0, 'modified_maturity_months': 7.9999, 'modified_maturity_years': 0.6574}",51.4775,2.12,1
153043,"{'market_cap_large': 35.7002, 'market_cap_mid': 24.9306, 'market_cap_others': 31.0666, 'market_cap_small': 8.3027}",6.53,"{'avg_maturity_days': 281.05, 'avg_maturity_months': 9.24, 'avg_maturity_years': 0.77}","{'modified_maturity_days': 255.5, 'modified_maturity_months': 8.4, 'modified_maturity_years': 0.7}",37.759,7.5852,1
119526,"{'market_cap_large': 46.1102, 'market_cap_mid': 14.6579, 'market_cap_others': 35.6133, 'market_cap_small': 3.6186}",6.88,"{'avg_maturity_days': 339.45, 'avg_maturity_months': 11.16, 'avg_maturity_years': 0.93}","{'modified_maturity_days': 259.15, 'modified_maturity_months': 8.52, 'modified_maturity_years': 0.71}",33.4731,11.95,1
149908,"{'market_cap_large': 21.4397, 'market_cap_mid': 0.0, 'market_cap_others': 78.5603, 'market_cap_small': 0.0}",7.08,"{'avg_maturity_days': 313.9, 'avg_maturity_months': 10.32, 'avg_maturity_years': 0.86}","{'modified_maturity_days': 262.8, 'modified_maturity_months': 8.64, 'modified_maturity_years': 0.72}",28.792,0.0,1
148454,"{'market_cap_large': 7.0429, 'market_cap_mid': 11.2849, 'market_cap_others': 62.1959, 'market_cap_small': 19.4762}",6.54,"{'avg_maturity_days': 321.2, 'avg_maturity_months': 10.56, 'avg_maturity_years': 0.88}","{'modified_maturity_days': 273.75, 'modified_maturity_months': 9.0, 'modified_maturity_years': 0.75}",48.7347,0.65,1
148026,"{'market_cap_large': 53.725, 'market_cap_mid': 11.0584, 'market_cap_others': 30.9871, 'market_cap_small': 4.2294}",4.16,"{'avg_maturity_days': 302.95, 'avg_maturity_months': 9.96, 'avg_maturity_years': 0.83}","{'modified_maturity_days': 277.4, 'modified_maturity_months': 9.12, 'modified_maturity_years': 0.76}",47.4012,4.0,1
118615,"{'market_cap_large': 56.3902, 'market_cap_mid': 11.99, 'market_cap_others': 25.2219, 'market_cap_small': 6.3979}",6.33,"{'avg_maturity_days': 365.0, 'avg_maturity_months': 12.0, 'avg_maturity_years': 1.0}","{'modified_maturity_days': 310.25, 'modified_maturity_months': 10.2, 'modified_maturity_years': 0.85}",34.1894,2.4,1
152188,"{'market_cap_large': 41.5863, 'market_cap_mid': 19.6613, 'market_cap_others': 23.2166, 'market_cap_small': 15.5357}",5.95,"{'avg_maturity_days': 350.4, 'avg_maturity_months': 11.52, 'avg_maturity_years': 0.96}","{'modified_maturity_days': 313.9, 'modified_maturity_months': 10.32, 'modified_maturity_years': 0.86}",47.3289,8.99,1
120334,"{'market_cap_large': 49.9592, 'market_cap_mid': 11.7215, 'market_cap_others': 34.2559, 'market_cap_small': 4.0634}",6.59,"{'avg_maturity_days': 511.0, 'avg_maturity_months': 16.8, 'avg_maturity_years': 1.4}","{'modified_maturity_days': 321.2, 'modified_maturity_months': 10.56, 'modified_maturity_years': 0.88}",31.934,0.3,1
145478,"{'market_cap_large': 63.0002, 'market_cap_mid': 5.9699, 'market_cap_others': 31.0299, 'market_cap_small': 0.0}",4.05,"{'avg_maturity_days': 394.2, 'avg_maturity_months': 12.96, 'avg_maturity_years': 1.08}","{'modified_maturity_days': 350.4, 'modified_maturity_months': 11.52, 'modified_maturity_years': 0.96}",39.6064,4.66,1
144312,"{'market_cap_large': 56.6871, 'market_cap_mid': 10.4535, 'market_cap_others': 29.4038, 'market_cap_small': 3.4556}",6.18,"{'avg_maturity_days': 540.2, 'avg_maturity_months': 17.76, 'avg_maturity_years': 1.48}","{'modified_maturity_days': 386.9, 'modified_maturity_months': 12.72, 'modified_maturity_years': 1.06}",39.2802,7.59,1
120333,"{'market_cap_large': 53.676, 'market_cap_mid': 8.8733, 'market_cap_others': 35.6945, 'market_cap_small': 1.7561}",6.18,"{'avg_maturity_days': 500.05, 'avg_maturity_months': 16.44, 'avg_maturity_years': 1.37}","{'modified_maturity_days': 412.45, 'modified_maturity_months': 13.56, 'modified_maturity_years': 1.13}",44.5187,2.36,1
120377,"{'market_cap_large': 59.4495, 'market_cap_mid': 5.7748, 'market_cap_others': 33.7874, 'market_cap_small': 0.9883}",6.78,"{'avg_maturity_days': 857.75, 'avg_maturity_months': 28.2, 'avg_maturity_years': 2.35}","{'modified_maturity_days': 419.75, 'modified_maturity_months': 13.8, 'modified_maturity_years': 1.15}",35.456,0.34,1
119482,"{'market_cap_large': 49.7919, 'market_cap_mid': 12.6154, 'market_cap_others': 34.4034, 'market_cap_small': 3.1892}",4.28,"{'avg_maturity_days': 532.9, 'avg_maturity_months': 17.52, 'avg_maturity_years': 1.46}","{'modified_maturity_days': 467.2, 'modified_maturity_months': 15.36, 'modified_maturity_years': 1.28}",43.644,4.87,1
118624,"{'market_cap_large': 49.0732, 'market_cap_mid': 16.7953, 'market_cap_others': 29.5158, 'market_cap_small': 4.6157}",6.61,"{'avg_maturity_days': 562.1, 'avg_maturity_months': 18.48, 'avg_maturity_years': 1.54}","{'modified_maturity_days': 470.85, 'modified_maturity_months': 15.48, 'modified_maturity_years': 1.29}",37.8168,1.39,1
120251,"{'market_cap_large': 61.1437, 'market_cap_mid': 2.3506, 'market_cap_others': 32.3196, 'market_cap_small': 4.186}",6.99,"{'avg_maturity_days': 897.9, 'avg_maturity_months': 29.52, 'avg_maturity_years': 2.46}","{'modified_maturity_days': 474.5, 'modified_maturity_months': 15.6, 'modified_maturity_years': 1.3}",33.1552,0.34,1
139872,"{'market_cap_large': 40.8085, 'market_cap_mid': 18.2186, 'market_cap_others': 32.3911, 'market_cap_small': 8.5818}",6.8,"{'avg_maturity_days': 547.5, 'avg_maturity_months': 18.0, 'avg_maturity_years': 1.5}","{'modified_maturity_days': 478.15, 'modified_maturity_months': 15.72, 'modified_maturity_years': 1.31}",51.9271,3.63,1
133054,"{'market_cap_large': 64.7882, 'market_cap_mid': 2.2204, 'market_cap_others': 32.3489, 'market_cap_small': 0.6426}",6.39,"{'avg_maturity_days': 795.7, 'avg_maturity_months': 26.16, 'avg_maturity_years': 2.18}","{'modified_maturity_days': 514.65, 'modified_maturity_months': 16.92, 'modified_maturity_years': 1.41}",29.0397,0.59,1
140347,"{'market_cap_large': 46.6596, 'market_cap_mid': 12.8399, 'market_cap_others': 36.8312, 'market_cap_small': 3.6693}",6.48,"{'avg_maturity_days': 689.85, 'avg_maturity_months': 22.68, 'avg_maturity_years': 1.89}","{'modified_maturity_days': 558.45, 'modified_maturity_months': 18.36, 'modified_maturity_years': 1.53}",29.0253,6.46,1
152639,"{'market_cap_large': 47.8583, 'market_cap_mid': 11.0039, 'market_cap_others': 34.3072, 'market_cap_small': 6.8305}",7.2,"{'avg_maturity_days': 711.75, 'avg_maturity_months': 23.4, 'avg_maturity_years': 1.95}","{'modified_maturity_days': 558.45, 'modified_maturity_months': 18.36, 'modified_maturity_years': 1.53}",26.9146,0.0,1
140444,"{'market_cap_large': 56.3883, 'market_cap_mid': 7.2785, 'market_cap_others': 30.6285, 'market_cap_small': 5.7046}",6.38,"{'avg_maturity_days': 704.45, 'avg_maturity_months': 23.16, 'avg_maturity_years': 1.93}","{'modified_maturity_days': 573.05, 'modified_maturity_months': 18.84, 'modified_maturity_years': 1.57}",30.1266,4.72,1
151307,"{'market_cap_large': 44.9388, 'market_cap_mid': 14.0572, 'market_cap_others': 34.6235, 'market_cap_small': 6.3805}",6.93,"{'avg_maturity_days': 635.1, 'avg_maturity_months': 20.88, 'avg_maturity_years': 1.74}","{'modified_maturity_days': 576.7, 'modified_maturity_months': 18.96, 'modified_maturity_years': 1.58}",38.3969,0.0,1
119484,"{'market_cap_large': 56.0342, 'market_cap_mid': 14.1361, 'market_cap_others': 26.9895, 'market_cap_small': 2.8402}",4.61,"{'avg_maturity_days': 755.55, 'avg_maturity_months': 24.84, 'avg_maturity_years': 2.07}","{'modified_maturity_days': 638.75, 'modified_maturity_months': 21.0, 'modified_maturity_years': 1.75}",47.2225,0.55,1
119327,"{'market_cap_large': 26.1886, 'market_cap_mid': 2.1954, 'market_cap_others': 71.616, 'market_cap_small': 0.0}",6.67,"{'avg_maturity_days': 708.1, 'avg_maturity_months': 23.28, 'avg_maturity_years': 1.94}","{'modified_maturity_days': 664.3, 'modified_maturity_months': 21.84, 'modified_maturity_years': 1.82}",23.4863,0.0,1
146457,"{'market_cap_large': 47.6322, 'market_cap_mid': 11.0058, 'market_cap_others': 32.9758, 'market_cap_small': 8.3861}",6.8,"{'avg_maturity_days': 883.3, 'avg_maturity_months': 29.04, 'avg_maturity_years': 2.42}","{'modified_maturity_days': 708.1, 'modified_maturity_months': 23.28, 'modified_maturity_years': 1.94}",44.0706,4.73,1
118726,"{'market_cap_large': 12.1232, 'market_cap_mid': 1.0379, 'market_cap_others': 86.8389, 'market_cap_small': 0.0}",8.31,"{'avg_maturity_days': 854.1, 'avg_maturity_months': 28.08, 'avg_maturity_years': 2.34}","{'modified_maturity_days': 722.7, 'modified_maturity_months': 23.76, 'modified_maturity_years': 1.98}",29.4651,0.0,1
153376,"{'market_cap_large': 30.4364, 'market_cap_mid': 5.8665, 'market_cap_others': 62.7855, 'market_cap_small': 0.9116}",8.46,"{'avg_maturity_days': 919.8, 'avg_maturity_months': 30.24, 'avg_maturity_years': 2.52}","{'modified_maturity_days': 730.0, 'modified_maturity_months': 24.0, 'modified_maturity_years': 2.0}",29.7931,0.0,1
139527,"{'market_cap_large': 0.0, 'market_cap_mid': 42.466, 'market_cap_others': 25.4718, 'market_cap_small': 32.0621}",6.72,"{'avg_maturity_days': 1007.4, 'avg_maturity_months': 33.12, 'avg_maturity_years': 2.76}","{'modified_maturity_days': 759.2, 'modified_maturity_months': 24.96, 'modified_maturity_years': 2.08}",51.5179,0.99,1
152051,"{'market_cap_large': 49.6691, 'market_cap_mid': 17.404, 'market_cap_others': 32.0124, 'market_cap_small': 0.9146}",6.93,"{'avg_maturity_days': 905.2, 'avg_maturity_months': 29.76, 'avg_maturity_years': 2.48}","{'modified_maturity_days': 770.15, 'modified_maturity_months': 25.32, 'modified_maturity_years': 2.11}",36.5103,4.074,1
118477,"{'market_cap_large': 62.8838, 'market_cap_mid': 3.3616, 'market_cap_others': 33.7547, 'market_cap_small': 0.0}",6.52,"{'avg_maturity_days': 1018.35, 'avg_maturity_months': 33.48, 'avg_maturity_years': 2.79}","{'modified_maturity_days': 810.3, 'modified_maturity_months': 26.64, 'modified_maturity_years': 2.22}",33.2216,7.57,1
131373,"{'market_cap_large': 51.6585, 'market_cap_mid': 9.0284, 'market_cap_others': 31.7194, 'market_cap_small': 7.5938}",6.61,"{'avg_maturity_days': 1014.7, 'avg_maturity_months': 33.36, 'avg_maturity_years': 2.78}","{'modified_maturity_days': 817.6, 'modified_maturity_months': 26.88, 'modified_maturity_years': 2.24}",31.3757,4.4746,1
119542,"{'market_cap_large': 49.5489, 'market_cap_mid': 15.2487, 'market_cap_others': 28.1971, 'market_cap_small': 7.0053}",5.33,"{'avg_maturity_days': 1168.0, 'avg_maturity_months': 38.4, 'avg_maturity_years': 3.2}","{'modified_maturity_days': 828.55, 'modified_maturity_months': 27.24, 'modified_maturity_years': 2.27}",44.0716,0.74,1
119131,"{'market_cap_large': 55.4396, 'market_cap_mid': 3.9722, 'market_cap_others': 34.4585, 'market_cap_small': 6.1297}",6.48,"{'avg_maturity_days': 1281.15, 'avg_maturity_months': 42.12, 'avg_maturity_years': 3.51}","{'modified_maturity_days': 868.7, 'modified_maturity_months': 28.56, 'modified_maturity_years': 2.38}",31.2776,0.2313,1
148053,"{'market_cap_large': 47.1752, 'market_cap_mid': 7.0211, 'market_cap_others': 34.0875, 'market_cap_small': 11.7163}",6.74,"{'avg_maturity_days': 1255.6, 'avg_maturity_months': 41.28, 'avg_maturity_years': 3.44}","{'modified_maturity_days': 894.25, 'modified_maturity_months': 29.4, 'modified_maturity_years': 2.45}",35.5418,0.1723,1
119472,"{'market_cap_large': 35.923, 'market_cap_mid': 18.2653, 'market_cap_others': 37.1661, 'market_cap_small': 8.6455}",4.85,"{'avg_maturity_days': 1065.8, 'avg_maturity_months': 35.04, 'avg_maturity_years': 2.92}","{'modified_maturity_days': 901.55, 'modified_maturity_months': 29.64, 'modified_maturity_years': 2.47}",40.3375,3.35,1
126393,"{'market_cap_large': 49.6687, 'market_cap_mid': 8.4074, 'market_cap_others': 33.5085, 'market_cap_small': 8.4154}",6.76,"{'avg_maturity_days': 1197.2, 'avg_maturity_months': 39.36, 'avg_maturity_years': 3.28}","{'modified_maturity_days': 908.85, 'modified_maturity_months': 29.88, 'modified_maturity_years': 2.49}",30.9676,5.03,1
134643,"{'market_cap_large': 41.3362, 'market_cap_mid': 9.3195, 'market_cap_others': 33.8188, 'market_cap_small': 15.5255}",7.34,"{'avg_maturity_days': 1200.85, 'avg_maturity_months': 39.48, 'avg_maturity_years': 3.29}","{'modified_maturity_days': 908.85, 'modified_maturity_months': 29.88, 'modified_maturity_years': 2.49}",34.4591,0.0,1
120616,"{'market_cap_large': 12.7102, 'market_cap_mid': 3.4543, 'market_cap_others': 77.9954, 'market_cap_small': 5.8401}",7.49,"{'avg_maturity_days': 1416.2, 'avg_maturity_months': 46.56, 'avg_maturity_years': 3.88}","{'modified_maturity_days': 919.8, 'modified_maturity_months': 30.24, 'modified_maturity_years': 2.52}",35.1982,0.2,1
146010,"{'market_cap_large': 54.6895, 'market_cap_mid': 8.237, 'market_cap_others': 33.5715, 'market_cap_small': 3.5019}",6.77,"{'avg_maturity_days': 1810.4, 'avg_maturity_months': 59.52, 'avg_maturity_years': 4.96}","{'modified_maturity_days': 949.0, 'modified_maturity_months': 31.2, 'modified_maturity_years': 2.6}",32.0979,0.2609,1
118994,"{'market_cap_large': 11.3821, 'market_cap_mid': 1.1038, 'market_cap_others': 85.4559, 'market_cap_small': 2.0582}",6.41,"{'avg_maturity_days': 1292.1, 'avg_maturity_months': 42.48, 'avg_maturity_years': 3.54}","{'modified_maturity_days': 952.65, 'modified_maturity_months': 31.32, 'modified_maturity_years': 2.61}",26.5249,0.0,1
146940,"{'market_cap_large': 15.4921, 'market_cap_mid': 3.4298, 'market_cap_others': 77.2829, 'market_cap_small': 3.7952}",6.27,"{'avg_maturity_days': 1251.95, 'avg_maturity_months': 41.16, 'avg_maturity_years': 3.43}","{'modified_maturity_days': 959.95, 'modified_maturity_months': 31.56, 'modified_maturity_years': 2.63}",0.0,0.12,1
149679,"{'market_cap_large': 57.7055, 'market_cap_mid': 6.6283, 'market_cap_others': 30.3565, 'market_cap_small': 5.3097}",6.5,"{'avg_maturity_days': 1306.7, 'avg_maturity_months': 42.96, 'avg_maturity_years': 3.58}","{'modified_maturity_days': 985.5, 'modified_maturity_months': 32.4, 'modified_maturity_years': 2.7}",33.9099,0.722,1
120760,"{'market_cap_large': 51.2163, 'market_cap_mid': 13.2399, 'market_cap_others': 34.4243, 'market_cap_small': 1.1195}",6.35,"{'avg_maturity_days': 1427.15, 'avg_maturity_months': 46.92, 'avg_maturity_years': 3.91}","{'modified_maturity_days': 1022.0, 'modified_maturity_months': 33.6, 'modified_maturity_years': 2.8}",40.3137,2.45,1
136464,"{'market_cap_large': 48.4719, 'market_cap_mid': 3.9831, 'market_cap_others': 32.4222, 'market_cap_small': 15.1228}",6.37,"{'avg_maturity_days': 1500.15, 'avg_maturity_months': 49.32, 'avg_maturity_years': 4.11}","{'modified_maturity_days': 1022.0, 'modified_maturity_months': 33.6, 'modified_maturity_years': 2.8}",0.0,0.1117,1
151885,"{'market_cap_large': 60.6996, 'market_cap_mid': 4.3342, 'market_cap_others': 32.1456, 'market_cap_small': 2.8207}",6.66,"{'avg_maturity_days': 1273.85, 'avg_maturity_months': 41.88, 'avg_maturity_years': 3.49}","{'modified_maturity_days': 1022.0, 'modified_maturity_months': 33.6, 'modified_maturity_years': 2.8}",33.6575,2.38,1
147406,"{'market_cap_large': 54.6757, 'market_cap_mid': 13.0079, 'market_cap_others': 32.3163, 'market_cap_small': 0.0}",6.8,"{'avg_maturity_days': 1262.9, 'avg_maturity_months': 41.52, 'avg_maturity_years': 3.46}","{'modified_maturity_days': 1043.9, 'modified_maturity_months': 34.32, 'modified_maturity_years': 2.86}",37.3403,3.672,1
119393,"{'market_cap_large': 13.6891, 'market_cap_mid': 2.1345, 'market_cap_others': 79.7932, 'market_cap_small': 4.3832}",6.63,"{'avg_maturity_days': 1314.0, 'avg_maturity_months': 43.2, 'avg_maturity_years': 3.6}","{'modified_maturity_days': 1047.55, 'modified_maturity_months': 34.44, 'modified_maturity_years': 2.87}",47.2588,0.0,1
148457,"{'market_cap_large': 40.1878, 'market_cap_mid': 11.919, 'market_cap_others': 42.9495, 'market_cap_small': 4.9437}",6.86,"{'avg_maturity_days': 1412.55, 'avg_maturity_months': 46.44, 'avg_maturity_years': 3.87}","{'modified_maturity_days': 1062.15, 'modified_maturity_months': 34.92, 'modified_maturity_years': 2.91}",34.9299,0.86,1
152688,"{'market_cap_large': 53.085, 'market_cap_mid': 5.0173, 'market_cap_others': 30.5327, 'market_cap_small': 11.365}",6.71,"{'avg_maturity_days': 1682.65, 'avg_maturity_months': 55.32, 'avg_maturity_years': 4.61}","{'modified_maturity_days': 1065.8, 'modified_maturity_months': 35.04, 'modified_maturity_years': 2.92}",31.9688,0.0,1
136567,"{'market_cap_large': 55.5097, 'market_cap_mid': 6.5292, 'market_cap_others': 33.9462, 'market_cap_small': 4.0148}",6.62,"{'avg_maturity_days': 2555.0, 'avg_maturity_months': 84.0, 'avg_maturity_years': 7.0}","{'modified_maturity_days': 1087.7, 'modified_maturity_months': 35.76, 'modified_maturity_years': 2.98}",24.5098,5.48,1
142038,"{'market_cap_large': 53.7346, 'market_cap_mid': 10.2719, 'market_cap_others': 32.1079, 'market_cap_small': 3.8856}",6.34,"{'avg_maturity_days': 1598.7, 'avg_maturity_months': 52.56, 'avg_maturity_years': 4.38}","{'modified_maturity_days': 1091.35, 'modified_maturity_months': 35.88, 'modified_maturity_years': 2.99}",39.5963,4.6,1
151792,"{'market_cap_large': 21.7164, 'market_cap_mid': 5.8851, 'market_cap_others': 72.3362, 'market_cap_small': 0.0624}",6.78,"{'avg_maturity_days': 1397.95, 'avg_maturity_months': 45.96, 'avg_maturity_years': 3.83}","{'modified_maturity_days': 1105.95, 'modified_maturity_months': 36.36, 'modified_maturity_years': 3.03}",30.226,5.77,1
143537,"{'market_cap_large': 40.3355, 'market_cap_mid': 15.0895, 'market_cap_others': 35.3494, 'market_cap_small': 9.2257}",6.79,"{'avg_maturity_days': 1522.05, 'avg_maturity_months': 50.04, 'avg_maturity_years': 4.17}","{'modified_maturity_days': 1120.55, 'modified_maturity_months': 36.84, 'modified_maturity_years': 3.07}",50.2983,0.64,1
127850,"{'market_cap_large': 68.5861, 'market_cap_mid': 0.7177, 'market_cap_others': 30.6962, 'market_cap_small': 0.0}",6.72,"{'avg_maturity_days': 1383.35, 'avg_maturity_months': 45.48, 'avg_maturity_years': 3.79}","{'modified_maturity_days': 1120.55, 'modified_maturity_months': 36.84, 'modified_maturity_years': 3.07}",28.9661,0.0,1
134594,"{'market_cap_large': 66.0418, 'market_cap_mid': 3.4589, 'market_cap_others': 30.0108, 'market_cap_small': 0.4885}",6.57,"{'avg_maturity_days': 1467.3, 'avg_maturity_months': 48.24, 'avg_maturity_years': 4.02}","{'modified_maturity_days': 1142.45, 'modified_maturity_months': 37.56, 'modified_maturity_years': 3.13}",25.1506,5.88,1
145693,"{'market_cap_large': 54.0238, 'market_cap_mid': 6.7802, 'market_cap_others': 32.0791, 'market_cap_small': 7.1169}",6.27,"{'avg_maturity_days': 1679.0, 'avg_maturity_months': 55.2, 'avg_maturity_years': 4.6}","{'modified_maturity_days': 1157.05, 'modified_maturity_months': 38.04, 'modified_maturity_years': 3.17}",30.6707,4.52,1
148958,"{'market_cap_large': 9.6243, 'market_cap_mid': 2.3002, 'market_cap_others': 87.0824, 'market_cap_small': 0.9931}",6.66,"{'avg_maturity_days': 1441.75, 'avg_maturity_months': 47.4, 'avg_maturity_years': 3.95}","{'modified_maturity_days': 1162.4885, 'modified_maturity_months': 38.2188, 'modified_maturity_years': 3.1849}",21.1969,0.0,1
125711,"{'market_cap_large': 41.6515, 'market_cap_mid': 21.2253, 'market_cap_others': 33.6327, 'market_cap_small': 3.4905}",6.77,"{'avg_maturity_days': 1441.75, 'avg_maturity_months': 47.4, 'avg_maturity_years': 3.95}","{'modified_maturity_days': 1168.0, 'modified_maturity_months': 38.4, 'modified_maturity_years': 3.2}",39.6636,3.819,1
152314,"{'market_cap_large': 59.554, 'market_cap_mid': 3.5887, 'market_cap_others': 33.9423, 'market_cap_small': 2.915}",6.18,"{'avg_maturity_days': 1456.35, 'avg_maturity_months': 47.88, 'avg_maturity_years': 3.99}","{'modified_maturity_days': 1168.0, 'modified_maturity_months': 38.4, 'modified_maturity_years': 3.2}",30.2966,0.0,1
152468,"{'market_cap_large': 28.1394, 'market_cap_mid': 4.655, 'market_cap_others': 64.0131, 'market_cap_small': 3.1926}",6.65,"{'avg_maturity_days': 1478.25, 'avg_maturity_months': 48.6, 'avg_maturity_years': 4.05}","{'modified_maturity_days': 1171.2485, 'modified_maturity_months': 38.5068, 'modified_maturity_years': 3.2089}",25.9745,0.0,1
138376,"{'market_cap_large': 61.6848, 'market_cap_mid': 5.9263, 'market_cap_others': 31.9688, 'market_cap_small': 0.4201}",6.35,"{'avg_maturity_days': 1580.45, 'avg_maturity_months': 51.96, 'avg_maturity_years': 4.33}","{'modified_maturity_days': 1175.3, 'modified_maturity_months': 38.64, 'modified_maturity_years': 3.22}",35.3267,0.29,1
119128,"{'market_cap_large': 61.2114, 'market_cap_mid': 3.4489, 'market_cap_others': 31.6114, 'market_cap_small': 3.7284}",6.71,"{'avg_maturity_days': 1660.75, 'avg_maturity_months': 54.6, 'avg_maturity_years': 4.55}","{'modified_maturity_days': 1182.6, 'modified_maturity_months': 38.88, 'modified_maturity_years': 3.24}",31.6311,0.2356,1
131670,"{'market_cap_large': 47.9627, 'market_cap_mid': 16.1835, 'market_cap_others': 31.1742, 'market_cap_small': 4.6796}",7.08,"{'avg_maturity_days': 1558.55, 'avg_maturity_months': 51.24, 'avg_maturity_years': 4.27}","{'modified_maturity_days': 1222.75, 'modified_maturity_months': 40.2, 'modified_maturity_years': 3.35}",37.9884,3.11,1
150470,"{'market_cap_large': 51.9386, 'market_cap_mid': 8.0289, 'market_cap_others': 31.9894, 'market_cap_small': 8.043}",6.43,"{'avg_maturity_days': 1737.4, 'avg_maturity_months': 57.12, 'avg_maturity_years': 4.76}","{'modified_maturity_days': 1233.7, 'modified_maturity_months': 40.56, 'modified_maturity_years': 3.38}",29.8602,3.0,1
152344,"{'market_cap_large': 52.1761, 'market_cap_mid': 7.1528, 'market_cap_others': 32.3752, 'market_cap_small': 8.2959}",6.32,"{'avg_maturity_days': 1697.25, 'avg_maturity_months': 55.8, 'avg_maturity_years': 4.65}","{'modified_maturity_days': 1237.35, 'modified_maturity_months': 40.68, 'modified_maturity_years': 3.39}",30.7261,2.95,1
132995,"{'market_cap_large': 51.4669, 'market_cap_mid': 14.1089, 'market_cap_others': 31.1491, 'market_cap_small': 3.2751}",6.54,"{'avg_maturity_days': 1551.25, 'avg_maturity_months': 51.0, 'avg_maturity_years': 4.25}","{'modified_maturity_days': 1244.65, 'modified_maturity_months': 40.92, 'modified_maturity_years': 3.41}",21.9107,6.79,1
145396,"{'market_cap_large': 49.1524, 'market_cap_mid': 16.1858, 'market_cap_others': 23.6123, 'market_cap_small': 11.0495}",7.44,"{'avg_maturity_days': 2299.5, 'avg_maturity_months': 75.6, 'avg_maturity_years': 6.3}","{'modified_maturity_days': 1270.2, 'modified_maturity_months': 41.76, 'modified_maturity_years': 3.48}",43.7479,1.97,1
119960,"{'market_cap_large': 58.5663, 'market_cap_mid': 7.2448, 'market_cap_others': 33.9558, 'market_cap_small': 0.2332}",6.38,"{'avg_maturity_days': 1693.6, 'avg_maturity_months': 55.68, 'avg_maturity_years': 4.64}","{'modified_maturity_days': 1273.85, 'modified_maturity_months': 41.88, 'modified_maturity_years': 3.49}",30.7232,0.2699,1
150481,"{'market_cap_large': 51.1572, 'market_cap_mid': 6.0076, 'market_cap_others': 34.4155, 'market_cap_small': 8.4197}",6.97,"{'avg_maturity_days': 2120.65, 'avg_maturity_months': 69.72, 'avg_maturity_years': 5.81}","{'modified_maturity_days': 1288.45, 'modified_maturity_months': 42.36, 'modified_maturity_years': 3.53}",38.4273,3.1905,1
118546,"{'market_cap_large': 50.9328, 'market_cap_mid': 6.3456, 'market_cap_others': 32.841, 'market_cap_small': 9.8806}",7.2,"{'avg_maturity_days': 2025.75, 'avg_maturity_months': 66.6, 'avg_maturity_years': 5.55}","{'modified_maturity_days': 1292.1, 'modified_maturity_months': 42.48, 'modified_maturity_years': 3.54}",39.397,0.6178,1
144490,"{'market_cap_large': 64.0818, 'market_cap_mid': 3.4248, 'market_cap_others': 32.4934, 'market_cap_small': 0.0}",6.06,"{'avg_maturity_days': 1722.8, 'avg_maturity_months': 56.64, 'avg_maturity_years': 4.72}","{'modified_maturity_days': 1292.1, 'modified_maturity_months': 42.48, 'modified_maturity_years': 3.54}",26.8569,5.03,1
118794,"{'market_cap_large': 53.3187, 'market_cap_mid': 11.0212, 'market_cap_others': 27.3529, 'market_cap_small': 8.3072}",7.73,"{'avg_maturity_days': 1930.85, 'avg_maturity_months': 63.48, 'avg_maturity_years': 5.29}","{'modified_maturity_days': 1295.75, 'modified_maturity_months': 42.6, 'modified_maturity_years': 3.55}",36.1617,0.39,1
152396,"{'market_cap_large': 24.1061, 'market_cap_mid': 3.8106, 'market_cap_others': 61.2794, 'market_cap_small': 10.8039}",6.87,"{'avg_maturity_days': 1711.85, 'avg_maturity_months': 56.28, 'avg_maturity_years': 4.69}","{'modified_maturity_days': 1303.05, 'modified_maturity_months': 42.84, 'modified_maturity_years': 3.57}",45.839,0.85,1
146721,"{'market_cap_large': 39.3929, 'market_cap_mid': 23.0276, 'market_cap_others': 16.0243, 'market_cap_small': 21.5552}",6.96,"{'avg_maturity_days': 2529.45, 'avg_maturity_months': 83.16, 'avg_maturity_years': 6.93}","{'modified_maturity_days': 1303.05, 'modified_maturity_months': 42.84, 'modified_maturity_years': 3.57}",0.0,0.43,1
151745,"{'market_cap_large': 25.1883, 'market_cap_mid': 2.923, 'market_cap_others': 67.1991, 'market_cap_small': 4.6896}",6.5,"{'avg_maturity_days': 1825.0, 'avg_maturity_months': 60.0, 'avg_maturity_years': 5.0}","{'modified_maturity_days': 1321.3, 'modified_maturity_months': 43.44, 'modified_maturity_years': 3.62}",40.4861,4.19,1
118548,"{'market_cap_large': 28.2404, 'market_cap_mid': 3.6253, 'market_cap_others': 62.5936, 'market_cap_small': 5.5407}",7.07,"{'avg_maturity_days': 1865.15, 'avg_maturity_months': 61.32, 'avg_maturity_years': 5.11}","{'modified_maturity_days': 1343.2, 'modified_maturity_months': 44.16, 'modified_maturity_years': 3.68}",0.0,0.0,1
118736,"{'market_cap_large': 52.9253, 'market_cap_mid': 12.0093, 'market_cap_others': 31.7212, 'market_cap_small': 3.3441}",7.41,"{'avg_maturity_days': 2080.5, 'avg_maturity_months': 68.4, 'avg_maturity_years': 5.7}","{'modified_maturity_days': 1350.5, 'modified_maturity_months': 44.4, 'modified_maturity_years': 3.7}",42.294,2.72,1
149406,"{'market_cap_large': 43.06, 'market_cap_mid': 14.7987, 'market_cap_others': 32.5483, 'market_cap_small': 9.593}",6.58,"{'avg_maturity_days': 2325.05, 'avg_maturity_months': 76.44, 'avg_maturity_years': 6.37}","{'modified_maturity_days': 1357.8, 'modified_maturity_months': 44.64, 'modified_maturity_years': 3.72}",39.0896,3.04,1
144466,"{'market_cap_large': 58.0387, 'market_cap_mid': 7.8052, 'market_cap_others': 33.2018, 'market_cap_small': 0.9543}",6.78,"{'avg_maturity_days': 2051.3, 'avg_maturity_months': 67.44, 'avg_maturity_years': 5.62}","{'modified_maturity_days': 1387.0, 'modified_maturity_months': 45.6, 'modified_maturity_years': 3.8}",30.9806,6.9933,1
148592,"{'market_cap_large': 52.6968, 'market_cap_mid': 12.8192, 'market_cap_others': 25.3238, 'market_cap_small': 9.1602}",6.64,"{'avg_maturity_days': 1989.25, 'avg_maturity_months': 65.4, 'avg_maturity_years': 5.45}","{'modified_maturity_days': 1401.6, 'modified_maturity_months': 46.08, 'modified_maturity_years': 3.84}",45.0905,0.65,1
118272,"{'market_cap_large': 51.9053, 'market_cap_mid': 12.5051, 'market_cap_others': 28.3926, 'market_cap_small': 7.197}",6.81,"{'avg_maturity_days': 2887.15, 'avg_maturity_months': 94.92, 'avg_maturity_years': 7.91}","{'modified_maturity_days': 1401.6, 'modified_maturity_months': 46.08, 'modified_maturity_years': 3.84}",35.5478,0.61,1
151267,"{'market_cap_large': 48.7186, 'market_cap_mid': 6.0195, 'market_cap_others': 36.904, 'market_cap_small': 8.3579}",6.67,"{'avg_maturity_days': 2025.75, 'avg_maturity_months': 66.6, 'avg_maturity_years': 5.55}","{'modified_maturity_days': 1430.8, 'modified_maturity_months': 47.04, 'modified_maturity_years': 3.92}",41.2043,3.82,1
147496,"{'market_cap_large': 51.718, 'market_cap_mid': 9.7602, 'market_cap_others': 32.3671, 'market_cap_small': 6.1547}",6.73,"{'avg_maturity_days': 2117.0, 'avg_maturity_months': 69.6, 'avg_maturity_years': 5.8}","{'modified_maturity_days': 1456.35, 'modified_maturity_months': 47.88, 'modified_maturity_years': 3.99}",42.1203,4.8,1
146716,"{'market_cap_large': 16.5362, 'market_cap_mid': 8.0253, 'market_cap_others': 71.991, 'market_cap_small': 3.4475}",6.96,"{'avg_maturity_days': 3190.1, 'avg_maturity_months': 104.88, 'avg_maturity_years': 8.74}","{'modified_maturity_days': 1463.65, 'modified_maturity_months': 48.12, 'modified_maturity_years': 4.01}",0.0,0.16,1
119843,"{'market_cap_large': 20.4233, 'market_cap_mid': 5.1147, 'market_cap_others': 59.9247, 'market_cap_small': 14.5373}",7.61,"{'avg_maturity_days': 2394.4, 'avg_maturity_months': 78.72, 'avg_maturity_years': 6.56}","{'modified_maturity_days': 1478.25, 'modified_maturity_months': 48.6, 'modified_maturity_years': 4.05}",31.5922,0.0,1
120517,"{'market_cap_large': 57.9048, 'market_cap_mid': 9.5075, 'market_cap_others': 24.0409, 'market_cap_small': 8.5469}",7.13,"{'avg_maturity_days': 2065.9, 'avg_maturity_months': 67.92, 'avg_maturity_years': 5.66}","{'modified_maturity_days': 1481.9, 'modified_maturity_months': 48.72, 'modified_maturity_years': 4.06}",38.2883,0.6,1
150260,"{'market_cap_large': 53.7224, 'market_cap_mid': 12.0847, 'market_cap_others': 31.3024, 'market_cap_small': 2.8905}",7.4,"{'avg_maturity_days': 2927.3, 'avg_maturity_months': 96.24, 'avg_maturity_years': 8.02}","{'modified_maturity_days': 1496.5, 'modified_maturity_months': 49.2, 'modified_maturity_years': 4.1}",43.025,0.93,1
152064,"{'market_cap_large': 46.4385, 'market_cap_mid': 7.5891, 'market_cap_others': 33.7513, 'market_cap_small': 12.2211}",6.38,"{'avg_maturity_days': 3036.8, 'avg_maturity_months': 99.84, 'avg_maturity_years': 8.32}","{'modified_maturity_days': 1503.8, 'modified_maturity_months': 49.44, 'modified_maturity_years': 4.12}",27.8725,1.4823,1
119256,"{'market_cap_large': 14.1688, 'market_cap_mid': 6.3669, 'market_cap_others': 71.5548, 'market_cap_small': 7.9095}",6.45,"{'avg_maturity_days': 2321.4, 'avg_maturity_months': 76.32, 'avg_maturity_years': 6.36}","{'modified_maturity_days': 1507.45, 'modified_maturity_months': 49.56, 'modified_maturity_years': 4.13}",0.0,0.0,1
134813,"{'market_cap_large': 57.5914, 'market_cap_mid': 9.5202, 'market_cap_others': 23.1367, 'market_cap_small': 9.7517}",6.8,"{'avg_maturity_days': 2660.85, 'avg_maturity_months': 87.48, 'avg_maturity_years': 7.29}","{'modified_maturity_days': 1525.7, 'modified_maturity_months': 50.16, 'modified_maturity_years': 4.18}",29.3427,1.09,1
150206,"{'market_cap_large': 14.4391, 'market_cap_mid': 4.0564, 'market_cap_others': 77.6366, 'market_cap_small': 3.8679}",7.16,"{'avg_maturity_days': 3146.3, 'avg_maturity_months': 103.44, 'avg_maturity_years': 8.62}","{'modified_maturity_days': 1576.8, 'modified_maturity_months': 51.84, 'modified_maturity_years': 4.32}",49.4853,1.61,1
131355,"{'market_cap_large': 57.6238, 'market_cap_mid': 8.4008, 'market_cap_others': 24.1728, 'market_cap_small': 9.8025}",6.45,"{'avg_maturity_days': 3087.9, 'avg_maturity_months': 101.52, 'avg_maturity_years': 8.46}","{'modified_maturity_days': 1576.8, 'modified_maturity_months': 51.84, 'modified_maturity_years': 4.32}",37.3659,5.22,1
149601,"{'market_cap_large': 55.298, 'market_cap_mid': 9.6588, 'market_cap_others': 29.1112, 'market_cap_small': 5.932}",6.26,"{'avg_maturity_days': 2160.8, 'avg_maturity_months': 71.04, 'avg_maturity_years': 5.92}","{'modified_maturity_days': 1580.45, 'modified_maturity_months': 51.96, 'modified_maturity_years': 4.33}",35.5074,0.726,1
118968,"{'market_cap_large': 54.0512, 'market_cap_mid': 7.1087, 'market_cap_others': 33.4119, 'market_cap_small': 5.4282}",6.87,"{'avg_maturity_days': 2697.35, 'avg_maturity_months': 88.68, 'avg_maturity_years': 7.39}","{'modified_maturity_days': 1584.1, 'modified_maturity_months': 52.08, 'modified_maturity_years': 4.34}",27.6408,0.279,1
149717,"{'market_cap_large': 57.261, 'market_cap_mid': 8.936, 'market_cap_others': 29.0876, 'market_cap_small': 4.7155}",6.56,"{'avg_maturity_days': 2492.95, 'avg_maturity_months': 81.96, 'avg_maturity_years': 6.83}","{'modified_maturity_days': 1584.1, 'modified_maturity_months': 52.08, 'modified_maturity_years': 4.34}",32.7745,0.758,1
119053,"{'market_cap_large': 58.3848, 'market_cap_mid': 7.3654, 'market_cap_others': 26.6498, 'market_cap_small': 7.6}",6.99,"{'avg_maturity_days': 2580.55, 'avg_maturity_months': 84.84, 'avg_maturity_years': 7.07}","{'modified_maturity_days': 1591.4, 'modified_maturity_months': 52.32, 'modified_maturity_years': 4.36}",30.7132,0.3336,1
147446,"{'market_cap_large': 60.3662, 'market_cap_mid': 8.3742, 'market_cap_others': 23.7262, 'market_cap_small': 7.5333}",7.15,"{'avg_maturity_days': 3058.7, 'avg_maturity_months': 100.56, 'avg_maturity_years': 8.38}","{'modified_maturity_days': 1609.65, 'modified_maturity_months': 52.92, 'modified_maturity_years': 4.41}",39.8105,0.72,1
152132,"{'market_cap_large': 37.0567, 'market_cap_mid': 5.8704, 'market_cap_others': 47.715, 'market_cap_small': 9.3579}",6.6,"{'avg_maturity_days': 2288.55, 'avg_maturity_months': 75.24, 'avg_maturity_years': 6.27}","{'modified_maturity_days': 1616.95, 'modified_maturity_months': 53.16, 'modified_maturity_years': 4.43}",43.2042,1.32,1
152787,"{'market_cap_large': 49.2563, 'market_cap_mid': 12.0183, 'market_cap_others': 32.3422, 'market_cap_small': 6.3832}",6.58,"{'avg_maturity_days': 2419.95, 'avg_maturity_months': 79.56, 'avg_maturity_years': 6.63}","{'modified_maturity_days': 1620.6, 'modified_maturity_months': 53.28, 'modified_maturity_years': 4.44}",41.5682,0.0,1
146930,"{'market_cap_large': 49.0007, 'market_cap_mid': 14.8959, 'market_cap_others': 21.5226, 'market_cap_small': 14.5808}",6.35,"{'avg_maturity_days': 3186.45, 'avg_maturity_months': 104.76, 'avg_maturity_years': 8.73}","{'modified_maturity_days': 1627.9, 'modified_maturity_months': 53.52, 'modified_maturity_years': 4.46}",0.0,0.27,1
120276,"{'market_cap_large': 15.2938, 'market_cap_mid': 1.409, 'market_cap_others': 79.9717, 'market_cap_small': 3.3255}",6.42,"{'avg_maturity_days': 2076.85, 'avg_maturity_months': 68.28, 'avg_maturity_years': 5.69}","{'modified_maturity_days': 1653.45, 'modified_maturity_months': 54.36, 'modified_maturity_years': 4.53}",26.7643,0.0,1
119839,"{'market_cap_large': 11.7394, 'market_cap_mid': 2.9251, 'market_cap_others': 76.8176, 'market_cap_small': 8.5179}",7.45,"{'avg_maturity_days': 2463.75, 'avg_maturity_months': 81.0, 'avg_maturity_years': 6.75}","{'modified_maturity_days': 1671.7, 'modified_maturity_months': 54.96, 'modified_maturity_years': 4.58}",38.2273,0.0,1
150865,"{'market_cap_large': 57.7113, 'market_cap_mid': 10.7168, 'market_cap_others': 31.2062, 'market_cap_small': 0.3657}",6.93,"{'avg_maturity_days': 3219.3, 'avg_maturity_months': 105.84, 'avg_maturity_years': 8.82}","{'modified_maturity_days': 1693.6, 'modified_maturity_months': 55.68, 'modified_maturity_years': 4.64}",40.7538,0.54,1
136465,"{'market_cap_large': 31.5519, 'market_cap_mid': 1.0535, 'market_cap_others': 61.5781, 'market_cap_small': 5.8165}",6.78,"{'avg_maturity_days': 2876.2, 'avg_maturity_months': 94.56, 'avg_maturity_years': 7.88}","{'modified_maturity_days': 1726.45, 'modified_maturity_months': 56.76, 'modified_maturity_years': 4.73}",0.0,0.0,1
120705,"{'market_cap_large': 15.3177, 'market_cap_mid': 1.5973, 'market_cap_others': 80.73, 'market_cap_small': 2.3551}",7.24,"{'avg_maturity_days': 3029.5, 'avg_maturity_months': 99.6, 'avg_maturity_years': 8.3}","{'modified_maturity_days': 1854.2, 'modified_maturity_months': 60.96, 'modified_maturity_years': 5.08}",35.2561,1.39,1
149134,"{'market_cap_large': 57.0324, 'market_cap_mid': 7.9325, 'market_cap_others': 32.0217, 'market_cap_small': 3.0135}",7.07,"{'avg_maturity_days': 2595.15, 'avg_maturity_months': 85.32, 'avg_maturity_years': 7.11}","{'modified_maturity_days': 1865.15, 'modified_maturity_months': 61.32, 'modified_maturity_years': 5.11}",26.8266,4.57,1
119066,"{'market_cap_large': 42.9898, 'market_cap_mid': 1.0636, 'market_cap_others': 33.9904, 'market_cap_small': 21.9562}",6.7,"{'avg_maturity_days': 2715.6, 'avg_maturity_months': 89.28, 'avg_maturity_years': 7.44}","{'modified_maturity_days': 1898.0, 'modified_maturity_months': 62.4, 'modified_maturity_years': 5.2}",0.0,0.1493,1
152443,"{'market_cap_large': 43.3133, 'market_cap_mid': 7.4076, 'market_cap_others': 41.5318, 'market_cap_small': 7.7473}",6.97,"{'avg_maturity_days': 3445.6, 'avg_maturity_months': 113.28, 'avg_maturity_years': 9.44}","{'modified_maturity_days': 1963.7, 'modified_maturity_months': 64.56, 'modified_maturity_years': 5.38}",32.1341,0.78,1
118309,"{'market_cap_large': 13.7321, 'market_cap_mid': 4.113, 'market_cap_others': 76.8491, 'market_cap_small': 5.3058}",6.84,"{'avg_maturity_days': 4230.35, 'avg_maturity_months': 139.08, 'avg_maturity_years': 11.59}","{'modified_maturity_days': 1974.65, 'modified_maturity_months': 64.92, 'modified_maturity_years': 5.41}",45.3818,1.5,1
118574,"{'market_cap_large': 18.6353, 'market_cap_mid': 2.2693, 'market_cap_others': 75.4109, 'market_cap_small': 3.6844}",7.07,"{'avg_maturity_days': 2996.65, 'avg_maturity_months': 98.52, 'avg_maturity_years': 8.21}","{'modified_maturity_days': 1978.3, 'modified_maturity_months': 65.04, 'modified_maturity_years': 5.42}",39.1657,0.0,1
148658,"{'market_cap_large': 54.7229, 'market_cap_mid': 13.1269, 'market_cap_others': 28.1905, 'market_cap_small': 3.9597}",6.61,"{'avg_maturity_days': 3580.65, 'avg_maturity_months': 117.72, 'avg_maturity_years': 9.81}","{'modified_maturity_days': 2018.45, 'modified_maturity_months': 66.36, 'modified_maturity_years': 5.53}",44.3026,0.47,1
119609,"{'market_cap_large': 47.9073, 'market_cap_mid': 19.4557, 'market_cap_others': 30.2339, 'market_cap_small': 2.403}",7.03,"{'avg_maturity_days': 3128.05, 'avg_maturity_months': 102.84, 'avg_maturity_years': 8.57}","{'modified_maturity_days': 2047.65, 'modified_maturity_months': 67.32, 'modified_maturity_years': 5.61}",41.3967,0.7,1
153355,"{'market_cap_large': 51.1793, 'market_cap_mid': 10.498, 'market_cap_others': 33.2979, 'market_cap_small': 5.0248}",6.33,"{'avg_maturity_days': 3058.7, 'avg_maturity_months': 100.56, 'avg_maturity_years': 8.38}","{'modified_maturity_days': 2058.6, 'modified_maturity_months': 67.68, 'modified_maturity_years': 5.64}",37.6175,0.0,1
140382,"{'market_cap_large': 51.9647, 'market_cap_mid': 11.5909, 'market_cap_others': 22.0188, 'market_cap_small': 14.4256}",6.86,"{'avg_maturity_days': 4573.45, 'avg_maturity_months': 150.36, 'avg_maturity_years': 12.53}","{'modified_maturity_days': 2058.6, 'modified_maturity_months': 67.68, 'modified_maturity_years': 5.64}",44.05,1.63,1
120524,"{'market_cap_large': 53.2263, 'market_cap_mid': 7.3674, 'market_cap_others': 32.31, 'market_cap_small': 7.0962}",7.01,"{'avg_maturity_days': 4931.15, 'avg_maturity_months': 162.12, 'avg_maturity_years': 13.51}","{'modified_maturity_days': 2073.2, 'modified_maturity_months': 68.16, 'modified_maturity_years': 5.68}",37.9594,0.0,1
152056,"{'market_cap_large': 26.1403, 'market_cap_mid': 4.9427, 'market_cap_others': 63.0136, 'market_cap_small': 5.9034}",6.83,"{'avg_maturity_days': 5047.95, 'avg_maturity_months': 165.96, 'avg_maturity_years': 13.83}","{'modified_maturity_days': 2080.5, 'modified_maturity_months': 68.4, 'modified_maturity_years': 5.7}",24.9629,0.66,1
138386,"{'market_cap_large': 49.0313, 'market_cap_mid': 11.156, 'market_cap_others': 32.1156, 'market_cap_small': 7.6971}",6.45,"{'avg_maturity_days': 3595.25, 'avg_maturity_months': 118.2, 'avg_maturity_years': 9.85}","{'modified_maturity_days': 2087.8, 'modified_maturity_months': 68.64, 'modified_maturity_years': 5.72}",41.8331,0.22,1
119719,"{'market_cap_large': 2.8469, 'market_cap_mid': 1.2173, 'market_cap_others': 79.7615, 'market_cap_small': 16.1743}",6.91,"{'avg_maturity_days': 3609.85, 'avg_maturity_months': 118.68, 'avg_maturity_years': 9.89}","{'modified_maturity_days': 2091.45, 'modified_maturity_months': 68.76, 'modified_maturity_years': 5.73}",0.0,0.0,1
141642,"{'market_cap_large': 59.2627, 'market_cap_mid': 5.6253, 'market_cap_others': 31.8534, 'market_cap_small': 3.2587}",6.99,"{'avg_maturity_days': 4872.75, 'avg_maturity_months': 160.2, 'avg_maturity_years': 13.35}","{'modified_maturity_days': 2098.75, 'modified_maturity_months': 69.0, 'modified_maturity_years': 5.75}",34.6452,0.0,1
152194,"{'market_cap_large': 74.8458, 'market_cap_mid': 3.3126, 'market_cap_others': 18.8737, 'market_cap_small': 2.9679}",6.72,"{'avg_maturity_days': 4022.3, 'avg_maturity_months': 132.24, 'avg_maturity_years': 11.02}","{'modified_maturity_days': 2106.05, 'modified_maturity_months': 69.24, 'modified_maturity_years': 5.77}",36.245,3.81,1
119019,"{'market_cap_large': 48.3334, 'market_cap_mid': 8.8058, 'market_cap_others': 33.6605, 'market_cap_small': 9.2003}",6.92,"{'avg_maturity_days': 5438.5, 'avg_maturity_months': 178.8, 'avg_maturity_years': 14.9}","{'modified_maturity_days': 2131.6, 'modified_maturity_months': 70.08, 'modified_maturity_years': 5.84}",32.4054,1.16,1
149261,"{'market_cap_large': 46.5854, 'market_cap_mid': 12.3331, 'market_cap_others': 25.0978, 'market_cap_small': 15.9838}",6.62,"{'avg_maturity_days': 3237.55, 'avg_maturity_months': 106.44, 'avg_maturity_years': 8.87}","{'modified_maturity_days': 2142.55, 'modified_maturity_months': 70.44, 'modified_maturity_years': 5.87}",31.6481,0.61,1
119118,"{'market_cap_large': 18.0743, 'market_cap_mid': 1.4447, 'market_cap_others': 79.3603, 'market_cap_small': 1.1207}",6.95,"{'avg_maturity_days': 4164.65, 'avg_maturity_months': 136.92, 'avg_maturity_years': 11.41}","{'modified_maturity_days': 2179.05, 'modified_maturity_months': 71.64, 'modified_maturity_years': 5.97}",22.2945,0.0,1
119062,"{'market_cap_large': 50.5543, 'market_cap_mid': 2.7586, 'market_cap_others': 32.0203, 'market_cap_small': 14.6668}",7.12,"{'avg_maturity_days': 4259.55, 'avg_maturity_months': 140.04, 'avg_maturity_years': 11.67}","{'modified_maturity_days': 2197.3, 'modified_maturity_months': 72.24, 'modified_maturity_years': 6.02}",26.945,0.2415,1
144394,"{'market_cap_large': 52.914, 'market_cap_mid': 9.0004, 'market_cap_others': 27.1432, 'market_cap_small': 10.9423}",7.53,"{'avg_maturity_days': 4982.25, 'avg_maturity_months': 163.8, 'avg_maturity_years': 13.65}","{'modified_maturity_days': 2215.55, 'modified_maturity_months': 72.84, 'modified_maturity_years': 6.07}",37.2073,0.0,1
118491,"{'market_cap_large': 8.0266, 'market_cap_mid': 1.1095, 'market_cap_others': 90.8639, 'market_cap_small': 0.0}",6.9,"{'avg_maturity_days': 4664.7, 'avg_maturity_months': 153.36, 'avg_maturity_years': 12.78}","{'modified_maturity_days': 2259.35, 'modified_maturity_months': 74.28, 'modified_maturity_years': 6.19}",53.0039,0.0,1
120480,"{'market_cap_large': 19.484, 'market_cap_mid': 0.8587, 'market_cap_others': 78.5355, 'market_cap_small': 1.1217}",7.07,"{'avg_maturity_days': 4690.25, 'avg_maturity_months': 154.2, 'avg_maturity_years': 12.85}","{'modified_maturity_days': 2299.5, 'modified_maturity_months': 75.6, 'modified_maturity_years': 6.3}",30.5943,0.0,1
119635,"{'market_cap_large': 17.365, 'market_cap_mid': 1.9372, 'market_cap_others': 80.6978, 'market_cap_small': 0.0}",6.45,"{'avg_maturity_days': 5343.6, 'avg_maturity_months': 175.68, 'avg_maturity_years': 14.64}","{'modified_maturity_days': 2317.75, 'modified_maturity_months': 76.2, 'modified_maturity_years': 6.35}",33.5817,0.0,1
120779,"{'market_cap_large': 16.4821, 'market_cap_mid': 3.9081, 'market_cap_others': 76.1867, 'market_cap_small': 3.4231}",6.75,"{'avg_maturity_days': 3602.55, 'avg_maturity_months': 118.44, 'avg_maturity_years': 9.87}","{'modified_maturity_days': 2332.35, 'modified_maturity_months': 76.68, 'modified_maturity_years': 6.39}",27.7734,0.32,1
120784,"{'market_cap_large': 24.6603, 'market_cap_mid': 9.348, 'market_cap_others': 62.0044, 'market_cap_small': 3.9873}",6.72,"{'avg_maturity_days': 3792.35, 'avg_maturity_months': 124.68, 'avg_maturity_years': 10.39}","{'modified_maturity_days': 2430.9, 'modified_maturity_months': 79.92, 'modified_maturity_years': 6.66}",56.1977,0.09,1
120766,"{'market_cap_large': 24.6249, 'market_cap_mid': 7.7178, 'market_cap_others': 61.7536, 'market_cap_small': 5.9037}",6.71,"{'avg_maturity_days': 3850.75, 'avg_maturity_months': 126.6, 'avg_maturity_years': 10.55}","{'modified_maturity_days': 2456.45, 'modified_maturity_months': 80.76, 'modified_maturity_years': 6.73}",0.0,0.4,1
120771,"{'market_cap_large': 28.607, 'market_cap_mid': 8.0727, 'market_cap_others': 60.7986, 'market_cap_small': 2.5217}",6.73,"{'avg_maturity_days': 3916.45, 'avg_maturity_months': 128.76, 'avg_maturity_years': 10.73}","{'modified_maturity_days': 2478.35, 'modified_maturity_months': 81.48, 'modified_maturity_years': 6.79}",0.0,0.37,1
135120,"{'market_cap_large': 56.8764, 'market_cap_mid': 5.7522, 'market_cap_others': 32.9633, 'market_cap_small': 4.4081}",7.03,"{'avg_maturity_days': 6310.85, 'avg_maturity_months': 207.48, 'avg_maturity_years': 17.29}","{'modified_maturity_days': 2503.9, 'modified_maturity_months': 82.32, 'modified_maturity_years': 6.86}",31.62,0.0,1
120674,"{'market_cap_large': 44.2208, 'market_cap_mid': 13.3358, 'market_cap_others': 31.9778, 'market_cap_small': 10.4656}",6.68,"{'avg_maturity_days': 3901.85, 'avg_maturity_months': 128.28, 'avg_maturity_years': 10.69}","{'modified_maturity_days': 2518.5, 'modified_maturity_months': 82.8, 'modified_maturity_years': 6.9}",24.6964,0.34,1
144335,"{'market_cap_large': 53.1111, 'market_cap_mid': 9.8417, 'market_cap_others': 31.3872, 'market_cap_small': 5.66}",6.81,"{'avg_maturity_days': 5708.6, 'avg_maturity_months': 187.68, 'avg_maturity_years': 15.64}","{'modified_maturity_days': 2529.45, 'modified_maturity_months': 83.16, 'modified_maturity_years': 6.93}",35.7994,2.3964,1
148690,"{'market_cap_large': 24.7312, 'market_cap_mid': 7.2625, 'market_cap_others': 62.2316, 'market_cap_small': 5.7747}",6.83,"{'avg_maturity_days': 5343.6, 'avg_maturity_months': 175.68, 'avg_maturity_years': 14.64}","{'modified_maturity_days': 2821.45, 'modified_maturity_months': 92.76, 'modified_maturity_years': 7.73}",0.0,0.0,1
148688,"{'market_cap_large': 12.4036, 'market_cap_mid': 3.66, 'market_cap_others': 81.1081, 'market_cap_small': 2.8283}",6.92,"{'avg_maturity_days': 5518.8, 'avg_maturity_months': 181.44, 'avg_maturity_years': 15.12}","{'modified_maturity_days': 2967.45, 'modified_maturity_months': 97.56, 'modified_maturity_years': 8.13}",0.0,0.0,1
135764,"{'market_cap_large': 48.0166, 'market_cap_mid': 9.8705, 'market_cap_others': 32.8004, 'market_cap_small': 9.3125}",6.71,"{'avg_maturity_days': 7274.45, 'avg_maturity_months': 239.16, 'avg_maturity_years': 19.93}","{'modified_maturity_days': 3018.55, 'modified_maturity_months': 99.24, 'modified_maturity_years': 8.27}",0.0,0.0,1
135762,"{'market_cap_large': 48.0166, 'market_cap_mid': 9.8705, 'market_cap_others': 32.8004, 'market_cap_small': 9.3125}",6.71,"{'avg_maturity_days': 7274.45, 'avg_maturity_months': 239.16, 'avg_maturity_years': 19.93}","{'modified_maturity_days': 3018.55, 'modified_maturity_months': 99.24, 'modified_maturity_years': 8.27}",0.0,0.0,1
120073,"{'market_cap_large': 9.0778, 'market_cap_mid': 5.2378, 'market_cap_others': 80.5666, 'market_cap_small': 5.1178}",6.59,"{'avg_maturity_days': 5624.65, 'avg_maturity_months': 184.92, 'avg_maturity_years': 15.41}","{'modified_maturity_days': 3098.85, 'modified_maturity_months': 101.88, 'modified_maturity_years': 8.49}",64.9543,0.0,1
120154,"{'market_cap_large': 17.1035, 'market_cap_mid': 2.3836, 'market_cap_others': 77.2855, 'market_cap_small': 3.2274}",7.03,"{'avg_maturity_days': 7416.8, 'avg_maturity_months': 243.84, 'avg_maturity_years': 20.32}","{'modified_maturity_days': 3135.35, 'modified_maturity_months': 103.08, 'modified_maturity_years': 8.59}",28.0786,0.0,1
133035,"{'market_cap_large': 47.0088, 'market_cap_mid': 21.5943, 'market_cap_others': 23.7027, 'market_cap_small': 7.6942}",6.81,"{'avg_maturity_days': 7113.85, 'avg_maturity_months': 233.88, 'avg_maturity_years': 19.49}","{'modified_maturity_days': 3179.15, 'modified_maturity_months': 104.52, 'modified_maturity_years': 8.71}",40.0141,0.6657,1
147830,"{'market_cap_large': 55.9118, 'market_cap_mid': 16.4933, 'market_cap_others': 14.8702, 'market_cap_small': 12.7247}",6.61,"{'avg_maturity_days': 8081.1, 'avg_maturity_months': 265.68, 'avg_maturity_years': 22.14}","{'modified_maturity_days': 3222.95, 'modified_maturity_months': 105.96, 'modified_maturity_years': 8.83}",0.0,0.0,1
147826,"{'market_cap_large': 55.9118, 'market_cap_mid': 16.4933, 'market_cap_others': 14.8702, 'market_cap_small': 12.7247}",6.61,"{'avg_maturity_days': 8081.1, 'avg_maturity_months': 265.68, 'avg_maturity_years': 22.14}","{'modified_maturity_days': 3222.95, 'modified_maturity_months': 105.96, 'modified_maturity_years': 8.83}",0.0,0.0,1
152324,"{'market_cap_large': 41.3369, 'market_cap_mid': 13.0598, 'market_cap_others': 33.2185, 'market_cap_small': 12.3848}",6.64,"{'avg_maturity_days': 7949.7, 'avg_maturity_months': 261.36, 'avg_maturity_years': 21.78}","{'modified_maturity_days': 3394.5, 'modified_maturity_months': 111.6, 'modified_maturity_years': 9.3}",36.6594,2.54,1
133569,"{'market_cap_large': 17.1205, 'market_cap_mid': 2.1077, 'market_cap_others': 79.8907, 'market_cap_small': 0.8811}",6.71,"{'avg_maturity_days': 6507.95, 'avg_maturity_months': 213.96, 'avg_maturity_years': 17.83}","{'modified_maturity_days': 3540.5, 'modified_maturity_months': 116.4, 'modified_maturity_years': 9.7}",0.0,0.0,1
152628,"{'market_cap_large': 47.4854, 'market_cap_mid': 13.6708, 'market_cap_others': 29.3592, 'market_cap_small': 9.4847}",6.86,"{'avg_maturity_days': 9990.05, 'avg_maturity_months': 328.44, 'avg_maturity_years': 27.37}","{'modified_maturity_days': 3660.95, 'modified_maturity_months': 120.36, 'modified_maturity_years': 10.03}",0.0,0.84,1
152102,"{'market_cap_large': 57.451, 'market_cap_mid': 9.0453, 'market_cap_others': 29.7171, 'market_cap_small': 3.7865}",6.7,"{'avg_maturity_days': 8577.5, 'avg_maturity_months': 282.0, 'avg_maturity_years': 23.5}","{'modified_maturity_days': 3664.6, 'modified_maturity_months': 120.48, 'modified_maturity_years': 10.04}",0.0,2.42,1
147825,"{'market_cap_large': 51.7292, 'market_cap_mid': 15.381, 'market_cap_others': 24.9861, 'market_cap_small': 7.9036}",6.75,"{'avg_maturity_days': 9216.25, 'avg_maturity_months': 303.0, 'avg_maturity_years': 25.25}","{'modified_maturity_days': 3668.25, 'modified_maturity_months': 120.6, 'modified_maturity_years': 10.05}",0.0,0.0,1
138443,"{'market_cap_large': 0.0, 'market_cap_mid': 0.0, 'market_cap_others': 0.0, 'market_cap_small': 0.0}",0.0,"{'avg_maturity_days': 0.0, 'avg_maturity_months': 0.0, 'avg_maturity_years': 0.0}","{'modified_maturity_days': 0.0, 'modified_maturity_months': 0.0, 'modified_maturity_years': 0.0}",0.0,0.0,1
120845,"{'market_cap_large': 0.0, 'market_cap_mid': 0.0, 'market_cap_others': 0.0, 'market_cap_small': 0.0}",0.0,"{'avg_maturity_days': 0.0, 'avg_maturity_months': 0.0, 'avg_maturity_years': 0.0}","{'modified_maturity_days': 0.0, 'modified_maturity_months': 0.0, 'modified_maturity_years': 0.0}",0.0,0.0,1
120353,"{'market_cap_large': 0.0, 'market_cap_mid': 0.0, 'market_cap_others': 0.0, 'market_cap_small': 0.0}",0.0,"{'avg_maturity_days': 0.0, 'avg_maturity_months': 0.0, 'avg_maturity_years': 0.0}","{'modified_maturity_days': 0.0, 'modified_maturity_months': 0.0, 'modified_maturity_years': 0.0}",0.0,0.0,1
120554,"{'market_cap_large': 0.0, 'market_cap_mid': 0.0, 'market_cap_others': 0.0, 'market_cap_small': 0.0}",0.0,"{'avg_maturity_days': 0.0, 'avg_maturity_months': 0.0, 'avg_maturity_years': 0.0}","{'modified_maturity_days': 0.0, 'modified_maturity_months': 0.0, 'modified_maturity_years': 0.0}",0.0,0.0,1
147864,"{'market_cap_large': 0.0, 'market_cap_mid': 0.0, 'market_cap_others': 0.0, 'market_cap_small': 0.0}",0.0,"{'avg_maturity_days': 0.0, 'avg_maturity_months': 0.0, 'avg_maturity_years': 0.0}","{'modified_maturity_days': 0.0, 'modified_maturity_months': 0.0, 'modified_maturity_years': 0.0}",0.0,0.0,1
153470,"{'market_cap_large': 0.0, 'market_cap_mid': 0.0, 'market_cap_others': 0.0, 'market_cap_small': 0.0}",0.0,"{'avg_maturity_days': 0.0, 'avg_maturity_months': 0.0, 'avg_maturity_years': 0.0}","{'modified_maturity_days': 0.0, 'modified_maturity_months': 0.0, 'modified_maturity_years': 0.0}",0.0,0.0,1
120371,"{'market_cap_large': 0.0, 'market_cap_mid': 0.0, 'market_cap_others': 0.0, 'market_cap_small': 0.0}",0.0,"{'avg_maturity_days': 0.0, 'avg_maturity_months': 0.0, 'avg_maturity_years': 0.0}","{'modified_maturity_days': 0.0, 'modified_maturity_months': 0.0, 'modified_maturity_years': 0.0}",0.0,0.0,1
118341,"{'market_cap_large': 0.0, 'market_cap_mid': 0.0, 'market_cap_others': 0.0, 'market_cap_small': 0.0}",0.0,"{'avg_maturity_days': 0.0, 'avg_maturity_months': 0.0, 'avg_maturity_years': 0.0}","{'modified_maturity_days': 0.0, 'modified_maturity_months': 0.0, 'modified_maturity_years': 0.0}",0.0,0.0,1
130479,"{'market_cap_large': 0.0, 'market_cap_mid': 0.0, 'market_cap_others': 0.0, 'market_cap_small': 0.0}",0.0,"{'avg_maturity_days': 0.0, 'avg_maturity_months': 0.0, 'avg_maturity_years': 0.0}","{'modified_maturity_days': 0.0, 'modified_maturity_months': 0.0, 'modified_maturity_years': 0.0}",0.0,0.0,1
153479,"{'market_cap_large': 0.0, 'market_cap_mid': 0.0, 'market_cap_others': 0.0, 'market_cap_small': 0.0}",0.0,"{'avg_maturity_days': 0.0, 'avg_maturity_months': 0.0, 'avg_maturity_years': 0.0}","{'modified_maturity_days': 0.0, 'modified_maturity_months': 0.0, 'modified_maturity_years': 0.0}",0.0,0.0,1
119367,"{'market_cap_large': 0.0, 'market_cap_mid': 0.0, 'market_cap_others': 0.0, 'market_cap_small': 0.0}",0.0,"{'avg_maturity_days': 0.0, 'avg_maturity_months': 0.0, 'avg_maturity_years': 0.0}","{'modified_maturity_days': 0.0, 'modified_maturity_months': 0.0, 'modified_maturity_years': 0.0}",0.0,0.0,1
120131,"{'market_cap_large': 0.0, 'market_cap_mid': 0.0, 'market_cap_others': 0.0, 'market_cap_small': 0.0}",0.0,"{'avg_maturity_days': 0.0, 'avg_maturity_months': 0.0, 'avg_maturity_years': 0.0}","{'modified_maturity_days': 0.0, 'modified_maturity_months': 0.0, 'modified_maturity_years': 0.0}",0.0,0.0,1
135753,"{'market_cap_large': 0.0, 'market_cap_mid': 0.0, 'market_cap_others': 0.0, 'market_cap_small': 0.0}",0.0,"{'avg_maturity_days': 0.0, 'avg_maturity_months': 0.0, 'avg_maturity_years': 0.0}","{'modified_maturity_days': 0.0, 'modified_maturity_months': 0.0, 'modified_maturity_years': 0.0}",0.0,0.0,1
141813,"{'market_cap_large': 0.0, 'market_cap_mid': 0.0, 'market_cap_others': 0.0, 'market_cap_small': 0.0}",0.0,"{'avg_maturity_days': 0.0, 'avg_maturity_months': 0.0, 'avg_maturity_years': 0.0}","{'modified_maturity_days': 0.0, 'modified_maturity_months': 0.0, 'modified_maturity_years': 0.0}",0.0,0.0,1
138564,"{'market_cap_large': 0.0, 'market_cap_mid': 0.0, 'market_cap_others': 0.0, 'market_cap_small': 0.0}",0.0,"{'avg_maturity_days': 0.0, 'avg_maturity_months': 0.0, 'avg_maturity_years': 0.0}","{'modified_maturity_days': 0.0, 'modified_maturity_months': 0.0, 'modified_maturity_years': 0.0}",0.0,0.0,1
119893,"{'market_cap_large': 0.0, 'market_cap_mid': 0.0, 'market_cap_others': 0.0, 'market_cap_small': 0.0}",0.0,"{'avg_maturity_days': 0.0, 'avg_maturity_months': 0.0, 'avg_maturity_years': 0.0}","{'modified_maturity_days': 0.0, 'modified_maturity_months': 0.0, 'modified_maturity_years': 0.0}",0.0,0.0,1
153497,"{'market_cap_large': 0.0, 'market_cap_mid': 0.0, 'market_cap_others': 0.0, 'market_cap_small': 0.0}",0.0,"{'avg_maturity_days': 0.0, 'avg_maturity_months': 0.0, 'avg_maturity_years': 0.0}","{'modified_maturity_days': 0.0, 'modified_maturity_months': 0.0, 'modified_maturity_years': 0.0}",0.0,0.0,1
153515,"{'market_cap_large': 0.0, 'market_cap_mid': 0.0, 'market_cap_others': 0.0, 'market_cap_small': 0.0}",0.0,"{'avg_maturity_days': 0.0, 'avg_maturity_months': 0.0, 'avg_maturity_years': 0.0}","{'modified_maturity_days': 0.0, 'modified_maturity_months': 0.0, 'modified_maturity_years': 0.0}",0.0,0.0,1
141006,"{'market_cap_large': 0.0, 'market_cap_mid': 0.0, 'market_cap_others': 0.0, 'market_cap_small': 0.0}",0.0,"{'avg_maturity_days': 0.0, 'avg_maturity_months': 0.0, 'avg_maturity_years': 0.0}","{'modified_maturity_days': 0.0, 'modified_maturity_months': 0.0, 'modified_maturity_years': 0.0}",0.0,0.0,1
153484,"{'market_cap_large': 0.0, 'market_cap_mid': 0.0, 'market_cap_others': 0.0, 'market_cap_small': 0.0}",0.0,"{'avg_maturity_days': 0.0, 'avg_maturity_months': 0.0, 'avg_maturity_years': 0.0}","{'modified_maturity_days': 0.0, 'modified_maturity_months': 0.0, 'modified_maturity_years': 0.0}",0.0,0.0,1
144994,"{'market_cap_large': 0.0, 'market_cap_mid': 0.0, 'market_cap_others': 0.0, 'market_cap_small': 0.0}",0.0,"{'avg_maturity_days': 0.0, 'avg_maturity_months': 0.0, 'avg_maturity_years': 0.0}","{'modified_maturity_days': 0.0, 'modified_maturity_months': 0.0, 'modified_maturity_years': 0.0}",0.0,0.0,1
119326,"{'market_cap_large': 0.0, 'market_cap_mid': 0.0, 'market_cap_others': 0.0, 'market_cap_small': 0.0}",0.0,"{'avg_maturity_days': 0.0, 'avg_maturity_months': 0.0, 'avg_maturity_years': 0.0}","{'modified_maturity_days': 0.0, 'modified_maturity_months': 0.0, 'modified_maturity_years': 0.0}",0.0,0.0,1
150241,"{'market_cap_large': 0.0, 'market_cap_mid': 0.0, 'market_cap_others': 0.0, 'market_cap_small': 0.0}",0.0,"{'avg_maturity_days': 0.0, 'avg_maturity_months': 0.0, 'avg_maturity_years': 0.0}","{'modified_maturity_days': 0.0, 'modified_maturity_months': 0.0, 'modified_maturity_years': 0.0}",0.0,0.0,1
151396,"{'market_cap_large': 0.0, 'market_cap_mid': 0.0, 'market_cap_others': 0.0, 'market_cap_small': 0.0}",0.0,"{'avg_maturity_days': 0.0, 'avg_maturity_months': 0.0, 'avg_maturity_years': 0.0}","{'modified_maturity_days': 0.0, 'modified_maturity_months': 0.0, 'modified_maturity_years': 0.0}",0.0,0.0,1
147217,"{'market_cap_large': 0.0, 'market_cap_mid': 0.0, 'market_cap_others': 0.0, 'market_cap_small': 0.0}",0.0,"{'avg_maturity_days': 0.0, 'avg_maturity_months': 0.0, 'avg_maturity_years': 0.0}","{'modified_maturity_days': 0.0, 'modified_maturity_months': 0.0, 'modified_maturity_years': 0.0}",0.0,0.0,1
135749,"{'market_cap_large': 0.0, 'market_cap_mid': 0.0, 'market_cap_others': 0.0, 'market_cap_small': 0.0}",0.0,"{'avg_maturity_days': 0.0, 'avg_maturity_months': 0.0, 'avg_maturity_years': 0.0}","{'modified_maturity_days': 0.0, 'modified_maturity_months': 0.0, 'modified_maturity_years': 0.0}",0.0,0.0,1
133816,"{'market_cap_large': 0.0, 'market_cap_mid': 0.0, 'market_cap_others': 0.0, 'market_cap_small': 0.0}",0.0,"{'avg_maturity_days': 0.0, 'avg_maturity_months': 0.0, 'avg_maturity_years': 0.0}","{'modified_maturity_days': 0.0, 'modified_maturity_months': 0.0, 'modified_maturity_years': 0.0}",0.0,0.0,1
120280,"{'market_cap_large': 0.0, 'market_cap_mid': 0.0, 'market_cap_others': 0.0, 'market_cap_small': 0.0}",0.0,"{'avg_maturity_days': 0.0, 'avg_maturity_months': 0.0, 'avg_maturity_years': 0.0}","{'modified_maturity_days': 0.0, 'modified_maturity_months': 0.0, 'modified_maturity_years': 0.0}",0.0,0.0,1
118565,"{'market_cap_large': 0.0, 'market_cap_mid': 0.0, 'market_cap_others': 0.0, 'market_cap_small': 0.0}",0.0,"{'avg_maturity_days': 0.0, 'avg_maturity_months': 0.0, 'avg_maturity_years': 0.0}","{'modified_maturity_days': 0.0, 'modified_maturity_months': 0.0, 'modified_maturity_years': 0.0}",0.0,0.0,1
134045,"{'market_cap_large': 0.0, 'market_cap_mid': 0.0, 'market_cap_others': 0.0, 'market_cap_small': 0.0}",0.0,"{'avg_maturity_days': 0.0, 'avg_maturity_months': 0.0, 'avg_maturity_years': 0.0}","{'modified_maturity_days': 0.0, 'modified_maturity_months': 0.0, 'modified_maturity_years': 0.0}",0.0,0.0,1
133181,"{'market_cap_large': 0.0, 'market_cap_mid': 0.0, 'market_cap_others': 0.0, 'market_cap_small': 0.0}",0.0,"{'avg_maturity_days': 0.0, 'avg_maturity_months': 0.0, 'avg_maturity_years': 0.0}","{'modified_maturity_days': 0.0, 'modified_maturity_months': 0.0, 'modified_maturity_years': 0.0}",0.0,0.0,1
131425,"{'market_cap_large': 0.0, 'market_cap_mid': 0.0, 'market_cap_others': 0.0, 'market_cap_small': 0.0}",0.0,"{'avg_maturity_days': 0.0, 'avg_maturity_months': 0.0, 'avg_maturity_years': 0.0}","{'modified_maturity_days': 0.0, 'modified_maturity_months': 0.0, 'modified_maturity_years': 0.0}",0.0,0.0,1
138693,"{'market_cap_large': 0.0, 'market_cap_mid': 0.0, 'market_cap_others': 0.0, 'market_cap_small': 0.0}",0.0,"{'avg_maturity_days': 0.0, 'avg_maturity_months': 0.0, 'avg_maturity_years': 0.0}","{'modified_maturity_days': 0.0, 'modified_maturity_months': 0.0, 'modified_maturity_years': 0.0}",0.0,0.0,1
127305,"{'market_cap_large': 0.0, 'market_cap_mid': 0.0, 'market_cap_others': 0.0, 'market_cap_small': 0.0}",0.0,"{'avg_maturity_days': 0.0, 'avg_maturity_months': 0.0, 'avg_maturity_years': 0.0}","{'modified_maturity_days': 0.0, 'modified_maturity_months': 0.0, 'modified_maturity_years': 0.0}",0.0,0.0,1
118530,"{'market_cap_large': 0.0, 'market_cap_mid': 0.0, 'market_cap_others': 0.0, 'market_cap_small': 0.0}",0.0,"{'avg_maturity_days': 0.0, 'avg_maturity_months': 0.0, 'avg_maturity_years': 0.0}","{'modified_maturity_days': 0.0, 'modified_maturity_months': 0.0, 'modified_maturity_years': 0.0}",0.0,0.0,1
116811,"{'market_cap_large': 0.0, 'market_cap_mid': 0.0, 'market_cap_others': 0.0, 'market_cap_small': 0.0}",0.0,"{'avg_maturity_days': 0.0, 'avg_maturity_months': 0.0, 'avg_maturity_years': 0.0}","{'modified_maturity_days': 0.0, 'modified_maturity_months': 0.0, 'modified_maturity_years': 0.0}",0.0,0.0,1
120382,"{'market_cap_large': 0.0, 'market_cap_mid': 0.0, 'market_cap_others': 0.0, 'market_cap_small': 0.0}",0.0,"{'avg_maturity_days': 0.0, 'avg_maturity_months': 0.0, 'avg_maturity_years': 0.0}","{'modified_maturity_days': 0.0, 'modified_maturity_months': 0.0, 'modified_maturity_years': 0.0}",0.0,0.0,1
118512,"{'market_cap_large': 0.0, 'market_cap_mid': 0.0, 'market_cap_others': 0.0, 'market_cap_small': 0.0}",0.0,"{'avg_maturity_days': 0.0, 'avg_maturity_months': 0.0, 'avg_maturity_years': 0.0}","{'modified_maturity_days': 0.0, 'modified_maturity_months': 0.0, 'modified_maturity_years': 0.0}",0.0,0.0,1
119186,"{'market_cap_large': 0.0, 'market_cap_mid': 0.0, 'market_cap_others': 0.0, 'market_cap_small': 0.0}",0.0,"{'avg_maturity_days': 0.0, 'avg_maturity_months': 0.0, 'avg_maturity_years': 0.0}","{'modified_maturity_days': 0.0, 'modified_maturity_months': 0.0, 'modified_maturity_years': 0.0}",0.0,0.0,1
146402,"{'market_cap_large': 0.0, 'market_cap_mid': 0.0, 'market_cap_others': 0.0, 'market_cap_small': 0.0}",0.0,"{'avg_maturity_days': 0.0, 'avg_maturity_months': 0.0, 'avg_maturity_years': 0.0}","{'modified_maturity_days': 0.0, 'modified_maturity_months': 0.0, 'modified_maturity_years': 0.0}",0.0,0.0,1
138270,"{'market_cap_large': 0.0, 'market_cap_mid': 0.0, 'market_cap_others': 0.0, 'market_cap_small': 0.0}",0.0,"{'avg_maturity_days': 0.0, 'avg_maturity_months': 0.0, 'avg_maturity_years': 0.0}","{'modified_maturity_days': 0.0, 'modified_maturity_months': 0.0, 'modified_maturity_years': 0.0}",0.0,0.0,1
120355,"{'market_cap_large': 0.0, 'market_cap_mid': 0.0, 'market_cap_others': 0.0, 'market_cap_small': 0.0}",0.0,"{'avg_maturity_days': 0.0, 'avg_maturity_months': 0.0, 'avg_maturity_years': 0.0}","{'modified_maturity_days': 0.0, 'modified_maturity_months': 0.0, 'modified_maturity_years': 0.0}",0.0,0.0,1
118301,"{'market_cap_large': 0.0, 'market_cap_mid': 0.0, 'market_cap_others': 0.0, 'market_cap_small': 0.0}",0.0,"{'avg_maturity_days': 0.0, 'avg_maturity_months': 0.0, 'avg_maturity_years': 0.0}","{'modified_maturity_days': 0.0, 'modified_maturity_months': 0.0, 'modified_maturity_years': 0.0}",0.0,0.0,1
148897,"{'market_cap_large': 0.0, 'market_cap_mid': 0.0, 'market_cap_others': 0.0, 'market_cap_small': 0.0}",0.0,"{'avg_maturity_days': 0.0, 'avg_maturity_months': 0.0, 'avg_maturity_years': 0.0}","{'modified_maturity_days': 0.0, 'modified_maturity_months': 0.0, 'modified_maturity_years': 0.0}",0.0,0.0,1
119576,"{'market_cap_large': 0.0, 'market_cap_mid': 0.0, 'market_cap_others': 0.0, 'market_cap_small': 0.0}",0.0,"{'avg_maturity_days': 0.0, 'avg_maturity_months': 0.0, 'avg_maturity_years': 0.0}","{'modified_maturity_days': 0.0, 'modified_maturity_months': 0.0, 'modified_maturity_years': 0.0}",0.0,0.0,1
119389,"{'market_cap_large': 0.0, 'market_cap_mid': 0.0, 'market_cap_others': 0.0, 'market_cap_small': 0.0}",0.0,"{'avg_maturity_days': 0.0, 'avg_maturity_months': 0.0, 'avg_maturity_years': 0.0}","{'modified_maturity_days': 0.0, 'modified_maturity_months': 0.0, 'modified_maturity_years': 0.0}",0.0,0.0,1
140220,"{'market_cap_large': 0.0, 'market_cap_mid': 0.0, 'market_cap_others': 0.0, 'market_cap_small': 0.0}",0.0,"{'avg_maturity_days': 0.0, 'avg_maturity_months': 0.0, 'avg_maturity_years': 0.0}","{'modified_maturity_days': 0.0, 'modified_maturity_months': 0.0, 'modified_maturity_years': 0.0}",0.0,0.0,1
148446,"{'market_cap_large': 0.0, 'market_cap_mid': 0.0, 'market_cap_others': 0.0, 'market_cap_small': 0.0}",0.0,"{'avg_maturity_days': 0.0, 'avg_maturity_months': 0.0, 'avg_maturity_years': 0.0}","{'modified_maturity_days': 0.0, 'modified_maturity_months': 0.0, 'modified_maturity_years': 0.0}",0.0,0.0,1
120373,"{'market_cap_large': 0.0, 'market_cap_mid': 0.0, 'market_cap_others': 0.0, 'market_cap_small': 0.0}",0.0,"{'avg_maturity_days': 0.0, 'avg_maturity_months': 0.0, 'avg_maturity_years': 0.0}","{'modified_maturity_days': 0.0, 'modified_maturity_months': 0.0, 'modified_maturity_years': 0.0}",0.0,0.0,1
147593,"{'market_cap_large': 0.0, 'market_cap_mid': 0.0, 'market_cap_others': 0.0, 'market_cap_small': 0.0}",0.0,"{'avg_maturity_days': 0.0, 'avg_maturity_months': 0.0, 'avg_maturity_years': 0.0}","{'modified_maturity_days': 0.0, 'modified_maturity_months': 0.0, 'modified_maturity_years': 0.0}",0.0,0.0,1
118514,"{'market_cap_large': 0.0, 'market_cap_mid': 0.0, 'market_cap_others': 0.0, 'market_cap_small': 0.0}",0.0,"{'avg_maturity_days': 0.0, 'avg_maturity_months': 0.0, 'avg_maturity_years': 0.0}","{'modified_maturity_days': 0.0, 'modified_maturity_months': 0.0, 'modified_maturity_years': 0.0}",0.0,0.0,1
119148,"{'market_cap_large': 0.0, 'market_cap_mid': 0.0, 'market_cap_others': 0.0, 'market_cap_small': 0.0}",0.0,"{'avg_maturity_days': 0.0, 'avg_maturity_months': 0.0, 'avg_maturity_years': 0.0}","{'modified_maturity_days': 0.0, 'modified_maturity_months': 0.0, 'modified_maturity_years': 0.0}",0.0,0.0,1
153477,"{'market_cap_large': 0.0, 'market_cap_mid': 0.0, 'market_cap_others': 0.0, 'market_cap_small': 0.0}",0.0,"{'avg_maturity_days': 0.0, 'avg_maturity_months': 0.0, 'avg_maturity_years': 0.0}","{'modified_maturity_days': 0.0, 'modified_maturity_months': 0.0, 'modified_maturity_years': 0.0}",0.0,0.0,1
120340,"{'market_cap_large': 0.0, 'market_cap_mid': 0.0, 'market_cap_others': 0.0, 'market_cap_small': 0.0}",0.0,"{'avg_maturity_days': 0.0, 'avg_maturity_months': 0.0, 'avg_maturity_years': 0.0}","{'modified_maturity_days': 0.0, 'modified_maturity_months': 0.0, 'modified_maturity_years': 0.0}",0.0,0.0,1
153426,"{'market_cap_large': 0.0, 'market_cap_mid': 0.0, 'market_cap_others': 0.0, 'market_cap_small': 0.0}",0.0,"{'avg_maturity_days': 0.0, 'avg_maturity_months': 0.0, 'avg_maturity_years': 0.0}","{'modified_maturity_days': 0.0, 'modified_maturity_months': 0.0, 'modified_maturity_years': 0.0}",0.0,0.0,1
119168,"{'market_cap_large': 0.0, 'market_cap_mid': 0.0, 'market_cap_others': 0.0, 'market_cap_small': 0.0}",0.0,"{'avg_maturity_days': 0.0, 'avg_maturity_months': 0.0, 'avg_maturity_years': 0.0}","{'modified_maturity_days': 0.0, 'modified_maturity_months': 0.0, 'modified_maturity_years': 0.0}",0.0,0.0,1
150357,"{'market_cap_large': 0.0, 'market_cap_mid': 0.0, 'market_cap_others': 0.0, 'market_cap_small': 0.0}",0.0,"{'avg_maturity_days': 0.0, 'avg_maturity_months': 0.0, 'avg_maturity_years': 0.0}","{'modified_maturity_days': 0.0, 'modified_maturity_months': 0.0, 'modified_maturity_years': 0.0}",0.0,0.0,1
120002,"{'market_cap_large': 0.0, 'market_cap_mid': 0.0, 'market_cap_others': 0.0, 'market_cap_small': 0.0}",0.0,"{'avg_maturity_days': 0.0, 'avg_maturity_months': 0.0, 'avg_maturity_years': 0.0}","{'modified_maturity_days': 0.0, 'modified_maturity_months': 0.0, 'modified_maturity_years': 0.0}",0.0,0.0,1
120147,"{'market_cap_large': 0.0, 'market_cap_mid': 0.0, 'market_cap_others': 0.0, 'market_cap_small': 0.0}",0.0,"{'avg_maturity_days': 0.0, 'avg_maturity_months': 0.0, 'avg_maturity_years': 0.0}","{'modified_maturity_days': 0.0, 'modified_maturity_months': 0.0, 'modified_maturity_years': 0.0}",0.0,0.0,1
118893,"{'market_cap_large': 0.0, 'market_cap_mid': 0.0, 'market_cap_others': 0.0, 'market_cap_small': 0.0}",0.0,"{'avg_maturity_days': 0.0, 'avg_maturity_months': 0.0, 'avg_maturity_years': 0.0}","{'modified_maturity_days': 0.0, 'modified_maturity_months': 0.0, 'modified_maturity_years': 0.0}",0.0,0.0,1
119176,"{'market_cap_large': 0.0, 'market_cap_mid': 0.0, 'market_cap_others': 0.0, 'market_cap_small': 0.0}",0.0,"{'avg_maturity_days': 0.0, 'avg_maturity_months': 0.0, 'avg_maturity_years': 0.0}","{'modified_maturity_days': 0.0, 'modified_maturity_months': 0.0, 'modified_maturity_years': 0.0}",0.0,0.0,1
133831,"{'market_cap_large': 0.0, 'market_cap_mid': 0.0, 'market_cap_others': 0.0, 'market_cap_small': 0.0}",0.0,"{'avg_maturity_days': 0.0, 'avg_maturity_months': 0.0, 'avg_maturity_years': 0.0}","{'modified_maturity_days': 0.0, 'modified_maturity_months': 0.0, 'modified_maturity_years': 0.0}",0.0,0.0,1
120289,"{'market_cap_large': 0.0, 'market_cap_mid': 0.0, 'market_cap_others': 0.0, 'market_cap_small': 0.0}",0.0,"{'avg_maturity_days': 0.0, 'avg_maturity_months': 0.0, 'avg_maturity_years': 0.0}","{'modified_maturity_days': 0.0, 'modified_maturity_months': 0.0, 'modified_maturity_years': 0.0}",0.0,0.0,1
153517,"{'market_cap_large': 0.0, 'market_cap_mid': 0.0, 'market_cap_others': 0.0, 'market_cap_small': 0.0}",0.0,"{'avg_maturity_days': 0.0, 'avg_maturity_months': 0.0, 'avg_maturity_years': 0.0}","{'modified_maturity_days': 0.0, 'modified_maturity_months': 0.0, 'modified_maturity_years': 0.0}",0.0,0.0,1
153546,"{'market_cap_large': 0.0, 'market_cap_mid': 0.0, 'market_cap_others': 0.0, 'market_cap_small': 0.0}",0.0,"{'avg_maturity_days': 0.0, 'avg_maturity_months': 0.0, 'avg_maturity_years': 0.0}","{'modified_maturity_days': 0.0, 'modified_maturity_months': 0.0, 'modified_maturity_years': 0.0}",0.0,0.0,1
122717,"{'market_cap_large': 0.0, 'market_cap_mid': 0.0, 'market_cap_others': 0.0, 'market_cap_small': 0.0}",0.0,"{'avg_maturity_days': 0.0, 'avg_maturity_months': 0.0, 'avg_maturity_years': 0.0}","{'modified_maturity_days': 0.0, 'modified_maturity_months': 0.0, 'modified_maturity_years': 0.0}",0.0,0.0,1
118560,"{'market_cap_large': 0.0, 'market_cap_mid': 0.0, 'market_cap_others': 0.0, 'market_cap_small': 0.0}",0.0,"{'avg_maturity_days': 0.0, 'avg_maturity_months': 0.0, 'avg_maturity_years': 0.0}","{'modified_maturity_days': 0.0, 'modified_maturity_months': 0.0, 'modified_maturity_years': 0.0}",0.0,0.0,1
153506,"{'market_cap_large': 0.0, 'market_cap_mid': 0.0, 'market_cap_others': 0.0, 'market_cap_small': 0.0}",0.0,"{'avg_maturity_days': 0.0, 'avg_maturity_months': 0.0, 'avg_maturity_years': 0.0}","{'modified_maturity_days': 0.0, 'modified_maturity_months': 0.0, 'modified_maturity_years': 0.0}",0.0,0.0,1
153529,"{'market_cap_large': 0.0, 'market_cap_mid': 0.0, 'market_cap_others': 0.0, 'market_cap_small': 0.0}",0.0,"{'avg_maturity_days': 0.0, 'avg_maturity_months': 0.0, 'avg_maturity_years': 0.0}","{'modified_maturity_days': 0.0, 'modified_maturity_months': 0.0, 'modified_maturity_years': 0.0}",0.0,0.0,1
148479,"{'market_cap_large': 0.0, 'market_cap_mid': 0.0, 'market_cap_others': 0.0, 'market_cap_small': 0.0}",0.0,"{'avg_maturity_days': 0.0, 'avg_maturity_months': 0.0, 'avg_maturity_years': 0.0}","{'modified_maturity_days': 0.0, 'modified_maturity_months': 0.0, 'modified_maturity_years': 0.0}",0.0,0.0,1
153458,"{'market_cap_large': 0.0, 'market_cap_mid': 0.0, 'market_cap_others': 0.0, 'market_cap_small': 0.0}",0.0,"{'avg_maturity_days': 0.0, 'avg_maturity_months': 0.0, 'avg_maturity_years': 0.0}","{'modified_maturity_days': 0.0, 'modified_maturity_months': 0.0, 'modified_maturity_years': 0.0}",0.0,0.0,1
119392,"{'market_cap_large': 0.0, 'market_cap_mid': 0.0, 'market_cap_others': 0.0, 'market_cap_small': 0.0}",0.0,"{'avg_maturity_days': 0.0, 'avg_maturity_months': 0.0, 'avg_maturity_years': 0.0}","{'modified_maturity_days': 0.0, 'modified_maturity_months': 0.0, 'modified_maturity_years': 0.0}",0.0,0.0,1
120830,"{'market_cap_large': 0.0, 'market_cap_mid': 0.0, 'market_cap_others': 0.0, 'market_cap_small': 0.0}",0.0,"{'avg_maturity_days': 0.0, 'avg_maturity_months': 0.0, 'avg_maturity_years': 0.0}","{'modified_maturity_days': 0.0, 'modified_maturity_months': 0.0, 'modified_maturity_years': 0.0}",0.0,0.0,1
120297,"{'market_cap_large': 0.0, 'market_cap_mid': 0.0, 'market_cap_others': 0.0, 'market_cap_small': 0.0}",0.0,"{'avg_maturity_days': 0.0, 'avg_maturity_months': 0.0, 'avg_maturity_years': 0.0}","{'modified_maturity_days': 0.0, 'modified_maturity_months': 0.0, 'modified_maturity_years': 0.0}",0.0,0.0,1
153536,"{'market_cap_large': 0.0, 'market_cap_mid': 0.0, 'market_cap_others': 0.0, 'market_cap_small': 0.0}",0.0,"{'avg_maturity_days': 0.0, 'avg_maturity_months': 0.0, 'avg_maturity_years': 0.0}","{'modified_maturity_days': 0.0, 'modified_maturity_months': 0.0, 'modified_maturity_years': 0.0}",0.0,0.0,1
119992,"{'market_cap_large': 0.0, 'market_cap_mid': 0.0, 'market_cap_others': 0.0, 'market_cap_small': 0.0}",0.0,"{'avg_maturity_days': 0.0, 'avg_maturity_months': 0.0, 'avg_maturity_years': 0.0}","{'modified_maturity_days': 0.0, 'modified_maturity_months': 0.0, 'modified_maturity_years': 0.0}",0.0,0.0,1
119143,"{'market_cap_large': 0.0, 'market_cap_mid': 0.0, 'market_cap_others': 0.0, 'market_cap_small': 0.0}",0.0,"{'avg_maturity_days': 0.0, 'avg_maturity_months': 0.0, 'avg_maturity_years': 0.0}","{'modified_maturity_days': 0.0, 'modified_maturity_months': 0.0, 'modified_maturity_years': 0.0}",0.0,0.0,1
147636,"{'market_cap_large': 0.0, 'market_cap_mid': 0.0, 'market_cap_others': 0.0, 'market_cap_small': 0.0}",0.0,"{'avg_maturity_days': 0.0, 'avg_maturity_months': 0.0, 'avg_maturity_years': 0.0}","{'modified_maturity_days': 0.0, 'modified_maturity_months': 0.0, 'modified_maturity_years': 0.0}",0.0,0.0,1
129198,"{'market_cap_large': 0.0, 'market_cap_mid': 0.0, 'market_cap_others': 0.0, 'market_cap_small': 0.0}",0.0,"{'avg_maturity_days': 0.0, 'avg_maturity_months': 0.0, 'avg_maturity_years': 0.0}","{'modified_maturity_days': 0.0, 'modified_maturity_months': 0.0, 'modified_maturity_years': 0.0}",0.0,0.0,1
153555,"{'market_cap_large': 0.0, 'market_cap_mid': 0.0, 'market_cap_others': 0.0, 'market_cap_small': 0.0}",0.0,"{'avg_maturity_days': 0.0, 'avg_maturity_months': 0.0, 'avg_maturity_years': 0.0}","{'modified_maturity_days': 0.0, 'modified_maturity_months': 0.0, 'modified_maturity_years': 0.0}",0.0,0.0,1
119104,"{'market_cap_large': 0.0, 'market_cap_mid': 0.0, 'market_cap_others': 0.0, 'market_cap_small': 0.0}",0.0,"{'avg_maturity_days': 0.0, 'avg_maturity_months': 0.0, 'avg_maturity_years': 0.0}","{'modified_maturity_days': 0.0, 'modified_maturity_months': 0.0, 'modified_maturity_years': 0.0}",0.0,0.0,1
119984,"{'market_cap_large': 0.0, 'market_cap_mid': 0.0, 'market_cap_others': 0.0, 'market_cap_small': 0.0}",0.0,"{'avg_maturity_days': 0.0, 'avg_maturity_months': 0.0, 'avg_maturity_years': 0.0}","{'modified_maturity_days': 0.0, 'modified_maturity_months': 0.0, 'modified_maturity_years': 0.0}",0.0,0.0,1
153543,"{'market_cap_large': 0.0, 'market_cap_mid': 0.0, 'market_cap_others': 0.0, 'market_cap_small': 0.0}",0.0,"{'avg_maturity_days': 0.0, 'avg_maturity_months': 0.0, 'avg_maturity_years': 0.0}","{'modified_maturity_days': 0.0, 'modified_maturity_months': 0.0, 'modified_maturity_years': 0.0}",0.0,0.0,1
119156,"{'market_cap_large': 0.0, 'market_cap_mid': 0.0, 'market_cap_others': 0.0, 'market_cap_small': 0.0}",0.0,"{'avg_maturity_days': 0.0, 'avg_maturity_months': 0.0, 'avg_maturity_years': 0.0}","{'modified_maturity_days': 0.0, 'modified_maturity_months': 0.0, 'modified_maturity_years': 0.0}",0.0,0.0,1
144681,"{'market_cap_large': 0.0, 'market_cap_mid': 0.0, 'market_cap_others': 0.0, 'market_cap_small': 0.0}",0.0,"{'avg_maturity_days': 0.0, 'avg_maturity_months': 0.0, 'avg_maturity_years': 0.0}","{'modified_maturity_days': 0.0, 'modified_maturity_months': 0.0, 'modified_maturity_years': 0.0}",0.0,0.0,1
153487,"{'market_cap_large': 0.0, 'market_cap_mid': 0.0, 'market_cap_others': 0.0, 'market_cap_small': 0.0}",0.0,"{'avg_maturity_days': 0.0, 'avg_maturity_months': 0.0, 'avg_maturity_years': 0.0}","{'modified_maturity_days': 0.0, 'modified_maturity_months': 0.0, 'modified_maturity_years': 0.0}",0.0,0.0,1
118516,"{'market_cap_large': 0.0, 'market_cap_mid': 0.0, 'market_cap_others': 0.0, 'market_cap_small': 0.0}",0.0,"{'avg_maturity_days': 0.0, 'avg_maturity_months': 0.0, 'avg_maturity_years': 0.0}","{'modified_maturity_days': 0.0, 'modified_maturity_months': 0.0, 'modified_maturity_years': 0.0}",0.0,0.0,1
153474,"{'market_cap_large': 0.0, 'market_cap_mid': 0.0, 'market_cap_others': 0.0, 'market_cap_small': 0.0}",0.0,"{'avg_maturity_days': 0.0, 'avg_maturity_months': 0.0, 'avg_maturity_years': 0.0}","{'modified_maturity_days': 0.0, 'modified_maturity_months': 0.0, 'modified_maturity_years': 0.0}",0.0,0.0,1
119988,"{'market_cap_large': 0.0, 'market_cap_mid': 0.0, 'market_cap_others': 0.0, 'market_cap_small': 0.0}",0.0,"{'avg_maturity_days': 0.0, 'avg_maturity_months': 0.0, 'avg_maturity_years': 0.0}","{'modified_maturity_days': 0.0, 'modified_maturity_months': 0.0, 'modified_maturity_years': 0.0}",0.0,0.0,1
147125,"{'market_cap_large': 0.0, 'market_cap_mid': 0.0, 'market_cap_others': 0.0, 'market_cap_small': 0.0}",0.0,"{'avg_maturity_days': 0.0, 'avg_maturity_months': 0.0, 'avg_maturity_years': 0.0}","{'modified_maturity_days': 0.0, 'modified_maturity_months': 0.0, 'modified_maturity_years': 0.0}",0.0,0.0,1
149891,"{'market_cap_large': 0.0, 'market_cap_mid': 0.0, 'market_cap_others': 0.0, 'market_cap_small': 0.0}",0.0,"{'avg_maturity_days': 0.0, 'avg_maturity_months': 0.0, 'avg_maturity_years': 0.0}","{'modified_maturity_days': 0.0, 'modified_maturity_months': 0.0, 'modified_maturity_years': 0.0}",0.0,0.0,1
120291,"{'market_cap_large': 0.0, 'market_cap_mid': 0.0, 'market_cap_others': 0.0, 'market_cap_small': 0.0}",0.0,"{'avg_maturity_days': 0.0, 'avg_maturity_months': 0.0, 'avg_maturity_years': 0.0}","{'modified_maturity_days': 0.0, 'modified_maturity_months': 0.0, 'modified_maturity_years': 0.0}",0.0,0.0,1
119518,"{'market_cap_large': 0.0, 'market_cap_mid': 0.0, 'market_cap_others': 0.0, 'market_cap_small': 0.0}",0.0,"{'avg_maturity_days': 0.0, 'avg_maturity_months': 0.0, 'avg_maturity_years': 0.0}","{'modified_maturity_days': 0.0, 'modified_maturity_months': 0.0, 'modified_maturity_years': 0.0}",0.0,0.0,1
120082,"{'market_cap_large': 0.0, 'market_cap_mid': 0.0, 'market_cap_others': 0.0, 'market_cap_small': 0.0}",0.0,"{'avg_maturity_days': 0.0, 'avg_maturity_months': 0.0, 'avg_maturity_years': 0.0}","{'modified_maturity_days': 0.0, 'modified_maturity_months': 0.0, 'modified_maturity_years': 0.0}",0.0,0.0,1
151735,"{'market_cap_large': 0.0, 'market_cap_mid': 0.0, 'market_cap_others': 0.0, 'market_cap_small': 0.0}",0.0,"{'avg_maturity_days': 0.0, 'avg_maturity_months': 0.0, 'avg_maturity_years': 0.0}","{'modified_maturity_days': 0.0, 'modified_maturity_months': 0.0, 'modified_maturity_years': 0.0}",0.0,0.0,1
135751,"{'market_cap_large': 0.0, 'market_cap_mid': 0.0, 'market_cap_others': 0.0, 'market_cap_small': 0.0}",0.0,"{'avg_maturity_days': 0.0, 'avg_maturity_months': 0.0, 'avg_maturity_years': 0.0}","{'modified_maturity_days': 0.0, 'modified_maturity_months': 0.0, 'modified_maturity_years': 0.0}",0.0,0.0,1
151875,"{'market_cap_large': 0.0, 'market_cap_mid': 0.0, 'market_cap_others': 0.0, 'market_cap_small': 0.0}",0.0,"{'avg_maturity_days': 0.0, 'avg_maturity_months': 0.0, 'avg_maturity_years': 0.0}","{'modified_maturity_days': 0.0, 'modified_maturity_months': 0.0, 'modified_maturity_years': 0.0}",0.0,0.0,1
119410,"{'market_cap_large': 0.0, 'market_cap_mid': 0.0, 'market_cap_others': 0.0, 'market_cap_small': 0.0}",0.0,"{'avg_maturity_days': 0.0, 'avg_maturity_months': 0.0, 'avg_maturity_years': 0.0}","{'modified_maturity_days': 0.0, 'modified_maturity_months': 0.0, 'modified_maturity_years': 0.0}",0.0,0.0,1
121153,"{'market_cap_large': 0.0, 'market_cap_mid': 0.0, 'market_cap_others': 0.0, 'market_cap_small': 0.0}",0.0,"{'avg_maturity_days': 0.0, 'avg_maturity_months': 0.0, 'avg_maturity_years': 0.0}","{'modified_maturity_days': 0.0, 'modified_maturity_months': 0.0, 'modified_maturity_years': 0.0}",0.0,0.0,1
153498,"{'market_cap_large': 0.0, 'market_cap_mid': 0.0, 'market_cap_others': 0.0, 'market_cap_small': 0.0}",0.0,"{'avg_maturity_days': 0.0, 'avg_maturity_months': 0.0, 'avg_maturity_years': 0.0}","{'modified_maturity_days': 0.0, 'modified_maturity_months': 0.0, 'modified_maturity_years': 0.0}",0.0,0.0,1
140386,"{'market_cap_large': 0.0, 'market_cap_mid': 0.0, 'market_cap_others': 0.0, 'market_cap_small': 0.0}",0.0,"{'avg_maturity_days': 0.0, 'avg_maturity_months': 0.0, 'avg_maturity_years': 0.0}","{'modified_maturity_days': 0.0, 'modified_maturity_months': 0.0, 'modified_maturity_years': 0.0}",0.0,0.0,1
151551,"{'market_cap_large': 0.0, 'market_cap_mid': 0.0, 'market_cap_others': 0.0, 'market_cap_small': 0.0}",0.0,"{'avg_maturity_days': 0.0, 'avg_maturity_months': 0.0, 'avg_maturity_years': 0.0}","{'modified_maturity_days': 0.0, 'modified_maturity_months': 0.0, 'modified_maturity_years': 0.0}",0.0,0.0,1
145602,"{'market_cap_large': 0.0, 'market_cap_mid': 0.0, 'market_cap_others': 0.0, 'market_cap_small': 0.0}",0.0,"{'avg_maturity_days': 0.0, 'avg_maturity_months': 0.0, 'avg_maturity_years': 0.0}","{'modified_maturity_days': 0.0, 'modified_maturity_months': 0.0, 'modified_maturity_years': 0.0}",0.0,0.0,1
149753,"{'market_cap_large': 0.0, 'market_cap_mid': 0.0, 'market_cap_others': 0.0, 'market_cap_small': 0.0}",0.0,"{'avg_maturity_days': 0.0, 'avg_maturity_months': 0.0, 'avg_maturity_years': 0.0}","{'modified_maturity_days': 0.0, 'modified_maturity_months': 0.0, 'modified_maturity_years': 0.0}",0.0,0.0,1
119337,"{'market_cap_large': 0.0, 'market_cap_mid': 0.0, 'market_cap_others': 0.0, 'market_cap_small': 0.0}",0.0,"{'avg_maturity_days': 0.0, 'avg_maturity_months': 0.0, 'avg_maturity_years': 0.0}","{'modified_maturity_days': 0.0, 'modified_maturity_months': 0.0, 'modified_maturity_years': 0.0}",0.0,0.0,1
153552,"{'market_cap_large': 0.0, 'market_cap_mid': 0.0, 'market_cap_others': 0.0, 'market_cap_small': 0.0}",0.0,"{'avg_maturity_days': 0.0, 'avg_maturity_months': 0.0, 'avg_maturity_years': 0.0}","{'modified_maturity_days': 0.0, 'modified_maturity_months': 0.0, 'modified_maturity_years': 0.0}",0.0,0.0,1
138509,"{'market_cap_large': 0.0, 'market_cap_mid': 0.0, 'market_cap_others': 0.0, 'market_cap_small': 0.0}",0.0,"{'avg_maturity_days': 0.0, 'avg_maturity_months': 0.0, 'avg_maturity_years': 0.0}","{'modified_maturity_days': 0.0, 'modified_maturity_months': 0.0, 'modified_maturity_years': 0.0}",0.0,0.0,1
153465,"{'market_cap_large': 0.0, 'market_cap_mid': 0.0, 'market_cap_others': 0.0, 'market_cap_small': 0.0}",0.0,"{'avg_maturity_days': 0.0, 'avg_maturity_months': 0.0, 'avg_maturity_years': 0.0}","{'modified_maturity_days': 0.0, 'modified_maturity_months': 0.0, 'modified_maturity_years': 0.0}",0.0,0.0,1
120345,"{'market_cap_large': 0.0, 'market_cap_mid': 0.0, 'market_cap_others': 0.0, 'market_cap_small': 0.0}",0.0,"{'avg_maturity_days': 0.0, 'avg_maturity_months': 0.0, 'avg_maturity_years': 0.0}","{'modified_maturity_days': 0.0, 'modified_maturity_months': 0.0, 'modified_maturity_years': 0.0}",0.0,0.0,1
120386,"{'market_cap_large': 0.0, 'market_cap_mid': 0.0, 'market_cap_others': 0.0, 'market_cap_small': 0.0}",0.0,"{'avg_maturity_days': 0.0, 'avg_maturity_months': 0.0, 'avg_maturity_years': 0.0}","{'modified_maturity_days': 0.0, 'modified_maturity_months': 0.0, 'modified_maturity_years': 0.0}",0.0,0.0,1
144658,"{'market_cap_large': 0.0, 'market_cap_mid': 0.0, 'market_cap_others': 0.0, 'market_cap_small': 0.0}",0.0,"{'avg_maturity_days': 0.0, 'avg_maturity_months': 0.0, 'avg_maturity_years': 0.0}","{'modified_maturity_days': 0.0, 'modified_maturity_months': 0.0, 'modified_maturity_years': 0.0}",0.0,0.0,1
120262,"{'market_cap_large': 0.0, 'market_cap_mid': 0.0, 'market_cap_others': 0.0, 'market_cap_small': 0.0}",0.0,"{'avg_maturity_days': 0.0, 'avg_maturity_months': 0.0, 'avg_maturity_years': 0.0}","{'modified_maturity_days': 0.0, 'modified_maturity_months': 0.0, 'modified_maturity_years': 0.0}",0.0,0.0,1
118518,"{'market_cap_large': 0.0, 'market_cap_mid': 0.0, 'market_cap_others': 0.0, 'market_cap_small': 0.0}",0.0,"{'avg_maturity_days': 0.0, 'avg_maturity_months': 0.0, 'avg_maturity_years': 0.0}","{'modified_maturity_days': 0.0, 'modified_maturity_months': 0.0, 'modified_maturity_years': 0.0}",0.0,0.0,1
120008,"{'market_cap_large': 0.0, 'market_cap_mid': 0.0, 'market_cap_others': 0.0, 'market_cap_small': 0.0}",0.0,"{'avg_maturity_days': 0.0, 'avg_maturity_months': 0.0, 'avg_maturity_years': 0.0}","{'modified_maturity_days': 0.0, 'modified_maturity_months': 0.0, 'modified_maturity_years': 0.0}",0.0,0.0,1
153513,"{'market_cap_large': 0.0, 'market_cap_mid': 0.0, 'market_cap_others': 0.0, 'market_cap_small': 0.0}",0.0,"{'avg_maturity_days': 0.0, 'avg_maturity_months': 0.0, 'avg_maturity_years': 0.0}","{'modified_maturity_days': 0.0, 'modified_maturity_months': 0.0, 'modified_maturity_years': 0.0}",0.0,0.0,1
120361,"{'market_cap_large': 0.0, 'market_cap_mid': 0.0, 'market_cap_others': 0.0, 'market_cap_small': 0.0}",0.0,"{'avg_maturity_days': 0.0, 'avg_maturity_months': 0.0, 'avg_maturity_years': 0.0}","{'modified_maturity_days': 0.0, 'modified_maturity_months': 0.0, 'modified_maturity_years': 0.0}",0.0,0.0,1
119271,"{'market_cap_large': 0.0, 'market_cap_mid': 0.0, 'market_cap_others': 0.0, 'market_cap_small': 0.0}",0.0,"{'avg_maturity_days': 0.0, 'avg_maturity_months': 0.0, 'avg_maturity_years': 0.0}","{'modified_maturity_days': 0.0, 'modified_maturity_months': 0.0, 'modified_maturity_years': 0.0}",0.0,0.0,1
118519,"{'market_cap_large': 0.0, 'market_cap_mid': 0.0, 'market_cap_others': 0.0, 'market_cap_small': 0.0}",0.0,"{'avg_maturity_days': 0.0, 'avg_maturity_months': 0.0, 'avg_maturity_years': 0.0}","{'modified_maturity_days': 0.0, 'modified_maturity_months': 0.0, 'modified_maturity_years': 0.0}",0.0,0.0,1
119450,"{'market_cap_large': 0.0, 'market_cap_mid': 0.0, 'market_cap_others': 0.0, 'market_cap_small': 0.0}",3.44,"{'avg_maturity_days': 138.0, 'avg_maturity_months': 4.6, 'avg_maturity_years': 0.3781}","{'modified_maturity_days': 120.0, 'modified_maturity_months': 4.0, 'modified_maturity_years': 0.3288}",0.0,0.0,1
119632,"{'market_cap_large': 0.0, 'market_cap_mid': 0.0, 'market_cap_others': 0.0, 'market_cap_small': 0.0}",3.6,"{'avg_maturity_days': 441.65, 'avg_maturity_months': 14.52, 'avg_maturity_years': 1.21}","{'modified_maturity_days': 343.1, 'modified_maturity_months': 11.28, 'modified_maturity_years': 0.94}",0.0,0.0,1
119461,"{'market_cap_large': 0.0, 'market_cap_mid': 0.0, 'market_cap_others': 0.0, 'market_cap_small': 0.0}",4.84,"{'avg_maturity_days': 1383.35, 'avg_maturity_months': 45.48, 'avg_maturity_years': 3.79}","{'modified_maturity_days': 1157.05, 'modified_maturity_months': 38.04, 'modified_maturity_years': 3.17}",0.0,0.0,1
129197,"{'market_cap_large': 0.0, 'market_cap_mid': 0.0, 'market_cap_others': 100.0, 'market_cap_small': 0.0}",0.0,"{'avg_maturity_days': 0.0, 'avg_maturity_months': 0.0, 'avg_maturity_years': 0.0}","{'modified_maturity_days': 0.0, 'modified_maturity_months': 0.0, 'modified_maturity_years': 0.0}",0.0,0.78,1
119277,"{'market_cap_large': 0.0, 'market_cap_mid': 0.0, 'market_cap_others': 100.0, 'market_cap_small': 0.0}",0.0,"{'avg_maturity_days': 0.0, 'avg_maturity_months': 0.0, 'avg_maturity_years': 0.0}","{'modified_maturity_days': 0.0, 'modified_maturity_months': 0.0, 'modified_maturity_years': 0.0}",0.0,0.22,1
149816,"{'market_cap_large': 0.0, 'market_cap_mid': 0.0, 'market_cap_others': 100.0, 'market_cap_small': 0.0}",0.0,"{'avg_maturity_days': 0.0, 'avg_maturity_months': 0.0, 'avg_maturity_years': 0.0}","{'modified_maturity_days': 0.0, 'modified_maturity_months': 0.0, 'modified_maturity_years': 0.0}",0.0,0.0,1
148574,"{'market_cap_large': 0.0, 'market_cap_mid': 0.0, 'market_cap_others': 100.0, 'market_cap_small': 0.0}",0.0,"{'avg_maturity_days': 0.0, 'avg_maturity_months': 0.0, 'avg_maturity_years': 0.0}","{'modified_maturity_days': 0.0, 'modified_maturity_months': 0.0, 'modified_maturity_years': 0.0}",0.0,0.0,1
148662,"{'market_cap_large': 0.0, 'market_cap_mid': 0.0, 'market_cap_others': 100.0, 'market_cap_small': 0.0}",0.0,"{'avg_maturity_days': 0.0, 'avg_maturity_months': 0.0, 'avg_maturity_years': 0.0}","{'modified_maturity_days': 0.0, 'modified_maturity_months': 0.0, 'modified_maturity_years': 0.0}",0.0,0.0112,1
152528,"{'market_cap_large': 0.0, 'market_cap_mid': 0.0, 'market_cap_others': 100.0, 'market_cap_small': 0.0}",4.19,"{'avg_maturity_days': 0.0, 'avg_maturity_months': 0.0, 'avg_maturity_years': 0.0}","{'modified_maturity_days': 0.0, 'modified_maturity_months': 0.0, 'modified_maturity_years': 0.0}",0.0,0.0,1
152183,"{'market_cap_large': 0.0, 'market_cap_mid': 0.0, 'market_cap_others': 100.0, 'market_cap_small': 0.0}",0.0,"{'avg_maturity_days': 0.0, 'avg_maturity_months': 0.0, 'avg_maturity_years': 0.0}","{'modified_maturity_days': 0.0, 'modified_maturity_months': 0.0, 'modified_maturity_years': 0.0}",0.0,0.0,1
149441,"{'market_cap_large': 0.0, 'market_cap_mid': 0.0, 'market_cap_others': 100.0, 'market_cap_small': 0.0}",0.0,"{'avg_maturity_days': 0.0, 'avg_maturity_months': 0.0, 'avg_maturity_years': 0.0}","{'modified_maturity_days': 0.0, 'modified_maturity_months': 0.0, 'modified_maturity_years': 0.0}",0.0,0.0,1
129193,"{'market_cap_large': 0.0, 'market_cap_mid': 0.0, 'market_cap_others': 100.0, 'market_cap_small': 0.0}",0.0,"{'avg_maturity_days': 0.0, 'avg_maturity_months': 0.0, 'avg_maturity_years': 0.0}","{'modified_maturity_days': 0.0, 'modified_maturity_months': 0.0, 'modified_maturity_years': 0.0}",0.0,0.95,1
119788,"{'market_cap_large': 0.0, 'market_cap_mid': 0.0, 'market_cap_others': 100.0, 'market_cap_small': 0.0}",0.0,"{'avg_maturity_days': 0.0, 'avg_maturity_months': 0.0, 'avg_maturity_years': 0.0}","{'modified_maturity_days': 0.0, 'modified_maturity_months': 0.0, 'modified_maturity_years': 0.0}",0.0,0.0,1
148485,"{'market_cap_large': 0.0, 'market_cap_mid': 0.0, 'market_cap_others': 100.0, 'market_cap_small': 0.0}",0.0,"{'avg_maturity_days': 0.0, 'avg_maturity_months': 0.0, 'avg_maturity_years': 0.0}","{'modified_maturity_days': 0.0, 'modified_maturity_months': 0.0, 'modified_maturity_years': 0.0}",0.0,0.0,1
149780,"{'market_cap_large': 0.0, 'market_cap_mid': 0.0, 'market_cap_others': 100.0, 'market_cap_small': 0.0}",0.0,"{'avg_maturity_days': 0.0, 'avg_maturity_months': 0.0, 'avg_maturity_years': 0.0}","{'modified_maturity_days': 0.0, 'modified_maturity_months': 0.0, 'modified_maturity_years': 0.0}",0.0,0.0,1
149349,"{'market_cap_large': 0.0, 'market_cap_mid': 0.0, 'market_cap_others': 100.0, 'market_cap_small': 0.0}",0.0,"{'avg_maturity_days': 0.0, 'avg_maturity_months': 0.0, 'avg_maturity_years': 0.0}","{'modified_maturity_days': 0.0, 'modified_maturity_months': 0.0, 'modified_maturity_years': 0.0}",0.0,0.0,1
143903,"{'market_cap_large': 0.0, 'market_cap_mid': 0.0, 'market_cap_others': 100.0, 'market_cap_small': 0.0}",0.0,"{'avg_maturity_days': 0.0, 'avg_maturity_months': 0.0, 'avg_maturity_years': 0.0}","{'modified_maturity_days': 0.0, 'modified_maturity_months': 0.0, 'modified_maturity_years': 0.0}",0.0,0.0,1
119457,"{'market_cap_large': 0.0, 'market_cap_mid': 0.0, 'market_cap_others': 100.0, 'market_cap_small': 0.0}",0.0,"{'avg_maturity_days': 0.0, 'avg_maturity_months': 0.0, 'avg_maturity_years': 0.0}","{'modified_maturity_days': 0.0, 'modified_maturity_months': 0.0, 'modified_maturity_years': 0.0}",0.0,0.0,1
150714,"{'market_cap_large': 0.0, 'market_cap_mid': 0.0, 'market_cap_others': 100.0, 'market_cap_small': 0.0}",0.0,"{'avg_maturity_days': 0.0, 'avg_maturity_months': 0.0, 'avg_maturity_years': 0.0}","{'modified_maturity_days': 0.0, 'modified_maturity_months': 0.0, 'modified_maturity_years': 0.0}",0.0,0.0,1
148642,"{'market_cap_large': 0.0, 'market_cap_mid': 0.0, 'market_cap_others': 100.0, 'market_cap_small': 0.0}",0.0,"{'avg_maturity_days': 0.0, 'avg_maturity_months': 0.0, 'avg_maturity_years': 0.0}","{'modified_maturity_days': 0.0, 'modified_maturity_months': 0.0, 'modified_maturity_years': 0.0}",0.0,0.09,1
150688,"{'market_cap_large': 0.0, 'market_cap_mid': 0.0, 'market_cap_others': 100.0, 'market_cap_small': 0.0}",0.0,"{'avg_maturity_days': 0.0, 'avg_maturity_months': 0.0, 'avg_maturity_years': 0.0}","{'modified_maturity_days': 0.0, 'modified_maturity_months': 0.0, 'modified_maturity_years': 0.0}",0.0,0.0,1
132989,"{'market_cap_large': 0.0, 'market_cap_mid': 0.0, 'market_cap_others': 100.0, 'market_cap_small': 0.0}",0.0,"{'avg_maturity_days': 0.0, 'avg_maturity_months': 0.0, 'avg_maturity_years': 0.0}","{'modified_maturity_days': 0.0, 'modified_maturity_months': 0.0, 'modified_maturity_years': 0.0}",0.0,0.4013,1
146963,"{'market_cap_large': 0.0, 'market_cap_mid': 0.0, 'market_cap_others': 100.0, 'market_cap_small': 0.0}",5.97,"{'avg_maturity_days': 3.65, 'avg_maturity_months': 0.12, 'avg_maturity_years': 0.01}","{'modified_maturity_days': 0.0, 'modified_maturity_months': 0.0, 'modified_maturity_years': 0.0}",0.0,0.0,1
148903,"{'market_cap_large': 0.0, 'market_cap_mid': 0.0, 'market_cap_others': 100.0, 'market_cap_small': 0.0}",0.0,"{'avg_maturity_days': 0.0, 'avg_maturity_months': 0.0, 'avg_maturity_years': 0.0}","{'modified_maturity_days': 0.0, 'modified_maturity_months': 0.0, 'modified_maturity_years': 0.0}",0.0,0.0,1
149219,"{'market_cap_large': 0.0, 'market_cap_mid': 0.0, 'market_cap_others': 100.0, 'market_cap_small': 0.0}",0.0,"{'avg_maturity_days': 0.0, 'avg_maturity_months': 0.0, 'avg_maturity_years': 0.0}","{'modified_maturity_days': 0.0, 'modified_maturity_months': 0.0, 'modified_maturity_years': 0.0}",0.0,0.14,1
120035,"{'market_cap_large': 0.0, 'market_cap_mid': 0.0, 'market_cap_others': 100.0, 'market_cap_small': 0.0}",0.0,"{'avg_maturity_days': 0.0, 'avg_maturity_months': 0.0, 'avg_maturity_years': 0.0}","{'modified_maturity_days': 0.0, 'modified_maturity_months': 0.0, 'modified_maturity_years': 0.0}",0.0,0.03,1
150390,"{'market_cap_large': 0.0, 'market_cap_mid': 0.0, 'market_cap_others': 100.0, 'market_cap_small': 0.0}",0.0,"{'avg_maturity_days': 0.0, 'avg_maturity_months': 0.0, 'avg_maturity_years': 0.0}","{'modified_maturity_days': 0.0, 'modified_maturity_months': 0.0, 'modified_maturity_years': 0.0}",0.0,0.8483,1
149180,"{'market_cap_large': 0.0, 'market_cap_mid': 0.0, 'market_cap_others': 100.0, 'market_cap_small': 0.0}",0.0,"{'avg_maturity_days': 0.0, 'avg_maturity_months': 0.0, 'avg_maturity_years': 0.0}","{'modified_maturity_days': 0.0, 'modified_maturity_months': 0.0, 'modified_maturity_years': 0.0}",0.0,0.0,1
115132,"{'market_cap_large': 0.0, 'market_cap_mid': 0.0, 'market_cap_others': 100.0, 'market_cap_small': 0.0}",0.0,"{'avg_maturity_days': 0.0, 'avg_maturity_months': 0.0, 'avg_maturity_years': 0.0}","{'modified_maturity_days': 0.0, 'modified_maturity_months': 0.0, 'modified_maturity_years': 0.0}",0.0,0.0927,1
143597,"{'market_cap_large': 0.0, 'market_cap_mid': 0.0, 'market_cap_others': 100.0, 'market_cap_small': 0.0}",3.13,"{'avg_maturity_days': 4.088, 'avg_maturity_months': 0.1344, 'avg_maturity_years': 0.0112}","{'modified_maturity_days': 0.0, 'modified_maturity_months': 0.0, 'modified_maturity_years': 0.0}",0.0,0.0,1
153453,"{'market_cap_large': 0.0, 'market_cap_mid': 0.0, 'market_cap_others': 100.0, 'market_cap_small': 0.0}",0.0,"{'avg_maturity_days': 0.0, 'avg_maturity_months': 0.0, 'avg_maturity_years': 0.0}","{'modified_maturity_days': 0.0, 'modified_maturity_months': 0.0, 'modified_maturity_years': 0.0}",0.0,0.0,1
147889,"{'market_cap_large': 0.0, 'market_cap_mid': 0.0, 'market_cap_others': 100.0, 'market_cap_small': 0.0}",0.0,"{'avg_maturity_days': 0.0, 'avg_maturity_months': 0.0, 'avg_maturity_years': 0.0}","{'modified_maturity_days': 0.0, 'modified_maturity_months': 0.0, 'modified_maturity_years': 0.0}",0.0,0.0,1
132009,"{'market_cap_large': 0.0, 'market_cap_mid': 0.0, 'market_cap_others': 100.0, 'market_cap_small': 0.0}",0.0,"{'avg_maturity_days': 0.0, 'avg_maturity_months': 0.0, 'avg_maturity_years': 0.0}","{'modified_maturity_days': 0.0, 'modified_maturity_months': 0.0, 'modified_maturity_years': 0.0}",0.0,0.0006,1
118543,"{'market_cap_large': 0.0, 'market_cap_mid': 0.0, 'market_cap_others': 100.0, 'market_cap_small': 0.0}",0.0,"{'avg_maturity_days': 0.0, 'avg_maturity_months': 0.0, 'avg_maturity_years': 0.0}","{'modified_maturity_days': 0.0, 'modified_maturity_months': 0.0, 'modified_maturity_years': 0.0}",0.0,0.7454,1
127071,"{'market_cap_large': 0.0, 'market_cap_mid': 0.0, 'market_cap_others': 100.0, 'market_cap_small': 0.0}",0.0,"{'avg_maturity_days': 0.0, 'avg_maturity_months': 0.0, 'avg_maturity_years': 0.0}","{'modified_maturity_days': 0.0, 'modified_maturity_months': 0.0, 'modified_maturity_years': 0.0}",0.0,0.23,1
148954,"{'market_cap_large': 0.0, 'market_cap_mid': 0.0, 'market_cap_others': 100.0, 'market_cap_small': 0.0}",0.0,"{'avg_maturity_days': 0.0, 'avg_maturity_months': 0.0, 'avg_maturity_years': 0.0}","{'modified_maturity_days': 0.0, 'modified_maturity_months': 0.0, 'modified_maturity_years': 0.0}",0.0,0.0,1
129200,"{'market_cap_large': 0.0, 'market_cap_mid': 0.0, 'market_cap_others': 100.0, 'market_cap_small': 0.0}",0.0,"{'avg_maturity_days': 0.0, 'avg_maturity_months': 0.0, 'avg_maturity_years': 0.0}","{'modified_maturity_days': 0.0, 'modified_maturity_months': 0.0, 'modified_maturity_years': 0.0}",0.0,0.35,1
148760,"{'market_cap_large': 0.0, 'market_cap_mid': 0.0, 'market_cap_others': 100.0, 'market_cap_small': 0.0}",0.0,"{'avg_maturity_days': 0.0, 'avg_maturity_months': 0.0, 'avg_maturity_years': 0.0}","{'modified_maturity_days': 0.0, 'modified_maturity_months': 0.0, 'modified_maturity_years': 0.0}",0.0,0.08,1
152770,"{'market_cap_large': 0.0, 'market_cap_mid': 0.0, 'market_cap_others': 100.0, 'market_cap_small': 0.0}",0.0,"{'avg_maturity_days': 0.0, 'avg_maturity_months': 0.0, 'avg_maturity_years': 0.0}","{'modified_maturity_days': 0.0, 'modified_maturity_months': 0.0, 'modified_maturity_years': 0.0}",0.0,0.01,1
148928,"{'market_cap_large': 0.0, 'market_cap_mid': 0.0, 'market_cap_others': 100.0, 'market_cap_small': 0.0}",0.0,"{'avg_maturity_days': 0.0, 'avg_maturity_months': 0.0, 'avg_maturity_years': 0.0}","{'modified_maturity_days': 0.0, 'modified_maturity_months': 0.0, 'modified_maturity_years': 0.0}",0.0,0.0,1
123654,"{'market_cap_large': 0.0, 'market_cap_mid': 0.0, 'market_cap_others': 100.0, 'market_cap_small': 0.0}",0.0,"{'avg_maturity_days': 3.65, 'avg_maturity_months': 0.12, 'avg_maturity_years': 0.01}","{'modified_maturity_days': 0.0, 'modified_maturity_months': 0.0, 'modified_maturity_years': 0.0}",0.0,0.0,1
140243,"{'market_cap_large': 0.0, 'market_cap_mid': 0.0, 'market_cap_others': 100.0, 'market_cap_small': 0.0}",0.0,"{'avg_maturity_days': 0.0, 'avg_maturity_months': 0.0, 'avg_maturity_years': 0.0}","{'modified_maturity_days': 0.0, 'modified_maturity_months': 0.0, 'modified_maturity_years': 0.0}",0.0,0.0,1
148035,"{'market_cap_large': 0.0, 'market_cap_mid': 0.0, 'market_cap_others': 100.0, 'market_cap_small': 0.0}",0.0,"{'avg_maturity_days': 0.0, 'avg_maturity_months': 0.0, 'avg_maturity_years': 0.0}","{'modified_maturity_days': 0.0, 'modified_maturity_months': 0.0, 'modified_maturity_years': 0.0}",0.0,0.0,1
149240,"{'market_cap_large': 0.0, 'market_cap_mid': 0.0, 'market_cap_others': 100.0, 'market_cap_small': 0.0}",0.0,"{'avg_maturity_days': 0.0, 'avg_maturity_months': 0.0, 'avg_maturity_years': 0.0}","{'modified_maturity_days': 0.0, 'modified_maturity_months': 0.0, 'modified_maturity_years': 0.0}",0.0,0.0,1
148747,"{'market_cap_large': 0.0, 'market_cap_mid': 0.0, 'market_cap_others': 100.0, 'market_cap_small': 0.0}",0.0,"{'avg_maturity_days': 0.0, 'avg_maturity_months': 0.0, 'avg_maturity_years': 0.0}","{'modified_maturity_days': 0.0, 'modified_maturity_months': 0.0, 'modified_maturity_years': 0.0}",0.0,0.0,1
150751,"{'market_cap_large': 0.0, 'market_cap_mid': 0.0, 'market_cap_others': 100.0, 'market_cap_small': 0.0}",0.0,"{'avg_maturity_days': 0.0, 'avg_maturity_months': 0.0, 'avg_maturity_years': 0.0}","{'modified_maturity_days': 0.0, 'modified_maturity_months': 0.0, 'modified_maturity_years': 0.0}",0.0,0.0,1
140327,"{'market_cap_large': 0.0, 'market_cap_mid': 0.0, 'market_cap_others': 100.0, 'market_cap_small': 0.0}",0.0,"{'avg_maturity_days': 0.0, 'avg_maturity_months': 0.0, 'avg_maturity_years': 0.0}","{'modified_maturity_days': 0.0, 'modified_maturity_months': 0.0, 'modified_maturity_years': 0.0}",0.0,0.0,1
152287,"{'market_cap_large': 0.0, 'market_cap_mid': 0.0, 'market_cap_others': 100.0, 'market_cap_small': 0.0}",0.0,"{'avg_maturity_days': 0.0, 'avg_maturity_months': 0.0, 'avg_maturity_years': 0.0}","{'modified_maturity_days': 0.0, 'modified_maturity_months': 0.0, 'modified_maturity_years': 0.0}",0.0,0.1398,1
149847,"{'market_cap_large': 0.0, 'market_cap_mid': 0.0, 'market_cap_others': 100.0, 'market_cap_small': 0.0}",0.0,"{'avg_maturity_days': 0.0, 'avg_maturity_months': 0.0, 'avg_maturity_years': 0.0}","{'modified_maturity_days': 0.0, 'modified_maturity_months': 0.0, 'modified_maturity_years': 0.0}",0.0,0.0,1
148614,"{'market_cap_large': 0.0, 'market_cap_mid': 0.0, 'market_cap_others': 100.0, 'market_cap_small': 0.0}",0.0,"{'avg_maturity_days': 0.0, 'avg_maturity_months': 0.0, 'avg_maturity_years': 0.0}","{'modified_maturity_days': 0.0, 'modified_maturity_months': 0.0, 'modified_maturity_years': 0.0}",0.0,0.0,1
146513,"{'market_cap_large': 0.0, 'market_cap_mid': 0.0, 'market_cap_others': 100.0, 'market_cap_small': 0.0}",0.0,"{'avg_maturity_days': 0.0, 'avg_maturity_months': 0.0, 'avg_maturity_years': 0.0}","{'modified_maturity_days': 0.0, 'modified_maturity_months': 0.0, 'modified_maturity_years': 0.0}",0.0,0.0,1
148699,"{'market_cap_large': 0.0, 'market_cap_mid': 0.0, 'market_cap_others': 100.0, 'market_cap_small': 0.0}",0.0,"{'avg_maturity_days': 0.0, 'avg_maturity_months': 0.0, 'avg_maturity_years': 0.0}","{'modified_maturity_days': 0.0, 'modified_maturity_months': 0.0, 'modified_maturity_years': 0.0}",0.0,0.0,1
138456,"{'market_cap_large': 0.0, 'market_cap_mid': 0.0, 'market_cap_others': 100.0, 'market_cap_small': 0.0}",0.0,"{'avg_maturity_days': 0.0, 'avg_maturity_months': 0.0, 'avg_maturity_years': 0.0}","{'modified_maturity_days': 0.0, 'modified_maturity_months': 0.0, 'modified_maturity_years': 0.0}",0.0,0.04,1
149230,"{'market_cap_large': 0.0, 'market_cap_mid': 0.0, 'market_cap_others': 100.0, 'market_cap_small': 0.0}",0.0,"{'avg_maturity_days': 0.0, 'avg_maturity_months': 0.0, 'avg_maturity_years': 0.0}","{'modified_maturity_days': 0.0, 'modified_maturity_months': 0.0, 'modified_maturity_years': 0.0}",0.0,0.0,1
148737,"{'market_cap_large': 0.0, 'market_cap_mid': 0.0, 'market_cap_others': 100.0, 'market_cap_small': 0.0}",0.0,"{'avg_maturity_days': 0.0, 'avg_maturity_months': 0.0, 'avg_maturity_years': 0.0}","{'modified_maturity_days': 0.0, 'modified_maturity_months': 0.0, 'modified_maturity_years': 0.0}",0.0,0.0,1
119279,"{'market_cap_large': 0.0, 'market_cap_mid': 0.0, 'market_cap_others': 100.0, 'market_cap_small': 0.0}",0.0,"{'avg_maturity_days': 0.0, 'avg_maturity_months': 0.0, 'avg_maturity_years': 0.0}","{'modified_maturity_days': 0.0, 'modified_maturity_months': 0.0, 'modified_maturity_years': 0.0}",0.0,0.51,1
120531,"{'market_cap_large': 0.0, 'market_cap_mid': 0.0, 'market_cap_others': 100.0, 'market_cap_small': 0.0}",0.0,"{'avg_maturity_days': 0.0, 'avg_maturity_months': 0.0, 'avg_maturity_years': 0.0}","{'modified_maturity_days': 0.0, 'modified_maturity_months': 0.0, 'modified_maturity_years': 0.0}",0.0,0.0,1
153011,"{'market_cap_large': 0.0, 'market_cap_mid': 0.0, 'market_cap_others': 100.0, 'market_cap_small': 0.0}",0.0,"{'avg_maturity_days': 0.0, 'avg_maturity_months': 0.0, 'avg_maturity_years': 0.0}","{'modified_maturity_days': 0.0, 'modified_maturity_months': 0.0, 'modified_maturity_years': 0.0}",0.0,0.0,1
120473,"{'market_cap_large': 0.0, 'market_cap_mid': 0.0, 'market_cap_others': 100.0, 'market_cap_small': 0.0}",0.0,"{'avg_maturity_days': 0.0, 'avg_maturity_months': 0.0, 'avg_maturity_years': 0.0}","{'modified_maturity_days': 0.0, 'modified_maturity_months': 0.0, 'modified_maturity_years': 0.0}",0.0,0.0,1
140296,"{'market_cap_large': 0.0, 'market_cap_mid': 0.0, 'market_cap_others': 100.0, 'market_cap_small': 0.0}",0.0,"{'avg_maturity_days': 0.0, 'avg_maturity_months': 0.0, 'avg_maturity_years': 0.0}","{'modified_maturity_days': 0.0, 'modified_maturity_months': 0.0, 'modified_maturity_years': 0.0}",0.0,0.0,1
149760,"{'market_cap_large': 0.0, 'market_cap_mid': 0.0, 'market_cap_others': 100.0, 'market_cap_small': 0.0}",0.0,"{'avg_maturity_days': 0.0, 'avg_maturity_months': 0.0, 'avg_maturity_years': 0.0}","{'modified_maturity_days': 0.0, 'modified_maturity_months': 0.0, 'modified_maturity_years': 0.0}",0.0,0.0,1
146062,"{'market_cap_large': 0.0, 'market_cap_mid': 0.0, 'market_cap_others': 100.0, 'market_cap_small': 0.0}",6.08,"{'avg_maturity_days': 3.65, 'avg_maturity_months': 0.12, 'avg_maturity_years': 0.01}","{'modified_maturity_days': 0.0, 'modified_maturity_months': 0.0, 'modified_maturity_years': 0.0}",0.0,0.0,1
152645,"{'market_cap_large': 0.0, 'market_cap_mid': 0.0, 'market_cap_others': 100.0, 'market_cap_small': 0.0}",0.0,"{'avg_maturity_days': 0.0, 'avg_maturity_months': 0.0, 'avg_maturity_years': 0.0}","{'modified_maturity_days': 0.0, 'modified_maturity_months': 0.0, 'modified_maturity_years': 0.0}",0.0,0.0,1
120702,"{'market_cap_large': 0.0, 'market_cap_mid': 0.0, 'market_cap_others': 100.0, 'market_cap_small': 0.0}",7.58,"{'avg_maturity_days': 0.0, 'avg_maturity_months': 0.0, 'avg_maturity_years': 0.0}","{'modified_maturity_days': 0.0, 'modified_maturity_months': 0.0, 'modified_maturity_years': 0.0}",0.0,0.0,1
149329,"{'market_cap_large': 0.0, 'market_cap_mid': 0.0, 'market_cap_others': 100.0, 'market_cap_small': 0.0}",0.0,"{'avg_maturity_days': 0.0, 'avg_maturity_months': 0.0, 'avg_maturity_years': 0.0}","{'modified_maturity_days': 0.0, 'modified_maturity_months': 0.0, 'modified_maturity_years': 0.0}",0.0,1.3,1
132183,"{'market_cap_large': 0.0, 'market_cap_mid': 0.0, 'market_cap_others': 100.0, 'market_cap_small': 0.0}",0.0,"{'avg_maturity_days': 0.0, 'avg_maturity_months': 0.0, 'avg_maturity_years': 0.0}","{'modified_maturity_days': 0.0, 'modified_maturity_months': 0.0, 'modified_maturity_years': 0.0}",0.0,0.0,1
149961,"{'market_cap_large': 0.0, 'market_cap_mid': 0.0, 'market_cap_others': 100.0, 'market_cap_small': 0.0}",0.0,"{'avg_maturity_days': 0.0, 'avg_maturity_months': 0.0, 'avg_maturity_years': 0.0}","{'modified_maturity_days': 0.0, 'modified_maturity_months': 0.0, 'modified_maturity_years': 0.0}",0.0,0.0,1
120546,"{'market_cap_large': 0.0, 'market_cap_mid': 0.0, 'market_cap_others': 100.0, 'market_cap_small': 0.0}",0.0,"{'avg_maturity_days': 0.0, 'avg_maturity_months': 0.0, 'avg_maturity_years': 0.0}","{'modified_maturity_days': 0.0, 'modified_maturity_months': 0.0, 'modified_maturity_years': 0.0}",0.0,0.0,1
119275,"{'market_cap_large': 0.0, 'market_cap_mid': 0.0, 'market_cap_others': 100.0, 'market_cap_small': 0.0}",0.0,"{'avg_maturity_days': 0.0, 'avg_maturity_months': 0.0, 'avg_maturity_years': 0.0}","{'modified_maturity_days': 0.0, 'modified_maturity_months': 0.0, 'modified_maturity_years': 0.0}",0.0,0.49,1
120700,"{'market_cap_large': 0.0, 'market_cap_mid': 0.0, 'market_cap_others': 100.0, 'market_cap_small': 0.0}",0.0,"{'avg_maturity_days': 0.0, 'avg_maturity_months': 0.0, 'avg_maturity_years': 0.0}","{'modified_maturity_days': 0.0, 'modified_maturity_months': 0.0, 'modified_maturity_years': 0.0}",0.0,0.43,1
117608,"{'market_cap_large': 0.0, 'market_cap_mid': 0.0, 'market_cap_others': 100.0, 'market_cap_small': 0.0}",0.0,"{'avg_maturity_days': 0.0, 'avg_maturity_months': 0.0, 'avg_maturity_years': 0.0}","{'modified_maturity_days': 0.0, 'modified_maturity_months': 0.0, 'modified_maturity_years': 0.0}",0.0,0.2852,1
153380,"{'market_cap_large': 0.0, 'market_cap_mid': 0.0, 'market_cap_others': 100.0, 'market_cap_small': 0.0}",0.0,"{'avg_maturity_days': 0.0, 'avg_maturity_months': 0.0, 'avg_maturity_years': 0.0}","{'modified_maturity_days': 0.0, 'modified_maturity_months': 0.0, 'modified_maturity_years': 0.0}",0.0,0.0,1
153007,"{'market_cap_large': 0.0, 'market_cap_mid': 0.0, 'market_cap_others': 100.0, 'market_cap_small': 0.0}",0.0,"{'avg_maturity_days': 0.0, 'avg_maturity_months': 0.0, 'avg_maturity_years': 0.0}","{'modified_maturity_days': 0.0, 'modified_maturity_months': 0.0, 'modified_maturity_years': 0.0}",0.0,0.0,1
120458,"{'market_cap_large': 0.0, 'market_cap_mid': 0.0, 'market_cap_others': 100.0, 'market_cap_small': 0.0}",3.37,"{'avg_maturity_days': 134.612, 'avg_maturity_months': 4.4256, 'avg_maturity_years': 0.3688}","{'modified_maturity_days': 0.0, 'modified_maturity_months': 0.0, 'modified_maturity_years': 0.0}",0.0,0.0,1
120186,"{'market_cap_large': 0.0, 'market_cap_mid': 0.0, 'market_cap_others': 100.0, 'market_cap_small': 0.0}",0.0,"{'avg_maturity_days': 0.0, 'avg_maturity_months': 0.0, 'avg_maturity_years': 0.0}","{'modified_maturity_days': 0.0, 'modified_maturity_months': 0.0, 'modified_maturity_years': 0.0}",0.0,0.69,1
149455,"{'market_cap_large': 0.0, 'market_cap_mid': 0.0, 'market_cap_others': 100.0, 'market_cap_small': 0.0}",0.0,"{'avg_maturity_days': 0.0, 'avg_maturity_months': 0.0, 'avg_maturity_years': 0.0}","{'modified_maturity_days': 0.0, 'modified_maturity_months': 0.0, 'modified_maturity_years': 0.0}",0.0,0.0,1
153385,"{'market_cap_large': 0.0, 'market_cap_mid': 0.0, 'market_cap_others': 100.0, 'market_cap_small': 0.0}",0.0,"{'avg_maturity_days': 0.0, 'avg_maturity_months': 0.0, 'avg_maturity_years': 0.0}","{'modified_maturity_days': 0.0, 'modified_maturity_months': 0.0, 'modified_maturity_years': 0.0}",0.0,0.0,1
149291,"{'market_cap_large': 0.0, 'market_cap_mid': 0.0, 'market_cap_others': 100.0, 'market_cap_small': 0.0}",0.0,"{'avg_maturity_days': 0.0, 'avg_maturity_months': 0.0, 'avg_maturity_years': 0.0}","{'modified_maturity_days': 0.0, 'modified_maturity_months': 0.0, 'modified_maturity_years': 0.0}",0.0,0.0,1
150344,"{'market_cap_large': 0.0, 'market_cap_mid': 0.0, 'market_cap_others': 100.0, 'market_cap_small': 0.0}",0.0,"{'avg_maturity_days': 0.0, 'avg_maturity_months': 0.0, 'avg_maturity_years': 0.0}","{'modified_maturity_days': 0.0, 'modified_maturity_months': 0.0, 'modified_maturity_years': 0.0}",0.0,0.0,1
140256,"{'market_cap_large': 0.0, 'market_cap_mid': 0.0, 'market_cap_others': 100.0, 'market_cap_small': 0.0}",0.0,"{'avg_maturity_days': 0.0, 'avg_maturity_months': 0.0, 'avg_maturity_years': 0.0}","{'modified_maturity_days': 0.0, 'modified_maturity_months': 0.0, 'modified_maturity_years': 0.0}",0.0,0.0,1
145552,"{'market_cap_large': 0.0, 'market_cap_mid': 0.0, 'market_cap_others': 100.0, 'market_cap_small': 0.0}",0.0,"{'avg_maturity_days': 0.0, 'avg_maturity_months': 0.0, 'avg_maturity_years': 0.0}","{'modified_maturity_days': 0.0, 'modified_maturity_months': 0.0, 'modified_maturity_years': 0.0}",0.0,0.0,1
120043,"{'market_cap_large': 0.0, 'market_cap_mid': 0.0, 'market_cap_others': 100.0, 'market_cap_small': 0.0}",0.0,"{'avg_maturity_days': 0.0, 'avg_maturity_months': 0.0, 'avg_maturity_years': 0.0}","{'modified_maturity_days': 0.0, 'modified_maturity_months': 0.0, 'modified_maturity_years': 0.0}",0.0,0.04,1
148063,"{'market_cap_large': 0.0, 'market_cap_mid': 0.0, 'market_cap_others': 100.0, 'market_cap_small': 0.0}",0.0,"{'avg_maturity_days': 0.0, 'avg_maturity_months': 0.0, 'avg_maturity_years': 0.0}","{'modified_maturity_days': 0.0, 'modified_maturity_months': 0.0, 'modified_maturity_years': 0.0}",0.0,0.0,1
151731,"{'market_cap_large': 0.0, 'market_cap_mid': 0.0, 'market_cap_others': 100.0, 'market_cap_small': 0.0}",0.0,"{'avg_maturity_days': 0.0, 'avg_maturity_months': 0.0, 'avg_maturity_years': 0.0}","{'modified_maturity_days': 0.0, 'modified_maturity_months': 0.0, 'modified_maturity_years': 0.0}",0.0,0.0,1
118554,"{'market_cap_large': 0.0, 'market_cap_mid': 0.0, 'market_cap_others': 100.0, 'market_cap_small': 0.0}",0.0,"{'avg_maturity_days': 0.0, 'avg_maturity_months': 0.0, 'avg_maturity_years': 0.0}","{'modified_maturity_days': 0.0, 'modified_maturity_months': 0.0, 'modified_maturity_years': 0.0}",0.0,0.0,1
153447,"{'market_cap_large': 0.0, 'market_cap_mid': 0.0, 'market_cap_others': 100.0, 'market_cap_small': 0.0}",0.0,"{'avg_maturity_days': 0.0, 'avg_maturity_months': 0.0, 'avg_maturity_years': 0.0}","{'modified_maturity_days': 0.0, 'modified_maturity_months': 0.0, 'modified_maturity_years': 0.0}",0.0,0.0,1
112039,"{'market_cap_large': 0.0, 'market_cap_mid': 0.0, 'market_cap_others': 100.0, 'market_cap_small': 0.0}",0.0,"{'avg_maturity_days': 0.0, 'avg_maturity_months': 0.0, 'avg_maturity_years': 0.0}","{'modified_maturity_days': 0.0, 'modified_maturity_months': 0.0, 'modified_maturity_years': 0.0}",0.0,0.0843,1
152925,"{'market_cap_large': 0.0, 'market_cap_mid': 0.0, 'market_cap_others': 100.0, 'market_cap_small': 0.0}",0.0,"{'avg_maturity_days': 0.0, 'avg_maturity_months': 0.0, 'avg_maturity_years': 0.0}","{'modified_maturity_days': 0.0, 'modified_maturity_months': 0.0, 'modified_maturity_years': 0.0}",0.0,0.03,1
149830,"{'market_cap_large': 0.0, 'market_cap_mid': 0.0, 'market_cap_others': 100.0, 'market_cap_small': 0.0}",0.0,"{'avg_maturity_days': 0.0, 'avg_maturity_months': 0.0, 'avg_maturity_years': 0.0}","{'modified_maturity_days': 0.0, 'modified_maturity_months': 0.0, 'modified_maturity_years': 0.0}",0.0,0.0,1
153192,"{'market_cap_large': 0.0, 'market_cap_mid': 0.0, 'market_cap_others': 100.0, 'market_cap_small': 0.0}",0.0,"{'avg_maturity_days': 0.0, 'avg_maturity_months': 0.0, 'avg_maturity_years': 0.0}","{'modified_maturity_days': 0.0, 'modified_maturity_months': 0.0, 'modified_maturity_years': 0.0}",0.0,0.0,1
149059,"{'market_cap_large': 0.0, 'market_cap_mid': 0.0, 'market_cap_others': 100.0, 'market_cap_small': 0.0}",0.0,"{'avg_maturity_days': 0.0, 'avg_maturity_months': 0.0, 'avg_maturity_years': 0.0}","{'modified_maturity_days': 0.0, 'modified_maturity_months': 0.0, 'modified_maturity_years': 0.0}",0.0,0.0195,1
151974,"{'market_cap_large': 0.0, 'market_cap_mid': 0.0, 'market_cap_others': 100.0, 'market_cap_small': 0.0}",0.0,"{'avg_maturity_days': 0.0, 'avg_maturity_months': 0.0, 'avg_maturity_years': 0.0}","{'modified_maturity_days': 0.0, 'modified_maturity_months': 0.0, 'modified_maturity_years': 0.0}",0.0,0.0,1
147648,"{'market_cap_large': 0.0, 'market_cap_mid': 0.0, 'market_cap_others': 100.0, 'market_cap_small': 0.0}",0.0,"{'avg_maturity_days': 0.0, 'avg_maturity_months': 0.0, 'avg_maturity_years': 0.0}","{'modified_maturity_days': 0.0, 'modified_maturity_months': 0.0, 'modified_maturity_years': 0.0}",0.0,0.0,1
119517,"{'market_cap_large': 0.0, 'market_cap_mid': 0.0, 'market_cap_others': 100.0, 'market_cap_small': 0.0}",0.0,"{'avg_maturity_days': 0.0, 'avg_maturity_months': 0.0, 'avg_maturity_years': 0.0}","{'modified_maturity_days': 0.0, 'modified_maturity_months': 0.0, 'modified_maturity_years': 0.0}",0.0,0.55,1
148750,"{'market_cap_large': 0.0, 'market_cap_mid': 0.0, 'market_cap_others': 100.0, 'market_cap_small': 0.0}",0.0,"{'avg_maturity_days': 0.0, 'avg_maturity_months': 0.0, 'avg_maturity_years': 0.0}","{'modified_maturity_days': 0.0, 'modified_maturity_months': 0.0, 'modified_maturity_years': 0.0}",0.0,0.0,1
120471,"{'market_cap_large': 0.0, 'market_cap_mid': 0.0, 'market_cap_others': 100.0, 'market_cap_small': 0.0}",4.61,"{'avg_maturity_days': 1063.2085, 'avg_maturity_months': 34.9548, 'avg_maturity_years': 2.9129}","{'modified_maturity_days': 0.0, 'modified_maturity_months': 0.0, 'modified_maturity_years': 0.0}",0.0,0.0,1
138528,"{'market_cap_large': 0.0, 'market_cap_mid': 0.0, 'market_cap_others': 100.0, 'market_cap_small': 0.0}",0.0,"{'avg_maturity_days': 0.0, 'avg_maturity_months': 0.0, 'avg_maturity_years': 0.0}","{'modified_maturity_days': 0.0, 'modified_maturity_months': 0.0, 'modified_maturity_years': 0.0}",0.0,0.05,1
131865,"{'market_cap_large': 0.0, 'market_cap_mid': 0.0, 'market_cap_others': 100.0, 'market_cap_small': 0.0}",0.0,"{'avg_maturity_days': 0.0, 'avg_maturity_months': 0.0, 'avg_maturity_years': 0.0}","{'modified_maturity_days': 0.0, 'modified_maturity_months': 0.0, 'modified_maturity_years': 0.0}",0.0,0.0,1
120242,"{'market_cap_large': 0.0, 'market_cap_mid': 0.0, 'market_cap_others': 100.0, 'market_cap_small': 0.0}",0.0,"{'avg_maturity_days': 0.0, 'avg_maturity_months': 0.0, 'avg_maturity_years': 0.0}","{'modified_maturity_days': 0.0, 'modified_maturity_months': 0.0, 'modified_maturity_years': 0.0}",0.0,0.08,1
120313,"{'market_cap_large': 0.0, 'market_cap_mid': 0.0, 'market_cap_others': 100.0, 'market_cap_small': 0.0}",0.0,"{'avg_maturity_days': 83.95, 'avg_maturity_months': 2.76, 'avg_maturity_years': 0.23}","{'modified_maturity_days': 0.0, 'modified_maturity_months': 0.0, 'modified_maturity_years': 0.0}",0.0,0.0,1
132140,"{'market_cap_large': 0.0, 'market_cap_mid': 0.0, 'market_cap_others': 100.0, 'market_cap_small': 0.0}",0.0,"{'avg_maturity_days': 0.0, 'avg_maturity_months': 0.0, 'avg_maturity_years': 0.0}","{'modified_maturity_days': 0.0, 'modified_maturity_months': 0.0, 'modified_maturity_years': 0.0}",0.0,0.002,1
151548,"{'market_cap_large': 0.0, 'market_cap_mid': 0.0, 'market_cap_others': 100.0, 'market_cap_small': 0.0}",0.0,"{'avg_maturity_days': 0.0, 'avg_maturity_months': 0.0, 'avg_maturity_years': 0.0}","{'modified_maturity_days': 0.0, 'modified_maturity_months': 0.0, 'modified_maturity_years': 0.0}",0.0,0.0,1
153436,"{'market_cap_large': 0.0, 'market_cap_mid': 0.0, 'market_cap_others': 100.0, 'market_cap_small': 0.0}",0.0,"{'avg_maturity_days': 0.0, 'avg_maturity_months': 0.0, 'avg_maturity_years': 0.0}","{'modified_maturity_days': 0.0, 'modified_maturity_months': 0.0, 'modified_maturity_years': 0.0}",0.0,0.0,1
119779,"{'market_cap_large': 0.0, 'market_cap_mid': 0.0, 'market_cap_others': 100.0, 'market_cap_small': 0.0}",0.0,"{'avg_maturity_days': 0.0, 'avg_maturity_months': 0.0, 'avg_maturity_years': 0.0}","{'modified_maturity_days': 0.0, 'modified_maturity_months': 0.0, 'modified_maturity_years': 0.0}",0.0,0.0308,1
149098,"{'market_cap_large': 0.0, 'market_cap_mid': 0.0, 'market_cap_others': 100.0, 'market_cap_small': 0.0}",0.0,"{'avg_maturity_days': 0.0, 'avg_maturity_months': 0.0, 'avg_maturity_years': 0.0}","{'modified_maturity_days': 0.0, 'modified_maturity_months': 0.0, 'modified_maturity_years': 0.0}",0.0,0.0,1
118495,"{'market_cap_large': 0.0, 'market_cap_mid': 0.0, 'market_cap_others': 100.0, 'market_cap_small': 0.0}",0.0,"{'avg_maturity_days': 0.0, 'avg_maturity_months': 0.0, 'avg_maturity_years': 0.0}","{'modified_maturity_days': 0.0, 'modified_maturity_months': 0.0, 'modified_maturity_years': 0.0}",0.0,0.0,1
152459,"{'market_cap_large': 0.0, 'market_cap_mid': 0.0, 'market_cap_others': 100.0, 'market_cap_small': 0.0}",0.0,"{'avg_maturity_days': 0.0, 'avg_maturity_months': 0.0, 'avg_maturity_years': 0.0}","{'modified_maturity_days': 0.0, 'modified_maturity_months': 0.0, 'modified_maturity_years': 0.0}",0.0,0.0,1
119781,"{'market_cap_large': 0.0, 'market_cap_mid': 0.0, 'market_cap_others': 100.0, 'market_cap_small': 0.0}",0.0,"{'avg_maturity_days': 0.0, 'avg_maturity_months': 0.0, 'avg_maturity_years': 0.0}","{'modified_maturity_days': 0.0, 'modified_maturity_months': 0.0, 'modified_maturity_years': 0.0}",0.0,0.0051,1
119132,"{'market_cap_large': 0.0, 'market_cap_mid': 0.0, 'market_cap_others': 100.0, 'market_cap_small': 0.0}",0.0,"{'avg_maturity_days': 0.0, 'avg_maturity_months': 0.0, 'avg_maturity_years': 0.0}","{'modified_maturity_days': 0.0, 'modified_maturity_months': 0.0, 'modified_maturity_years': 0.0}",0.0,0.0,1
150737,"{'market_cap_large': 0.0, 'market_cap_mid': 0.0, 'market_cap_others': 100.0, 'market_cap_small': 0.0}",0.0,"{'avg_maturity_days': 0.0, 'avg_maturity_months': 0.0, 'avg_maturity_years': 0.0}","{'modified_maturity_days': 0.0, 'modified_maturity_months': 0.0, 'modified_maturity_years': 0.0}",0.0,0.0,1
153442,"{'market_cap_large': 0.0, 'market_cap_mid': 0.0, 'market_cap_others': 100.0, 'market_cap_small': 0.0}",0.0,"{'avg_maturity_days': 0.9855, 'avg_maturity_months': 0.0324, 'avg_maturity_years': 0.0027}","{'modified_maturity_days': 0.0, 'modified_maturity_months': 0.0, 'modified_maturity_years': 0.0}",0.0,0.0,1
149243,"{'market_cap_large': 0.0, 'market_cap_mid': 0.0, 'market_cap_others': 100.0, 'market_cap_small': 0.0}",0.0,"{'avg_maturity_days': 0.0, 'avg_maturity_months': 0.0, 'avg_maturity_years': 0.0}","{'modified_maturity_days': 0.0, 'modified_maturity_months': 0.0, 'modified_maturity_years': 0.0}",0.0,0.0,1
132186,"{'market_cap_large': 0.0, 'market_cap_mid': 0.0, 'market_cap_others': 100.0, 'market_cap_small': 0.0}",0.0,"{'avg_maturity_days': 0.0, 'avg_maturity_months': 0.0, 'avg_maturity_years': 0.0}","{'modified_maturity_days': 0.0, 'modified_maturity_months': 0.0, 'modified_maturity_years': 0.0}",0.0,0.0,1
149910,"{'market_cap_large': 0.0, 'market_cap_mid': 0.0, 'market_cap_others': 100.0, 'market_cap_small': 0.0}",0.0,"{'avg_maturity_days': 0.0, 'avg_maturity_months': 0.0, 'avg_maturity_years': 0.0}","{'modified_maturity_days': 0.0, 'modified_maturity_months': 0.0, 'modified_maturity_years': 0.0}",0.0,0.0,1
119362,"{'market_cap_large': 0.0, 'market_cap_mid': 0.0, 'market_cap_others': 100.0, 'market_cap_small': 0.0}",0.0,"{'avg_maturity_days': 0.0, 'avg_maturity_months': 0.0, 'avg_maturity_years': 0.0}","{'modified_maturity_days': 0.0, 'modified_maturity_months': 0.0, 'modified_maturity_years': 0.0}",0.0,0.0,1
150595,"{'market_cap_large': 0.0, 'market_cap_mid': 0.0, 'market_cap_others': 100.0, 'market_cap_small': 0.0}",0.0,"{'avg_maturity_days': 0.0, 'avg_maturity_months': 0.0, 'avg_maturity_years': 0.0}","{'modified_maturity_days': 0.0, 'modified_maturity_months': 0.0, 'modified_maturity_years': 0.0}",0.0,0.0,1
152718,"{'market_cap_large': 0.0, 'market_cap_mid': 0.0, 'market_cap_others': 100.0, 'market_cap_small': 0.0}",0.0,"{'avg_maturity_days': 0.0, 'avg_maturity_months': 0.0, 'avg_maturity_years': 0.0}","{'modified_maturity_days': 0.0, 'modified_maturity_months': 0.0, 'modified_maturity_years': 0.0}",0.0,0.0,1
148646,"{'market_cap_large': 0.0, 'market_cap_mid': 0.0, 'market_cap_others': 100.0, 'market_cap_small': 0.0}",0.0,"{'avg_maturity_days': 0.0, 'avg_maturity_months': 0.0, 'avg_maturity_years': 0.0}","{'modified_maturity_days': 0.0, 'modified_maturity_months': 0.0, 'modified_maturity_years': 0.0}",0.0,0.046,1
119252,"{'market_cap_large': 0.0, 'market_cap_mid': 0.0, 'market_cap_others': 100.0, 'market_cap_small': 0.0}",0.0,"{'avg_maturity_days': 0.0, 'avg_maturity_months': 0.0, 'avg_maturity_years': 0.0}","{'modified_maturity_days': 0.0, 'modified_maturity_months': 0.0, 'modified_maturity_years': 0.0}",0.0,0.0,1
153340,"{'market_cap_large': 0.0, 'market_cap_mid': 0.0, 'market_cap_others': 100.0, 'market_cap_small': 0.0}",0.0,"{'avg_maturity_days': 0.0, 'avg_maturity_months': 0.0, 'avg_maturity_years': 0.0}","{'modified_maturity_days': 0.0, 'modified_maturity_months': 0.0, 'modified_maturity_years': 0.0}",0.0,0.0,1
148822,"{'market_cap_large': 0.0, 'market_cap_mid': 0.0, 'market_cap_others': 100.0, 'market_cap_small': 0.0}",0.0,"{'avg_maturity_days': 0.0, 'avg_maturity_months': 0.0, 'avg_maturity_years': 0.0}","{'modified_maturity_days': 0.0, 'modified_maturity_months': 0.0, 'modified_maturity_years': 0.0}",0.0,0.0,1
150615,"{'market_cap_large': 0.0, 'market_cap_mid': 0.0, 'market_cap_others': 100.0, 'market_cap_small': 0.0}",0.0,"{'avg_maturity_days': 0.0, 'avg_maturity_months': 0.0, 'avg_maturity_years': 0.0}","{'modified_maturity_days': 0.0, 'modified_maturity_months': 0.0, 'modified_maturity_years': 0.0}",0.0,0.0,1
125345,"{'market_cap_large': 0.0, 'market_cap_mid': 0.0, 'market_cap_others': 100.0, 'market_cap_small': 0.0}",6.4133,"{'avg_maturity_days': 54.896, 'avg_maturity_months': 1.8048, 'avg_maturity_years': 0.1504}","{'modified_maturity_days': 0.0, 'modified_maturity_months': 0.0, 'modified_maturity_years': 0.0}",0.0,0.0,1
152293,"{'market_cap_large': 0.0, 'market_cap_mid': 0.0, 'market_cap_others': 100.0, 'market_cap_small': 0.0}",0.0,"{'avg_maturity_days': 0.0, 'avg_maturity_months': 0.0, 'avg_maturity_years': 0.0}","{'modified_maturity_days': 0.0, 'modified_maturity_months': 0.0, 'modified_maturity_years': 0.0}",0.0,0.0876,1
150822,"{'market_cap_large': 0.0, 'market_cap_mid': 0.0, 'market_cap_others': 100.0, 'market_cap_small': 0.0}",6.46,"{'avg_maturity_days': 0.0, 'avg_maturity_months': 0.0, 'avg_maturity_years': 0.0}","{'modified_maturity_days': 0.0, 'modified_maturity_months': 0.0, 'modified_maturity_years': 0.0}",0.0,0.0,1
122715,"{'market_cap_large': 0.0, 'market_cap_mid': 0.0, 'market_cap_others': 100.0, 'market_cap_small': 0.0}",7.0039,"{'avg_maturity_days': 2363.0465, 'avg_maturity_months': 77.6892, 'avg_maturity_years': 6.4741}","{'modified_maturity_days': 0.0, 'modified_maturity_months': 0.0, 'modified_maturity_years': 0.0}",0.0,0.0,1
132185,"{'market_cap_large': 0.0, 'market_cap_mid': 0.0, 'market_cap_others': 100.0, 'market_cap_small': 0.0}",0.0,"{'avg_maturity_days': 0.0, 'avg_maturity_months': 0.0, 'avg_maturity_years': 0.0}","{'modified_maturity_days': 0.0, 'modified_maturity_months': 0.0, 'modified_maturity_years': 0.0}",0.0,0.0,1
149790,"{'market_cap_large': 0.0, 'market_cap_mid': 0.0, 'market_cap_others': 100.0, 'market_cap_small': 0.0}",0.0,"{'avg_maturity_days': 0.0, 'avg_maturity_months': 0.0, 'avg_maturity_years': 0.0}","{'modified_maturity_days': 0.0, 'modified_maturity_months': 0.0, 'modified_maturity_years': 0.0}",0.0,0.0,1
150597,"{'market_cap_large': 0.0, 'market_cap_mid': 0.0, 'market_cap_others': 100.0, 'market_cap_small': 0.0}",0.0,"{'avg_maturity_days': 0.0, 'avg_maturity_months': 0.0, 'avg_maturity_years': 0.0}","{'modified_maturity_days': 0.0, 'modified_maturity_months': 0.0, 'modified_maturity_years': 0.0}",0.0,0.0,1
150642,"{'market_cap_large': 0.0, 'market_cap_mid': 0.0, 'market_cap_others': 100.0, 'market_cap_small': 0.0}",0.0,"{'avg_maturity_days': 0.0, 'avg_maturity_months': 0.0, 'avg_maturity_years': 0.0}","{'modified_maturity_days': 0.0, 'modified_maturity_months': 0.0, 'modified_maturity_years': 0.0}",0.0,0.0,1
149775,"{'market_cap_large': 0.0, 'market_cap_mid': 0.0, 'market_cap_others': 100.0, 'market_cap_small': 0.0}",0.0,"{'avg_maturity_days': 0.0, 'avg_maturity_months': 0.0, 'avg_maturity_years': 0.0}","{'modified_maturity_days': 0.0, 'modified_maturity_months': 0.0, 'modified_maturity_years': 0.0}",0.0,0.0,1
152735,"{'market_cap_large': 0.0, 'market_cap_mid': 0.0, 'market_cap_others': 100.0, 'market_cap_small': 0.0}",0.0,"{'avg_maturity_days': 0.0, 'avg_maturity_months': 0.0, 'avg_maturity_years': 0.0}","{'modified_maturity_days': 0.0, 'modified_maturity_months': 0.0, 'modified_maturity_years': 0.0}",0.0,0.0,1
149331,"{'market_cap_large': 0.0, 'market_cap_mid': 0.0, 'market_cap_others': 100.0, 'market_cap_small': 0.0}",0.0,"{'avg_maturity_days': 0.0, 'avg_maturity_months': 0.0, 'avg_maturity_years': 0.0}","{'modified_maturity_days': 0.0, 'modified_maturity_months': 0.0, 'modified_maturity_years': 0.0}",0.0,0.0,1
118343,"{'market_cap_large': 0.0, 'market_cap_mid': 0.0, 'market_cap_others': 100.0, 'market_cap_small': 0.0}",0.0,"{'avg_maturity_days': 0.0, 'avg_maturity_months': 0.0, 'avg_maturity_years': 0.0}","{'modified_maturity_days': 0.0, 'modified_maturity_months': 0.0, 'modified_maturity_years': 0.0}",0.0,0.0,1
149298,"{'market_cap_large': 0.0, 'market_cap_mid': 0.0, 'market_cap_others': 100.0, 'market_cap_small': 0.0}",0.0,"{'avg_maturity_days': 0.0, 'avg_maturity_months': 0.0, 'avg_maturity_years': 0.0}","{'modified_maturity_days': 0.0, 'modified_maturity_months': 0.0, 'modified_maturity_years': 0.0}",0.0,0.01,1
129440,"{'market_cap_large': 0.0, 'market_cap_mid': 0.0, 'market_cap_others': 100.0, 'market_cap_small': 0.0}",0.0,"{'avg_maturity_days': 0.0, 'avg_maturity_months': 0.0, 'avg_maturity_years': 0.0}","{'modified_maturity_days': 0.0, 'modified_maturity_months': 0.0, 'modified_maturity_years': 0.0}",0.0,0.0498,1
149170,"{'market_cap_large': 0.0, 'market_cap_mid': 0.0, 'market_cap_others': 100.0, 'market_cap_small': 0.0}",0.0,"{'avg_maturity_days': 0.0, 'avg_maturity_months': 0.0, 'avg_maturity_years': 0.0}","{'modified_maturity_days': 0.0, 'modified_maturity_months': 0.0, 'modified_maturity_years': 0.0}",0.0,0.0,1
134923,"{'market_cap_large': 0.0, 'market_cap_mid': 0.0, 'market_cap_others': 100.0, 'market_cap_small': 0.0}",0.0,"{'avg_maturity_days': 0.0, 'avg_maturity_months': 0.0, 'avg_maturity_years': 0.0}","{'modified_maturity_days': 0.0, 'modified_maturity_months': 0.0, 'modified_maturity_years': 0.0}",0.0,0.18,1
133714,"{'market_cap_large': 0.0, 'market_cap_mid': 0.0, 'market_cap_others': 100.0, 'market_cap_small': 0.0}",0.0,"{'avg_maturity_days': 0.0, 'avg_maturity_months': 0.0, 'avg_maturity_years': 0.0}","{'modified_maturity_days': 0.0, 'modified_maturity_months': 0.0, 'modified_maturity_years': 0.0}",0.0,0.0,1
151603,"{'market_cap_large': 0.0, 'market_cap_mid': 0.0, 'market_cap_others': 100.0, 'market_cap_small': 0.0}",0.0,"{'avg_maturity_days': 0.0, 'avg_maturity_months': 0.0, 'avg_maturity_years': 0.0}","{'modified_maturity_days': 0.0, 'modified_maturity_months': 0.0, 'modified_maturity_years': 0.0}",0.0,0.2084,1
152090,"{'market_cap_large': 0.0, 'market_cap_mid': 0.0, 'market_cap_others': 100.0, 'market_cap_small': 0.0}",0.0,"{'avg_maturity_days': 0.0, 'avg_maturity_months': 0.0, 'avg_maturity_years': 0.0}","{'modified_maturity_days': 0.0, 'modified_maturity_months': 0.0, 'modified_maturity_years': 0.0}",0.0,0.0,1
149381,"{'market_cap_large': 0.0, 'market_cap_mid': 0.0, 'market_cap_others': 100.0, 'market_cap_small': 0.0}",0.0,"{'avg_maturity_days': 0.0, 'avg_maturity_months': 0.0, 'avg_maturity_years': 0.0}","{'modified_maturity_days': 0.0, 'modified_maturity_months': 0.0, 'modified_maturity_years': 0.0}",0.0,0.0,1
118551,"{'market_cap_large': 0.0, 'market_cap_mid': 0.0, 'market_cap_others': 100.0, 'market_cap_small': 0.0}",0.0,"{'avg_maturity_days': 0.0, 'avg_maturity_months': 0.0, 'avg_maturity_years': 0.0}","{'modified_maturity_days': 0.0, 'modified_maturity_months': 0.0, 'modified_maturity_years': 0.0}",0.0,0.0401,1
140274,"{'market_cap_large': 0.0, 'market_cap_mid': 0.0, 'market_cap_others': 100.0, 'market_cap_small': 0.0}",0.0,"{'avg_maturity_days': 0.0, 'avg_maturity_months': 0.0, 'avg_maturity_years': 0.0}","{'modified_maturity_days': 0.0, 'modified_maturity_months': 0.0, 'modified_maturity_years': 0.0}",0.0,0.0,1
150285,"{'market_cap_large': 0.0, 'market_cap_mid': 0.0, 'market_cap_others': 100.0, 'market_cap_small': 0.0}",0.0,"{'avg_maturity_days': 0.0, 'avg_maturity_months': 0.0, 'avg_maturity_years': 0.0}","{'modified_maturity_days': 0.0, 'modified_maturity_months': 0.0, 'modified_maturity_years': 0.0}",0.0,0.39,1
150581,"{'market_cap_large': 0.0, 'market_cap_mid': 0.0, 'market_cap_others': 100.0, 'market_cap_small': 0.0}",0.0,"{'avg_maturity_days': 0.0, 'avg_maturity_months': 0.0, 'avg_maturity_years': 0.0}","{'modified_maturity_days': 0.0, 'modified_maturity_months': 0.0, 'modified_maturity_years': 0.0}",0.0,0.0,1
152980,"{'market_cap_large': 0.0, 'market_cap_mid': 0.0, 'market_cap_others': 100.0, 'market_cap_small': 0.0}",0.0,"{'avg_maturity_days': 0.0, 'avg_maturity_months': 0.0, 'avg_maturity_years': 0.0}","{'modified_maturity_days': 0.0, 'modified_maturity_months': 0.0, 'modified_maturity_years': 0.0}",0.0,0.0,1
118663,"{'market_cap_large': 0.0, 'market_cap_mid': 0.0, 'market_cap_others': 100.0, 'market_cap_small': 0.0}",0.0,"{'avg_maturity_days': 0.0, 'avg_maturity_months': 0.0, 'avg_maturity_years': 0.0}","{'modified_maturity_days': 0.0, 'modified_maturity_months': 0.0, 'modified_maturity_years': 0.0}",0.0,0.93,1
119777,"{'market_cap_large': 0.0, 'market_cap_mid': 0.0, 'market_cap_others': 100.0, 'market_cap_small': 0.0}",0.0,"{'avg_maturity_days': 0.0, 'avg_maturity_months': 0.0, 'avg_maturity_years': 0.0}","{'modified_maturity_days': 0.0, 'modified_maturity_months': 0.0, 'modified_maturity_years': 0.0}",0.0,0.4043,1
129188,"{'market_cap_large': 0.0, 'market_cap_mid': 0.0, 'market_cap_others': 100.0, 'market_cap_small': 0.0}",0.0,"{'avg_maturity_days': 0.0, 'avg_maturity_months': 0.0, 'avg_maturity_years': 0.0}","{'modified_maturity_days': 0.0, 'modified_maturity_months': 0.0, 'modified_maturity_years': 0.0}",0.0,0.0,1
148500,"{'market_cap_large': 0.0, 'market_cap_mid': 0.0, 'market_cap_others': 100.0, 'market_cap_small': 0.0}",0.0,"{'avg_maturity_days': 0.0, 'avg_maturity_months': 0.0, 'avg_maturity_years': 0.0}","{'modified_maturity_days': 0.0, 'modified_maturity_months': 0.0, 'modified_maturity_years': 0.0}",0.0,0.0,1
148666,"{'market_cap_large': 0.0, 'market_cap_mid': 0.0, 'market_cap_others': 100.0, 'market_cap_small': 0.0}",0.0,"{'avg_maturity_days': 0.0, 'avg_maturity_months': 0.0, 'avg_maturity_years': 0.0}","{'modified_maturity_days': 0.0, 'modified_maturity_months': 0.0, 'modified_maturity_years': 0.0}",0.0,0.36,1
153394,"{'market_cap_large': 0.0, 'market_cap_mid': 0.0, 'market_cap_others': 100.0, 'market_cap_small': 0.0}",0.0,"{'avg_maturity_days': 0.0, 'avg_maturity_months': 0.0, 'avg_maturity_years': 0.0}","{'modified_maturity_days': 0.0, 'modified_maturity_months': 0.0, 'modified_maturity_years': 0.0}",0.0,0.0,1
130860,"{'market_cap_large': 0.0, 'market_cap_mid': 0.0, 'market_cap_others': 100.0, 'market_cap_small': 0.0}",0.0,"{'avg_maturity_days': 0.0, 'avg_maturity_months': 0.0, 'avg_maturity_years': 0.0}","{'modified_maturity_days': 0.0, 'modified_maturity_months': 0.0, 'modified_maturity_years': 0.0}",0.0,0.33,1
149158,"{'market_cap_large': 0.0, 'market_cap_mid': 0.0, 'market_cap_others': 100.0, 'market_cap_small': 0.0}",0.0,"{'avg_maturity_days': 0.0, 'avg_maturity_months': 0.0, 'avg_maturity_years': 0.0}","{'modified_maturity_days': 0.0, 'modified_maturity_months': 0.0, 'modified_maturity_years': 0.0}",0.0,0.43,1
119602,"{'market_cap_large': 0.0, 'market_cap_mid': 0.0, 'market_cap_others': 100.0, 'market_cap_small': 0.0}",0.0,"{'avg_maturity_days': 0.0, 'avg_maturity_months': 0.0, 'avg_maturity_years': 0.0}","{'modified_maturity_days': 0.0, 'modified_maturity_months': 0.0, 'modified_maturity_years': 0.0}",0.0,0.0,1
126353,"{'market_cap_large': 0.0, 'market_cap_mid': 0.0, 'market_cap_others': 100.0, 'market_cap_small': 0.0}",0.0,"{'avg_maturity_days': 0.0, 'avg_maturity_months': 0.0, 'avg_maturity_years': 0.0}","{'modified_maturity_days': 0.0, 'modified_maturity_months': 0.0, 'modified_maturity_years': 0.0}",0.0,0.0,1
153328,"{'market_cap_large': 0.0, 'market_cap_mid': 0.0, 'market_cap_others': 100.0, 'market_cap_small': 0.0}",0.0,"{'avg_maturity_days': 0.0, 'avg_maturity_months': 0.0, 'avg_maturity_years': 0.0}","{'modified_maturity_days': 0.0, 'modified_maturity_months': 0.0, 'modified_maturity_years': 0.0}",0.0,1.46,1
148381,"{'market_cap_large': 0.0, 'market_cap_mid': 0.0, 'market_cap_others': 100.0, 'market_cap_small': 0.0}",0.0,"{'avg_maturity_days': 0.0, 'avg_maturity_months': 0.0, 'avg_maturity_years': 0.0}","{'modified_maturity_days': 0.0, 'modified_maturity_months': 0.0, 'modified_maturity_years': 0.0}",0.0,0.04,1
147951,"{'market_cap_large': 0.0, 'market_cap_mid': 0.0, 'market_cap_others': 100.0, 'market_cap_small': 0.0}",6.21,"{'avg_maturity_days': 1.0, 'avg_maturity_months': 0.0333, 'avg_maturity_years': 0.0027}","{'modified_maturity_days': 1.0, 'modified_maturity_months': 0.0333, 'modified_maturity_years': 0.0027}",0.0,0.0,1
119833,"{'market_cap_large': 0.0, 'market_cap_mid': 0.0, 'market_cap_others': 100.0, 'market_cap_small': 0.0}",6.0,"{'avg_maturity_days': 1.0, 'avg_maturity_months': 0.0333, 'avg_maturity_years': 0.0027}","{'modified_maturity_days': 1.0, 'modified_maturity_months': 0.0333, 'modified_maturity_years': 0.0027}",0.0,0.0,1
152152,"{'market_cap_large': 0.0, 'market_cap_mid': 0.0, 'market_cap_others': 100.0, 'market_cap_small': 0.0}",5.96,"{'avg_maturity_days': 1.0, 'avg_maturity_months': 0.0333, 'avg_maturity_years': 0.0027}","{'modified_maturity_days': 1.0, 'modified_maturity_months': 0.0333, 'modified_maturity_years': 0.0027}",0.0,0.0,1
145810,"{'market_cap_large': 0.0, 'market_cap_mid': 0.0, 'market_cap_others': 100.0, 'market_cap_small': 0.0}",6.12,"{'avg_maturity_days': 3.0, 'avg_maturity_months': 0.1, 'avg_maturity_years': 0.0082}","{'modified_maturity_days': 1.0, 'modified_maturity_months': 0.0333, 'modified_maturity_years': 0.0027}",0.0,0.0,1
147606,"{'market_cap_large': 0.0, 'market_cap_mid': 0.0, 'market_cap_others': 100.0, 'market_cap_small': 0.0}",6.13,"{'avg_maturity_days': 1.0, 'avg_maturity_months': 0.0333, 'avg_maturity_years': 0.0027}","{'modified_maturity_days': 1.0, 'modified_maturity_months': 0.0333, 'modified_maturity_years': 0.0027}",0.0,0.0,1
145536,"{'market_cap_large': 0.0, 'market_cap_mid': 0.0, 'market_cap_others': 100.0, 'market_cap_small': 0.0}",6.21,"{'avg_maturity_days': 2.53, 'avg_maturity_months': 0.0843, 'avg_maturity_years': 0.0069}","{'modified_maturity_days': 1.45, 'modified_maturity_months': 0.0483, 'modified_maturity_years': 0.004}",0.0,0.0,1
147837,"{'market_cap_large': 0.0, 'market_cap_mid': 0.0, 'market_cap_others': 100.0, 'market_cap_small': 0.0}",6.0,"{'avg_maturity_days': 2.01, 'avg_maturity_months': 0.067, 'avg_maturity_years': 0.0055}","{'modified_maturity_days': 1.9, 'modified_maturity_months': 0.0633, 'modified_maturity_years': 0.0052}",0.0,0.0,1
147450,"{'market_cap_large': 0.0, 'market_cap_mid': 0.0, 'market_cap_others': 100.0, 'market_cap_small': 0.0}",6.14,"{'avg_maturity_days': 1.98, 'avg_maturity_months': 0.066, 'avg_maturity_years': 0.0054}","{'modified_maturity_days': 1.98, 'modified_maturity_months': 0.066, 'modified_maturity_years': 0.0054}",0.0,0.0,1
150369,"{'market_cap_large': 0.0, 'market_cap_mid': 0.0, 'market_cap_others': 100.0, 'market_cap_small': 0.0}",5.96,"{'avg_maturity_days': 2.0, 'avg_maturity_months': 0.0667, 'avg_maturity_years': 0.0055}","{'modified_maturity_days': 2.0, 'modified_maturity_months': 0.0667, 'modified_maturity_years': 0.0055}",0.0,0.0,1
147214,"{'market_cap_large': 0.0, 'market_cap_mid': 0.0, 'market_cap_others': 100.0, 'market_cap_small': 0.0}",6.04,"{'avg_maturity_days': 2.0, 'avg_maturity_months': 0.0667, 'avg_maturity_years': 0.0055}","{'modified_maturity_days': 2.0, 'modified_maturity_months': 0.0667, 'modified_maturity_years': 0.0055}",0.0,0.0,1
147570,"{'market_cap_large': 0.0, 'market_cap_mid': 0.0, 'market_cap_others': 100.0, 'market_cap_small': 0.0}",6.81,"{'avg_maturity_days': 2.0, 'avg_maturity_months': 0.0667, 'avg_maturity_years': 0.0055}","{'modified_maturity_days': 2.0, 'modified_maturity_months': 0.0667, 'modified_maturity_years': 0.0055}",0.0,0.0,1
150631,"{'market_cap_large': 0.0, 'market_cap_mid': 0.0, 'market_cap_others': 100.0, 'market_cap_small': 0.0}",5.9,"{'avg_maturity_days': 2.0, 'avg_maturity_months': 0.0667, 'avg_maturity_years': 0.0055}","{'modified_maturity_days': 2.0, 'modified_maturity_months': 0.0667, 'modified_maturity_years': 0.0055}",0.0,0.0,1
146980,"{'market_cap_large': 0.0, 'market_cap_mid': 0.0, 'market_cap_others': 100.0, 'market_cap_small': 0.0}",6.1,"{'avg_maturity_days': 2.0, 'avg_maturity_months': 0.0667, 'avg_maturity_years': 0.0055}","{'modified_maturity_days': 2.0, 'modified_maturity_months': 0.0667, 'modified_maturity_years': 0.0055}",0.0,0.0,1
147713,"{'market_cap_large': 0.0, 'market_cap_mid': 0.0, 'market_cap_others': 100.0, 'market_cap_small': 0.0}",5.96,"{'avg_maturity_days': 2.0, 'avg_maturity_months': 0.0667, 'avg_maturity_years': 0.0055}","{'modified_maturity_days': 2.0, 'modified_maturity_months': 0.0667, 'modified_maturity_years': 0.0055}",0.0,0.0,1
147883,"{'market_cap_large': 0.0, 'market_cap_mid': 0.0, 'market_cap_others': 100.0, 'market_cap_small': 0.0}",5.96,"{'avg_maturity_days': 3.0, 'avg_maturity_months': 0.1, 'avg_maturity_years': 0.0082}","{'modified_maturity_days': 2.0, 'modified_maturity_months': 0.0667, 'modified_maturity_years': 0.0055}",0.0,0.0,1
151190,"{'market_cap_large': 0.0, 'market_cap_mid': 0.0, 'market_cap_others': 100.0, 'market_cap_small': 0.0}",5.82,"{'avg_maturity_days': 2.0, 'avg_maturity_months': 0.0667, 'avg_maturity_years': 0.0055}","{'modified_maturity_days': 2.0, 'modified_maturity_months': 0.0667, 'modified_maturity_years': 0.0055}",0.0,0.0,1
146141,"{'market_cap_large': 0.0, 'market_cap_mid': 0.0, 'market_cap_others': 100.0, 'market_cap_small': 0.0}",6.1,"{'avg_maturity_days': 2.19, 'avg_maturity_months': 0.073, 'avg_maturity_years': 0.006}","{'modified_maturity_days': 2.08, 'modified_maturity_months': 0.0693, 'modified_maturity_years': 0.0057}",0.0,0.0,1
151849,"{'market_cap_large': 0.0, 'market_cap_mid': 0.0, 'market_cap_others': 100.0, 'market_cap_small': 0.0}",6.1,"{'avg_maturity_days': 2.36, 'avg_maturity_months': 0.0787, 'avg_maturity_years': 0.0065}","{'modified_maturity_days': 2.23, 'modified_maturity_months': 0.0743, 'modified_maturity_years': 0.0061}",0.0,0.0,1
147003,"{'market_cap_large': 0.0, 'market_cap_mid': 0.0, 'market_cap_others': 100.0, 'market_cap_small': 0.0}",6.15,"{'avg_maturity_days': 2.41, 'avg_maturity_months': 0.0803, 'avg_maturity_years': 0.0066}","{'modified_maturity_days': 2.27, 'modified_maturity_months': 0.0757, 'modified_maturity_years': 0.0062}",0.0,0.0,1
147515,"{'market_cap_large': 0.0, 'market_cap_mid': 0.0, 'market_cap_others': 100.0, 'market_cap_small': 0.0}",6.1,"{'avg_maturity_days': 2.31, 'avg_maturity_months': 0.077, 'avg_maturity_years': 0.0063}","{'modified_maturity_days': 2.31, 'modified_maturity_months': 0.077, 'modified_maturity_years': 0.0063}",0.0,0.0,1
119110,"{'market_cap_large': 0.0, 'market_cap_mid': 0.0, 'market_cap_others': 100.0, 'market_cap_small': 0.0}",5.97,"{'avg_maturity_days': 2.39, 'avg_maturity_months': 0.0797, 'avg_maturity_years': 0.0065}","{'modified_maturity_days': 2.33, 'modified_maturity_months': 0.0777, 'modified_maturity_years': 0.0064}",0.0,0.0,1
150562,"{'market_cap_large': 0.0, 'market_cap_mid': 0.0, 'market_cap_others': 100.0, 'market_cap_small': 0.0}",5.93,"{'avg_maturity_days': 2.7, 'avg_maturity_months': 0.09, 'avg_maturity_years': 0.0074}","{'modified_maturity_days': 2.5, 'modified_maturity_months': 0.0833, 'modified_maturity_years': 0.0068}",0.0,0.0,1
147287,"{'market_cap_large': 0.0, 'market_cap_mid': 0.0, 'market_cap_others': 100.0, 'market_cap_small': 0.0}",6.05,"{'avg_maturity_days': 2.74, 'avg_maturity_months': 0.0913, 'avg_maturity_years': 0.0075}","{'modified_maturity_days': 2.74, 'modified_maturity_months': 0.0913, 'modified_maturity_years': 0.0075}",0.0,0.0,1
146675,"{'market_cap_large': 0.0, 'market_cap_mid': 0.0, 'market_cap_others': 100.0, 'market_cap_small': 0.0}",6.1,"{'avg_maturity_days': 3.0, 'avg_maturity_months': 0.1, 'avg_maturity_years': 0.0082}","{'modified_maturity_days': 3.0, 'modified_maturity_months': 0.1, 'modified_maturity_years': 0.0082}",0.0,0.0,1
147196,"{'market_cap_large': 0.0, 'market_cap_mid': 0.0, 'market_cap_others': 100.0, 'market_cap_small': 0.0}",6.08,"{'avg_maturity_days': 3.0, 'avg_maturity_months': 0.1, 'avg_maturity_years': 0.0082}","{'modified_maturity_days': 3.0, 'modified_maturity_months': 0.1, 'modified_maturity_years': 0.0082}",0.0,0.0,1
146191,"{'market_cap_large': 0.0, 'market_cap_mid': 0.0, 'market_cap_others': 100.0, 'market_cap_small': 0.0}",6.03,"{'avg_maturity_days': 3.0, 'avg_maturity_months': 0.1, 'avg_maturity_years': 0.0082}","{'modified_maturity_days': 3.0, 'modified_maturity_months': 0.1, 'modified_maturity_years': 0.0082}",0.0,0.0,1
149797,"{'market_cap_large': 0.0, 'market_cap_mid': 0.0, 'market_cap_others': 100.0, 'market_cap_small': 0.0}",5.94,"{'avg_maturity_days': 3.0, 'avg_maturity_months': 0.1, 'avg_maturity_years': 0.0082}","{'modified_maturity_days': 3.0, 'modified_maturity_months': 0.1, 'modified_maturity_years': 0.0082}",0.0,0.0,1
120785,"{'market_cap_large': 0.0, 'market_cap_mid': 0.0, 'market_cap_others': 100.0, 'market_cap_small': 0.0}",5.97,"{'avg_maturity_days': 3.0, 'avg_maturity_months': 0.1, 'avg_maturity_years': 0.0082}","{'modified_maturity_days': 3.0, 'modified_maturity_months': 0.1, 'modified_maturity_years': 0.0082}",0.0,0.0,1
145486,"{'market_cap_large': 0.0, 'market_cap_mid': 0.0, 'market_cap_others': 100.0, 'market_cap_small': 0.0}",6.05,"{'avg_maturity_days': 3.65, 'avg_maturity_months': 0.12, 'avg_maturity_years': 0.01}","{'modified_maturity_days': 3.65, 'modified_maturity_months': 0.12, 'modified_maturity_years': 0.01}",0.0,0.0,1
147564,"{'market_cap_large': 0.0, 'market_cap_mid': 0.0, 'market_cap_others': 100.0, 'market_cap_small': 0.0}",6.12,"{'avg_maturity_days': 2.49, 'avg_maturity_months': 0.083, 'avg_maturity_years': 0.0068}","{'modified_maturity_days': 3.65, 'modified_maturity_months': 0.12, 'modified_maturity_years': 0.01}",0.0,0.0,1
147736,"{'market_cap_large': 0.0, 'market_cap_mid': 0.0, 'market_cap_others': 100.0, 'market_cap_small': 0.0}",6.09,"{'avg_maturity_days': 2.76, 'avg_maturity_months': 0.092, 'avg_maturity_years': 0.0076}","{'modified_maturity_days': 3.65, 'modified_maturity_months': 0.12, 'modified_maturity_years': 0.01}",0.0,0.0,1
147531,"{'market_cap_large': 0.0, 'market_cap_mid': 0.0, 'market_cap_others': 100.0, 'market_cap_small': 0.0}",5.97,"{'avg_maturity_days': 3.65, 'avg_maturity_months': 0.12, 'avg_maturity_years': 0.01}","{'modified_maturity_days': 3.65, 'modified_maturity_months': 0.12, 'modified_maturity_years': 0.01}",0.0,0.0,1
120685,"{'market_cap_large': 0.0, 'market_cap_mid': 0.0, 'market_cap_others': 100.0, 'market_cap_small': 0.0}",7.58,"{'avg_maturity_days': 7.3, 'avg_maturity_months': 0.24, 'avg_maturity_years': 0.02}","{'modified_maturity_days': 7.3, 'modified_maturity_months': 0.24, 'modified_maturity_years': 0.02}",0.0,0.0,1
119468,"{'market_cap_large': 0.0, 'market_cap_mid': 0.0, 'market_cap_others': 100.0, 'market_cap_small': 0.0}",3.35,"{'avg_maturity_days': 13.0, 'avg_maturity_months': 0.4333, 'avg_maturity_years': 0.0356}","{'modified_maturity_days': 12.0, 'modified_maturity_months': 0.4, 'modified_maturity_years': 0.0329}",0.0,0.0,1
153035,"{'market_cap_large': 0.0, 'market_cap_mid': 0.0, 'market_cap_others': 100.0, 'market_cap_small': 0.0}",6.29,"{'avg_maturity_days': 27.2, 'avg_maturity_months': 0.9067, 'avg_maturity_years': 0.0745}","{'modified_maturity_days': 25.55, 'modified_maturity_months': 0.84, 'modified_maturity_years': 0.07}",0.0,0.0,1
118345,"{'market_cap_large': 0.0, 'market_cap_mid': 0.0, 'market_cap_others': 100.0, 'market_cap_small': 0.0}",6.74,"{'avg_maturity_days': 27.0, 'avg_maturity_months': 0.9, 'avg_maturity_years': 0.074}","{'modified_maturity_days': 27.0, 'modified_maturity_months': 0.9, 'modified_maturity_years': 0.074}",0.0,0.0,1
140333,"{'market_cap_large': 0.0, 'market_cap_mid': 0.0, 'market_cap_others': 100.0, 'market_cap_small': 0.0}",3.53,"{'avg_maturity_days': 32.85, 'avg_maturity_months': 1.08, 'avg_maturity_years': 0.09}","{'modified_maturity_days': 29.2, 'modified_maturity_months': 0.96, 'modified_maturity_years': 0.08}",0.0,0.0,1
119164,"{'market_cap_large': 0.0, 'market_cap_mid': 0.0, 'market_cap_others': 100.0, 'market_cap_small': 0.0}",6.22,"{'avg_maturity_days': 29.2, 'avg_maturity_months': 0.96, 'avg_maturity_years': 0.08}","{'modified_maturity_days': 29.2, 'modified_maturity_months': 0.96, 'modified_maturity_years': 0.08}",0.0,0.0,1
147157,"{'market_cap_large': 0.0, 'market_cap_mid': 0.0, 'market_cap_others': 100.0, 'market_cap_small': 0.0}",6.4,"{'avg_maturity_days': 32.0, 'avg_maturity_months': 1.0667, 'avg_maturity_years': 0.0876}","{'modified_maturity_days': 31.0, 'modified_maturity_months': 1.0333, 'modified_maturity_years': 0.0849}",0.0,0.0,1
119686,"{'market_cap_large': 0.0, 'market_cap_mid': 0.0, 'market_cap_others': 100.0, 'market_cap_small': 0.0}",3.5,"{'avg_maturity_days': 32.85, 'avg_maturity_months': 1.08, 'avg_maturity_years': 0.09}","{'modified_maturity_days': 32.85, 'modified_maturity_months': 1.08, 'modified_maturity_years': 0.09}",0.0,0.0,1
118364,"{'market_cap_large': 0.0, 'market_cap_mid': 0.0, 'market_cap_others': 100.0, 'market_cap_small': 0.0}",6.47,"{'avg_maturity_days': 34.0, 'avg_maturity_months': 1.1333, 'avg_maturity_years': 0.0931}","{'modified_maturity_days': 34.0, 'modified_maturity_months': 1.1333, 'modified_maturity_years': 0.0931}",0.0,0.0,1
145971,"{'market_cap_large': 0.0, 'market_cap_mid': 0.0, 'market_cap_others': 100.0, 'market_cap_small': 0.0}",6.44,"{'avg_maturity_days': 40.15, 'avg_maturity_months': 1.32, 'avg_maturity_years': 0.11}","{'modified_maturity_days': 36.5, 'modified_maturity_months': 1.2, 'modified_maturity_years': 0.1}",0.0,0.0,1
145834,"{'market_cap_large': 0.0, 'market_cap_mid': 0.0, 'market_cap_others': 100.0, 'market_cap_small': 0.0}",6.33,"{'avg_maturity_days': 40.15, 'avg_maturity_months': 1.32, 'avg_maturity_years': 0.11}","{'modified_maturity_days': 36.5, 'modified_maturity_months': 1.2, 'modified_maturity_years': 0.1}",0.0,0.0,1
119766,"{'market_cap_large': 0.0, 'market_cap_mid': 0.0, 'market_cap_others': 100.0, 'market_cap_small': 0.0}",6.55,"{'avg_maturity_days': 36.5, 'avg_maturity_months': 1.2, 'avg_maturity_years': 0.1}","{'modified_maturity_days': 36.5, 'modified_maturity_months': 1.2, 'modified_maturity_years': 0.1}",0.0,0.0,1
152549,"{'market_cap_large': 0.0, 'market_cap_mid': 0.0, 'market_cap_others': 100.0, 'market_cap_small': 0.0}",6.52,"{'avg_maturity_days': 36.5, 'avg_maturity_months': 1.2, 'avg_maturity_years': 0.1}","{'modified_maturity_days': 36.5, 'modified_maturity_months': 1.2, 'modified_maturity_years': 0.1}",0.0,0.0,1
119125,"{'market_cap_large': 0.0, 'market_cap_mid': 0.0, 'market_cap_others': 100.0, 'market_cap_small': 0.0}",6.51,"{'avg_maturity_days': 40.15, 'avg_maturity_months': 1.32, 'avg_maturity_years': 0.11}","{'modified_maturity_days': 36.5, 'modified_maturity_months': 1.2, 'modified_maturity_years': 0.1}",0.0,0.0,1
147851,"{'market_cap_large': 0.0, 'market_cap_mid': 0.0, 'market_cap_others': 100.0, 'market_cap_small': 0.0}",7.6,"{'avg_maturity_days': 36.5, 'avg_maturity_months': 1.2, 'avg_maturity_years': 0.1}","{'modified_maturity_days': 36.5, 'modified_maturity_months': 1.2, 'modified_maturity_years': 0.1}",0.0,0.0,1
119861,"{'market_cap_large': 0.0, 'market_cap_mid': 0.0, 'market_cap_others': 100.0, 'market_cap_small': 0.0}",6.54,"{'avg_maturity_days': 38.0, 'avg_maturity_months': 1.2667, 'avg_maturity_years': 0.1041}","{'modified_maturity_days': 38.0, 'modified_maturity_months': 1.2667, 'modified_maturity_years': 0.1041}",0.0,0.0,1
119415,"{'market_cap_large': 0.0, 'market_cap_mid': 0.0, 'market_cap_others': 100.0, 'market_cap_small': 0.0}",6.5,"{'avg_maturity_days': 38.0, 'avg_maturity_months': 1.2667, 'avg_maturity_years': 0.1041}","{'modified_maturity_days': 38.0, 'modified_maturity_months': 1.2667, 'modified_maturity_years': 0.1041}",0.0,0.0,1
120249,"{'market_cap_large': 0.0, 'market_cap_mid': 0.0, 'market_cap_others': 100.0, 'market_cap_small': 0.0}",6.46,"{'avg_maturity_days': 39.0, 'avg_maturity_months': 1.3, 'avg_maturity_years': 0.1068}","{'modified_maturity_days': 39.0, 'modified_maturity_months': 1.3, 'modified_maturity_years': 0.1068}",0.0,0.0,1
120406,"{'market_cap_large': 0.0, 'market_cap_mid': 0.0, 'market_cap_others': 100.0, 'market_cap_small': 0.0}",6.46,"{'avg_maturity_days': 43.8, 'avg_maturity_months': 1.44, 'avg_maturity_years': 0.12}","{'modified_maturity_days': 40.15, 'modified_maturity_months': 1.32, 'modified_maturity_years': 0.11}",0.0,0.0,1
118305,"{'market_cap_large': 0.0, 'market_cap_mid': 0.0, 'market_cap_others': 100.0, 'market_cap_small': 0.0}",6.46,"{'avg_maturity_days': 43.8, 'avg_maturity_months': 1.44, 'avg_maturity_years': 0.12}","{'modified_maturity_days': 40.15, 'modified_maturity_months': 1.32, 'modified_maturity_years': 0.11}",0.0,0.0,1
149664,"{'market_cap_large': 0.0, 'market_cap_mid': 0.0, 'market_cap_others': 100.0, 'market_cap_small': 0.0}",6.54,"{'avg_maturity_days': 40.15, 'avg_maturity_months': 1.32, 'avg_maturity_years': 0.11}","{'modified_maturity_days': 40.15, 'modified_maturity_months': 1.32, 'modified_maturity_years': 0.11}",0.0,0.0,1
120837,"{'market_cap_large': 0.0, 'market_cap_mid': 0.0, 'market_cap_others': 100.0, 'market_cap_small': 0.0}",6.62,"{'avg_maturity_days': 43.0, 'avg_maturity_months': 1.4333, 'avg_maturity_years': 0.1178}","{'modified_maturity_days': 41.0, 'modified_maturity_months': 1.3667, 'modified_maturity_years': 0.1123}",0.0,0.0,1
151833,"{'market_cap_large': 0.0, 'market_cap_mid': 0.0, 'market_cap_others': 100.0, 'market_cap_small': 0.0}",6.49,"{'avg_maturity_days': 43.77, 'avg_maturity_months': 1.459, 'avg_maturity_years': 0.1199}","{'modified_maturity_days': 41.04, 'modified_maturity_months': 1.368, 'modified_maturity_years': 0.1124}",0.0,0.0,1
143269,"{'market_cap_large': 0.0, 'market_cap_mid': 0.0, 'market_cap_others': 100.0, 'market_cap_small': 0.0}",6.35,"{'avg_maturity_days': 44.66, 'avg_maturity_months': 1.4887, 'avg_maturity_years': 0.1223}","{'modified_maturity_days': 41.0625, 'modified_maturity_months': 1.35, 'modified_maturity_years': 0.1125}",0.0,0.0,1
120197,"{'market_cap_large': 0.0, 'market_cap_mid': 0.0, 'market_cap_others': 100.0, 'market_cap_small': 0.0}",6.55,"{'avg_maturity_days': 45.62, 'avg_maturity_months': 1.5207, 'avg_maturity_years': 0.125}","{'modified_maturity_days': 41.84, 'modified_maturity_months': 1.3947, 'modified_maturity_years': 0.1146}",0.0,0.0,1
120389,"{'market_cap_large': 0.0, 'market_cap_mid': 0.0, 'market_cap_others': 100.0, 'market_cap_small': 0.0}",6.53,"{'avg_maturity_days': 45.0, 'avg_maturity_months': 1.5, 'avg_maturity_years': 0.1233}","{'modified_maturity_days': 42.0, 'modified_maturity_months': 1.4, 'modified_maturity_years': 0.115}",0.0,0.0,1
103734,"{'market_cap_large': 0.0, 'market_cap_mid': 0.0, 'market_cap_others': 100.0, 'market_cap_small': 0.0}",6.25,"{'avg_maturity_days': 46.0, 'avg_maturity_months': 1.5333, 'avg_maturity_years': 0.126}","{'modified_maturity_days': 43.0, 'modified_maturity_months': 1.4333, 'modified_maturity_years': 0.1178}",0.0,0.0,1
118859,"{'market_cap_large': 0.0, 'market_cap_mid': 0.0, 'market_cap_others': 100.0, 'market_cap_small': 0.0}",6.42,"{'avg_maturity_days': 48.24, 'avg_maturity_months': 1.608, 'avg_maturity_years': 0.1321}","{'modified_maturity_days': 43.8, 'modified_maturity_months': 1.44, 'modified_maturity_years': 0.12}",0.0,0.0,1
119800,"{'market_cap_large': 0.0, 'market_cap_mid': 0.0, 'market_cap_others': 100.0, 'market_cap_small': 0.0}",6.54,"{'avg_maturity_days': 47.45, 'avg_maturity_months': 1.56, 'avg_maturity_years': 0.13}","{'modified_maturity_days': 43.8, 'modified_maturity_months': 1.44, 'modified_maturity_years': 0.12}",0.0,0.0,1
119568,"{'market_cap_large': 0.0, 'market_cap_mid': 0.0, 'market_cap_others': 100.0, 'market_cap_small': 0.0}",6.59,"{'avg_maturity_days': 43.8, 'avg_maturity_months': 1.44, 'avg_maturity_years': 0.12}","{'modified_maturity_days': 43.8, 'modified_maturity_months': 1.44, 'modified_maturity_years': 0.12}",0.0,0.0,1
120304,"{'market_cap_large': 0.0, 'market_cap_mid': 0.0, 'market_cap_others': 100.0, 'market_cap_small': 0.0}",6.5,"{'avg_maturity_days': 45.0, 'avg_maturity_months': 1.5, 'avg_maturity_years': 0.1233}","{'modified_maturity_days': 45.0, 'modified_maturity_months': 1.5, 'modified_maturity_years': 0.1233}",0.0,0.0,1
119303,"{'market_cap_large': 0.0, 'market_cap_mid': 0.0, 'market_cap_others': 100.0, 'market_cap_small': 0.0}",6.48,"{'avg_maturity_days': 47.0, 'avg_maturity_months': 1.5667, 'avg_maturity_years': 0.1287}","{'modified_maturity_days': 45.0, 'modified_maturity_months': 1.5, 'modified_maturity_years': 0.1233}",0.0,0.0,1
120537,"{'market_cap_large': 0.0, 'market_cap_mid': 0.0, 'market_cap_others': 100.0, 'market_cap_small': 0.0}",6.45,"{'avg_maturity_days': 45.0, 'avg_maturity_months': 1.5, 'avg_maturity_years': 0.1233}","{'modified_maturity_days': 45.0, 'modified_maturity_months': 1.5, 'modified_maturity_years': 0.1233}",0.0,0.0,1
138299,"{'market_cap_large': 0.0, 'market_cap_mid': 0.0, 'market_cap_others': 100.0, 'market_cap_small': 0.0}",6.48,"{'avg_maturity_days': 46.8, 'avg_maturity_months': 1.56, 'avg_maturity_years': 0.13}","{'modified_maturity_days': 45.0, 'modified_maturity_months': 1.5, 'modified_maturity_years': 0.125}",0.0,0.0,1
120038,"{'market_cap_large': 0.0, 'market_cap_mid': 0.0, 'market_cap_others': 100.0, 'market_cap_small': 0.0}",6.48,"{'avg_maturity_days': 48.36, 'avg_maturity_months': 1.612, 'avg_maturity_years': 0.1325}","{'modified_maturity_days': 45.62, 'modified_maturity_months': 1.5207, 'modified_maturity_years': 0.125}",0.0,0.0,1
119091,"{'market_cap_large': 0.0, 'market_cap_mid': 0.0, 'market_cap_others': 100.0, 'market_cap_small': 0.0}",6.5,"{'avg_maturity_days': 49.94, 'avg_maturity_months': 1.6647, 'avg_maturity_years': 0.1368}","{'modified_maturity_days': 45.91, 'modified_maturity_months': 1.5303, 'modified_maturity_years': 0.1257}",0.0,0.0,1
118577,"{'market_cap_large': 0.0, 'market_cap_mid': 0.0, 'market_cap_others': 100.0, 'market_cap_small': 0.0}",6.5,"{'avg_maturity_days': 51.1, 'avg_maturity_months': 1.68, 'avg_maturity_years': 0.14}","{'modified_maturity_days': 47.45, 'modified_maturity_months': 1.56, 'modified_maturity_years': 0.13}",0.0,0.0,1
139538,"{'market_cap_large': 0.0, 'market_cap_mid': 0.0, 'market_cap_others': 100.0, 'market_cap_small': 0.0}",6.58,"{'avg_maturity_days': 49.15, 'avg_maturity_months': 1.6383, 'avg_maturity_years': 0.1346}","{'modified_maturity_days': 47.45, 'modified_maturity_months': 1.56, 'modified_maturity_years': 0.13}",0.0,0.0,1
118701,"{'market_cap_large': 0.0, 'market_cap_mid': 0.0, 'market_cap_others': 100.0, 'market_cap_small': 0.0}",6.59,"{'avg_maturity_days': 51.0, 'avg_maturity_months': 1.7, 'avg_maturity_years': 0.1397}","{'modified_maturity_days': 48.0, 'modified_maturity_months': 1.6, 'modified_maturity_years': 0.1315}",0.0,0.0,1
119135,"{'market_cap_large': 0.0, 'market_cap_mid': 0.0, 'market_cap_others': 100.0, 'market_cap_small': 0.0}",6.42,"{'avg_maturity_days': 49.44, 'avg_maturity_months': 1.648, 'avg_maturity_years': 0.1354}","{'modified_maturity_days': 49.0, 'modified_maturity_months': 1.6333, 'modified_maturity_years': 0.1342}",0.0,0.0,1
148841,"{'market_cap_large': 0.0, 'market_cap_mid': 0.0, 'market_cap_others': 100.0, 'market_cap_small': 0.0}",6.41,"{'avg_maturity_days': 52.0, 'avg_maturity_months': 1.7333, 'avg_maturity_years': 0.1424}","{'modified_maturity_days': 49.0, 'modified_maturity_months': 1.6333, 'modified_maturity_years': 0.1342}",0.0,0.0,1
140196,"{'market_cap_large': 0.0, 'market_cap_mid': 0.0, 'market_cap_others': 100.0, 'market_cap_small': 0.0}",6.46,"{'avg_maturity_days': 50.02, 'avg_maturity_months': 1.6673, 'avg_maturity_years': 0.137}","{'modified_maturity_days': 49.99, 'modified_maturity_months': 1.6663, 'modified_maturity_years': 0.1369}",0.0,0.0,1
119369,"{'market_cap_large': 0.0, 'market_cap_mid': 0.0, 'market_cap_others': 100.0, 'market_cap_small': 0.0}",6.39,"{'avg_maturity_days': 47.45, 'avg_maturity_months': 1.56, 'avg_maturity_years': 0.13}","{'modified_maturity_days': 51.1, 'modified_maturity_months': 1.68, 'modified_maturity_years': 0.14}",0.0,0.0,1
150663,"{'market_cap_large': 0.0, 'market_cap_mid': 0.0, 'market_cap_others': 100.0, 'market_cap_small': 0.0}",6.09,"{'avg_maturity_days': 62.05, 'avg_maturity_months': 2.04, 'avg_maturity_years': 0.17}","{'modified_maturity_days': 62.05, 'modified_maturity_months': 2.04, 'modified_maturity_years': 0.17}",0.0,0.0,1
147440,"{'market_cap_large': 0.0, 'market_cap_mid': 0.0, 'market_cap_others': 100.0, 'market_cap_small': 0.0}",3.78,"{'avg_maturity_days': 76.65, 'avg_maturity_months': 2.52, 'avg_maturity_years': 0.21}","{'modified_maturity_days': 73.0, 'modified_maturity_months': 2.4, 'modified_maturity_years': 0.2}",0.0,0.0,1
153407,"{'market_cap_large': 0.0, 'market_cap_mid': 0.0, 'market_cap_others': 100.0, 'market_cap_small': 0.0}",6.7,"{'avg_maturity_days': 100.0, 'avg_maturity_months': 3.3333, 'avg_maturity_years': 0.2739}","{'modified_maturity_days': 96.0, 'modified_maturity_months': 3.2, 'modified_maturity_years': 0.2629}",0.0,0.0,1
153372,"{'market_cap_large': 0.0, 'market_cap_mid': 0.0, 'market_cap_others': 100.0, 'market_cap_small': 0.0}",6.78,"{'avg_maturity_days': 105.85, 'avg_maturity_months': 3.48, 'avg_maturity_years': 0.29}","{'modified_maturity_days': 98.55, 'modified_maturity_months': 3.24, 'modified_maturity_years': 0.27}",0.0,0.0,1
149950,"{'market_cap_large': 0.0, 'market_cap_mid': 0.0, 'market_cap_others': 100.0, 'market_cap_small': 0.0}",6.49,"{'avg_maturity_days': 102.2, 'avg_maturity_months': 3.36, 'avg_maturity_years': 0.28}","{'modified_maturity_days': 98.55, 'modified_maturity_months': 3.24, 'modified_maturity_years': 0.27}",0.0,0.0,1
153411,"{'market_cap_large': 0.0, 'market_cap_mid': 0.0, 'market_cap_others': 100.0, 'market_cap_small': 0.0}",6.87,"{'avg_maturity_days': 116.8, 'avg_maturity_months': 3.84, 'avg_maturity_years': 0.32}","{'modified_maturity_days': 105.85, 'modified_maturity_months': 3.48, 'modified_maturity_years': 0.29}",0.0,0.0,1
153179,"{'market_cap_large': 0.0, 'market_cap_mid': 0.0, 'market_cap_others': 100.0, 'market_cap_small': 0.0}",6.89,"{'avg_maturity_days': 113.15, 'avg_maturity_months': 3.72, 'avg_maturity_years': 0.31}","{'modified_maturity_days': 105.85, 'modified_maturity_months': 3.48, 'modified_maturity_years': 0.29}",0.0,0.0,1
119474,"{'market_cap_large': 0.0, 'market_cap_mid': 0.0, 'market_cap_others': 100.0, 'market_cap_small': 0.0}",3.82,"{'avg_maturity_days': 112.0, 'avg_maturity_months': 3.7333, 'avg_maturity_years': 0.3068}","{'modified_maturity_days': 107.0, 'modified_maturity_months': 3.5667, 'modified_maturity_years': 0.2932}",0.0,0.0,1
118350,"{'market_cap_large': 0.0, 'market_cap_mid': 0.0, 'market_cap_others': 100.0, 'market_cap_small': 0.0}",6.83,"{'avg_maturity_days': 126.0, 'avg_maturity_months': 4.2, 'avg_maturity_years': 0.3451}","{'modified_maturity_days': 116.0, 'modified_maturity_months': 3.8666, 'modified_maturity_years': 0.3177}",0.0,0.0,1
124234,"{'market_cap_large': 0.0, 'market_cap_mid': 0.0, 'market_cap_others': 100.0, 'market_cap_small': 0.0}",6.02,"{'avg_maturity_days': 127.75, 'avg_maturity_months': 4.2, 'avg_maturity_years': 0.35}","{'modified_maturity_days': 120.45, 'modified_maturity_months': 3.96, 'modified_maturity_years': 0.33}",0.0,0.0,1
118553,"{'market_cap_large': 0.0, 'market_cap_mid': 0.0, 'market_cap_others': 100.0, 'market_cap_small': 0.0}",6.81,"{'avg_maturity_days': 142.35, 'avg_maturity_months': 4.68, 'avg_maturity_years': 0.39}","{'modified_maturity_days': 120.45, 'modified_maturity_months': 3.96, 'modified_maturity_years': 0.33}",0.0,0.0,1
147311,"{'market_cap_large': 0.0, 'market_cap_mid': 0.0, 'market_cap_others': 100.0, 'market_cap_small': 0.0}",6.76,"{'avg_maturity_days': 160.6, 'avg_maturity_months': 5.28, 'avg_maturity_years': 0.44}","{'modified_maturity_days': 149.65, 'modified_maturity_months': 4.92, 'modified_maturity_years': 0.41}",0.0,0.0,1
147731,"{'market_cap_large': 0.0, 'market_cap_mid': 0.0, 'market_cap_others': 100.0, 'market_cap_small': 0.0}",6.87,"{'avg_maturity_days': 177.19, 'avg_maturity_months': 5.9063, 'avg_maturity_years': 0.4853}","{'modified_maturity_days': 153.3, 'modified_maturity_months': 5.04, 'modified_maturity_years': 0.42}",0.0,0.0,1
120676,"{'market_cap_large': 0.0, 'market_cap_mid': 0.0, 'market_cap_others': 100.0, 'market_cap_small': 0.0}",7.05,"{'avg_maturity_days': 251.85, 'avg_maturity_months': 8.28, 'avg_maturity_years': 0.69}","{'modified_maturity_days': 153.3, 'modified_maturity_months': 5.04, 'modified_maturity_years': 0.42}",0.0,0.0,1
152825,"{'market_cap_large': 0.0, 'market_cap_mid': 0.0, 'market_cap_others': 100.0, 'market_cap_small': 0.0}",6.8,"{'avg_maturity_days': 273.75, 'avg_maturity_months': 9.0, 'avg_maturity_years': 0.75}","{'modified_maturity_days': 156.95, 'modified_maturity_months': 5.16, 'modified_maturity_years': 0.43}",0.0,0.0,1
147772,"{'market_cap_large': 0.0, 'market_cap_mid': 0.0, 'market_cap_others': 100.0, 'market_cap_small': 0.0}",7.05,"{'avg_maturity_days': 155.1, 'avg_maturity_months': 5.17, 'avg_maturity_years': 0.4308}","{'modified_maturity_days': 154.8, 'modified_maturity_months': 5.16, 'modified_maturity_years': 0.43}",0.0,0.0,1
120066,"{'market_cap_large': 0.0, 'market_cap_mid': 0.0, 'market_cap_others': 100.0, 'market_cap_small': 0.0}",7.07,"{'avg_maturity_days': 164.4, 'avg_maturity_months': 5.48, 'avg_maturity_years': 0.4567}","{'modified_maturity_days': 155.4, 'modified_maturity_months': 5.18, 'modified_maturity_years': 0.4317}",0.0,0.0,1
120541,"{'market_cap_large': 0.0, 'market_cap_mid': 0.0, 'market_cap_others': 100.0, 'market_cap_small': 0.0}",6.88,"{'avg_maturity_days': 170.0, 'avg_maturity_months': 5.6666, 'avg_maturity_years': 0.4656}","{'modified_maturity_days': 158.0, 'modified_maturity_months': 5.2666, 'modified_maturity_years': 0.4328}",0.0,0.0,1
143494,"{'market_cap_large': 0.0, 'market_cap_mid': 0.0, 'market_cap_others': 100.0, 'market_cap_small': 0.0}",7.11,"{'avg_maturity_days': 229.0, 'avg_maturity_months': 7.6333, 'avg_maturity_years': 0.6272}","{'modified_maturity_days': 159.0, 'modified_maturity_months': 5.2999, 'modified_maturity_years': 0.4355}",0.0,0.0,1
119205,"{'market_cap_large': 0.0, 'market_cap_mid': 0.0, 'market_cap_others': 100.0, 'market_cap_small': 0.0}",6.79,"{'avg_maturity_days': 182.5, 'avg_maturity_months': 6.0, 'avg_maturity_years': 0.5}","{'modified_maturity_days': 160.6, 'modified_maturity_months': 5.28, 'modified_maturity_years': 0.44}",0.0,0.0,1
119828,"{'market_cap_large': 0.0, 'market_cap_mid': 0.0, 'market_cap_others': 100.0, 'market_cap_small': 0.0}",6.77,"{'avg_maturity_days': 204.4, 'avg_maturity_months': 6.72, 'avg_maturity_years': 0.56}","{'modified_maturity_days': 160.6, 'modified_maturity_months': 5.28, 'modified_maturity_years': 0.44}",0.0,0.0,1
148913,"{'market_cap_large': 0.0, 'market_cap_mid': 0.0, 'market_cap_others': 100.0, 'market_cap_small': 0.0}",6.75,"{'avg_maturity_days': 171.0, 'avg_maturity_months': 5.6999, 'avg_maturity_years': 0.4684}","{'modified_maturity_days': 163.0, 'modified_maturity_months': 5.4333, 'modified_maturity_years': 0.4465}",0.0,0.0,1
145034,"{'market_cap_large': 0.0, 'market_cap_mid': 0.0, 'market_cap_others': 100.0, 'market_cap_small': 0.0}",6.92,"{'avg_maturity_days': 216.86, 'avg_maturity_months': 7.2286, 'avg_maturity_years': 0.594}","{'modified_maturity_days': 163.44, 'modified_maturity_months': 5.4479, 'modified_maturity_years': 0.4477}",0.0,0.0,1
138358,"{'market_cap_large': 0.0, 'market_cap_mid': 0.0, 'market_cap_others': 100.0, 'market_cap_small': 0.0}",6.86,"{'avg_maturity_days': 172.8, 'avg_maturity_months': 5.76, 'avg_maturity_years': 0.48}","{'modified_maturity_days': 162.0, 'modified_maturity_months': 5.4, 'modified_maturity_years': 0.45}",0.0,0.0,1
118317,"{'market_cap_large': 0.0, 'market_cap_mid': 0.0, 'market_cap_others': 100.0, 'market_cap_small': 0.0}",6.69,"{'avg_maturity_days': 200.75, 'avg_maturity_months': 6.6, 'avg_maturity_years': 0.55}","{'modified_maturity_days': 164.25, 'modified_maturity_months': 5.4, 'modified_maturity_years': 0.45}",0.0,0.0,1
147908,"{'market_cap_large': 0.0, 'market_cap_mid': 0.0, 'market_cap_others': 100.0, 'market_cap_small': 0.0}",6.66,"{'avg_maturity_days': 183.0, 'avg_maturity_months': 6.1, 'avg_maturity_years': 0.5083}","{'modified_maturity_days': 165.0, 'modified_maturity_months': 5.5, 'modified_maturity_years': 0.4583}",0.0,0.0,1
119750,"{'market_cap_large': 0.0, 'market_cap_mid': 0.0, 'market_cap_others': 100.0, 'market_cap_small': 0.0}",6.85,"{'avg_maturity_days': 175.2, 'avg_maturity_months': 5.76, 'avg_maturity_years': 0.48}","{'modified_maturity_days': 167.9, 'modified_maturity_months': 5.52, 'modified_maturity_years': 0.46}",0.0,0.0,1
148529,"{'market_cap_large': 0.0, 'market_cap_mid': 0.0, 'market_cap_others': 100.0, 'market_cap_small': 0.0}",6.79,"{'avg_maturity_days': 185.61, 'avg_maturity_months': 6.1869, 'avg_maturity_years': 0.5084}","{'modified_maturity_days': 167.9, 'modified_maturity_months': 5.52, 'modified_maturity_years': 0.46}",0.0,0.0,1
119501,"{'market_cap_large': 0.0, 'market_cap_mid': 0.0, 'market_cap_others': 100.0, 'market_cap_small': 0.0}",7.27,"{'avg_maturity_days': 197.1, 'avg_maturity_months': 6.48, 'avg_maturity_years': 0.54}","{'modified_maturity_days': 167.9, 'modified_maturity_months': 5.52, 'modified_maturity_years': 0.46}",0.0,0.0,1
146075,"{'market_cap_large': 0.0, 'market_cap_mid': 0.0, 'market_cap_others': 100.0, 'market_cap_small': 0.0}",6.98,"{'avg_maturity_days': 182.1, 'avg_maturity_months': 6.07, 'avg_maturity_years': 0.5058}","{'modified_maturity_days': 166.2, 'modified_maturity_months': 5.54, 'modified_maturity_years': 0.4617}",0.0,0.0,1
144754,"{'market_cap_large': 0.0, 'market_cap_mid': 0.0, 'market_cap_others': 100.0, 'market_cap_small': 0.0}",7.0,"{'avg_maturity_days': 185.0, 'avg_maturity_months': 6.1666, 'avg_maturity_years': 0.5067}","{'modified_maturity_days': 170.0, 'modified_maturity_months': 5.6666, 'modified_maturity_years': 0.4656}",0.0,0.0,1
144173,"{'market_cap_large': 0.0, 'market_cap_mid': 0.0, 'market_cap_others': 100.0, 'market_cap_small': 0.0}",6.72,"{'avg_maturity_days': 182.0, 'avg_maturity_months': 6.0666, 'avg_maturity_years': 0.4985}","{'modified_maturity_days': 170.0, 'modified_maturity_months': 5.6666, 'modified_maturity_years': 0.4656}",0.0,0.0,1
119680,"{'market_cap_large': 0.0, 'market_cap_mid': 0.0, 'market_cap_others': 100.0, 'market_cap_small': 0.0}",4.19,"{'avg_maturity_days': 244.55, 'avg_maturity_months': 8.04, 'avg_maturity_years': 0.67}","{'modified_maturity_days': 171.55, 'modified_maturity_months': 5.64, 'modified_maturity_years': 0.47}",0.0,0.0,1
119379,"{'market_cap_large': 0.0, 'market_cap_mid': 0.0, 'market_cap_others': 100.0, 'market_cap_small': 0.0}",6.62,"{'avg_maturity_days': 175.2, 'avg_maturity_months': 5.76, 'avg_maturity_years': 0.48}","{'modified_maturity_days': 171.55, 'modified_maturity_months': 5.64, 'modified_maturity_years': 0.47}",0.0,0.0,1
143508,"{'market_cap_large': 0.0, 'market_cap_mid': 0.0, 'market_cap_others': 100.0, 'market_cap_small': 0.0}",6.73,"{'avg_maturity_days': 295.65, 'avg_maturity_months': 9.72, 'avg_maturity_years': 0.81}","{'modified_maturity_days': 171.55, 'modified_maturity_months': 5.64, 'modified_maturity_years': 0.47}",0.0,0.0,1
133868,"{'market_cap_large': 0.0, 'market_cap_mid': 0.0, 'market_cap_others': 100.0, 'market_cap_small': 0.0}",6.35,"{'avg_maturity_days': 208.05, 'avg_maturity_months': 6.84, 'avg_maturity_years': 0.57}","{'modified_maturity_days': 171.55, 'modified_maturity_months': 5.64, 'modified_maturity_years': 0.47}",0.0,0.0,1
120746,"{'market_cap_large': 0.0, 'market_cap_mid': 0.0, 'market_cap_others': 100.0, 'market_cap_small': 0.0}",6.95,"{'avg_maturity_days': 180.0, 'avg_maturity_months': 5.9999, 'avg_maturity_years': 0.493}","{'modified_maturity_days': 174.0, 'modified_maturity_months': 5.7999, 'modified_maturity_years': 0.4766}",0.0,0.0,1
119448,"{'market_cap_large': 0.0, 'market_cap_mid': 0.0, 'market_cap_others': 100.0, 'market_cap_small': 0.0}",3.95,"{'avg_maturity_days': 192.0, 'avg_maturity_months': 6.4, 'avg_maturity_years': 0.526}","{'modified_maturity_days': 180.0, 'modified_maturity_months': 6.0, 'modified_maturity_years': 0.4932}",0.0,0.0,1
119106,"{'market_cap_large': 0.0, 'market_cap_mid': 0.0, 'market_cap_others': 100.0, 'market_cap_small': 0.0}",6.73,"{'avg_maturity_days': 193.45, 'avg_maturity_months': 6.36, 'avg_maturity_years': 0.53}","{'modified_maturity_days': 182.5, 'modified_maturity_months': 6.0, 'modified_maturity_years': 0.5}",0.0,0.0,1
152958,"{'market_cap_large': 0.0, 'market_cap_mid': 0.0, 'market_cap_others': 100.0, 'market_cap_small': 0.0}",7.1,"{'avg_maturity_days': 200.75, 'avg_maturity_months': 6.6, 'avg_maturity_years': 0.55}","{'modified_maturity_days': 189.8, 'modified_maturity_months': 6.24, 'modified_maturity_years': 0.52}",0.0,0.0,1
149539,"{'market_cap_large': 0.0, 'market_cap_mid': 0.0, 'market_cap_others': 100.0, 'market_cap_small': 0.0}",6.82,"{'avg_maturity_days': 197.1, 'avg_maturity_months': 6.48, 'avg_maturity_years': 0.54}","{'modified_maturity_days': 193.45, 'modified_maturity_months': 6.36, 'modified_maturity_years': 0.53}",0.0,0.0,1
149117,"{'market_cap_large': 0.0, 'market_cap_mid': 0.0, 'market_cap_others': 100.0, 'market_cap_small': 0.0}",6.6,"{'avg_maturity_days': 209.0, 'avg_maturity_months': 6.9666, 'avg_maturity_years': 0.5725}","{'modified_maturity_days': 196.0, 'modified_maturity_months': 6.5333, 'modified_maturity_years': 0.5368}",0.0,0.0,1
138898,"{'market_cap_large': 0.0, 'market_cap_mid': 0.0, 'market_cap_others': 100.0, 'market_cap_small': 0.0}",5.01,"{'avg_maturity_days': 215.35, 'avg_maturity_months': 7.08, 'avg_maturity_years': 0.59}","{'modified_maturity_days': 197.1, 'modified_maturity_months': 6.48, 'modified_maturity_years': 0.54}",0.0,0.0,1
150392,"{'market_cap_large': 0.0, 'market_cap_mid': 0.0, 'market_cap_others': 100.0, 'market_cap_small': 0.0}",6.83,"{'avg_maturity_days': 202.0, 'avg_maturity_months': 6.7333, 'avg_maturity_years': 0.5533}","{'modified_maturity_days': 202.0, 'modified_maturity_months': 6.7333, 'modified_maturity_years': 0.5533}",0.0,0.0,1
150513,"{'market_cap_large': 0.0, 'market_cap_mid': 0.0, 'market_cap_others': 100.0, 'market_cap_small': 0.0}",6.58,"{'avg_maturity_days': 238.0, 'avg_maturity_months': 7.9333, 'avg_maturity_years': 0.6519}","{'modified_maturity_days': 223.0, 'modified_maturity_months': 7.4333, 'modified_maturity_years': 0.6108}",0.0,0.0,1
140251,"{'market_cap_large': 0.0, 'market_cap_mid': 0.0, 'market_cap_others': 100.0, 'market_cap_small': 0.0}",12.99,"{'avg_maturity_days': 248.2, 'avg_maturity_months': 8.16, 'avg_maturity_years': 0.68}","{'modified_maturity_days': 226.3, 'modified_maturity_months': 7.44, 'modified_maturity_years': 0.62}",0.0,0.0,1
119511,"{'market_cap_large': 0.0, 'market_cap_mid': 0.0, 'market_cap_others': 100.0, 'market_cap_small': 0.0}",6.91,"{'avg_maturity_days': 237.25, 'avg_maturity_months': 7.8, 'avg_maturity_years': 0.65}","{'modified_maturity_days': 237.25, 'modified_maturity_months': 7.8, 'modified_maturity_years': 0.65}",0.0,0.0,1
147567,"{'market_cap_large': 0.0, 'market_cap_mid': 0.0, 'market_cap_others': 100.0, 'market_cap_small': 0.0}",6.76,"{'avg_maturity_days': 258.0, 'avg_maturity_months': 8.5999, 'avg_maturity_years': 0.7067}","{'modified_maturity_days': 243.0, 'modified_maturity_months': 8.0999, 'modified_maturity_years': 0.6656}",0.0,0.0,1
147377,"{'market_cap_large': 0.0, 'market_cap_mid': 0.0, 'market_cap_others': 100.0, 'market_cap_small': 0.0}",6.77,"{'avg_maturity_days': 244.55, 'avg_maturity_months': 8.04, 'avg_maturity_years': 0.67}","{'modified_maturity_days': 244.55, 'modified_maturity_months': 8.04, 'modified_maturity_years': 0.67}",0.0,0.0,1
151054,"{'market_cap_large': 0.0, 'market_cap_mid': 0.0, 'market_cap_others': 100.0, 'market_cap_small': 0.0}",6.7,"{'avg_maturity_days': 262.19, 'avg_maturity_months': 8.7396, 'avg_maturity_years': 0.7181}","{'modified_maturity_days': 246.07, 'modified_maturity_months': 8.2023, 'modified_maturity_years': 0.674}",0.0,0.0,1
118384,"{'market_cap_large': 0.0, 'market_cap_mid': 0.0, 'market_cap_others': 100.0, 'market_cap_small': 0.0}",6.64,"{'avg_maturity_days': 250.0, 'avg_maturity_months': 8.3333, 'avg_maturity_years': 0.6848}","{'modified_maturity_days': 250.0, 'modified_maturity_months': 8.3333, 'modified_maturity_years': 0.6848}",0.0,0.0,1
119821,"{'market_cap_large': 0.0, 'market_cap_mid': 0.0, 'market_cap_others': 100.0, 'market_cap_small': 0.0}",6.85,"{'avg_maturity_days': 266.45, 'avg_maturity_months': 8.76, 'avg_maturity_years': 0.73}","{'modified_maturity_days': 251.85, 'modified_maturity_months': 8.28, 'modified_maturity_years': 0.69}",0.0,0.0,1
145050,"{'market_cap_large': 0.0, 'market_cap_mid': 0.0, 'market_cap_others': 100.0, 'market_cap_small': 0.0}",6.72,"{'avg_maturity_days': 251.85, 'avg_maturity_months': 8.28, 'avg_maturity_years': 0.69}","{'modified_maturity_days': 251.85, 'modified_maturity_months': 8.28, 'modified_maturity_years': 0.69}",0.0,0.0,1
151889,"{'market_cap_large': 0.0, 'market_cap_mid': 0.0, 'market_cap_others': 100.0, 'market_cap_small': 0.0}",6.72,"{'avg_maturity_days': 272.54, 'avg_maturity_months': 9.0846, 'avg_maturity_years': 0.7465}","{'modified_maturity_days': 255.31, 'modified_maturity_months': 8.5102, 'modified_maturity_years': 0.6993}",0.0,0.0,1
120211,"{'market_cap_large': 0.0, 'market_cap_mid': 0.0, 'market_cap_others': 100.0, 'market_cap_small': 0.0}",6.74,"{'avg_maturity_days': 273.64, 'avg_maturity_months': 9.1212, 'avg_maturity_years': 0.7495}","{'modified_maturity_days': 255.4, 'modified_maturity_months': 8.5132, 'modified_maturity_years': 0.6995}",0.0,0.0,1
119746,"{'market_cap_large': 0.0, 'market_cap_mid': 0.0, 'market_cap_others': 100.0, 'market_cap_small': 0.0}",6.8,"{'avg_maturity_days': 259.15, 'avg_maturity_months': 8.52, 'avg_maturity_years': 0.71}","{'modified_maturity_days': 255.5, 'modified_maturity_months': 8.4, 'modified_maturity_years': 0.7}",0.0,0.0,1
119092,"{'market_cap_large': 0.0, 'market_cap_mid': 0.0, 'market_cap_others': 100.0, 'market_cap_small': 0.0}",6.8,"{'avg_maturity_days': 273.87, 'avg_maturity_months': 9.1289, 'avg_maturity_years': 0.7501}","{'modified_maturity_days': 255.74, 'modified_maturity_months': 8.5246, 'modified_maturity_years': 0.7005}",0.0,0.0,1
118719,"{'market_cap_large': 0.0, 'market_cap_mid': 0.0, 'market_cap_others': 100.0, 'market_cap_small': 0.0}",6.84,"{'avg_maturity_days': 277.0, 'avg_maturity_months': 9.2332, 'avg_maturity_years': 0.7587}","{'modified_maturity_days': 260.0, 'modified_maturity_months': 8.6666, 'modified_maturity_years': 0.7121}",0.0,0.0,1
120299,"{'market_cap_large': 0.0, 'market_cap_mid': 0.0, 'market_cap_others': 100.0, 'market_cap_small': 0.0}",6.76,"{'avg_maturity_days': 261.0, 'avg_maturity_months': 8.6999, 'avg_maturity_years': 0.7149}","{'modified_maturity_days': 261.0, 'modified_maturity_months': 8.6999, 'modified_maturity_years': 0.7149}",0.0,0.0,1
148161,"{'market_cap_large': 0.0, 'market_cap_mid': 0.0, 'market_cap_others': 100.0, 'market_cap_small': 0.0}",6.71,"{'avg_maturity_days': 277.2, 'avg_maturity_months': 9.24, 'avg_maturity_years': 0.77}","{'modified_maturity_days': 258.6, 'modified_maturity_months': 8.62, 'modified_maturity_years': 0.7183}",0.0,0.0,1
140237,"{'market_cap_large': 0.0, 'market_cap_mid': 0.0, 'market_cap_others': 100.0, 'market_cap_small': 0.0}",6.69,"{'avg_maturity_days': 262.8, 'avg_maturity_months': 8.64, 'avg_maturity_years': 0.72}","{'modified_maturity_days': 262.8, 'modified_maturity_months': 8.64, 'modified_maturity_years': 0.72}",0.0,0.0,1
149112,"{'market_cap_large': 0.0, 'market_cap_mid': 0.0, 'market_cap_others': 100.0, 'market_cap_small': 0.0}",6.66,"{'avg_maturity_days': 279.39, 'avg_maturity_months': 9.3129, 'avg_maturity_years': 0.7652}","{'modified_maturity_days': 262.8, 'modified_maturity_months': 8.64, 'modified_maturity_years': 0.72}",0.0,0.0,1
119424,"{'market_cap_large': 0.0, 'market_cap_mid': 0.0, 'market_cap_others': 100.0, 'market_cap_small': 0.0}",6.81,"{'avg_maturity_days': 265.5, 'avg_maturity_months': 8.85, 'avg_maturity_years': 0.7375}","{'modified_maturity_days': 264.9, 'modified_maturity_months': 8.83, 'modified_maturity_years': 0.7358}",0.0,0.0,1
120507,"{'market_cap_large': 0.0, 'market_cap_mid': 0.0, 'market_cap_others': 100.0, 'market_cap_small': 0.0}",6.66,"{'avg_maturity_days': 269.0, 'avg_maturity_months': 8.9666, 'avg_maturity_years': 0.7368}","{'modified_maturity_days': 269.0, 'modified_maturity_months': 8.9666, 'modified_maturity_years': 0.7368}",0.0,0.0,1
150938,"{'market_cap_large': 0.0, 'market_cap_mid': 0.0, 'market_cap_others': 100.0, 'market_cap_small': 0.0}",6.46,"{'avg_maturity_days': 288.35, 'avg_maturity_months': 9.48, 'avg_maturity_years': 0.79}","{'modified_maturity_days': 270.1, 'modified_maturity_months': 8.88, 'modified_maturity_years': 0.74}",0.0,0.0,1
118506,"{'market_cap_large': 0.0, 'market_cap_mid': 0.0, 'market_cap_others': 100.0, 'market_cap_small': 0.0}",6.71,"{'avg_maturity_days': 288.35, 'avg_maturity_months': 9.48, 'avg_maturity_years': 0.79}","{'modified_maturity_days': 270.1, 'modified_maturity_months': 8.88, 'modified_maturity_years': 0.74}",0.0,0.0,1
153294,"{'market_cap_large': 0.0, 'market_cap_mid': 0.0, 'market_cap_others': 100.0, 'market_cap_small': 0.0}",6.67,"{'avg_maturity_days': 273.75, 'avg_maturity_months': 9.0, 'avg_maturity_years': 0.75}","{'modified_maturity_days': 273.75, 'modified_maturity_months': 9.0, 'modified_maturity_years': 0.75}",0.0,0.0,1
148795,"{'market_cap_large': 0.0, 'market_cap_mid': 0.0, 'market_cap_others': 100.0, 'market_cap_small': 0.0}",6.57,"{'avg_maturity_days': 295.65, 'avg_maturity_months': 9.72, 'avg_maturity_years': 0.81}","{'modified_maturity_days': 273.75, 'modified_maturity_months': 9.0, 'modified_maturity_years': 0.75}",0.0,0.0,1
150788,"{'market_cap_large': 0.0, 'market_cap_mid': 0.0, 'market_cap_others': 100.0, 'market_cap_small': 0.0}",6.53,"{'avg_maturity_days': 299.3, 'avg_maturity_months': 9.84, 'avg_maturity_years': 0.82}","{'modified_maturity_days': 277.4, 'modified_maturity_months': 9.12, 'modified_maturity_years': 0.76}",0.0,0.0,1
151364,"{'market_cap_large': 0.0, 'market_cap_mid': 0.0, 'market_cap_others': 100.0, 'market_cap_small': 0.0}",6.4,"{'avg_maturity_days': 306.6, 'avg_maturity_months': 10.08, 'avg_maturity_years': 0.84}","{'modified_maturity_days': 288.35, 'modified_maturity_months': 9.48, 'modified_maturity_years': 0.79}",0.0,0.0,1
150746,"{'market_cap_large': 0.0, 'market_cap_mid': 0.0, 'market_cap_others': 100.0, 'market_cap_small': 0.0}",6.06,"{'avg_maturity_days': 304.0, 'avg_maturity_months': 10.1332, 'avg_maturity_years': 0.8327}","{'modified_maturity_days': 289.0, 'modified_maturity_months': 9.6332, 'modified_maturity_years': 0.7916}",0.0,0.0,1
120315,"{'market_cap_large': 0.0, 'market_cap_mid': 0.0, 'market_cap_others': 100.0, 'market_cap_small': 0.0}",6.79,"{'avg_maturity_days': 315.0, 'avg_maturity_months': 10.4999, 'avg_maturity_years': 0.8628}","{'modified_maturity_days': 291.0, 'modified_maturity_months': 9.6999, 'modified_maturity_years': 0.797}",0.0,0.0,1
153416,"{'market_cap_large': 0.0, 'market_cap_mid': 0.0, 'market_cap_others': 100.0, 'market_cap_small': 0.0}",6.78,"{'avg_maturity_days': 310.25, 'avg_maturity_months': 10.2, 'avg_maturity_years': 0.85}","{'modified_maturity_days': 302.95, 'modified_maturity_months': 9.96, 'modified_maturity_years': 0.83}",0.0,0.0,1
153443,"{'market_cap_large': 0.0, 'market_cap_mid': 0.0, 'market_cap_others': 100.0, 'market_cap_small': 0.0}",7.03,"{'avg_maturity_days': 321.2, 'avg_maturity_months': 10.56, 'avg_maturity_years': 0.88}","{'modified_maturity_days': 306.6, 'modified_maturity_months': 10.08, 'modified_maturity_years': 0.84}",0.0,0.0,1
119863,"{'market_cap_large': 0.0, 'market_cap_mid': 0.0, 'market_cap_others': 100.0, 'market_cap_small': 0.0}",6.81,"{'avg_maturity_days': 370.5, 'avg_maturity_months': 12.35, 'avg_maturity_years': 1.0292}","{'modified_maturity_days': 305.4, 'modified_maturity_months': 10.18, 'modified_maturity_years': 0.8483}",0.0,0.0,1
140613,"{'market_cap_large': 0.0, 'market_cap_mid': 0.0, 'market_cap_others': 100.0, 'market_cap_small': 0.0}",7.13,"{'avg_maturity_days': 432.39, 'avg_maturity_months': 14.4129, 'avg_maturity_years': 1.1843}","{'modified_maturity_days': 313.9, 'modified_maturity_months': 10.32, 'modified_maturity_years': 0.86}",0.0,0.0,1
150692,"{'market_cap_large': 0.0, 'market_cap_mid': 0.0, 'market_cap_others': 100.0, 'market_cap_small': 0.0}",6.07,"{'avg_maturity_days': 332.15, 'avg_maturity_months': 10.92, 'avg_maturity_years': 0.91}","{'modified_maturity_days': 313.9, 'modified_maturity_months': 10.32, 'modified_maturity_years': 0.86}",0.0,0.0,1
120735,"{'market_cap_large': 0.0, 'market_cap_mid': 0.0, 'market_cap_others': 100.0, 'market_cap_small': 0.0}",6.93,"{'avg_maturity_days': 350.4, 'avg_maturity_months': 11.52, 'avg_maturity_years': 0.96}","{'modified_maturity_days': 317.55, 'modified_maturity_months': 10.44, 'modified_maturity_years': 0.87}",0.0,0.0,1
150698,"{'market_cap_large': 0.0, 'market_cap_mid': 0.0, 'market_cap_others': 100.0, 'market_cap_small': 0.0}",6.07,"{'avg_maturity_days': 335.8, 'avg_maturity_months': 11.04, 'avg_maturity_years': 0.92}","{'modified_maturity_days': 317.55, 'modified_maturity_months': 10.44, 'modified_maturity_years': 0.87}",0.0,0.0,1
120398,"{'market_cap_large': 0.0, 'market_cap_mid': 0.0, 'market_cap_others': 100.0, 'market_cap_small': 0.0}",7.14,"{'avg_maturity_days': 660.65, 'avg_maturity_months': 21.72, 'avg_maturity_years': 1.81}","{'modified_maturity_days': 317.55, 'modified_maturity_months': 10.44, 'modified_maturity_years': 0.87}",0.0,0.0,1
151117,"{'market_cap_large': 0.0, 'market_cap_mid': 0.0, 'market_cap_others': 100.0, 'market_cap_small': 0.0}",6.9,"{'avg_maturity_days': 400.2, 'avg_maturity_months': 13.34, 'avg_maturity_years': 1.1117}","{'modified_maturity_days': 315.6, 'modified_maturity_months': 10.52, 'modified_maturity_years': 0.8767}",0.0,0.0,1
133810,"{'market_cap_large': 0.0, 'market_cap_mid': 0.0, 'market_cap_others': 100.0, 'market_cap_small': 0.0}",7.12,"{'avg_maturity_days': 558.45, 'avg_maturity_months': 18.36, 'avg_maturity_years': 1.53}","{'modified_maturity_days': 321.2, 'modified_maturity_months': 10.56, 'modified_maturity_years': 0.88}",0.0,0.0,1
133925,"{'market_cap_large': 0.0, 'market_cap_mid': 0.0, 'market_cap_others': 100.0, 'market_cap_small': 0.0}",6.83,"{'avg_maturity_days': 456.25, 'avg_maturity_months': 15.0, 'avg_maturity_years': 1.25}","{'modified_maturity_days': 324.85, 'modified_maturity_months': 10.68, 'modified_maturity_years': 0.89}",0.0,0.0,1
120570,"{'market_cap_large': 0.0, 'market_cap_mid': 0.0, 'market_cap_others': 100.0, 'market_cap_small': 0.0}",6.79,"{'avg_maturity_days': 362.0, 'avg_maturity_months': 12.0665, 'avg_maturity_years': 0.9915}","{'modified_maturity_days': 328.0, 'modified_maturity_months': 10.9332, 'modified_maturity_years': 0.8984}",0.0,0.0,1
118942,"{'market_cap_large': 0.0, 'market_cap_mid': 0.0, 'market_cap_others': 100.0, 'market_cap_small': 0.0}",7.21,"{'avg_maturity_days': 693.5, 'avg_maturity_months': 22.8, 'avg_maturity_years': 1.9}","{'modified_maturity_days': 328.5, 'modified_maturity_months': 10.8, 'modified_maturity_years': 0.9}",0.0,0.0,1
118371,"{'market_cap_large': 0.0, 'market_cap_mid': 0.0, 'market_cap_others': 100.0, 'market_cap_small': 0.0}",6.78,"{'avg_maturity_days': 365.0, 'avg_maturity_months': 12.1665, 'avg_maturity_years': 0.9997}","{'modified_maturity_days': 329.0, 'modified_maturity_months': 10.9666, 'modified_maturity_years': 0.9011}",0.0,0.0,1
143612,"{'market_cap_large': 0.0, 'market_cap_mid': 0.0, 'market_cap_others': 100.0, 'market_cap_small': 0.0}",6.96,"{'avg_maturity_days': 379.6, 'avg_maturity_months': 12.48, 'avg_maturity_years': 1.04}","{'modified_maturity_days': 335.8, 'modified_maturity_months': 11.04, 'modified_maturity_years': 0.92}",0.0,0.0,1
119812,"{'market_cap_large': 0.0, 'market_cap_mid': 0.0, 'market_cap_others': 100.0, 'market_cap_small': 0.0}",6.94,"{'avg_maturity_days': 412.45, 'avg_maturity_months': 13.56, 'avg_maturity_years': 1.13}","{'modified_maturity_days': 335.8, 'modified_maturity_months': 11.04, 'modified_maturity_years': 0.92}",0.0,0.0,1
119523,"{'market_cap_large': 0.0, 'market_cap_mid': 0.0, 'market_cap_others': 100.0, 'market_cap_small': 0.0}",7.08,"{'avg_maturity_days': 430.7, 'avg_maturity_months': 14.16, 'avg_maturity_years': 1.18}","{'modified_maturity_days': 335.8, 'modified_maturity_months': 11.04, 'modified_maturity_years': 0.92}",0.0,0.0,1
149526,"{'market_cap_large': 0.0, 'market_cap_mid': 0.0, 'market_cap_others': 100.0, 'market_cap_small': 0.0}",6.98,"{'avg_maturity_days': 379.6, 'avg_maturity_months': 12.48, 'avg_maturity_years': 1.04}","{'modified_maturity_days': 335.8, 'modified_maturity_months': 11.04, 'modified_maturity_years': 0.92}",0.0,0.0,1
150169,"{'market_cap_large': 0.0, 'market_cap_mid': 0.0, 'market_cap_others': 100.0, 'market_cap_small': 0.0}",6.97,"{'avg_maturity_days': 562.1, 'avg_maturity_months': 18.48, 'avg_maturity_years': 1.54}","{'modified_maturity_days': 339.45, 'modified_maturity_months': 11.16, 'modified_maturity_years': 0.93}",0.0,0.0,1
118709,"{'market_cap_large': 0.0, 'market_cap_mid': 0.0, 'market_cap_others': 100.0, 'market_cap_small': 0.0}",7.17,"{'avg_maturity_days': 446.0, 'avg_maturity_months': 14.8665, 'avg_maturity_years': 1.2216}","{'modified_maturity_days': 341.0, 'modified_maturity_months': 11.3666, 'modified_maturity_years': 0.934}",0.0,0.0,1
118840,"{'market_cap_large': 0.0, 'market_cap_mid': 0.0, 'market_cap_others': 100.0, 'market_cap_small': 0.0}",6.87,"{'avg_maturity_days': 385.05, 'avg_maturity_months': 12.8349, 'avg_maturity_years': 1.0547}","{'modified_maturity_days': 343.1, 'modified_maturity_months': 11.28, 'modified_maturity_years': 0.94}",0.0,0.0,1
153368,"{'market_cap_large': 0.0, 'market_cap_mid': 0.0, 'market_cap_others': 100.0, 'market_cap_small': 0.0}",6.9,"{'avg_maturity_days': 624.15, 'avg_maturity_months': 20.52, 'avg_maturity_years': 1.71}","{'modified_maturity_days': 343.1, 'modified_maturity_months': 11.28, 'modified_maturity_years': 0.94}",0.0,0.0,1
120513,"{'market_cap_large': 0.0, 'market_cap_mid': 0.0, 'market_cap_others': 100.0, 'market_cap_small': 0.0}",7.0,"{'avg_maturity_days': 429.0, 'avg_maturity_months': 14.2999, 'avg_maturity_years': 1.175}","{'modified_maturity_days': 347.0, 'modified_maturity_months': 11.5666, 'modified_maturity_years': 0.9504}",0.0,0.0,1
118291,"{'market_cap_large': 0.0, 'market_cap_mid': 0.0, 'market_cap_others': 100.0, 'market_cap_small': 0.0}",6.84,"{'avg_maturity_days': 390.55, 'avg_maturity_months': 12.84, 'avg_maturity_years': 1.07}","{'modified_maturity_days': 350.4, 'modified_maturity_months': 11.52, 'modified_maturity_years': 0.96}",0.0,0.0,1
151218,"{'market_cap_large': 0.0, 'market_cap_mid': 0.0, 'market_cap_others': 100.0, 'market_cap_small': 0.0}",6.33,"{'avg_maturity_days': 397.85, 'avg_maturity_months': 13.08, 'avg_maturity_years': 1.09}","{'modified_maturity_days': 368.65, 'modified_maturity_months': 12.12, 'modified_maturity_years': 1.01}",0.0,0.0,1
150754,"{'market_cap_large': 0.0, 'market_cap_mid': 0.0, 'market_cap_others': 100.0, 'market_cap_small': 0.0}",6.55,"{'avg_maturity_days': 412.45, 'avg_maturity_months': 13.56, 'avg_maturity_years': 1.13}","{'modified_maturity_days': 375.95, 'modified_maturity_months': 12.36, 'modified_maturity_years': 1.03}",0.0,0.0,1
127181,"{'market_cap_large': 0.0, 'market_cap_mid': 0.0, 'market_cap_others': 100.0, 'market_cap_small': 0.0}",7.06,"{'avg_maturity_days': 430.7, 'avg_maturity_months': 14.16, 'avg_maturity_years': 1.18}","{'modified_maturity_days': 375.95, 'modified_maturity_months': 12.36, 'modified_maturity_years': 1.03}",0.0,0.0,1
122646,"{'market_cap_large': 0.0, 'market_cap_mid': 0.0, 'market_cap_others': 100.0, 'market_cap_small': 0.0}",7.05,"{'avg_maturity_days': 697.15, 'avg_maturity_months': 22.92, 'avg_maturity_years': 1.91}","{'modified_maturity_days': 379.6, 'modified_maturity_months': 12.48, 'modified_maturity_years': 1.04}",0.0,0.0,1
119318,"{'market_cap_large': 0.0, 'market_cap_mid': 0.0, 'market_cap_others': 100.0, 'market_cap_small': 0.0}",7.0,"{'avg_maturity_days': 408.8, 'avg_maturity_months': 13.44, 'avg_maturity_years': 1.12}","{'modified_maturity_days': 379.6, 'modified_maturity_months': 12.48, 'modified_maturity_years': 1.04}",0.0,0.0,1
149474,"{'market_cap_large': 0.0, 'market_cap_mid': 0.0, 'market_cap_others': 100.0, 'market_cap_small': 0.0}",6.56,"{'avg_maturity_days': 427.05, 'avg_maturity_months': 14.04, 'avg_maturity_years': 1.17}","{'modified_maturity_days': 386.9, 'modified_maturity_months': 12.72, 'modified_maturity_years': 1.06}",0.0,0.0,1
152947,"{'market_cap_large': 0.0, 'market_cap_mid': 0.0, 'market_cap_others': 100.0, 'market_cap_small': 0.0}",7.3,"{'avg_maturity_days': 445.3, 'avg_maturity_months': 14.64, 'avg_maturity_years': 1.22}","{'modified_maturity_days': 390.55, 'modified_maturity_months': 12.84, 'modified_maturity_years': 1.07}",0.0,0.0,1
149199,"{'market_cap_large': 0.0, 'market_cap_mid': 0.0, 'market_cap_others': 100.0, 'market_cap_small': 0.0}",6.54,"{'avg_maturity_days': 434.35, 'avg_maturity_months': 14.28, 'avg_maturity_years': 1.19}","{'modified_maturity_days': 397.85, 'modified_maturity_months': 13.08, 'modified_maturity_years': 1.09}",0.0,0.0,1
118349,"{'market_cap_large': 0.0, 'market_cap_mid': 0.0, 'market_cap_others': 100.0, 'market_cap_small': 0.0}",6.94,"{'avg_maturity_days': 459.9, 'avg_maturity_months': 15.12, 'avg_maturity_years': 1.26}","{'modified_maturity_days': 401.5, 'modified_maturity_months': 13.2, 'modified_maturity_years': 1.1}",0.0,0.0,1
120062,"{'market_cap_large': 0.0, 'market_cap_mid': 0.0, 'market_cap_others': 100.0, 'market_cap_small': 0.0}",7.36,"{'avg_maturity_days': 456.25, 'avg_maturity_months': 15.0, 'avg_maturity_years': 1.25}","{'modified_maturity_days': 408.8, 'modified_maturity_months': 13.44, 'modified_maturity_years': 1.12}",0.0,0.0,1
151211,"{'market_cap_large': 0.0, 'market_cap_mid': 0.0, 'market_cap_others': 100.0, 'market_cap_small': 0.0}",6.34,"{'avg_maturity_days': 445.3, 'avg_maturity_months': 14.64, 'avg_maturity_years': 1.22}","{'modified_maturity_days': 412.45, 'modified_maturity_months': 13.56, 'modified_maturity_years': 1.13}",0.0,0.0,1
151456,"{'market_cap_large': 0.0, 'market_cap_mid': 0.0, 'market_cap_others': 100.0, 'market_cap_small': 0.0}",6.33,"{'avg_maturity_days': 456.25, 'avg_maturity_months': 15.0, 'avg_maturity_years': 1.25}","{'modified_maturity_days': 423.4, 'modified_maturity_months': 13.92, 'modified_maturity_years': 1.16}",0.0,0.0,1
148550,"{'market_cap_large': 0.0, 'market_cap_mid': 0.0, 'market_cap_others': 100.0, 'market_cap_small': 0.0}",6.87,"{'avg_maturity_days': 1781.2, 'avg_maturity_months': 58.56, 'avg_maturity_years': 4.88}","{'modified_maturity_days': 430.7, 'modified_maturity_months': 14.16, 'modified_maturity_years': 1.18}",0.0,0.0,1
120425,"{'market_cap_large': 0.0, 'market_cap_mid': 0.0, 'market_cap_others': 100.0, 'market_cap_small': 0.0}",7.5,"{'avg_maturity_days': 1507.45, 'avg_maturity_months': 49.56, 'avg_maturity_years': 4.13}","{'modified_maturity_days': 430.7, 'modified_maturity_months': 14.16, 'modified_maturity_years': 1.18}",0.0,0.0,1
150854,"{'market_cap_large': 0.0, 'market_cap_mid': 0.0, 'market_cap_others': 100.0, 'market_cap_small': 0.0}",6.33,"{'avg_maturity_days': 470.85, 'avg_maturity_months': 15.48, 'avg_maturity_years': 1.29}","{'modified_maturity_days': 438.0, 'modified_maturity_months': 14.4, 'modified_maturity_years': 1.2}",0.0,0.0,1
119664,"{'market_cap_large': 0.0, 'market_cap_mid': 0.0, 'market_cap_others': 100.0, 'market_cap_small': 0.0}",4.52,"{'avg_maturity_days': 580.35, 'avg_maturity_months': 19.08, 'avg_maturity_years': 1.59}","{'modified_maturity_days': 438.0, 'modified_maturity_months': 14.4, 'modified_maturity_years': 1.2}",0.0,0.0,1
153313,"{'market_cap_large': 0.0, 'market_cap_mid': 0.0, 'market_cap_others': 100.0, 'market_cap_small': 0.0}",6.98,"{'avg_maturity_days': 500.05, 'avg_maturity_months': 16.44, 'avg_maturity_years': 1.37}","{'modified_maturity_days': 441.65, 'modified_maturity_months': 14.52, 'modified_maturity_years': 1.21}",0.0,0.0,1
145295,"{'market_cap_large': 0.0, 'market_cap_mid': 0.0, 'market_cap_others': 100.0, 'market_cap_small': 0.0}",6.84,"{'avg_maturity_days': 558.45, 'avg_maturity_months': 18.36, 'avg_maturity_years': 1.53}","{'modified_maturity_days': 452.6, 'modified_maturity_months': 14.88, 'modified_maturity_years': 1.24}",0.0,0.0,1
152992,"{'market_cap_large': 0.0, 'market_cap_mid': 0.0, 'market_cap_others': 100.0, 'market_cap_small': 0.0}",7.12,"{'avg_maturity_days': 521.95, 'avg_maturity_months': 17.16, 'avg_maturity_years': 1.43}","{'modified_maturity_days': 463.55, 'modified_maturity_months': 15.24, 'modified_maturity_years': 1.27}",0.0,0.0,1
153236,"{'market_cap_large': 0.0, 'market_cap_mid': 0.0, 'market_cap_others': 100.0, 'market_cap_small': 0.0}",7.1,"{'avg_maturity_days': 536.55, 'avg_maturity_months': 17.64, 'avg_maturity_years': 1.47}","{'modified_maturity_days': 470.85, 'modified_maturity_months': 15.48, 'modified_maturity_years': 1.29}",0.0,0.0,1
150868,"{'market_cap_large': 0.0, 'market_cap_mid': 0.0, 'market_cap_others': 100.0, 'market_cap_small': 0.0}",6.3,"{'avg_maturity_days': 514.65, 'avg_maturity_months': 16.92, 'avg_maturity_years': 1.41}","{'modified_maturity_days': 474.5, 'modified_maturity_months': 15.6, 'modified_maturity_years': 1.3}",0.0,0.0,1
150845,"{'market_cap_large': 0.0, 'market_cap_mid': 0.0, 'market_cap_others': 100.0, 'market_cap_small': 0.0}",6.1,"{'avg_maturity_days': 543.85, 'avg_maturity_months': 17.88, 'avg_maturity_years': 1.49}","{'modified_maturity_days': 500.05, 'modified_maturity_months': 16.44, 'modified_maturity_years': 1.37}",0.0,0.0,1
148492,"{'market_cap_large': 0.0, 'market_cap_mid': 0.0, 'market_cap_others': 100.0, 'market_cap_small': 0.0}",7.39,"{'avg_maturity_days': 580.35, 'avg_maturity_months': 19.08, 'avg_maturity_years': 1.59}","{'modified_maturity_days': 507.35, 'modified_maturity_months': 16.68, 'modified_maturity_years': 1.39}",0.0,0.0,1
151301,"{'market_cap_large': 0.0, 'market_cap_mid': 0.0, 'market_cap_others': 100.0, 'market_cap_small': 0.0}",6.11,"{'avg_maturity_days': 562.1, 'avg_maturity_months': 18.48, 'avg_maturity_years': 1.54}","{'modified_maturity_days': 511.0, 'modified_maturity_months': 16.8, 'modified_maturity_years': 1.4}",0.0,0.0,1
150012,"{'market_cap_large': 0.0, 'market_cap_mid': 0.0, 'market_cap_others': 100.0, 'market_cap_small': 0.0}",6.63,"{'avg_maturity_days': 580.35, 'avg_maturity_months': 19.08, 'avg_maturity_years': 1.59}","{'modified_maturity_days': 521.95, 'modified_maturity_months': 17.16, 'modified_maturity_years': 1.43}",0.0,0.0,1
149794,"{'market_cap_large': 0.0, 'market_cap_mid': 0.0, 'market_cap_others': 100.0, 'market_cap_small': 0.0}",6.32,"{'avg_maturity_days': 580.35, 'avg_maturity_months': 19.08, 'avg_maturity_years': 1.59}","{'modified_maturity_days': 532.9, 'modified_maturity_months': 17.52, 'modified_maturity_years': 1.46}",0.0,0.0,1
119097,"{'market_cap_large': 0.0, 'market_cap_mid': 0.0, 'market_cap_others': 100.0, 'market_cap_small': 0.0}",5.88,"{'avg_maturity_days': 646.05, 'avg_maturity_months': 21.24, 'avg_maturity_years': 1.77}","{'modified_maturity_days': 532.9, 'modified_maturity_months': 17.52, 'modified_maturity_years': 1.46}",0.0,0.0,1
150353,"{'market_cap_large': 0.0, 'market_cap_mid': 0.0, 'market_cap_others': 100.0, 'market_cap_small': 0.0}",6.54,"{'avg_maturity_days': 594.95, 'avg_maturity_months': 19.56, 'avg_maturity_years': 1.63}","{'modified_maturity_days': 540.2, 'modified_maturity_months': 17.76, 'modified_maturity_years': 1.48}",0.0,0.0,1
151283,"{'market_cap_large': 0.0, 'market_cap_mid': 0.0, 'market_cap_others': 100.0, 'market_cap_small': 0.0}",6.22,"{'avg_maturity_days': 598.6, 'avg_maturity_months': 19.68, 'avg_maturity_years': 1.64}","{'modified_maturity_days': 540.2, 'modified_maturity_months': 17.76, 'modified_maturity_years': 1.48}",0.0,0.0,1
119479,"{'market_cap_large': 0.0, 'market_cap_mid': 0.0, 'market_cap_others': 100.0, 'market_cap_small': 0.0}",8.21,"{'avg_maturity_days': 755.55, 'avg_maturity_months': 24.84, 'avg_maturity_years': 2.07}","{'modified_maturity_days': 584.0, 'modified_maturity_months': 19.2, 'modified_maturity_years': 1.6}",0.0,0.0,1
153172,"{'market_cap_large': 0.0, 'market_cap_mid': 0.0, 'market_cap_others': 100.0, 'market_cap_small': 0.0}",7.23,"{'avg_maturity_days': 689.85, 'avg_maturity_months': 22.68, 'avg_maturity_years': 1.89}","{'modified_maturity_days': 584.0, 'modified_maturity_months': 19.2, 'modified_maturity_years': 1.6}",0.0,0.0,1
118961,"{'market_cap_large': 0.0, 'market_cap_mid': 0.0, 'market_cap_others': 100.0, 'market_cap_small': 0.0}",7.25,"{'avg_maturity_days': 1660.75, 'avg_maturity_months': 54.6, 'avg_maturity_years': 4.55}","{'modified_maturity_days': 584.0, 'modified_maturity_months': 19.2, 'modified_maturity_years': 1.6}",0.0,0.0,1
140769,"{'market_cap_large': 0.0, 'market_cap_mid': 0.0, 'market_cap_others': 100.0, 'market_cap_small': 0.0}",6.56,"{'avg_maturity_days': 660.65, 'avg_maturity_months': 21.72, 'avg_maturity_years': 1.81}","{'modified_maturity_days': 591.3, 'modified_maturity_months': 19.44, 'modified_maturity_years': 1.62}",0.0,0.0,1
144646,"{'market_cap_large': 0.0, 'market_cap_mid': 0.0, 'market_cap_others': 100.0, 'market_cap_small': 0.0}",6.82,"{'avg_maturity_days': 682.55, 'avg_maturity_months': 22.44, 'avg_maturity_years': 1.87}","{'modified_maturity_days': 602.25, 'modified_maturity_months': 19.8, 'modified_maturity_years': 1.65}",0.0,0.0,1
149855,"{'market_cap_large': 0.0, 'market_cap_mid': 0.0, 'market_cap_others': 100.0, 'market_cap_small': 0.0}",6.39,"{'avg_maturity_days': 664.3, 'avg_maturity_months': 21.84, 'avg_maturity_years': 1.82}","{'modified_maturity_days': 605.9, 'modified_maturity_months': 19.92, 'modified_maturity_years': 1.66}",0.0,0.0,1
152887,"{'market_cap_large': 0.0, 'market_cap_mid': 0.0, 'market_cap_others': 100.0, 'market_cap_small': 0.0}",7.29,"{'avg_maturity_days': 704.45, 'avg_maturity_months': 23.16, 'avg_maturity_years': 1.93}","{'modified_maturity_days': 605.9, 'modified_maturity_months': 19.92, 'modified_maturity_years': 1.66}",0.0,0.0,1
149247,"{'market_cap_large': 0.0, 'market_cap_mid': 0.0, 'market_cap_others': 100.0, 'market_cap_small': 0.0}",6.6,"{'avg_maturity_days': 671.6, 'avg_maturity_months': 22.08, 'avg_maturity_years': 1.84}","{'modified_maturity_days': 605.9, 'modified_maturity_months': 19.92, 'modified_maturity_years': 1.66}",0.0,0.0,1
151239,"{'market_cap_large': 0.0, 'market_cap_mid': 0.0, 'market_cap_others': 100.0, 'market_cap_small': 0.0}",6.38,"{'avg_maturity_days': 682.55, 'avg_maturity_months': 22.44, 'avg_maturity_years': 1.87}","{'modified_maturity_days': 616.85, 'modified_maturity_months': 20.28, 'modified_maturity_years': 1.69}",0.0,0.0,1
149873,"{'market_cap_large': 0.0, 'market_cap_mid': 0.0, 'market_cap_others': 100.0, 'market_cap_small': 0.0}",6.37,"{'avg_maturity_days': 704.45, 'avg_maturity_months': 23.16, 'avg_maturity_years': 1.93}","{'modified_maturity_days': 635.1, 'modified_maturity_months': 20.88, 'modified_maturity_years': 1.74}",0.0,0.0,1
147269,"{'market_cap_large': 0.0, 'market_cap_mid': 0.0, 'market_cap_others': 100.0, 'market_cap_small': 0.0}",7.32,"{'avg_maturity_days': 1616.95, 'avg_maturity_months': 53.16, 'avg_maturity_years': 4.43}","{'modified_maturity_days': 638.75, 'modified_maturity_months': 21.0, 'modified_maturity_years': 1.75}",0.0,0.0,1
153335,"{'market_cap_large': 0.0, 'market_cap_mid': 0.0, 'market_cap_others': 100.0, 'market_cap_small': 0.0}",7.33,"{'avg_maturity_days': 748.25, 'avg_maturity_months': 24.6, 'avg_maturity_years': 2.05}","{'modified_maturity_days': 642.4, 'modified_maturity_months': 21.12, 'modified_maturity_years': 1.76}",0.0,0.0,1
150358,"{'market_cap_large': 0.0, 'market_cap_mid': 0.0, 'market_cap_others': 100.0, 'market_cap_small': 0.0}",6.4,"{'avg_maturity_days': 730.0, 'avg_maturity_months': 24.0, 'avg_maturity_years': 2.0}","{'modified_maturity_days': 657.0, 'modified_maturity_months': 21.6, 'modified_maturity_years': 1.8}",0.0,0.0,1
150727,"{'market_cap_large': 0.0, 'market_cap_mid': 0.0, 'market_cap_others': 100.0, 'market_cap_small': 0.0}",6.24,"{'avg_maturity_days': 733.65, 'avg_maturity_months': 24.12, 'avg_maturity_years': 2.01}","{'modified_maturity_days': 657.0, 'modified_maturity_months': 21.6, 'modified_maturity_years': 1.8}",0.0,0.0,1
152869,"{'market_cap_large': 0.0, 'market_cap_mid': 0.0, 'market_cap_others': 100.0, 'market_cap_small': 0.0}",7.23,"{'avg_maturity_days': 781.1, 'avg_maturity_months': 25.68, 'avg_maturity_years': 2.14}","{'modified_maturity_days': 660.65, 'modified_maturity_months': 21.72, 'modified_maturity_years': 1.81}",0.0,0.0,1
151570,"{'market_cap_large': 0.0, 'market_cap_mid': 0.0, 'market_cap_others': 100.0, 'market_cap_small': 0.0}",6.23,"{'avg_maturity_days': 737.3, 'avg_maturity_months': 24.24, 'avg_maturity_years': 2.02}","{'modified_maturity_days': 660.65, 'modified_maturity_months': 21.72, 'modified_maturity_years': 1.81}",0.0,0.0,1
153051,"{'market_cap_large': 0.0, 'market_cap_mid': 0.0, 'market_cap_others': 100.0, 'market_cap_small': 0.0}",7.07,"{'avg_maturity_days': 792.05, 'avg_maturity_months': 26.04, 'avg_maturity_years': 2.17}","{'modified_maturity_days': 675.25, 'modified_maturity_months': 22.2, 'modified_maturity_years': 1.85}",0.0,0.0,1
151593,"{'market_cap_large': 0.0, 'market_cap_mid': 0.0, 'market_cap_others': 100.0, 'market_cap_small': 0.0}",6.12,"{'avg_maturity_days': 755.55, 'avg_maturity_months': 24.84, 'avg_maturity_years': 2.07}","{'modified_maturity_days': 675.25, 'modified_maturity_months': 22.2, 'modified_maturity_years': 1.85}",0.0,0.0,1
148789,"{'market_cap_large': 0.0, 'market_cap_mid': 0.0, 'market_cap_others': 100.0, 'market_cap_small': 0.0}",6.11,"{'avg_maturity_days': 755.55, 'avg_maturity_months': 24.84, 'avg_maturity_years': 2.07}","{'modified_maturity_days': 675.25, 'modified_maturity_months': 22.2, 'modified_maturity_years': 1.85}",0.0,0.0,1
151479,"{'market_cap_large': 0.0, 'market_cap_mid': 0.0, 'market_cap_others': 100.0, 'market_cap_small': 0.0}",6.11,"{'avg_maturity_days': 755.55, 'avg_maturity_months': 24.84, 'avg_maturity_years': 2.07}","{'modified_maturity_days': 678.9, 'modified_maturity_months': 22.32, 'modified_maturity_years': 1.86}",0.0,0.0,1
152659,"{'market_cap_large': 0.0, 'market_cap_mid': 0.0, 'market_cap_others': 100.0, 'market_cap_small': 0.0}",6.11,"{'avg_maturity_days': 759.2, 'avg_maturity_months': 24.96, 'avg_maturity_years': 2.08}","{'modified_maturity_days': 678.9, 'modified_maturity_months': 22.32, 'modified_maturity_years': 1.86}",0.0,0.0,1
153030,"{'market_cap_large': 0.0, 'market_cap_mid': 0.0, 'market_cap_others': 100.0, 'market_cap_small': 0.0}",7.25,"{'avg_maturity_days': 803.0, 'avg_maturity_months': 26.4, 'avg_maturity_years': 2.2}","{'modified_maturity_days': 682.55, 'modified_maturity_months': 22.44, 'modified_maturity_years': 1.87}",0.0,0.0,1
152140,"{'market_cap_large': 0.0, 'market_cap_mid': 0.0, 'market_cap_others': 100.0, 'market_cap_small': 0.0}",3.67,"{'avg_maturity_days': 719.05, 'avg_maturity_months': 23.64, 'avg_maturity_years': 1.97}","{'modified_maturity_days': 686.2, 'modified_maturity_months': 22.56, 'modified_maturity_years': 1.88}",0.0,0.0,1
151181,"{'market_cap_large': 0.0, 'market_cap_mid': 0.0, 'market_cap_others': 100.0, 'market_cap_small': 0.0}",6.11,"{'avg_maturity_days': 773.8, 'avg_maturity_months': 25.44, 'avg_maturity_years': 2.12}","{'modified_maturity_days': 689.85, 'modified_maturity_months': 22.68, 'modified_maturity_years': 1.89}",0.0,0.0,1
151435,"{'market_cap_large': 0.0, 'market_cap_mid': 0.0, 'market_cap_others': 100.0, 'market_cap_small': 0.0}",6.23,"{'avg_maturity_days': 777.45, 'avg_maturity_months': 25.56, 'avg_maturity_years': 2.13}","{'modified_maturity_days': 693.5, 'modified_maturity_months': 22.8, 'modified_maturity_years': 1.9}",0.0,0.0,1
150906,"{'market_cap_large': 0.0, 'market_cap_mid': 0.0, 'market_cap_others': 100.0, 'market_cap_small': 0.0}",6.11,"{'avg_maturity_days': 784.75, 'avg_maturity_months': 25.8, 'avg_maturity_years': 2.15}","{'modified_maturity_days': 700.8, 'modified_maturity_months': 23.04, 'modified_maturity_years': 1.92}",0.0,0.0,1
119082,"{'market_cap_large': 0.0, 'market_cap_mid': 0.0, 'market_cap_others': 100.0, 'market_cap_small': 0.0}",7.34,"{'avg_maturity_days': 959.95, 'avg_maturity_months': 31.56, 'avg_maturity_years': 2.63}","{'modified_maturity_days': 704.45, 'modified_maturity_months': 23.16, 'modified_maturity_years': 1.93}",0.0,0.0,1
151373,"{'market_cap_large': 0.0, 'market_cap_mid': 0.0, 'market_cap_others': 100.0, 'market_cap_small': 0.0}",6.25,"{'avg_maturity_days': 806.65, 'avg_maturity_months': 26.52, 'avg_maturity_years': 2.21}","{'modified_maturity_days': 722.7, 'modified_maturity_months': 23.76, 'modified_maturity_years': 1.98}",0.0,0.0,1
149210,"{'market_cap_large': 0.0, 'market_cap_mid': 0.0, 'market_cap_others': 100.0, 'market_cap_small': 0.0}",6.56,"{'avg_maturity_days': 817.6, 'avg_maturity_months': 26.88, 'avg_maturity_years': 2.24}","{'modified_maturity_days': 726.35, 'modified_maturity_months': 23.88, 'modified_maturity_years': 1.99}",0.0,0.0,1
149999,"{'market_cap_large': 0.0, 'market_cap_mid': 0.0, 'market_cap_others': 100.0, 'market_cap_small': 0.0}",6.39,"{'avg_maturity_days': 813.95, 'avg_maturity_months': 26.76, 'avg_maturity_years': 2.23}","{'modified_maturity_days': 730.0, 'modified_maturity_months': 24.0, 'modified_maturity_years': 2.0}",0.0,0.0,1
150888,"{'market_cap_large': 0.0, 'market_cap_mid': 0.0, 'market_cap_others': 100.0, 'market_cap_small': 0.0}",6.35,"{'avg_maturity_days': 813.95, 'avg_maturity_months': 26.76, 'avg_maturity_years': 2.23}","{'modified_maturity_days': 730.0, 'modified_maturity_months': 24.0, 'modified_maturity_years': 2.0}",0.0,0.0,1
126940,"{'market_cap_large': 0.0, 'market_cap_mid': 0.0, 'market_cap_others': 100.0, 'market_cap_small': 0.0}",6.75,"{'avg_maturity_days': 846.8, 'avg_maturity_months': 27.84, 'avg_maturity_years': 2.32}","{'modified_maturity_days': 737.3, 'modified_maturity_months': 24.24, 'modified_maturity_years': 2.02}",0.0,0.0,1
151562,"{'market_cap_large': 0.0, 'market_cap_mid': 0.0, 'market_cap_others': 100.0, 'market_cap_small': 0.0}",6.33,"{'avg_maturity_days': 810.3, 'avg_maturity_months': 26.64, 'avg_maturity_years': 2.22}","{'modified_maturity_days': 737.3, 'modified_maturity_months': 24.24, 'modified_maturity_years': 2.02}",0.0,0.0,1
150711,"{'market_cap_large': 0.0, 'market_cap_mid': 0.0, 'market_cap_others': 100.0, 'market_cap_small': 0.0}",6.37,"{'avg_maturity_days': 821.25, 'avg_maturity_months': 27.0, 'avg_maturity_years': 2.25}","{'modified_maturity_days': 737.3, 'modified_maturity_months': 24.24, 'modified_maturity_years': 2.02}",0.0,0.0,1
118780,"{'market_cap_large': 0.0, 'market_cap_mid': 0.0, 'market_cap_others': 100.0, 'market_cap_small': 0.0}",8.34,"{'avg_maturity_days': 872.35, 'avg_maturity_months': 28.68, 'avg_maturity_years': 2.39}","{'modified_maturity_days': 740.95, 'modified_maturity_months': 24.36, 'modified_maturity_years': 2.03}",0.0,0.0,1
153115,"{'market_cap_large': 0.0, 'market_cap_mid': 0.0, 'market_cap_others': 100.0, 'market_cap_small': 0.0}",7.29,"{'avg_maturity_days': 916.15, 'avg_maturity_months': 30.12, 'avg_maturity_years': 2.51}","{'modified_maturity_days': 781.1, 'modified_maturity_months': 25.68, 'modified_maturity_years': 2.14}",0.0,0.0,1
150326,"{'market_cap_large': 0.0, 'market_cap_mid': 0.0, 'market_cap_others': 100.0, 'market_cap_small': 0.0}",6.54,"{'avg_maturity_days': 901.55, 'avg_maturity_months': 29.64, 'avg_maturity_years': 2.47}","{'modified_maturity_days': 784.75, 'modified_maturity_months': 25.8, 'modified_maturity_years': 2.15}",0.0,0.0,1
152996,"{'market_cap_large': 0.0, 'market_cap_mid': 0.0, 'market_cap_others': 100.0, 'market_cap_small': 0.0}",7.17,"{'avg_maturity_days': 923.45, 'avg_maturity_months': 30.36, 'avg_maturity_years': 2.53}","{'modified_maturity_days': 788.4, 'modified_maturity_months': 25.92, 'modified_maturity_years': 2.16}",0.0,0.0,1
130543,"{'market_cap_large': 0.0, 'market_cap_mid': 0.0, 'market_cap_others': 100.0, 'market_cap_small': 0.0}",0.0,"{'avg_maturity_days': 1062.6, 'avg_maturity_months': 35.42, 'avg_maturity_years': 2.9517}","{'modified_maturity_days': 788.4, 'modified_maturity_months': 25.92, 'modified_maturity_years': 2.16}",0.0,0.0,1
119798,"{'market_cap_large': 0.0, 'market_cap_mid': 0.0, 'market_cap_others': 100.0, 'market_cap_small': 0.0}",8.0,"{'avg_maturity_days': 1084.05, 'avg_maturity_months': 35.64, 'avg_maturity_years': 2.97}","{'modified_maturity_days': 792.05, 'modified_maturity_months': 26.04, 'modified_maturity_years': 2.17}",0.0,0.0,1
151407,"{'market_cap_large': 0.0, 'market_cap_mid': 0.0, 'market_cap_others': 100.0, 'market_cap_small': 0.0}",6.13,"{'avg_maturity_days': 916.15, 'avg_maturity_months': 30.12, 'avg_maturity_years': 2.51}","{'modified_maturity_days': 799.35, 'modified_maturity_months': 26.28, 'modified_maturity_years': 2.19}",0.0,0.0,1
120764,"{'market_cap_large': 0.0, 'market_cap_mid': 0.0, 'market_cap_others': 100.0, 'market_cap_small': 0.0}",7.64,"{'avg_maturity_days': 1109.6, 'avg_maturity_months': 36.48, 'avg_maturity_years': 3.04}","{'modified_maturity_days': 813.95, 'modified_maturity_months': 26.76, 'modified_maturity_years': 2.23}",0.0,0.0,1
151577,"{'market_cap_large': 0.0, 'market_cap_mid': 0.0, 'market_cap_others': 100.0, 'market_cap_small': 0.0}",6.13,"{'avg_maturity_days': 923.45, 'avg_maturity_months': 30.36, 'avg_maturity_years': 2.53}","{'modified_maturity_days': 817.6, 'modified_maturity_months': 26.88, 'modified_maturity_years': 2.24}",0.0,0.0,1
148792,"{'market_cap_large': 0.0, 'market_cap_mid': 0.0, 'market_cap_others': 100.0, 'market_cap_small': 0.0}",6.13,"{'avg_maturity_days': 923.45, 'avg_maturity_months': 30.36, 'avg_maturity_years': 2.53}","{'modified_maturity_days': 817.6, 'modified_maturity_months': 26.88, 'modified_maturity_years': 2.24}",0.0,0.0,1
133488,"{'market_cap_large': 0.0, 'market_cap_mid': 0.0, 'market_cap_others': 100.0, 'market_cap_small': 0.0}",7.79,"{'avg_maturity_days': 1189.9, 'avg_maturity_months': 39.12, 'avg_maturity_years': 3.26}","{'modified_maturity_days': 817.6, 'modified_maturity_months': 26.88, 'modified_maturity_years': 2.24}",0.0,0.0,1
119127,"{'market_cap_large': 0.0, 'market_cap_mid': 0.0, 'market_cap_others': 100.0, 'market_cap_small': 0.0}",7.49,"{'avg_maturity_days': 1076.75, 'avg_maturity_months': 35.4, 'avg_maturity_years': 2.95}","{'modified_maturity_days': 854.1, 'modified_maturity_months': 28.08, 'modified_maturity_years': 2.34}",0.0,0.0,1
148656,"{'market_cap_large': 0.0, 'market_cap_mid': 0.0, 'market_cap_others': 100.0, 'market_cap_small': 0.0}",6.75,"{'avg_maturity_days': 1018.35, 'avg_maturity_months': 33.48, 'avg_maturity_years': 2.79}","{'modified_maturity_days': 857.75, 'modified_maturity_months': 28.2, 'modified_maturity_years': 2.35}",0.0,0.0,1
149970,"{'market_cap_large': 0.0, 'market_cap_mid': 0.0, 'market_cap_others': 100.0, 'market_cap_small': 0.0}",6.22,"{'avg_maturity_days': 981.85, 'avg_maturity_months': 32.28, 'avg_maturity_years': 2.69}","{'modified_maturity_days': 861.4, 'modified_maturity_months': 28.32, 'modified_maturity_years': 2.36}",0.0,0.0,1
119741,"{'market_cap_large': 0.0, 'market_cap_mid': 0.0, 'market_cap_others': 100.0, 'market_cap_small': 0.0}",8.25,"{'avg_maturity_days': 1095.0, 'avg_maturity_months': 36.0, 'avg_maturity_years': 3.0}","{'modified_maturity_days': 861.4, 'modified_maturity_months': 28.32, 'modified_maturity_years': 2.36}",0.0,0.0,1
120711,"{'market_cap_large': 0.0, 'market_cap_mid': 0.0, 'market_cap_others': 100.0, 'market_cap_small': 0.0}",8.17,"{'avg_maturity_days': 1189.9, 'avg_maturity_months': 39.12, 'avg_maturity_years': 3.26}","{'modified_maturity_days': 868.7, 'modified_maturity_months': 28.56, 'modified_maturity_years': 2.38}",0.0,0.0,1
121279,"{'market_cap_large': 0.0, 'market_cap_mid': 0.0, 'market_cap_others': 100.0, 'market_cap_small': 0.0}",6.71,"{'avg_maturity_days': 1102.3, 'avg_maturity_months': 36.24, 'avg_maturity_years': 3.02}","{'modified_maturity_days': 876.0, 'modified_maturity_months': 28.8, 'modified_maturity_years': 2.4}",0.0,0.0,1
134387,"{'market_cap_large': 0.0, 'market_cap_mid': 0.0, 'market_cap_others': 100.0, 'market_cap_small': 0.0}",8.03,"{'avg_maturity_days': 1354.15, 'avg_maturity_months': 44.52, 'avg_maturity_years': 3.71}","{'modified_maturity_days': 876.0, 'modified_maturity_months': 28.8, 'modified_maturity_years': 2.4}",0.0,0.0,1
119462,"{'market_cap_large': 0.0, 'market_cap_mid': 0.0, 'market_cap_others': 100.0, 'market_cap_small': 0.0}",5.15,"{'avg_maturity_days': 1025.65, 'avg_maturity_months': 33.72, 'avg_maturity_years': 2.81}","{'modified_maturity_days': 879.65, 'modified_maturity_months': 28.92, 'modified_maturity_years': 2.41}",0.0,0.0,1
148729,"{'market_cap_large': 0.0, 'market_cap_mid': 0.0, 'market_cap_others': 100.0, 'market_cap_small': 0.0}",6.91,"{'avg_maturity_days': 1062.15, 'avg_maturity_months': 34.92, 'avg_maturity_years': 2.91}","{'modified_maturity_days': 879.65, 'modified_maturity_months': 28.92, 'modified_maturity_years': 2.41}",0.0,0.0,1
150824,"{'market_cap_large': 0.0, 'market_cap_mid': 0.0, 'market_cap_others': 100.0, 'market_cap_small': 0.0}",6.34,"{'avg_maturity_days': 1014.7, 'avg_maturity_months': 33.36, 'avg_maturity_years': 2.78}","{'modified_maturity_days': 886.95, 'modified_maturity_months': 29.16, 'modified_maturity_years': 2.43}",0.0,0.0,1
149966,"{'market_cap_large': 0.0, 'market_cap_mid': 0.0, 'market_cap_others': 100.0, 'market_cap_small': 0.0}",6.27,"{'avg_maturity_days': 1003.75, 'avg_maturity_months': 33.0, 'avg_maturity_years': 2.75}","{'modified_maturity_days': 890.6, 'modified_maturity_months': 29.28, 'modified_maturity_years': 2.44}",0.0,0.0,1
151487,"{'market_cap_large': 0.0, 'market_cap_mid': 0.0, 'market_cap_others': 100.0, 'market_cap_small': 0.0}",6.53,"{'avg_maturity_days': 1022.0, 'avg_maturity_months': 33.6, 'avg_maturity_years': 2.8}","{'modified_maturity_days': 897.9, 'modified_maturity_months': 29.52, 'modified_maturity_years': 2.46}",0.0,0.0,1
150545,"{'market_cap_large': 0.0, 'market_cap_mid': 0.0, 'market_cap_others': 100.0, 'market_cap_small': 0.0}",6.74,"{'avg_maturity_days': 1087.7, 'avg_maturity_months': 35.76, 'avg_maturity_years': 2.98}","{'modified_maturity_days': 897.9, 'modified_maturity_months': 29.52, 'modified_maturity_years': 2.46}",0.0,0.0,1
150725,"{'market_cap_large': 0.0, 'market_cap_mid': 0.0, 'market_cap_others': 100.0, 'market_cap_small': 0.0}",6.59,"{'avg_maturity_days': 1040.25, 'avg_maturity_months': 34.2, 'avg_maturity_years': 2.85}","{'modified_maturity_days': 897.9, 'modified_maturity_months': 29.52, 'modified_maturity_years': 2.46}",0.0,0.0,1
140603,"{'market_cap_large': 0.0, 'market_cap_mid': 0.0, 'market_cap_others': 100.0, 'market_cap_small': 0.0}",7.16,"{'avg_maturity_days': 1266.55, 'avg_maturity_months': 41.64, 'avg_maturity_years': 3.47}","{'modified_maturity_days': 916.15, 'modified_maturity_months': 30.12, 'modified_maturity_years': 2.51}",0.0,0.0,1
151045,"{'market_cap_large': 0.0, 'market_cap_mid': 0.0, 'market_cap_others': 100.0, 'market_cap_small': 0.0}",7.44,"{'avg_maturity_days': 1259.25, 'avg_maturity_months': 41.4, 'avg_maturity_years': 3.45}","{'modified_maturity_days': 919.8, 'modified_maturity_months': 30.24, 'modified_maturity_years': 2.52}",0.0,0.0,1
151300,"{'market_cap_large': 0.0, 'market_cap_mid': 0.0, 'market_cap_others': 100.0, 'market_cap_small': 0.0}",6.28,"{'avg_maturity_days': 1051.2, 'avg_maturity_months': 34.56, 'avg_maturity_years': 2.88}","{'modified_maturity_days': 923.45, 'modified_maturity_months': 30.36, 'modified_maturity_years': 2.53}",0.0,0.0,1
118410,"{'market_cap_large': 0.0, 'market_cap_mid': 0.0, 'market_cap_others': 100.0, 'market_cap_small': 0.0}",6.9,"{'avg_maturity_days': 1157.05, 'avg_maturity_months': 38.04, 'avg_maturity_years': 3.17}","{'modified_maturity_days': 923.45, 'modified_maturity_months': 30.36, 'modified_maturity_years': 2.53}",0.0,0.0,1
151691,"{'market_cap_large': 0.0, 'market_cap_mid': 0.0, 'market_cap_others': 100.0, 'market_cap_small': 0.0}",6.41,"{'avg_maturity_days': 1073.1, 'avg_maturity_months': 35.28, 'avg_maturity_years': 2.94}","{'modified_maturity_days': 927.1, 'modified_maturity_months': 30.48, 'modified_maturity_years': 2.54}",0.0,0.0,1
150702,"{'market_cap_large': 0.0, 'market_cap_mid': 0.0, 'market_cap_others': 100.0, 'market_cap_small': 0.0}",6.28,"{'avg_maturity_days': 1054.85, 'avg_maturity_months': 34.68, 'avg_maturity_years': 2.89}","{'modified_maturity_days': 934.4, 'modified_maturity_months': 30.72, 'modified_maturity_years': 2.56}",0.0,0.0,1
118320,"{'market_cap_large': 0.0, 'market_cap_mid': 0.0, 'market_cap_others': 100.0, 'market_cap_small': 0.0}",6.75,"{'avg_maturity_days': 1215.45, 'avg_maturity_months': 39.96, 'avg_maturity_years': 3.33}","{'modified_maturity_days': 938.05, 'modified_maturity_months': 30.84, 'modified_maturity_years': 2.57}",0.0,0.0,1
151365,"{'market_cap_large': 0.0, 'market_cap_mid': 0.0, 'market_cap_others': 100.0, 'market_cap_small': 0.0}",6.28,"{'avg_maturity_days': 1095.0, 'avg_maturity_months': 36.0, 'avg_maturity_years': 3.0}","{'modified_maturity_days': 941.7, 'modified_maturity_months': 30.96, 'modified_maturity_years': 2.58}",0.0,0.0,1
119400,"{'market_cap_large': 0.0, 'market_cap_mid': 0.0, 'market_cap_others': 100.0, 'market_cap_small': 0.0}",6.83,"{'avg_maturity_days': 1153.4, 'avg_maturity_months': 37.92, 'avg_maturity_years': 3.16}","{'modified_maturity_days': 945.35, 'modified_maturity_months': 31.08, 'modified_maturity_years': 2.59}",0.0,0.0,1
123704,"{'market_cap_large': 0.0, 'market_cap_mid': 0.0, 'market_cap_others': 100.0, 'market_cap_small': 0.0}",6.86,"{'avg_maturity_days': 1164.35, 'avg_maturity_months': 38.28, 'avg_maturity_years': 3.19}","{'modified_maturity_days': 963.6, 'modified_maturity_months': 31.68, 'modified_maturity_years': 2.64}",0.0,0.0,1
150505,"{'market_cap_large': 0.0, 'market_cap_mid': 0.0, 'market_cap_others': 100.0, 'market_cap_small': 0.0}",6.79,"{'avg_maturity_days': 1357.8, 'avg_maturity_months': 44.64, 'avg_maturity_years': 3.72}","{'modified_maturity_days': 963.6, 'modified_maturity_months': 31.68, 'modified_maturity_years': 2.64}",0.0,0.0,1
145954,"{'market_cap_large': 0.0, 'market_cap_mid': 0.0, 'market_cap_others': 100.0, 'market_cap_small': 0.0}",6.66,"{'avg_maturity_days': 1171.65, 'avg_maturity_months': 38.52, 'avg_maturity_years': 3.21}","{'modified_maturity_days': 967.25, 'modified_maturity_months': 31.8, 'modified_maturity_years': 2.65}",0.0,0.0,1
120754,"{'market_cap_large': 0.0, 'market_cap_mid': 0.0, 'market_cap_others': 100.0, 'market_cap_small': 0.0}",7.23,"{'avg_maturity_days': 1602.35, 'avg_maturity_months': 52.68, 'avg_maturity_years': 4.39}","{'modified_maturity_days': 967.25, 'modified_maturity_months': 31.8, 'modified_maturity_years': 2.65}",0.0,0.0,1
128051,"{'market_cap_large': 0.0, 'market_cap_mid': 0.0, 'market_cap_others': 100.0, 'market_cap_small': 0.0}",8.06,"{'avg_maturity_days': 1547.6, 'avg_maturity_months': 50.88, 'avg_maturity_years': 4.24}","{'modified_maturity_days': 967.25, 'modified_maturity_months': 31.8, 'modified_maturity_years': 2.65}",0.0,0.0,1
149007,"{'market_cap_large': 0.0, 'market_cap_mid': 0.0, 'market_cap_others': 100.0, 'market_cap_small': 0.0}",7.29,"{'avg_maturity_days': 2011.15, 'avg_maturity_months': 66.12, 'avg_maturity_years': 5.51}","{'modified_maturity_days': 974.55, 'modified_maturity_months': 32.04, 'modified_maturity_years': 2.67}",0.0,0.0,1
149587,"{'market_cap_large': 0.0, 'market_cap_mid': 0.0, 'market_cap_others': 100.0, 'market_cap_small': 0.0}",6.85,"{'avg_maturity_days': 1241.0, 'avg_maturity_months': 40.8, 'avg_maturity_years': 3.4}","{'modified_maturity_days': 974.55, 'modified_maturity_months': 32.04, 'modified_maturity_years': 2.67}",0.0,0.0,1
142641,"{'market_cap_large': 0.0, 'market_cap_mid': 0.0, 'market_cap_others': 100.0, 'market_cap_small': 0.0}",6.98,"{'avg_maturity_days': 1299.4, 'avg_maturity_months': 42.72, 'avg_maturity_years': 3.56}","{'modified_maturity_days': 978.2, 'modified_maturity_months': 32.16, 'modified_maturity_years': 2.68}",0.0,0.0,1
150807,"{'market_cap_large': 0.0, 'market_cap_mid': 0.0, 'market_cap_others': 100.0, 'market_cap_small': 0.0}",6.29,"{'avg_maturity_days': 1124.2, 'avg_maturity_months': 36.96, 'avg_maturity_years': 3.08}","{'modified_maturity_days': 978.2, 'modified_maturity_months': 32.16, 'modified_maturity_years': 2.68}",0.0,0.0,1
148771,"{'market_cap_large': 0.0, 'market_cap_mid': 0.0, 'market_cap_others': 100.0, 'market_cap_small': 0.0}",6.89,"{'avg_maturity_days': 3263.1, 'avg_maturity_months': 107.28, 'avg_maturity_years': 8.94}","{'modified_maturity_days': 981.85, 'modified_maturity_months': 32.28, 'modified_maturity_years': 2.69}",0.0,0.0,1
119226,"{'market_cap_large': 0.0, 'market_cap_mid': 0.0, 'market_cap_others': 100.0, 'market_cap_small': 0.0}",6.91,"{'avg_maturity_days': 1481.9, 'avg_maturity_months': 48.72, 'avg_maturity_years': 4.06}","{'modified_maturity_days': 992.8, 'modified_maturity_months': 32.64, 'modified_maturity_years': 2.72}",0.0,0.0,1
130314,"{'market_cap_large': 0.0, 'market_cap_mid': 0.0, 'market_cap_others': 100.0, 'market_cap_small': 0.0}",7.84,"{'avg_maturity_days': 1299.4, 'avg_maturity_months': 42.72, 'avg_maturity_years': 3.56}","{'modified_maturity_days': 996.45, 'modified_maturity_months': 32.76, 'modified_maturity_years': 2.73}",0.0,0.0,1
118796,"{'market_cap_large': 0.0, 'market_cap_mid': 0.0, 'market_cap_others': 100.0, 'market_cap_small': 0.0}",7.14,"{'avg_maturity_days': 1321.3, 'avg_maturity_months': 43.44, 'avg_maturity_years': 3.62}","{'modified_maturity_days': 1003.75, 'modified_maturity_months': 33.0, 'modified_maturity_years': 2.75}",0.0,0.0,1
120438,"{'market_cap_large': 0.0, 'market_cap_mid': 0.0, 'market_cap_others': 100.0, 'market_cap_small': 0.0}",6.76,"{'avg_maturity_days': 1332.25, 'avg_maturity_months': 43.8, 'avg_maturity_years': 3.65}","{'modified_maturity_days': 1011.05, 'modified_maturity_months': 33.24, 'modified_maturity_years': 2.77}",0.0,0.0,1
120048,"{'market_cap_large': 0.0, 'market_cap_mid': 0.0, 'market_cap_others': 100.0, 'market_cap_small': 0.0}",7.09,"{'avg_maturity_days': 1284.8, 'avg_maturity_months': 42.24, 'avg_maturity_years': 3.52}","{'modified_maturity_days': 1011.05, 'modified_maturity_months': 33.24, 'modified_maturity_years': 2.77}",0.0,0.0,1
149076,"{'market_cap_large': 0.0, 'market_cap_mid': 0.0, 'market_cap_others': 100.0, 'market_cap_small': 0.0}",6.7,"{'avg_maturity_days': 1255.6, 'avg_maturity_months': 41.28, 'avg_maturity_years': 3.44}","{'modified_maturity_days': 1014.7, 'modified_maturity_months': 33.36, 'modified_maturity_years': 2.78}",0.0,0.0,1
151067,"{'market_cap_large': 0.0, 'market_cap_mid': 0.0, 'market_cap_others': 100.0, 'market_cap_small': 0.0}",6.82,"{'avg_maturity_days': 1266.55, 'avg_maturity_months': 41.64, 'avg_maturity_years': 3.47}","{'modified_maturity_days': 1014.7, 'modified_maturity_months': 33.36, 'modified_maturity_years': 2.78}",0.0,0.0,1
153242,"{'market_cap_large': 0.0, 'market_cap_mid': 0.0, 'market_cap_others': 100.0, 'market_cap_small': 0.0}",6.88,"{'avg_maturity_days': 1255.6, 'avg_maturity_months': 41.28, 'avg_maturity_years': 3.44}","{'modified_maturity_days': 1014.7, 'modified_maturity_months': 33.36, 'modified_maturity_years': 2.78}",0.0,0.0,1
151440,"{'market_cap_large': 0.0, 'market_cap_mid': 0.0, 'market_cap_others': 100.0, 'market_cap_small': 0.0}",6.14,"{'avg_maturity_days': 1157.05, 'avg_maturity_months': 38.04, 'avg_maturity_years': 3.17}","{'modified_maturity_days': 1018.35, 'modified_maturity_months': 33.48, 'modified_maturity_years': 2.79}",0.0,0.0,1
120718,"{'market_cap_large': 0.0, 'market_cap_mid': 0.0, 'market_cap_others': 100.0, 'market_cap_small': 0.0}",6.97,"{'avg_maturity_days': 1314.0, 'avg_maturity_months': 43.2, 'avg_maturity_years': 3.6}","{'modified_maturity_days': 1018.35, 'modified_maturity_months': 33.48, 'modified_maturity_years': 2.79}",0.0,0.0,1
119382,"{'market_cap_large': 0.0, 'market_cap_mid': 0.0, 'market_cap_others': 100.0, 'market_cap_small': 0.0}",6.66,"{'avg_maturity_days': 1237.35, 'avg_maturity_months': 40.68, 'avg_maturity_years': 3.39}","{'modified_maturity_days': 1018.35, 'modified_maturity_months': 33.48, 'modified_maturity_years': 2.79}",0.0,0.0,1
150996,"{'market_cap_large': 0.0, 'market_cap_mid': 0.0, 'market_cap_others': 100.0, 'market_cap_small': 0.0}",6.79,"{'avg_maturity_days': 1222.75, 'avg_maturity_months': 40.2, 'avg_maturity_years': 3.35}","{'modified_maturity_days': 1022.0, 'modified_maturity_months': 33.6, 'modified_maturity_years': 2.8}",0.0,0.0,1
119016,"{'market_cap_large': 0.0, 'market_cap_mid': 0.0, 'market_cap_others': 100.0, 'market_cap_small': 0.0}",7.1,"{'avg_maturity_days': 1525.7, 'avg_maturity_months': 50.16, 'avg_maturity_years': 4.18}","{'modified_maturity_days': 1022.0, 'modified_maturity_months': 33.6, 'modified_maturity_years': 2.8}",0.0,0.0,1
119739,"{'market_cap_large': 0.0, 'market_cap_mid': 0.0, 'market_cap_others': 100.0, 'market_cap_small': 0.0}",6.98,"{'avg_maturity_days': 1565.85, 'avg_maturity_months': 51.48, 'avg_maturity_years': 4.29}","{'modified_maturity_days': 1040.25, 'modified_maturity_months': 34.2, 'modified_maturity_years': 2.85}",0.0,0.0,1
118656,"{'market_cap_large': 0.0, 'market_cap_mid': 0.0, 'market_cap_others': 100.0, 'market_cap_small': 0.0}",7.09,"{'avg_maturity_days': 1387.0, 'avg_maturity_months': 45.6, 'avg_maturity_years': 3.8}","{'modified_maturity_days': 1040.25, 'modified_maturity_months': 34.2, 'modified_maturity_years': 2.85}",0.0,0.0,1
120560,"{'market_cap_large': 0.0, 'market_cap_mid': 0.0, 'market_cap_others': 100.0, 'market_cap_small': 0.0}",6.86,"{'avg_maturity_days': 1292.1, 'avg_maturity_months': 42.48, 'avg_maturity_years': 3.54}","{'modified_maturity_days': 1040.25, 'modified_maturity_months': 34.2, 'modified_maturity_years': 2.85}",0.0,0.0,1
119498,"{'market_cap_large': 0.0, 'market_cap_mid': 0.0, 'market_cap_others': 100.0, 'market_cap_small': 0.0}",7.19,"{'avg_maturity_days': 1361.45, 'avg_maturity_months': 44.76, 'avg_maturity_years': 3.73}","{'modified_maturity_days': 1047.55, 'modified_maturity_months': 34.44, 'modified_maturity_years': 2.87}",0.0,0.0,1
118407,"{'market_cap_large': 0.0, 'market_cap_mid': 0.0, 'market_cap_others': 100.0, 'market_cap_small': 0.0}",6.8,"{'avg_maturity_days': 1317.65, 'avg_maturity_months': 43.32, 'avg_maturity_years': 3.61}","{'modified_maturity_days': 1047.55, 'modified_maturity_months': 34.44, 'modified_maturity_years': 2.87}",0.0,0.0,1
148711,"{'market_cap_large': 0.0, 'market_cap_mid': 0.0, 'market_cap_others': 100.0, 'market_cap_small': 0.0}",7.04,"{'avg_maturity_days': 1343.2, 'avg_maturity_months': 44.16, 'avg_maturity_years': 3.68}","{'modified_maturity_days': 1047.55, 'modified_maturity_months': 34.44, 'modified_maturity_years': 2.87}",0.0,0.0,1
119816,"{'market_cap_large': 0.0, 'market_cap_mid': 0.0, 'market_cap_others': 100.0, 'market_cap_small': 0.0}",7.03,"{'avg_maturity_days': 1314.0, 'avg_maturity_months': 43.2, 'avg_maturity_years': 3.6}","{'modified_maturity_days': 1051.2, 'modified_maturity_months': 34.56, 'modified_maturity_years': 2.88}",0.0,0.0,1
119949,"{'market_cap_large': 0.0, 'market_cap_mid': 0.0, 'market_cap_others': 100.0, 'market_cap_small': 0.0}",6.79,"{'avg_maturity_days': 1423.5, 'avg_maturity_months': 46.8, 'avg_maturity_years': 3.9}","{'modified_maturity_days': 1054.85, 'modified_maturity_months': 34.68, 'modified_maturity_years': 2.89}",0.0,0.0,1
120679,"{'market_cap_large': 0.0, 'market_cap_mid': 0.0, 'market_cap_others': 100.0, 'market_cap_small': 0.0}",7.09,"{'avg_maturity_days': 2073.2, 'avg_maturity_months': 68.16, 'avg_maturity_years': 5.68}","{'modified_maturity_days': 1054.85, 'modified_maturity_months': 34.68, 'modified_maturity_years': 2.89}",0.0,0.0,1
118486,"{'market_cap_large': 0.0, 'market_cap_mid': 0.0, 'market_cap_others': 100.0, 'market_cap_small': 0.0}",7.06,"{'avg_maturity_days': 1474.6, 'avg_maturity_months': 48.48, 'avg_maturity_years': 4.04}","{'modified_maturity_days': 1058.5, 'modified_maturity_months': 34.8, 'modified_maturity_years': 2.9}",0.0,0.0,1
151574,"{'market_cap_large': 0.0, 'market_cap_mid': 0.0, 'market_cap_others': 100.0, 'market_cap_small': 0.0}",6.3,"{'avg_maturity_days': 1277.5, 'avg_maturity_months': 42.0, 'avg_maturity_years': 3.5}","{'modified_maturity_days': 1069.45, 'modified_maturity_months': 35.16, 'modified_maturity_years': 2.93}",0.0,0.0,1
120692,"{'market_cap_large': 0.0, 'market_cap_mid': 0.0, 'market_cap_others': 100.0, 'market_cap_small': 0.0}",7.02,"{'avg_maturity_days': 1781.2, 'avg_maturity_months': 58.56, 'avg_maturity_years': 4.88}","{'modified_maturity_days': 1073.1, 'modified_maturity_months': 35.28, 'modified_maturity_years': 2.94}",0.0,0.0,1
120510,"{'market_cap_large': 0.0, 'market_cap_mid': 0.0, 'market_cap_others': 100.0, 'market_cap_small': 0.0}",7.03,"{'avg_maturity_days': 1368.75, 'avg_maturity_months': 45.0, 'avg_maturity_years': 3.75}","{'modified_maturity_days': 1073.1, 'modified_maturity_months': 35.28, 'modified_maturity_years': 2.94}",0.0,0.0,1
151107,"{'market_cap_large': 0.0, 'market_cap_mid': 0.0, 'market_cap_others': 100.0, 'market_cap_small': 0.0}",6.78,"{'avg_maturity_days': 1357.8, 'avg_maturity_months': 44.64, 'avg_maturity_years': 3.72}","{'modified_maturity_days': 1080.4, 'modified_maturity_months': 35.52, 'modified_maturity_years': 2.96}",0.0,0.0,1
150729,"{'market_cap_large': 0.0, 'market_cap_mid': 0.0, 'market_cap_others': 100.0, 'market_cap_small': 0.0}",6.44,"{'avg_maturity_days': 1292.1, 'avg_maturity_months': 42.48, 'avg_maturity_years': 3.54}","{'modified_maturity_days': 1087.7, 'modified_maturity_months': 35.76, 'modified_maturity_years': 2.98}",0.0,0.0,1
119625,"{'market_cap_large': 0.0, 'market_cap_mid': 0.0, 'market_cap_others': 100.0, 'market_cap_small': 0.0}",6.72,"{'avg_maturity_days': 1558.55, 'avg_maturity_months': 51.24, 'avg_maturity_years': 4.27}","{'modified_maturity_days': 1102.3, 'modified_maturity_months': 36.24, 'modified_maturity_years': 3.02}",0.0,0.0,1
130722,"{'market_cap_large': 0.0, 'market_cap_mid': 0.0, 'market_cap_others': 100.0, 'market_cap_small': 0.0}",6.88,"{'avg_maturity_days': 1540.3, 'avg_maturity_months': 50.64, 'avg_maturity_years': 4.22}","{'modified_maturity_days': 1120.55, 'modified_maturity_months': 36.84, 'modified_maturity_years': 3.07}",0.0,0.0,1
135916,"{'market_cap_large': 0.0, 'market_cap_mid': 0.0, 'market_cap_others': 100.0, 'market_cap_small': 0.0}",6.78,"{'avg_maturity_days': 1452.7, 'avg_maturity_months': 47.76, 'avg_maturity_years': 3.98}","{'modified_maturity_days': 1135.15, 'modified_maturity_months': 37.32, 'modified_maturity_years': 3.11}",0.0,0.0,1
119621,"{'market_cap_large': 0.0, 'market_cap_mid': 0.0, 'market_cap_others': 100.0, 'market_cap_small': 0.0}",6.77,"{'avg_maturity_days': 1704.55, 'avg_maturity_months': 56.04, 'avg_maturity_years': 4.67}","{'modified_maturity_days': 1168.0, 'modified_maturity_months': 38.4, 'modified_maturity_years': 3.2}",0.0,0.0,1
131898,"{'market_cap_large': 0.0, 'market_cap_mid': 0.0, 'market_cap_others': 100.0, 'market_cap_small': 0.0}",6.91,"{'avg_maturity_days': 1635.2, 'avg_maturity_months': 53.76, 'avg_maturity_years': 4.48}","{'modified_maturity_days': 1175.3, 'modified_maturity_months': 38.64, 'modified_maturity_years': 3.22}",0.0,0.0,1
152162,"{'market_cap_large': 0.0, 'market_cap_mid': 0.0, 'market_cap_others': 100.0, 'market_cap_small': 0.0}",6.77,"{'avg_maturity_days': 1441.75, 'avg_maturity_months': 47.4, 'avg_maturity_years': 3.95}","{'modified_maturity_days': 1178.95, 'modified_maturity_months': 38.76, 'modified_maturity_years': 3.23}",0.0,0.0,1
148534,"{'market_cap_large': 0.0, 'market_cap_mid': 0.0, 'market_cap_others': 100.0, 'market_cap_small': 0.0}",6.56,"{'avg_maturity_days': 2222.85, 'avg_maturity_months': 73.08, 'avg_maturity_years': 6.09}","{'modified_maturity_days': 1178.95, 'modified_maturity_months': 38.76, 'modified_maturity_years': 3.23}",0.0,0.0,1
120256,"{'market_cap_large': 0.0, 'market_cap_mid': 0.0, 'market_cap_others': 100.0, 'market_cap_small': 0.0}",6.98,"{'avg_maturity_days': 1989.25, 'avg_maturity_months': 65.4, 'avg_maturity_years': 5.45}","{'modified_maturity_days': 1182.6, 'modified_maturity_months': 38.88, 'modified_maturity_years': 3.24}",0.0,0.0,1
151390,"{'market_cap_large': 0.0, 'market_cap_mid': 0.0, 'market_cap_others': 100.0, 'market_cap_small': 0.0}",6.46,"{'avg_maturity_days': 1408.9, 'avg_maturity_months': 46.32, 'avg_maturity_years': 3.86}","{'modified_maturity_days': 1193.55, 'modified_maturity_months': 39.24, 'modified_maturity_years': 3.27}",0.0,0.0,1
146943,"{'market_cap_large': 0.0, 'market_cap_mid': 0.0, 'market_cap_others': 100.0, 'market_cap_small': 0.0}",6.3,"{'avg_maturity_days': 2244.75, 'avg_maturity_months': 73.8, 'avg_maturity_years': 6.15}","{'modified_maturity_days': 1204.5, 'modified_maturity_months': 39.6, 'modified_maturity_years': 3.3}",0.0,0.0,1
118924,"{'market_cap_large': 0.0, 'market_cap_mid': 0.0, 'market_cap_others': 100.0, 'market_cap_small': 0.0}",6.75,"{'avg_maturity_days': 1489.2, 'avg_maturity_months': 48.96, 'avg_maturity_years': 4.08}","{'modified_maturity_days': 1211.8, 'modified_maturity_months': 39.84, 'modified_maturity_years': 3.32}",0.0,0.0,1
134503,"{'market_cap_large': 0.0, 'market_cap_mid': 0.0, 'market_cap_others': 100.0, 'market_cap_small': 0.0}",6.84,"{'avg_maturity_days': 1631.55, 'avg_maturity_months': 53.64, 'avg_maturity_years': 4.47}","{'modified_maturity_days': 1222.75, 'modified_maturity_months': 40.2, 'modified_maturity_years': 3.35}",0.0,0.0,1
130493,"{'market_cap_large': 0.0, 'market_cap_mid': 0.0, 'market_cap_others': 100.0, 'market_cap_small': 0.0}",6.86,"{'avg_maturity_days': 0.0, 'avg_maturity_months': 0.0, 'avg_maturity_years': 0.0}","{'modified_maturity_days': 1226.4, 'modified_maturity_months': 40.32, 'modified_maturity_years': 3.36}",0.0,0.0,1
151495,"{'market_cap_large': 0.0, 'market_cap_mid': 0.0, 'market_cap_others': 100.0, 'market_cap_small': 0.0}",6.19,"{'avg_maturity_days': 1441.75, 'avg_maturity_months': 47.4, 'avg_maturity_years': 3.95}","{'modified_maturity_days': 1241.0, 'modified_maturity_months': 40.8, 'modified_maturity_years': 3.4}",0.0,0.0,1
150778,"{'market_cap_large': 0.0, 'market_cap_mid': 0.0, 'market_cap_others': 100.0, 'market_cap_small': 0.0}",6.19,"{'avg_maturity_days': 1434.45, 'avg_maturity_months': 47.16, 'avg_maturity_years': 3.93}","{'modified_maturity_days': 1244.65, 'modified_maturity_months': 40.92, 'modified_maturity_years': 3.41}",0.0,0.0,1
150706,"{'market_cap_large': 0.0, 'market_cap_mid': 0.0, 'market_cap_others': 100.0, 'market_cap_small': 0.0}",6.19,"{'avg_maturity_days': 1445.4, 'avg_maturity_months': 47.52, 'avg_maturity_years': 3.96}","{'modified_maturity_days': 1244.65, 'modified_maturity_months': 40.92, 'modified_maturity_years': 3.41}",0.0,0.0,1
130050,"{'market_cap_large': 0.0, 'market_cap_mid': 0.0, 'market_cap_others': 100.0, 'market_cap_small': 0.0}",7.33,"{'avg_maturity_days': 1777.55, 'avg_maturity_months': 58.44, 'avg_maturity_years': 4.87}","{'modified_maturity_days': 1259.25, 'modified_maturity_months': 41.4, 'modified_maturity_years': 3.45}",0.0,0.0,1
151273,"{'market_cap_large': 0.0, 'market_cap_mid': 0.0, 'market_cap_others': 100.0, 'market_cap_small': 0.0}",6.2,"{'avg_maturity_days': 1489.2, 'avg_maturity_months': 48.96, 'avg_maturity_years': 4.08}","{'modified_maturity_days': 1266.55, 'modified_maturity_months': 41.64, 'modified_maturity_years': 3.47}",0.0,0.0,1
128006,"{'market_cap_large': 0.0, 'market_cap_mid': 0.0, 'market_cap_others': 100.0, 'market_cap_small': 0.0}",7.84,"{'avg_maturity_days': 1839.6, 'avg_maturity_months': 60.48, 'avg_maturity_years': 5.04}","{'modified_maturity_days': 1266.55, 'modified_maturity_months': 41.64, 'modified_maturity_years': 3.47}",0.0,0.0,1
120670,"{'market_cap_large': 0.0, 'market_cap_mid': 0.0, 'market_cap_others': 100.0, 'market_cap_small': 0.0}",7.75,"{'avg_maturity_days': 1985.6, 'avg_maturity_months': 65.28, 'avg_maturity_years': 5.44}","{'modified_maturity_days': 1270.2, 'modified_maturity_months': 41.76, 'modified_maturity_years': 3.48}",0.0,0.0,1
133791,"{'market_cap_large': 0.0, 'market_cap_mid': 0.0, 'market_cap_others': 100.0, 'market_cap_small': 0.0}",7.02,"{'avg_maturity_days': 1773.9, 'avg_maturity_months': 58.32, 'avg_maturity_years': 4.86}","{'modified_maturity_days': 1284.8, 'modified_maturity_months': 42.24, 'modified_maturity_years': 3.52}",0.0,0.0,1
151608,"{'market_cap_large': 0.0, 'market_cap_mid': 0.0, 'market_cap_others': 100.0, 'market_cap_small': 0.0}",7.83,"{'avg_maturity_days': 1649.8, 'avg_maturity_months': 54.24, 'avg_maturity_years': 4.52}","{'modified_maturity_days': 1314.0, 'modified_maturity_months': 43.2, 'modified_maturity_years': 3.6}",0.0,0.0,1
119539,"{'market_cap_large': 0.0, 'market_cap_mid': 0.0, 'market_cap_others': 100.0, 'market_cap_small': 0.0}",7.68,"{'avg_maturity_days': 1762.95, 'avg_maturity_months': 57.96, 'avg_maturity_years': 4.83}","{'modified_maturity_days': 1314.0, 'modified_maturity_months': 43.2, 'modified_maturity_years': 3.6}",0.0,0.0,1
153389,"{'market_cap_large': 0.0, 'market_cap_mid': 0.0, 'market_cap_others': 100.0, 'market_cap_small': 0.0}",6.51,"{'avg_maturity_days': 1591.4, 'avg_maturity_months': 52.32, 'avg_maturity_years': 4.36}","{'modified_maturity_days': 1324.95, 'modified_maturity_months': 43.56, 'modified_maturity_years': 3.63}",0.0,0.0,1
151146,"{'market_cap_large': 0.0, 'market_cap_mid': 0.0, 'market_cap_others': 100.0, 'market_cap_small': 0.0}",7.41,"{'avg_maturity_days': 2237.45, 'avg_maturity_months': 73.56, 'avg_maturity_years': 6.13}","{'modified_maturity_days': 1324.95, 'modified_maturity_months': 43.56, 'modified_maturity_years': 3.63}",0.0,0.0,1
148628,"{'market_cap_large': 0.0, 'market_cap_mid': 0.0, 'market_cap_others': 100.0, 'market_cap_small': 0.0}",6.66,"{'avg_maturity_days': 1792.15, 'avg_maturity_months': 58.92, 'avg_maturity_years': 4.91}","{'modified_maturity_days': 1335.9, 'modified_maturity_months': 43.92, 'modified_maturity_years': 3.66}",0.0,0.0,1
119533,"{'market_cap_large': 0.0, 'market_cap_mid': 0.0, 'market_cap_others': 100.0, 'market_cap_small': 0.0}",7.03,"{'avg_maturity_days': 1898.0, 'avg_maturity_months': 62.4, 'avg_maturity_years': 5.2}","{'modified_maturity_days': 1335.9, 'modified_maturity_months': 43.92, 'modified_maturity_years': 3.66}",0.0,0.0,1
120475,"{'market_cap_large': 0.0, 'market_cap_mid': 0.0, 'market_cap_others': 100.0, 'market_cap_small': 0.0}",7.55,"{'avg_maturity_days': 2029.4, 'avg_maturity_months': 66.72, 'avg_maturity_years': 5.56}","{'modified_maturity_days': 1350.5, 'modified_maturity_months': 44.4, 'modified_maturity_years': 3.7}",0.0,0.0,1
147857,"{'market_cap_large': 0.0, 'market_cap_mid': 0.0, 'market_cap_others': 100.0, 'market_cap_small': 0.0}",6.72,"{'avg_maturity_days': 1664.4, 'avg_maturity_months': 54.72, 'avg_maturity_years': 4.56}","{'modified_maturity_days': 1350.5, 'modified_maturity_months': 44.4, 'modified_maturity_years': 3.7}",0.0,0.0,1
123693,"{'market_cap_large': 0.0, 'market_cap_mid': 0.0, 'market_cap_others': 100.0, 'market_cap_small': 0.0}",6.97,"{'avg_maturity_days': 2000.2, 'avg_maturity_months': 65.76, 'avg_maturity_years': 5.48}","{'modified_maturity_days': 1354.15, 'modified_maturity_months': 44.52, 'modified_maturity_years': 3.71}",0.0,0.0,1
143241,"{'market_cap_large': 0.0, 'market_cap_mid': 0.0, 'market_cap_others': 100.0, 'market_cap_small': 0.0}",6.8,"{'avg_maturity_days': 1773.9, 'avg_maturity_months': 58.32, 'avg_maturity_years': 4.86}","{'modified_maturity_days': 1357.8, 'modified_maturity_months': 44.64, 'modified_maturity_years': 3.72}",0.0,0.0,1
138330,"{'market_cap_large': 0.0, 'market_cap_mid': 0.0, 'market_cap_others': 100.0, 'market_cap_small': 0.0}",6.94,"{'avg_maturity_days': 1821.35, 'avg_maturity_months': 59.88, 'avg_maturity_years': 4.99}","{'modified_maturity_days': 1357.8, 'modified_maturity_months': 44.64, 'modified_maturity_years': 3.72}",0.0,0.0,1
120338,"{'market_cap_large': 0.0, 'market_cap_mid': 0.0, 'market_cap_others': 100.0, 'market_cap_small': 0.0}",6.76,"{'avg_maturity_days': 1722.8, 'avg_maturity_months': 56.64, 'avg_maturity_years': 4.72}","{'modified_maturity_days': 1365.1, 'modified_maturity_months': 44.88, 'modified_maturity_years': 3.74}",0.0,0.0,1
120444,"{'market_cap_large': 0.0, 'market_cap_mid': 0.0, 'market_cap_others': 100.0, 'market_cap_small': 0.0}",6.71,"{'avg_maturity_days': 1916.25, 'avg_maturity_months': 63.0, 'avg_maturity_years': 5.25}","{'modified_maturity_days': 1365.1, 'modified_maturity_months': 44.88, 'modified_maturity_years': 3.74}",0.0,0.0,1
129008,"{'market_cap_large': 0.0, 'market_cap_mid': 0.0, 'market_cap_others': 100.0, 'market_cap_small': 0.0}",6.95,"{'avg_maturity_days': 2704.65, 'avg_maturity_months': 88.92, 'avg_maturity_years': 7.41}","{'modified_maturity_days': 1372.4, 'modified_maturity_months': 45.12, 'modified_maturity_years': 3.76}",0.0,0.0,1
126685,"{'market_cap_large': 0.0, 'market_cap_mid': 0.0, 'market_cap_others': 100.0, 'market_cap_small': 0.0}",6.85,"{'avg_maturity_days': 2558.65, 'avg_maturity_months': 84.12, 'avg_maturity_years': 7.01}","{'modified_maturity_days': 1379.7, 'modified_maturity_months': 45.36, 'modified_maturity_years': 3.78}",0.0,0.0,1
149011,"{'market_cap_large': 0.0, 'market_cap_mid': 0.0, 'market_cap_others': 100.0, 'market_cap_small': 0.0}",6.75,"{'avg_maturity_days': 1890.7, 'avg_maturity_months': 62.16, 'avg_maturity_years': 5.18}","{'modified_maturity_days': 1383.35, 'modified_maturity_months': 45.48, 'modified_maturity_years': 3.79}",0.0,0.0,1
119824,"{'market_cap_large': 0.0, 'market_cap_mid': 0.0, 'market_cap_others': 100.0, 'market_cap_small': 0.0}",7.26,"{'avg_maturity_days': 1949.1, 'avg_maturity_months': 64.08, 'avg_maturity_years': 5.34}","{'modified_maturity_days': 1387.0, 'modified_maturity_months': 45.6, 'modified_maturity_years': 3.8}",0.0,0.0,1
119550,"{'market_cap_large': 0.0, 'market_cap_mid': 0.0, 'market_cap_others': 100.0, 'market_cap_small': 0.0}",6.91,"{'avg_maturity_days': 1832.3, 'avg_maturity_months': 60.24, 'avg_maturity_years': 5.02}","{'modified_maturity_days': 1387.0, 'modified_maturity_months': 45.6, 'modified_maturity_years': 3.8}",0.0,0.0,1
119081,"{'market_cap_large': 0.0, 'market_cap_mid': 0.0, 'market_cap_others': 100.0, 'market_cap_small': 0.0}",7.4,"{'avg_maturity_days': 2277.6, 'avg_maturity_months': 74.88, 'avg_maturity_years': 6.24}","{'modified_maturity_days': 1387.0, 'modified_maturity_months': 45.6, 'modified_maturity_years': 3.8}",0.0,0.0,1
141588,"{'market_cap_large': 0.0, 'market_cap_mid': 0.0, 'market_cap_others': 100.0, 'market_cap_small': 0.0}",6.91,"{'avg_maturity_days': 1832.3, 'avg_maturity_months': 60.24, 'avg_maturity_years': 5.02}","{'modified_maturity_days': 1387.0, 'modified_maturity_months': 45.6, 'modified_maturity_years': 3.8}",0.0,0.0,1
144339,"{'market_cap_large': 0.0, 'market_cap_mid': 0.0, 'market_cap_others': 100.0, 'market_cap_small': 0.0}",6.85,"{'avg_maturity_days': 1846.9, 'avg_maturity_months': 60.72, 'avg_maturity_years': 5.06}","{'modified_maturity_days': 1390.65, 'modified_maturity_months': 45.72, 'modified_maturity_years': 3.81}",0.0,0.0,1
118569,"{'market_cap_large': 0.0, 'market_cap_mid': 0.0, 'market_cap_others': 100.0, 'market_cap_small': 0.0}",7.16,"{'avg_maturity_days': 2763.05, 'avg_maturity_months': 90.84, 'avg_maturity_years': 7.57}","{'modified_maturity_days': 1394.3, 'modified_maturity_months': 45.84, 'modified_maturity_years': 3.82}",0.0,0.0,1
118814,"{'market_cap_large': 0.0, 'market_cap_mid': 0.0, 'market_cap_others': 100.0, 'market_cap_small': 0.0}",7.07,"{'avg_maturity_days': 1835.95, 'avg_maturity_months': 60.36, 'avg_maturity_years': 5.03}","{'modified_maturity_days': 1394.3, 'modified_maturity_months': 45.84, 'modified_maturity_years': 3.82}",0.0,0.0,1
150237,"{'market_cap_large': 0.0, 'market_cap_mid': 0.0, 'market_cap_others': 100.0, 'market_cap_small': 0.0}",6.87,"{'avg_maturity_days': 1908.95, 'avg_maturity_months': 62.76, 'avg_maturity_years': 5.23}","{'modified_maturity_days': 1401.6, 'modified_maturity_months': 46.08, 'modified_maturity_years': 3.84}",0.0,0.0,1
120497,"{'market_cap_large': 0.0, 'market_cap_mid': 0.0, 'market_cap_others': 100.0, 'market_cap_small': 0.0}",6.87,"{'avg_maturity_days': 1898.0, 'avg_maturity_months': 62.4, 'avg_maturity_years': 5.2}","{'modified_maturity_days': 1401.6, 'modified_maturity_months': 46.08, 'modified_maturity_years': 3.84}",0.0,0.0,1
118401,"{'market_cap_large': 0.0, 'market_cap_mid': 0.0, 'market_cap_others': 100.0, 'market_cap_small': 0.0}",6.71,"{'avg_maturity_days': 1832.3, 'avg_maturity_months': 60.24, 'avg_maturity_years': 5.02}","{'modified_maturity_days': 1405.25, 'modified_maturity_months': 46.2, 'modified_maturity_years': 3.85}",0.0,0.0,1
119675,"{'market_cap_large': 0.0, 'market_cap_mid': 0.0, 'market_cap_others': 100.0, 'market_cap_small': 0.0}",6.54,"{'avg_maturity_days': 1835.95, 'avg_maturity_months': 60.36, 'avg_maturity_years': 5.03}","{'modified_maturity_days': 1412.55, 'modified_maturity_months': 46.44, 'modified_maturity_years': 3.87}",0.0,0.0,1
118489,"{'market_cap_large': 0.0, 'market_cap_mid': 0.0, 'market_cap_others': 100.0, 'market_cap_small': 0.0}",7.42,"{'avg_maturity_days': 1978.3, 'avg_maturity_months': 65.04, 'avg_maturity_years': 5.42}","{'modified_maturity_days': 1416.2, 'modified_maturity_months': 46.56, 'modified_maturity_years': 3.88}",0.0,0.0,1
151320,"{'market_cap_large': 0.0, 'market_cap_mid': 0.0, 'market_cap_others': 100.0, 'market_cap_small': 0.0}",6.79,"{'avg_maturity_days': 1755.65, 'avg_maturity_months': 57.72, 'avg_maturity_years': 4.81}","{'modified_maturity_days': 1416.2, 'modified_maturity_months': 46.56, 'modified_maturity_years': 3.88}",0.0,0.0,1
149361,"{'market_cap_large': 0.0, 'market_cap_mid': 0.0, 'market_cap_others': 100.0, 'market_cap_small': 0.0}",7.14,"{'avg_maturity_days': 2102.4, 'avg_maturity_months': 69.12, 'avg_maturity_years': 5.76}","{'modified_maturity_days': 1419.85, 'modified_maturity_months': 46.68, 'modified_maturity_years': 3.89}",0.0,0.0,1
140286,"{'market_cap_large': 0.0, 'market_cap_mid': 0.0, 'market_cap_others': 100.0, 'market_cap_small': 0.0}",6.73,"{'avg_maturity_days': 1930.85, 'avg_maturity_months': 63.48, 'avg_maturity_years': 5.29}","{'modified_maturity_days': 1423.5, 'modified_maturity_months': 46.8, 'modified_maturity_years': 3.9}",0.0,0.0,1
146727,"{'market_cap_large': 0.0, 'market_cap_mid': 0.0, 'market_cap_others': 100.0, 'market_cap_small': 0.0}",7.03,"{'avg_maturity_days': 3171.85, 'avg_maturity_months': 104.28, 'avg_maturity_years': 8.69}","{'modified_maturity_days': 1427.15, 'modified_maturity_months': 46.92, 'modified_maturity_years': 3.91}",0.0,0.0,1
128629,"{'market_cap_large': 0.0, 'market_cap_mid': 0.0, 'market_cap_others': 100.0, 'market_cap_small': 0.0}",6.93,"{'avg_maturity_days': 2025.75, 'avg_maturity_months': 66.6, 'avg_maturity_years': 5.55}","{'modified_maturity_days': 1430.8, 'modified_maturity_months': 47.04, 'modified_maturity_years': 3.92}",0.0,0.0,1
134547,"{'market_cap_large': 0.0, 'market_cap_mid': 0.0, 'market_cap_others': 100.0, 'market_cap_small': 0.0}",6.87,"{'avg_maturity_days': 1960.05, 'avg_maturity_months': 64.44, 'avg_maturity_years': 5.37}","{'modified_maturity_days': 1441.75, 'modified_maturity_months': 47.4, 'modified_maturity_years': 3.95}",0.0,0.0,1
118508,"{'market_cap_large': 0.0, 'market_cap_mid': 0.0, 'market_cap_others': 100.0, 'market_cap_small': 0.0}",7.2,"{'avg_maturity_days': 3387.2, 'avg_maturity_months': 111.36, 'avg_maturity_years': 9.28}","{'modified_maturity_days': 1481.9, 'modified_maturity_months': 48.72, 'modified_maturity_years': 4.06}",0.0,0.0,1
120603,"{'market_cap_large': 0.0, 'market_cap_mid': 0.0, 'market_cap_others': 100.0, 'market_cap_small': 0.0}",7.32,"{'avg_maturity_days': 3113.45, 'avg_maturity_months': 102.36, 'avg_maturity_years': 8.53}","{'modified_maturity_days': 1507.45, 'modified_maturity_months': 49.56, 'modified_maturity_years': 4.13}",0.0,0.0,1
118485,"{'market_cap_large': 0.0, 'market_cap_mid': 0.0, 'market_cap_others': 100.0, 'market_cap_small': 0.0}",7.45,"{'avg_maturity_days': 2113.35, 'avg_maturity_months': 69.48, 'avg_maturity_years': 5.79}","{'modified_maturity_days': 1507.45, 'modified_maturity_months': 49.56, 'modified_maturity_years': 4.13}",0.0,0.0,1
148755,"{'market_cap_large': 0.0, 'market_cap_mid': 0.0, 'market_cap_others': 100.0, 'market_cap_small': 0.0}",6.9,"{'avg_maturity_days': 2427.25, 'avg_maturity_months': 79.8, 'avg_maturity_years': 6.65}","{'modified_maturity_days': 1511.1, 'modified_maturity_months': 49.68, 'modified_maturity_years': 4.14}",0.0,0.0,1
118747,"{'market_cap_large': 0.0, 'market_cap_mid': 0.0, 'market_cap_others': 100.0, 'market_cap_small': 0.0}",6.6,"{'avg_maturity_days': 1857.85, 'avg_maturity_months': 61.08, 'avg_maturity_years': 5.09}","{'modified_maturity_days': 1518.4, 'modified_maturity_months': 49.92, 'modified_maturity_years': 4.16}",0.0,0.0,1
118987,"{'market_cap_large': 0.0, 'market_cap_mid': 0.0, 'market_cap_others': 100.0, 'market_cap_small': 0.0}",7.05,"{'avg_maturity_days': 2332.35, 'avg_maturity_months': 76.68, 'avg_maturity_years': 6.39}","{'modified_maturity_days': 1540.3, 'modified_maturity_months': 50.64, 'modified_maturity_years': 4.22}",0.0,0.0,1
150733,"{'market_cap_large': 0.0, 'market_cap_mid': 0.0, 'market_cap_others': 100.0, 'market_cap_small': 0.0}",6.27,"{'avg_maturity_days': 1985.6, 'avg_maturity_months': 65.28, 'avg_maturity_years': 5.44}","{'modified_maturity_days': 1554.9, 'modified_maturity_months': 51.12, 'modified_maturity_years': 4.26}",0.0,0.0,1
148419,"{'market_cap_large': 0.0, 'market_cap_mid': 0.0, 'market_cap_others': 100.0, 'market_cap_small': 0.0}",6.81,"{'avg_maturity_days': 2460.1, 'avg_maturity_months': 80.88, 'avg_maturity_years': 6.74}","{'modified_maturity_days': 1602.35, 'modified_maturity_months': 52.68, 'modified_maturity_years': 4.39}",0.0,0.0,1
146215,"{'market_cap_large': 0.0, 'market_cap_mid': 0.0, 'market_cap_others': 100.0, 'market_cap_small': 0.0}",7.07,"{'avg_maturity_days': 2306.8, 'avg_maturity_months': 75.84, 'avg_maturity_years': 6.32}","{'modified_maturity_days': 1631.55, 'modified_maturity_months': 53.64, 'modified_maturity_years': 4.47}",0.0,0.0,1
119876,"{'market_cap_large': 0.0, 'market_cap_mid': 0.0, 'market_cap_others': 100.0, 'market_cap_small': 0.0}",7.16,"{'avg_maturity_days': 2248.4, 'avg_maturity_months': 73.92, 'avg_maturity_years': 6.16}","{'modified_maturity_days': 1635.2, 'modified_maturity_months': 53.76, 'modified_maturity_years': 4.48}",0.0,0.0,1
148450,"{'market_cap_large': 0.0, 'market_cap_mid': 0.0, 'market_cap_others': 100.0, 'market_cap_small': 0.0}",6.82,"{'avg_maturity_days': 2109.7, 'avg_maturity_months': 69.36, 'avg_maturity_years': 5.78}","{'modified_maturity_days': 1642.5, 'modified_maturity_months': 54.0, 'modified_maturity_years': 4.5}",0.0,0.0,1
125503,"{'market_cap_large': 0.0, 'market_cap_mid': 0.0, 'market_cap_others': 100.0, 'market_cap_small': 0.0}",6.98,"{'avg_maturity_days': 2500.25, 'avg_maturity_months': 82.2, 'avg_maturity_years': 6.85}","{'modified_maturity_days': 1653.45, 'modified_maturity_months': 54.36, 'modified_maturity_years': 4.53}",0.0,0.0,1
150847,"{'market_cap_large': 0.0, 'market_cap_mid': 0.0, 'market_cap_others': 100.0, 'market_cap_small': 0.0}",6.27,"{'avg_maturity_days': 2226.5, 'avg_maturity_months': 73.2, 'avg_maturity_years': 6.1}","{'modified_maturity_days': 1795.8, 'modified_maturity_months': 59.04, 'modified_maturity_years': 4.92}",0.0,0.0,1
120590,"{'market_cap_large': 0.0, 'market_cap_mid': 0.0, 'market_cap_others': 100.0, 'market_cap_small': 0.0}",6.65,"{'avg_maturity_days': 4033.25, 'avg_maturity_months': 132.6, 'avg_maturity_years': 11.05}","{'modified_maturity_days': 1825.0, 'modified_maturity_months': 60.0, 'modified_maturity_years': 5.0}",0.0,0.0,1
152150,"{'market_cap_large': 0.0, 'market_cap_mid': 0.0, 'market_cap_others': 100.0, 'market_cap_small': 0.0}",3.82,"{'avg_maturity_days': 2098.75, 'avg_maturity_months': 69.0, 'avg_maturity_years': 5.75}","{'modified_maturity_days': 1843.25, 'modified_maturity_months': 60.6, 'modified_maturity_years': 5.05}",0.0,0.0,1
151228,"{'market_cap_large': 0.0, 'market_cap_mid': 0.0, 'market_cap_others': 100.0, 'market_cap_small': 0.0}",6.32,"{'avg_maturity_days': 3444.0, 'avg_maturity_months': 114.7989, 'avg_maturity_years': 9.4331}","{'modified_maturity_days': 1846.0, 'modified_maturity_months': 61.5327, 'modified_maturity_years': 5.0562}",0.0,0.0,1
124175,"{'market_cap_large': 0.0, 'market_cap_mid': 0.0, 'market_cap_others': 100.0, 'market_cap_small': 0.0}",6.86,"{'avg_maturity_days': 3591.6, 'avg_maturity_months': 118.08, 'avg_maturity_years': 9.84}","{'modified_maturity_days': 1872.45, 'modified_maturity_months': 61.56, 'modified_maturity_years': 5.13}",0.0,0.0,1
151408,"{'market_cap_large': 0.0, 'market_cap_mid': 0.0, 'market_cap_others': 100.0, 'market_cap_small': 0.0}",6.31,"{'avg_maturity_days': 2383.45, 'avg_maturity_months': 78.36, 'avg_maturity_years': 6.53}","{'modified_maturity_days': 1883.4, 'modified_maturity_months': 61.92, 'modified_maturity_years': 5.16}",0.0,0.0,1
151427,"{'market_cap_large': 0.0, 'market_cap_mid': 0.0, 'market_cap_others': 100.0, 'market_cap_small': 0.0}",6.67,"{'avg_maturity_days': 2449.15, 'avg_maturity_months': 80.52, 'avg_maturity_years': 6.71}","{'modified_maturity_days': 1883.4, 'modified_maturity_months': 61.92, 'modified_maturity_years': 5.16}",0.0,0.0,1
149401,"{'market_cap_large': 0.0, 'market_cap_mid': 0.0, 'market_cap_others': 100.0, 'market_cap_small': 0.0}",6.83,"{'avg_maturity_days': 2489.3, 'avg_maturity_months': 81.84, 'avg_maturity_years': 6.82}","{'modified_maturity_days': 1883.4, 'modified_maturity_months': 61.92, 'modified_maturity_years': 5.16}",0.0,0.0,1
149865,"{'market_cap_large': 0.0, 'market_cap_mid': 0.0, 'market_cap_others': 100.0, 'market_cap_small': 0.0}",6.76,"{'avg_maturity_days': 2452.8, 'avg_maturity_months': 80.64, 'avg_maturity_years': 6.72}","{'modified_maturity_days': 1887.05, 'modified_maturity_months': 62.04, 'modified_maturity_years': 5.17}",0.0,0.0,1
150871,"{'market_cap_large': 0.0, 'market_cap_mid': 0.0, 'market_cap_others': 100.0, 'market_cap_small': 0.0}",6.66,"{'avg_maturity_days': 2482.0, 'avg_maturity_months': 81.6, 'avg_maturity_years': 6.8}","{'modified_maturity_days': 1916.25, 'modified_maturity_months': 63.0, 'modified_maturity_years': 5.25}",0.0,0.0,1
151597,"{'market_cap_large': 0.0, 'market_cap_mid': 0.0, 'market_cap_others': 100.0, 'market_cap_small': 0.0}",6.35,"{'avg_maturity_days': 2482.0, 'avg_maturity_months': 81.6, 'avg_maturity_years': 6.8}","{'modified_maturity_days': 1934.5, 'modified_maturity_months': 63.6, 'modified_maturity_years': 5.3}",0.0,0.0,1
120762,"{'market_cap_large': 0.0, 'market_cap_mid': 0.0, 'market_cap_others': 100.0, 'market_cap_small': 0.0}",6.61,"{'avg_maturity_days': 2828.75, 'avg_maturity_months': 93.0, 'avg_maturity_years': 7.75}","{'modified_maturity_days': 1952.75, 'modified_maturity_months': 64.2, 'modified_maturity_years': 5.35}",0.0,0.0,1
120421,"{'market_cap_large': 0.0, 'market_cap_mid': 0.0, 'market_cap_others': 100.0, 'market_cap_small': 0.0}",6.81,"{'avg_maturity_days': 2575.805, 'avg_maturity_months': 84.684, 'avg_maturity_years': 7.057}","{'modified_maturity_days': 1998.4115, 'modified_maturity_months': 65.7012, 'modified_maturity_years': 5.4751}",0.0,0.0,1
152098,"{'market_cap_large': 0.0, 'market_cap_mid': 0.0, 'market_cap_others': 100.0, 'market_cap_small': 0.0}",6.4,"{'avg_maturity_days': 2646.25, 'avg_maturity_months': 87.0, 'avg_maturity_years': 7.25}","{'modified_maturity_days': 2000.2, 'modified_maturity_months': 65.76, 'modified_maturity_years': 5.48}",0.0,0.0,1
151329,"{'market_cap_large': 0.0, 'market_cap_mid': 0.0, 'market_cap_others': 100.0, 'market_cap_small': 0.0}",6.57,"{'avg_maturity_days': 2690.05, 'avg_maturity_months': 88.44, 'avg_maturity_years': 7.37}","{'modified_maturity_days': 2025.75, 'modified_maturity_months': 66.6, 'modified_maturity_years': 5.55}",0.0,0.0,1
151183,"{'market_cap_large': 0.0, 'market_cap_mid': 0.0, 'market_cap_others': 100.0, 'market_cap_small': 0.0}",6.38,"{'avg_maturity_days': 2657.2, 'avg_maturity_months': 87.36, 'avg_maturity_years': 7.28}","{'modified_maturity_days': 2033.05, 'modified_maturity_months': 66.84, 'modified_maturity_years': 5.57}",0.0,0.0,1
150792,"{'market_cap_large': 0.0, 'market_cap_mid': 0.0, 'market_cap_others': 100.0, 'market_cap_small': 0.0}",6.4,"{'avg_maturity_days': 2697.35, 'avg_maturity_months': 88.68, 'avg_maturity_years': 7.39}","{'modified_maturity_days': 2036.7, 'modified_maturity_months': 66.96, 'modified_maturity_years': 5.58}",0.0,0.0,1
151420,"{'market_cap_large': 0.0, 'market_cap_mid': 0.0, 'market_cap_others': 100.0, 'market_cap_small': 0.0}",6.78,"{'avg_maturity_days': 2752.1, 'avg_maturity_months': 90.48, 'avg_maturity_years': 7.54}","{'modified_maturity_days': 2047.65, 'modified_maturity_months': 67.32, 'modified_maturity_years': 5.61}",0.0,0.0,1
150989,"{'market_cap_large': 0.0, 'market_cap_mid': 0.0, 'market_cap_others': 100.0, 'market_cap_small': 0.0}",6.82,"{'avg_maturity_days': 2795.9, 'avg_maturity_months': 91.92, 'avg_maturity_years': 7.66}","{'modified_maturity_days': 2051.3, 'modified_maturity_months': 67.44, 'modified_maturity_years': 5.62}",0.0,0.0,1
151185,"{'market_cap_large': 0.0, 'market_cap_mid': 0.0, 'market_cap_others': 100.0, 'market_cap_small': 0.0}",6.78,"{'avg_maturity_days': 2788.6, 'avg_maturity_months': 91.68, 'avg_maturity_years': 7.64}","{'modified_maturity_days': 2069.55, 'modified_maturity_months': 68.04, 'modified_maturity_years': 5.67}",0.0,0.0,1
152267,"{'market_cap_large': 0.0, 'market_cap_mid': 0.0, 'market_cap_others': 100.0, 'market_cap_small': 0.0}",6.42,"{'avg_maturity_days': 2755.75, 'avg_maturity_months': 90.6, 'avg_maturity_years': 7.55}","{'modified_maturity_days': 2076.85, 'modified_maturity_months': 68.28, 'modified_maturity_years': 5.69}",0.0,0.0,1
120279,"{'market_cap_large': 0.0, 'market_cap_mid': 0.0, 'market_cap_others': 100.0, 'market_cap_small': 0.0}",6.67,"{'avg_maturity_days': 2810.5, 'avg_maturity_months': 92.4, 'avg_maturity_years': 7.7}","{'modified_maturity_days': 2109.7, 'modified_maturity_months': 69.36, 'modified_maturity_years': 5.78}",0.0,0.0,1
118687,"{'market_cap_large': 0.0, 'market_cap_mid': 0.0, 'market_cap_others': 100.0, 'market_cap_small': 0.0}",6.85,"{'avg_maturity_days': 5135.55, 'avg_maturity_months': 168.84, 'avg_maturity_years': 14.07}","{'modified_maturity_days': 2281.25, 'modified_maturity_months': 75.0, 'modified_maturity_years': 6.25}",0.0,0.0,1
152515,"{'market_cap_large': 0.0, 'market_cap_mid': 0.0, 'market_cap_others': 100.0, 'market_cap_small': 0.0}",6.77,"{'avg_maturity_days': 3182.8, 'avg_maturity_months': 104.64, 'avg_maturity_years': 8.72}","{'modified_maturity_days': 2284.9, 'modified_maturity_months': 75.12, 'modified_maturity_years': 6.26}",0.0,0.0,1
131301,"{'market_cap_large': 0.0, 'market_cap_mid': 0.0, 'market_cap_others': 100.0, 'market_cap_small': 0.0}",6.43,"{'avg_maturity_days': 3149.95, 'avg_maturity_months': 103.56, 'avg_maturity_years': 8.63}","{'modified_maturity_days': 2303.15, 'modified_maturity_months': 75.72, 'modified_maturity_years': 6.31}",0.0,0.0,1
120689,"{'market_cap_large': 0.0, 'market_cap_mid': 0.0, 'market_cap_others': 100.0, 'market_cap_small': 0.0}",6.92,"{'avg_maturity_days': 3562.4, 'avg_maturity_months': 117.12, 'avg_maturity_years': 9.76}","{'modified_maturity_days': 2314.1, 'modified_maturity_months': 76.08, 'modified_maturity_years': 6.34}",0.0,0.0,1
120619,"{'market_cap_large': 0.0, 'market_cap_mid': 0.0, 'market_cap_others': 100.0, 'market_cap_small': 0.0}",6.91,"{'avg_maturity_days': 4661.05, 'avg_maturity_months': 153.24, 'avg_maturity_years': 12.77}","{'modified_maturity_days': 2325.05, 'modified_maturity_months': 76.44, 'modified_maturity_years': 6.37}",0.0,0.0,1
118282,"{'market_cap_large': 0.0, 'market_cap_mid': 0.0, 'market_cap_others': 100.0, 'market_cap_small': 0.0}",6.54,"{'avg_maturity_days': 4755.95, 'avg_maturity_months': 156.36, 'avg_maturity_years': 13.03}","{'modified_maturity_days': 2350.6, 'modified_maturity_months': 77.28, 'modified_maturity_years': 6.44}",0.0,0.0,1
119735,"{'market_cap_large': 0.0, 'market_cap_mid': 0.0, 'market_cap_others': 100.0, 'market_cap_small': 0.0}",6.75,"{'avg_maturity_days': 4526.0, 'avg_maturity_months': 148.8, 'avg_maturity_years': 12.4}","{'modified_maturity_days': 2350.6, 'modified_maturity_months': 77.28, 'modified_maturity_years': 6.44}",0.0,0.0,1
152851,"{'market_cap_large': 0.0, 'market_cap_mid': 0.0, 'market_cap_others': 100.0, 'market_cap_small': 0.0}",6.81,"{'avg_maturity_days': 4372.7, 'avg_maturity_months': 143.76, 'avg_maturity_years': 11.98}","{'modified_maturity_days': 2372.5, 'modified_maturity_months': 78.0, 'modified_maturity_years': 6.5}",0.0,0.0,1
120059,"{'market_cap_large': 0.0, 'market_cap_mid': 0.0, 'market_cap_others': 100.0, 'market_cap_small': 0.0}",6.69,"{'avg_maturity_days': 4358.1, 'avg_maturity_months': 143.28, 'avg_maturity_years': 11.94}","{'modified_maturity_days': 2390.75, 'modified_maturity_months': 78.6, 'modified_maturity_years': 6.55}",0.0,0.0,1
120430,"{'market_cap_large': 0.0, 'market_cap_mid': 0.0, 'market_cap_others': 100.0, 'market_cap_small': 0.0}",6.44,"{'avg_maturity_days': 3328.8, 'avg_maturity_months': 109.44, 'avg_maturity_years': 9.12}","{'modified_maturity_days': 2434.55, 'modified_maturity_months': 80.04, 'modified_maturity_years': 6.67}",0.0,0.0,1
119069,"{'market_cap_large': 0.0, 'market_cap_mid': 0.0, 'market_cap_others': 100.0, 'market_cap_small': 0.0}",6.66,"{'avg_maturity_days': 4387.3, 'avg_maturity_months': 144.24, 'avg_maturity_years': 12.02}","{'modified_maturity_days': 2434.55, 'modified_maturity_months': 80.04, 'modified_maturity_years': 6.67}",0.0,0.0,1
119714,"{'market_cap_large': 0.0, 'market_cap_mid': 0.0, 'market_cap_others': 100.0, 'market_cap_small': 0.0}",7.1,"{'avg_maturity_days': 4234.0, 'avg_maturity_months': 139.2, 'avg_maturity_years': 11.6}","{'modified_maturity_days': 2449.15, 'modified_maturity_months': 80.52, 'modified_maturity_years': 6.71}",0.0,0.0,1
119657,"{'market_cap_large': 0.0, 'market_cap_mid': 0.0, 'market_cap_others': 100.0, 'market_cap_small': 0.0}",6.93,"{'avg_maturity_days': 5734.15, 'avg_maturity_months': 188.52, 'avg_maturity_years': 15.71}","{'modified_maturity_days': 2456.45, 'modified_maturity_months': 80.76, 'modified_maturity_years': 6.73}",0.0,0.0,1
120435,"{'market_cap_large': 0.0, 'market_cap_mid': 0.0, 'market_cap_others': 100.0, 'market_cap_small': 0.0}",6.52,"{'avg_maturity_days': 3635.4, 'avg_maturity_months': 119.52, 'avg_maturity_years': 9.96}","{'modified_maturity_days': 2463.75, 'modified_maturity_months': 81.0, 'modified_maturity_years': 6.75}",0.0,0.0,1
118394,"{'market_cap_large': 0.0, 'market_cap_mid': 0.0, 'market_cap_others': 100.0, 'market_cap_small': 0.0}",6.87,"{'avg_maturity_days': 5624.65, 'avg_maturity_months': 184.92, 'avg_maturity_years': 15.41}","{'modified_maturity_days': 2474.7, 'modified_maturity_months': 81.36, 'modified_maturity_years': 6.78}",0.0,0.0,1
119505,"{'market_cap_large': 0.0, 'market_cap_mid': 0.0, 'market_cap_others': 100.0, 'market_cap_small': 0.0}",7.15,"{'avg_maturity_days': 4153.7, 'avg_maturity_months': 136.56, 'avg_maturity_years': 11.38}","{'modified_maturity_days': 2496.6, 'modified_maturity_months': 82.08, 'modified_maturity_years': 6.84}",0.0,0.0,1
131061,"{'market_cap_large': 0.0, 'market_cap_mid': 0.0, 'market_cap_others': 100.0, 'market_cap_small': 0.0}",6.48,"{'avg_maturity_days': 3474.8, 'avg_maturity_months': 114.24, 'avg_maturity_years': 9.52}","{'modified_maturity_days': 2496.6, 'modified_maturity_months': 82.08, 'modified_maturity_years': 6.84}",0.0,0.0,1
150410,"{'market_cap_large': 0.0, 'market_cap_mid': 0.0, 'market_cap_others': 100.0, 'market_cap_small': 0.0}",6.47,"{'avg_maturity_days': 3536.85, 'avg_maturity_months': 116.28, 'avg_maturity_years': 9.69}","{'modified_maturity_days': 2518.5, 'modified_maturity_months': 82.8, 'modified_maturity_years': 6.9}",0.0,0.0,1
120137,"{'market_cap_large': 0.0, 'market_cap_mid': 0.0, 'market_cap_others': 100.0, 'market_cap_small': 0.0}",6.49,"{'avg_maturity_days': 3555.1, 'avg_maturity_months': 116.88, 'avg_maturity_years': 9.74}","{'modified_maturity_days': 2525.8, 'modified_maturity_months': 83.04, 'modified_maturity_years': 6.92}",0.0,0.0,1
118387,"{'market_cap_large': 0.0, 'market_cap_mid': 0.0, 'market_cap_others': 100.0, 'market_cap_small': 0.0}",6.48,"{'avg_maturity_days': 3584.3, 'avg_maturity_months': 117.84, 'avg_maturity_years': 9.82}","{'modified_maturity_days': 2529.45, 'modified_maturity_months': 83.16, 'modified_maturity_years': 6.93}",0.0,0.0,1
118498,"{'market_cap_large': 0.0, 'market_cap_mid': 0.0, 'market_cap_others': 100.0, 'market_cap_small': 0.0}",6.8,"{'avg_maturity_days': 7442.35, 'avg_maturity_months': 244.68, 'avg_maturity_years': 20.39}","{'modified_maturity_days': 2562.3, 'modified_maturity_months': 84.24, 'modified_maturity_years': 7.02}",0.0,0.0,1
152240,"{'market_cap_large': 0.0, 'market_cap_mid': 0.0, 'market_cap_others': 100.0, 'market_cap_small': 0.0}",4.07,"{'avg_maturity_days': 3098.85, 'avg_maturity_months': 101.88, 'avg_maturity_years': 8.49}","{'modified_maturity_days': 2565.95, 'modified_maturity_months': 84.36, 'modified_maturity_years': 7.03}",0.0,0.0,1
144403,"{'market_cap_large': 0.0, 'market_cap_mid': 0.0, 'market_cap_others': 100.0, 'market_cap_small': 0.0}",6.78,"{'avg_maturity_days': 4715.8, 'avg_maturity_months': 155.04, 'avg_maturity_years': 12.92}","{'modified_maturity_days': 2565.95, 'modified_maturity_months': 84.36, 'modified_maturity_years': 7.03}",0.0,0.0,1
134494,"{'market_cap_large': 0.0, 'market_cap_mid': 0.0, 'market_cap_others': 100.0, 'market_cap_small': 0.0}",6.57,"{'avg_maturity_days': 5051.6, 'avg_maturity_months': 166.08, 'avg_maturity_years': 13.84}","{'modified_maturity_days': 2664.5, 'modified_maturity_months': 87.6, 'modified_maturity_years': 7.3}",0.0,0.0,1
150681,"{'market_cap_large': 0.0, 'market_cap_mid': 0.0, 'market_cap_others': 100.0, 'market_cap_small': 0.0}",6.54,"{'avg_maturity_days': 3996.75, 'avg_maturity_months': 131.4, 'avg_maturity_years': 10.95}","{'modified_maturity_days': 2668.15, 'modified_maturity_months': 87.72, 'modified_maturity_years': 7.31}",0.0,0.0,1
150920,"{'market_cap_large': 0.0, 'market_cap_mid': 0.0, 'market_cap_others': 100.0, 'market_cap_small': 0.0}",6.54,"{'avg_maturity_days': 3996.75, 'avg_maturity_months': 131.4, 'avg_maturity_years': 10.95}","{'modified_maturity_days': 2682.75, 'modified_maturity_months': 88.2, 'modified_maturity_years': 7.35}",0.0,0.0,1
151489,"{'market_cap_large': 0.0, 'market_cap_mid': 0.0, 'market_cap_others': 100.0, 'market_cap_small': 0.0}",6.55,"{'avg_maturity_days': 4033.25, 'avg_maturity_months': 132.6, 'avg_maturity_years': 11.05}","{'modified_maturity_days': 2686.4, 'modified_maturity_months': 88.32, 'modified_maturity_years': 7.36}",0.0,0.0,1
150671,"{'market_cap_large': 0.0, 'market_cap_mid': 0.0, 'market_cap_others': 100.0, 'market_cap_small': 0.0}",6.71,"{'avg_maturity_days': 4168.3, 'avg_maturity_months': 137.04, 'avg_maturity_years': 11.42}","{'modified_maturity_days': 2755.75, 'modified_maturity_months': 90.6, 'modified_maturity_years': 7.55}",0.0,0.0,1
119341,"{'market_cap_large': 0.0, 'market_cap_mid': 0.0, 'market_cap_others': 100.0, 'market_cap_small': 0.0}",6.52,"{'avg_maturity_days': 4901.95, 'avg_maturity_months': 161.16, 'avg_maturity_years': 13.43}","{'modified_maturity_days': 2763.05, 'modified_maturity_months': 90.84, 'modified_maturity_years': 7.57}",0.0,0.0,1
145589,"{'market_cap_large': 0.0, 'market_cap_mid': 0.0, 'market_cap_others': 100.0, 'market_cap_small': 0.0}",6.62,"{'avg_maturity_days': 7617.55, 'avg_maturity_months': 250.44, 'avg_maturity_years': 20.87}","{'modified_maturity_days': 2817.8, 'modified_maturity_months': 92.64, 'modified_maturity_years': 7.72}",0.0,0.0,1
149049,"{'market_cap_large': 0.0, 'market_cap_mid': 0.0, 'market_cap_others': 100.0, 'market_cap_small': 0.0}",6.68,"{'avg_maturity_days': 6369.25, 'avg_maturity_months': 209.4, 'avg_maturity_years': 17.45}","{'modified_maturity_days': 2843.35, 'modified_maturity_months': 93.48, 'modified_maturity_years': 7.79}",0.0,0.0,1
119953,"{'market_cap_large': 0.0, 'market_cap_mid': 0.0, 'market_cap_others': 100.0, 'market_cap_small': 0.0}",6.53,"{'avg_maturity_days': 5642.9, 'avg_maturity_months': 185.52, 'avg_maturity_years': 15.46}","{'modified_maturity_days': 2883.5, 'modified_maturity_months': 94.8, 'modified_maturity_years': 7.9}",0.0,0.0,1
119075,"{'market_cap_large': 0.0, 'market_cap_mid': 0.0, 'market_cap_others': 100.0, 'market_cap_small': 0.0}",6.73,"{'avg_maturity_days': 6369.25, 'avg_maturity_months': 209.4, 'avg_maturity_years': 17.45}","{'modified_maturity_days': 2916.35, 'modified_maturity_months': 95.88, 'modified_maturity_years': 7.99}",0.0,0.0,1
119116,"{'market_cap_large': 0.0, 'market_cap_mid': 0.0, 'market_cap_others': 100.0, 'market_cap_small': 0.0}",6.63,"{'avg_maturity_days': 6318.15, 'avg_maturity_months': 207.72, 'avg_maturity_years': 17.31}","{'modified_maturity_days': 3113.45, 'modified_maturity_months': 102.36, 'modified_maturity_years': 8.53}",0.0,0.0,1
120451,"{'market_cap_large': 0.0, 'market_cap_mid': 0.0, 'market_cap_others': 100.0, 'market_cap_small': 0.0}",6.68,"{'avg_maturity_days': 7270.8, 'avg_maturity_months': 239.04, 'avg_maturity_years': 19.92}","{'modified_maturity_days': 3124.4, 'modified_maturity_months': 102.72, 'modified_maturity_years': 8.56}",0.0,0.0,1
120084,"{'market_cap_large': 0.0, 'market_cap_mid': 0.0, 'market_cap_others': 100.0, 'market_cap_small': 0.0}",6.67,"{'avg_maturity_days': 7409.5, 'avg_maturity_months': 243.6, 'avg_maturity_years': 20.3}","{'modified_maturity_days': 3168.2, 'modified_maturity_months': 104.16, 'modified_maturity_years': 8.68}",0.0,0.0,1
119311,"{'market_cap_large': 0.0, 'market_cap_mid': 0.0, 'market_cap_others': 100.0, 'market_cap_small': 0.0}",6.55,"{'avg_maturity_days': 6442.25, 'avg_maturity_months': 211.8, 'avg_maturity_years': 17.65}","{'modified_maturity_days': 3179.15, 'modified_maturity_months': 104.52, 'modified_maturity_years': 8.71}",0.0,0.0,1
120743,"{'market_cap_large': 0.0, 'market_cap_mid': 0.0, 'market_cap_others': 100.0, 'market_cap_small': 0.0}",6.82,"{'avg_maturity_days': 7584.7, 'avg_maturity_months': 249.36, 'avg_maturity_years': 20.78}","{'modified_maturity_days': 3237.55, 'modified_maturity_months': 106.44, 'modified_maturity_years': 8.87}",0.0,0.0,1
119671,"{'market_cap_large': 0.0, 'market_cap_mid': 0.0, 'market_cap_others': 100.0, 'market_cap_small': 0.0}",6.95,"{'avg_maturity_days': 6956.9, 'avg_maturity_months': 228.72, 'avg_maturity_years': 19.06}","{'modified_maturity_days': 3310.55, 'modified_maturity_months': 108.84, 'modified_maturity_years': 9.07}",0.0,0.0,1
119755,"{'market_cap_large': 0.0, 'market_cap_mid': 0.0, 'market_cap_others': 100.0, 'market_cap_small': 0.0}",6.91,"{'avg_maturity_days': 7110.2, 'avg_maturity_months': 233.76, 'avg_maturity_years': 19.48}","{'modified_maturity_days': 3310.55, 'modified_maturity_months': 108.84, 'modified_maturity_years': 9.07}",0.0,0.0,1
120792,"{'market_cap_large': 0.0, 'market_cap_mid': 0.0, 'market_cap_others': 100.0, 'market_cap_small': 0.0}",6.64,"{'avg_maturity_days': 7296.35, 'avg_maturity_months': 239.88, 'avg_maturity_years': 19.99}","{'modified_maturity_days': 3361.65, 'modified_maturity_months': 110.52, 'modified_maturity_years': 9.21}",0.0,0.0,1
151087,"{'market_cap_large': 0.0, 'market_cap_mid': 0.0, 'market_cap_others': 100.0, 'market_cap_small': 0.0}",6.71,"{'avg_maturity_days': 7205.1, 'avg_maturity_months': 236.88, 'avg_maturity_years': 19.74}","{'modified_maturity_days': 3365.3, 'modified_maturity_months': 110.64, 'modified_maturity_years': 9.22}",0.0,0.0,1
138472,"{'market_cap_large': 0.0, 'market_cap_mid': 0.0, 'market_cap_others': 100.0, 'market_cap_small': 0.0}",6.65,"{'avg_maturity_days': 7993.5, 'avg_maturity_months': 262.8, 'avg_maturity_years': 21.9}","{'modified_maturity_days': 3390.85, 'modified_maturity_months': 111.48, 'modified_maturity_years': 9.29}",0.0,0.0,1
118672,"{'market_cap_large': 0.0, 'market_cap_mid': 0.0, 'market_cap_others': 100.0, 'market_cap_small': 0.0}",6.76,"{'avg_maturity_days': 7796.4, 'avg_maturity_months': 256.32, 'avg_maturity_years': 21.36}","{'modified_maturity_days': 3401.8, 'modified_maturity_months': 111.84, 'modified_maturity_years': 9.32}",0.0,0.0,1
150484,"{'market_cap_large': 0.0, 'market_cap_mid': 0.0, 'market_cap_others': 100.0, 'market_cap_small': 0.0}",6.76,"{'avg_maturity_days': 8095.7, 'avg_maturity_months': 266.16, 'avg_maturity_years': 22.18}","{'modified_maturity_days': 3427.35, 'modified_maturity_months': 112.68, 'modified_maturity_years': 9.39}",0.0,0.0,1
150180,"{'market_cap_large': 0.0, 'market_cap_mid': 0.0, 'market_cap_others': 100.0, 'market_cap_small': 0.0}",6.51,"{'avg_maturity_days': 7617.55, 'avg_maturity_months': 250.44, 'avg_maturity_years': 20.87}","{'modified_maturity_days': 3460.2, 'modified_maturity_months': 113.76, 'modified_maturity_years': 9.48}",0.0,0.0,1
149029,"{'market_cap_large': 0.0, 'market_cap_mid': 0.0, 'market_cap_others': 100.0, 'market_cap_small': 0.0}",6.52,"{'avg_maturity_days': 7905.9, 'avg_maturity_months': 259.92, 'avg_maturity_years': 21.66}","{'modified_maturity_days': 3555.1, 'modified_maturity_months': 116.88, 'modified_maturity_years': 9.74}",0.0,0.0,1
118284,"{'market_cap_large': 0.0, 'market_cap_mid': 0.0, 'market_cap_others': 100.0, 'market_cap_small': 0.0}",6.69,"{'avg_maturity_days': 8398.65, 'avg_maturity_months': 276.12, 'avg_maturity_years': 23.01}","{'modified_maturity_days': 3686.5, 'modified_maturity_months': 121.2, 'modified_maturity_years': 10.1}",0.0,0.0,1
153206,"{'market_cap_large': 0.0, 'market_cap_mid': 0.0, 'market_cap_others': 100.0, 'market_cap_small': 0.0}",6.71,"{'avg_maturity_days': 9986.4, 'avg_maturity_months': 328.32, 'avg_maturity_years': 27.36}","{'modified_maturity_days': 3715.7, 'modified_maturity_months': 122.16, 'modified_maturity_years': 10.18}",0.0,0.0,1
119239,"{'market_cap_large': 0.0, 'market_cap_mid': 0.0, 'market_cap_others': 100.0, 'market_cap_small': 0.0}",6.84,"{'avg_maturity_days': 9581.25, 'avg_maturity_months': 315.0, 'avg_maturity_years': 26.25}","{'modified_maturity_days': 3799.65, 'modified_maturity_months': 124.92, 'modified_maturity_years': 10.41}",0.0,0.0,1
153102,"{'market_cap_large': 0.0, 'market_cap_mid': 0.0, 'market_cap_others': 100.0, 'market_cap_small': 0.0}",6.76,"{'avg_maturity_days': 9957.2, 'avg_maturity_months': 327.36, 'avg_maturity_years': 27.28}","{'modified_maturity_days': 3817.9, 'modified_maturity_months': 125.52, 'modified_maturity_years': 10.46}",0.0,0.0,1
119099,"{'market_cap_large': 0.0, 'market_cap_mid': 0.0, 'market_cap_others': 100.0, 'market_cap_small': 0.0}",6.8,"{'avg_maturity_days': 10154.3, 'avg_maturity_months': 333.84, 'avg_maturity_years': 27.82}","{'modified_maturity_days': 3825.2, 'modified_maturity_months': 125.76, 'modified_maturity_years': 10.48}",0.0,0.0,1
150407,"{'market_cap_large': 0.0, 'market_cap_mid': 0.0, 'market_cap_others': 100.0, 'market_cap_small': 0.0}",6.61,"{'avg_maturity_days': 8865.85, 'avg_maturity_months': 291.48, 'avg_maturity_years': 24.29}","{'modified_maturity_days': 3843.45, 'modified_maturity_months': 126.36, 'modified_maturity_years': 10.53}",0.0,0.0,1
120282,"{'market_cap_large': 0.0, 'market_cap_mid': 0.0, 'market_cap_others': 100.0, 'market_cap_small': 0.0}",6.74,"{'avg_maturity_days': 9712.65, 'avg_maturity_months': 319.32, 'avg_maturity_years': 26.61}","{'modified_maturity_days': 3847.1, 'modified_maturity_months': 126.48, 'modified_maturity_years': 10.54}",0.0,0.0,1
118299,"{'market_cap_large': 0.0, 'market_cap_mid': 0.0, 'market_cap_others': 100.0, 'market_cap_small': 0.0}",6.72,"{'avg_maturity_days': 9168.8, 'avg_maturity_months': 301.44, 'avg_maturity_years': 25.12}","{'modified_maturity_days': 3847.1, 'modified_maturity_months': 126.48, 'modified_maturity_years': 10.54}",0.0,0.0,1
119707,"{'market_cap_large': 0.0, 'market_cap_mid': 0.0, 'market_cap_others': 100.0, 'market_cap_small': 0.0}",6.79,"{'avg_maturity_days': 9187.05, 'avg_maturity_months': 302.04, 'avg_maturity_years': 25.17}","{'modified_maturity_days': 3865.35, 'modified_maturity_months': 127.08, 'modified_maturity_years': 10.59}",0.0,0.0,1
143704,"{'market_cap_large': 0.0, 'market_cap_mid': 0.0, 'market_cap_others': 100.0, 'market_cap_small': 0.0}",6.79,"{'avg_maturity_days': 7997.15, 'avg_maturity_months': 262.92, 'avg_maturity_years': 21.91}","{'modified_maturity_days': 3927.4, 'modified_maturity_months': 129.12, 'modified_maturity_years': 10.76}",0.0,0.0,1
140298,"{'market_cap_large': 0.0, 'market_cap_mid': 0.0, 'market_cap_others': 100.0, 'market_cap_small': 0.0}",6.76,"{'avg_maturity_days': 9895.15, 'avg_maturity_months': 325.32, 'avg_maturity_years': 27.11}","{'modified_maturity_days': 4007.7, 'modified_maturity_months': 131.76, 'modified_maturity_years': 10.98}",0.0,0.0,1
120447,"{'market_cap_large': 0.0, 'market_cap_mid': 0.0, 'market_cap_others': 100.0, 'market_cap_small': 0.0}",6.77,"{'avg_maturity_days': 9975.45, 'avg_maturity_months': 327.96, 'avg_maturity_years': 27.33}","{'modified_maturity_days': 4022.3, 'modified_maturity_months': 132.24, 'modified_maturity_years': 11.02}",0.0,0.0,1
119605,"{'market_cap_large': 0.0, 'market_cap_mid': 0.0, 'market_cap_others': 100.0, 'market_cap_small': 0.0}",6.82,"{'avg_maturity_days': 10358.7, 'avg_maturity_months': 340.56, 'avg_maturity_years': 28.38}","{'modified_maturity_days': 4142.75, 'modified_maturity_months': 136.2, 'modified_maturity_years': 11.35}",0.0,0.0,1
120520,"{'market_cap_large': 0.0, 'market_cap_mid': 0.0, 'market_cap_others': 100.0, 'market_cap_small': 0.0}",6.8,"{'avg_maturity_days': 10128.75, 'avg_maturity_months': 333.0, 'avg_maturity_years': 27.75}","{'modified_maturity_days': 4161.0, 'modified_maturity_months': 136.8, 'modified_maturity_years': 11.4}",0.0,0.0,1
151014,"{'market_cap_large': 0.0, 'market_cap_mid': 0.0, 'market_cap_others': 100.0, 'market_cap_small': 0.0}",6.82,"{'avg_maturity_days': 10614.2, 'avg_maturity_months': 348.96, 'avg_maturity_years': 29.08}","{'modified_maturity_days': 4197.5, 'modified_maturity_months': 138.0, 'modified_maturity_years': 11.5}",0.0,0.0,1
151214,"{'market_cap_large': 0.0, 'market_cap_mid': 0.0, 'market_cap_others': 100.0, 'market_cap_small': 0.0}",6.87,"{'avg_maturity_days': 10643.4, 'avg_maturity_months': 349.92, 'avg_maturity_years': 29.16}","{'modified_maturity_days': 4328.9, 'modified_maturity_months': 142.32, 'modified_maturity_years': 11.86}",0.0,0.0,1
152520,"{'market_cap_large': 0.0, 'market_cap_mid': 0.0, 'market_cap_others': 100.0, 'market_cap_small': 0.0}",6.85,"{'avg_maturity_days': 10435.35, 'avg_maturity_months': 343.08, 'avg_maturity_years': 28.59}","{'modified_maturity_days': 4332.55, 'modified_maturity_months': 142.44, 'modified_maturity_years': 11.87}",0.0,0.0,1
151179,"{'market_cap_large': 0.0, 'market_cap_mid': 0.0, 'market_cap_others': 100.0, 'market_cap_small': 0.0}",6.83,"{'avg_maturity_days': 11734.75, 'avg_maturity_months': 385.8, 'avg_maturity_years': 32.15}","{'modified_maturity_days': 4361.75, 'modified_maturity_months': 143.4, 'modified_maturity_years': 11.95}",0.0,0.0,1
118416,"{'market_cap_large': 0.0, 'market_cap_mid': 0.0, 'market_cap_others': 100.0, 'market_cap_small': 0.0}",6.87,"{'avg_maturity_days': 10282.05, 'avg_maturity_months': 338.04, 'avg_maturity_years': 28.17}","{'modified_maturity_days': 4390.95, 'modified_maturity_months': 144.36, 'modified_maturity_years': 12.03}",0.0,0.0,1
153105,"{'market_cap_large': 0.0, 'market_cap_mid': 0.0, 'market_cap_others': 100.0, 'market_cap_small': 0.0}",6.83,"{'avg_maturity_days': 11628.9, 'avg_maturity_months': 382.32, 'avg_maturity_years': 31.86}","{'modified_maturity_days': 4394.6, 'modified_maturity_months': 144.48, 'modified_maturity_years': 12.04}",0.0,0.0,1
118464,"{'market_cap_large': 0.0, 'market_cap_mid': 0.0, 'market_cap_others': 100.0, 'market_cap_small': 0.0}",6.87,"{'avg_maturity_days': 10293.0, 'avg_maturity_months': 338.4, 'avg_maturity_years': 28.2}","{'modified_maturity_days': 4398.25, 'modified_maturity_months': 144.6, 'modified_maturity_years': 12.05}",0.0,0.0,1
119759,"{'market_cap_large': 0.0, 'market_cap_mid': 0.0, 'market_cap_others': 100.0, 'market_cap_small': 0.0}",6.88,"{'avg_maturity_days': 10931.75, 'avg_maturity_months': 359.4, 'avg_maturity_years': 29.95}","{'modified_maturity_days': 4438.4, 'modified_maturity_months': 145.92, 'modified_maturity_years': 12.16}",0.0,0.0,1
119757,"{'market_cap_large': 0.0, 'market_cap_mid': 0.0, 'market_cap_others': 100.0, 'market_cap_small': 0.0}",6.88,"{'avg_maturity_days': 10931.75, 'avg_maturity_months': 359.4, 'avg_maturity_years': 29.95}","{'modified_maturity_days': 4438.4, 'modified_maturity_months': 145.92, 'modified_maturity_years': 12.16}",0.0,0.0,1
151313,"{'market_cap_large': 0.0, 'market_cap_mid': 0.0, 'market_cap_others': 100.0, 'market_cap_small': 0.0}",6.9,"{'avg_maturity_days': 10964.6, 'avg_maturity_months': 360.48, 'avg_maturity_years': 30.04}","{'modified_maturity_days': 4471.25, 'modified_maturity_months': 147.0, 'modified_maturity_years': 12.25}",0.0,0.0,1
152491,"{'market_cap_large': 0.0, 'market_cap_mid': 0.0, 'market_cap_others': 100.0, 'market_cap_small': 0.0}",6.87,"{'avg_maturity_days': 10351.4, 'avg_maturity_months': 340.32, 'avg_maturity_years': 28.36}","{'modified_maturity_days': 4628.2, 'modified_maturity_months': 152.16, 'modified_maturity_years': 12.68}",0.0,0.0,1
151523,"{'market_cap_large': 0.0, 'market_cap_mid': 0.0, 'market_cap_others': 100.0, 'market_cap_small': 0.0}",6.89,"{'avg_maturity_days': 13545.15, 'avg_maturity_months': 445.32, 'avg_maturity_years': 37.11}","{'modified_maturity_days': 4712.15, 'modified_maturity_months': 154.92, 'modified_maturity_years': 12.91}",0.0,0.0,1
